scope,workload_id,wave_start,wave_end,algorithm,number_of_deliveries,on_time_deliveries,late_deliveries,on_time_rate,total_lateness_minutes,max_lateness_minutes,total_distance_km,total_travel_time_minutes,route_runtime_seconds,matrix_preparation_seconds,training_runtime_seconds,greedy_reward,model_size,final_epsilon,device
all_exact_5,1,2023-10-02 04:00:00+00:00,2023-10-02 06:00:00+00:00,nearest_neighbor,5,5,0,1.0,0.0,0.0,57.32448403424207,61.6449552881404,3.342854051000131,,,,,,
all_exact_5,1,2023-10-02 04:00:00+00:00,2023-10-02 06:00:00+00:00,clarke_wright,5,5,0,1.0,0.0,0.0,57.32448403424207,61.6449552881404,3.137898659000029,,,,,,
all_exact_5,1,2023-10-02 04:00:00+00:00,2023-10-02 06:00:00+00:00,q_learning,5,5,0,1.0,0.0,0.0,57.32448403424207,61.6449552881404,0.000409756999943,3.143893079999998,1.8525625940001191,2.310818510333462,212.0,0.05,cpu
all_exact_5,1,2023-10-02 04:00:00+00:00,2023-10-02 06:00:00+00:00,sarsa,5,5,0,1.0,0.0,0.0,57.32448403424207,61.6449552881404,0.0003820229999291,3.143893079999998,1.7034794379999312,2.310818510333462,217.0,0.05,cpu
all_exact_5,1,2023-10-02 04:00:00+00:00,2023-10-02 06:00:00+00:00,dqn,5,5,0,1.0,0.0,0.0,57.32448403424207,61.6449552881404,0.0013013149998641,3.143893079999998,128.17674444599993,2.310818510333462,18821.0,0.05,cuda
all_exact_5,2,2024-01-29 04:00:00+00:00,2024-01-29 06:00:00+00:00,nearest_neighbor,5,5,0,1.0,0.0,0.0,56.23648386196553,63.22817350093929,2.678212236000036,,,,,,
all_exact_5,2,2024-01-29 04:00:00+00:00,2024-01-29 06:00:00+00:00,clarke_wright,5,5,0,1.0,0.0,0.0,54.098483437543855,60.60139657693266,2.64636104300007,,,,,,
all_exact_5,2,2024-01-29 04:00:00+00:00,2024-01-29 06:00:00+00:00,q_learning,5,5,0,1.0,0.0,0.0,56.23648386196553,63.22817350093929,0.0003925739999885,2.652816500999961,1.839362408999932,2.4787179576982865,193.0,0.05,cpu
all_exact_5,2,2024-01-29 04:00:00+00:00,2024-01-29 06:00:00+00:00,sarsa,5,5,0,1.0,0.0,0.0,56.23648386196553,63.22817350093929,0.0004152809999595,2.652816500999961,1.7995124670001132,2.4787179576982865,195.0,0.05,cpu
all_exact_5,2,2024-01-29 04:00:00+00:00,2024-01-29 06:00:00+00:00,dqn,5,5,0,1.0,0.0,0.0,56.23648386196553,63.22817350093929,0.0012696040000719,2.652816500999961,157.31760600300004,2.4787179576982865,18821.0,0.05,cuda
all_exact_5,3,2024-01-31 02:00:00+00:00,2024-01-31 04:00:00+00:00,nearest_neighbor,6,6,0,1.0,0.0,0.0,45.9253061034011,49.16711977189623,3.2444150149999587,,,,,,
all_exact_5,3,2024-01-31 02:00:00+00:00,2024-01-31 04:00:00+00:00,clarke_wright,6,6,0,1.0,0.0,0.0,46.61676759871748,49.44570644641727,3.190448549999928,,,,,,
all_exact_5,3,2024-01-31 02:00:00+00:00,2024-01-31 04:00:00+00:00,q_learning,6,6,0,1.0,0.0,0.0,45.9253061034011,49.16711977189623,0.0004306710000037,3.192901010000014,2.158757854999976,4.100218157079548,596.0,0.05,cpu
all_exact_5,3,2024-01-31 02:00:00+00:00,2024-01-31 04:00:00+00:00,sarsa,6,6,0,1.0,0.0,0.0,45.9253061034011,49.16711977189623,0.0004660700001295,3.192901010000014,2.092283709999947,4.100218157079548,611.0,0.05,cpu
all_exact_5,3,2024-01-31 02:00:00+00:00,2024-01-31 04:00:00+00:00,dqn,6,6,0,1.0,0.0,0.0,45.9253061034011,49.16711977189623,0.003775343000143,3.192901010000014,178.73624186099983,4.100218157079548,19206.0,0.05,cuda
all_exact_5,4,2024-02-01 04:00:00+00:00,2024-02-01 06:00:00+00:00,nearest_neighbor,10,10,0,1.0,0.0,0.0,58.60132888141967,66.38025312335434,5.454806453999936,,,,,,
all_exact_5,4,2024-02-01 04:00:00+00:00,2024-02-01 06:00:00+00:00,clarke_wright,10,10,0,1.0,0.0,0.0,53.26779712757583,59.70900419163188,5.659246353000071,,,,,,
all_exact_5,4,2024-02-01 04:00:00+00:00,2024-02-01 06:00:00+00:00,q_learning,10,10,0,1.0,0.0,0.0,58.543332308218616,65.13122457093247,0.0007618680001542,5.411030094999887,4.0406655459999,9.623927932388778,4069.0,0.05,cpu
all_exact_5,4,2024-02-01 04:00:00+00:00,2024-02-01 06:00:00+00:00,sarsa,10,10,0,1.0,0.0,0.0,53.31563627504364,60.3379424348592,0.0008006629998362,5.411030094999887,3.595866862000093,10.292507621480064,4196.0,0.05,cpu
all_exact_5,4,2024-02-01 04:00:00+00:00,2024-02-01 06:00:00+00:00,dqn,10,10,0,1.0,0.0,0.0,53.31563627504364,60.3379424348592,0.0102480099999411,5.411030094999887,333.47295817500003,10.292507621480064,20746.0,0.05,cuda
all_exact_5,5,2024-02-02 04:00:00+00:00,2024-02-02 06:00:00+00:00,nearest_neighbor,6,6,0,1.0,0.0,0.0,30.5252127910072,33.31456172949571,3.204388815999664,,,,,,
all_exact_5,5,2024-02-02 04:00:00+00:00,2024-02-02 06:00:00+00:00,clarke_wright,6,6,0,1.0,0.0,0.0,27.87652128466987,31.6132244854926,3.229817801000081,,,,,,
all_exact_5,5,2024-02-02 04:00:00+00:00,2024-02-02 06:00:00+00:00,q_learning,6,6,0,1.0,0.0,0.0,30.5252127910072,33.31456172949571,0.0004229609999129,3.260294617999989,2.240233157000148,5.815517195017637,472.0,0.05,cpu
all_exact_5,5,2024-02-02 04:00:00+00:00,2024-02-02 06:00:00+00:00,sarsa,6,6,0,1.0,0.0,0.0,30.5252127910072,33.31456172949571,0.0004116289997,3.260294617999989,2.185842738999781,5.815517195017637,487.0,0.05,cpu
all_exact_5,5,2024-02-02 04:00:00+00:00,2024-02-02 06:00:00+00:00,dqn,6,6,0,1.0,0.0,0.0,30.5252127910072,33.31456172949571,0.0015317430002141,3.260294617999989,217.93614512899967,5.815517195017637,19206.0,0.05,cuda
all_exact_5,6,2024-02-04 06:00:00+00:00,2024-02-04 08:00:00+00:00,nearest_neighbor,6,6,0,1.0,0.0,0.0,28.508063376983337,33.0033980186204,3.179933767999956,,,,,,
all_exact_5,6,2024-02-04 06:00:00+00:00,2024-02-04 08:00:00+00:00,clarke_wright,6,6,0,1.0,0.0,0.0,29.31501807346138,33.8617120065459,3.198873593999906,,,,,,
all_exact_5,6,2024-02-04 06:00:00+00:00,2024-02-04 08:00:00+00:00,q_learning,6,6,0,1.0,0.0,0.0,28.508063376983337,33.0033980186204,0.0004610459996001,3.2860606369999914,2.1952511310000773,5.704584700288123,523.0,0.05,cpu
all_exact_5,6,2024-02-04 06:00:00+00:00,2024-02-04 08:00:00+00:00,sarsa,6,6,0,1.0,0.0,0.0,28.508063376983337,33.0033980186204,0.0004292230000828,3.2860606369999914,2.1285037879997617,5.704584700288123,530.0,0.05,cpu
all_exact_5,6,2024-02-04 06:00:00+00:00,2024-02-04 08:00:00+00:00,dqn,6,6,0,1.0,0.0,0.0,28.508063376983337,33.0033980186204,0.0015340420000029,3.2860606369999914,168.9078195420002,5.704584700288123,19206.0,0.05,cuda
all_exact_5,7,2024-02-06 04:00:00+00:00,2024-02-06 06:00:00+00:00,nearest_neighbor,5,5,0,1.0,0.0,0.0,48.91915093343699,52.769524214568094,2.7363700570003857,,,,,,
all_exact_5,7,2024-02-06 04:00:00+00:00,2024-02-06 06:00:00+00:00,clarke_wright,5,5,0,1.0,0.0,0.0,47.5371165386124,52.52458881527362,2.7596493900000496,,,,,,
all_exact_5,7,2024-02-06 04:00:00+00:00,2024-02-06 06:00:00+00:00,q_learning,5,5,0,1.0,0.0,0.0,48.91915093343699,52.769524214568094,0.0003638840003077,2.738802795999618,1.8177285550000304,2.962188217073609,219.0,0.05,cpu
all_exact_5,7,2024-02-06 04:00:00+00:00,2024-02-06 06:00:00+00:00,sarsa,5,5,0,1.0,0.0,0.0,48.91915093343699,52.769524214568094,0.0003504259998408,2.738802795999618,1.76958334200026,2.962188217073609,222.0,0.05,cpu
all_exact_5,7,2024-02-06 04:00:00+00:00,2024-02-06 06:00:00+00:00,dqn,5,5,0,1.0,0.0,0.0,48.91915093343699,52.769524214568094,0.0012555110001812,2.738802795999618,119.37258537999968,2.962188217073609,18821.0,0.05,cuda
all_exact_5,8,2024-02-20 02:00:00+00:00,2024-02-20 04:00:00+00:00,nearest_neighbor,5,5,0,1.0,0.0,0.0,52.756157424985815,59.278601013356095,1.6227027670001917,,,,,,
all_exact_5,8,2024-02-20 02:00:00+00:00,2024-02-20 04:00:00+00:00,clarke_wright,5,5,0,1.0,0.0,0.0,46.65413468678151,52.95271794771753,1.6338672229999247,,,,,,
all_exact_5,8,2024-02-20 02:00:00+00:00,2024-02-20 04:00:00+00:00,q_learning,5,5,0,1.0,0.0,0.0,52.756157424985815,59.278601013356095,0.0004020989999844,1.6053832560000956,1.7803105919997506,2.1132213433983766,215.0,0.05,cpu
all_exact_5,8,2024-02-20 02:00:00+00:00,2024-02-20 04:00:00+00:00,sarsa,5,5,0,1.0,0.0,0.0,53.48037362446878,59.967982846305006,0.0003919159998986,1.6053832560000956,1.710711636999804,2.0163599883069647,216.0,0.05,cpu
all_exact_5,8,2024-02-20 02:00:00+00:00,2024-02-20 04:00:00+00:00,dqn,5,5,0,1.0,0.0,0.0,52.756157424985815,59.278601013356095,0.0012926539998261,1.6053832560000956,137.04535809400022,2.1132213433983766,18821.0,0.05,cuda
all_exact_5,9,2024-02-21 02:00:00+00:00,2024-02-21 04:00:00+00:00,nearest_neighbor,5,5,0,1.0,0.0,0.0,54.07678980608435,57.41065461762011,1.669210502000169,,,,,,
all_exact_5,9,2024-02-21 02:00:00+00:00,2024-02-21 04:00:00+00:00,clarke_wright,5,5,0,1.0,0.0,0.0,47.77907402053479,51.00679867467434,1.6882291890001395,,,,,,
all_exact_5,9,2024-02-21 02:00:00+00:00,2024-02-21 04:00:00+00:00,q_learning,5,5,0,1.0,0.0,0.0,49.15534592597139,52.272429049115686,0.0003747060000023,1.620664157000192,1.7299921480002922,2.4465972102168845,185.0,0.05,cpu
all_exact_5,9,2024-02-21 02:00:00+00:00,2024-02-21 04:00:00+00:00,sarsa,5,5,0,1.0,0.0,0.0,50.18402450637838,54.00532722585314,0.0003529850000631,1.620664157000192,1.7332159980001052,2.320454455706919,184.0,0.05,cpu
all_exact_5,9,2024-02-21 02:00:00+00:00,2024-02-21 04:00:00+00:00,dqn,5,5,0,1.0,0.0,0.0,49.15534592597139,52.272429049115686,0.0012844790003327,1.620664157000192,137.551361111,2.4465972102168845,18821.0,0.05,cuda
all_exact_5,10,2024-02-27 04:00:00+00:00,2024-02-27 06:00:00+00:00,nearest_neighbor,5,5,0,1.0,0.0,0.0,55.95157169906435,60.52579968485277,0.6267166269999507,,,,,,
all_exact_5,10,2024-02-27 04:00:00+00:00,2024-02-27 06:00:00+00:00,clarke_wright,5,5,0,1.0,0.0,0.0,52.76041051891673,57.23675293307693,0.5673113310003828,,,,,,
all_exact_5,10,2024-02-27 04:00:00+00:00,2024-02-27 06:00:00+00:00,q_learning,5,5,0,1.0,0.0,0.0,55.95157169906435,60.52579968485277,0.0003444200001467,0.6256959570000618,1.718466367000019,2.862105823824648,192.0,0.05,cpu
all_exact_5,10,2024-02-27 04:00:00+00:00,2024-02-27 06:00:00+00:00,sarsa,5,5,0,1.0,0.0,0.0,55.95157169906435,60.52579968485277,0.0003988590001426,0.6256959570000618,1.675354280999727,2.862105823824648,193.0,0.05,cpu
all_exact_5,10,2024-02-27 04:00:00+00:00,2024-02-27 06:00:00+00:00,dqn,5,5,0,1.0,0.0,0.0,55.95157169906435,60.52579968485277,0.0012895549998575,0.6256959570000618,149.86399078700015,2.862105823824648,18821.0,0.05,cuda
all_exact_5,11,2024-03-08 02:00:00+00:00,2024-03-08 04:00:00+00:00,nearest_neighbor,5,5,0,1.0,0.0,0.0,42.29254167096016,48.06871199521044,2.189926533000289,,,,,,
all_exact_5,11,2024-03-08 02:00:00+00:00,2024-03-08 04:00:00+00:00,clarke_wright,5,5,0,1.0,0.0,0.0,39.50668736875995,44.4316497304279,2.2472553689999586,,,,,,
all_exact_5,11,2024-03-08 02:00:00+00:00,2024-03-08 04:00:00+00:00,q_learning,5,5,0,1.0,0.0,0.0,42.29254167096016,48.06871199521044,0.0003979529997195,2.1498588800000107,1.7955044489999636,2.865570227834641,213.0,0.05,cpu
all_exact_5,11,2024-03-08 02:00:00+00:00,2024-03-08 04:00:00+00:00,sarsa,5,5,0,1.0,0.0,0.0,42.29254167096016,48.06871199521044,0.0003480949999357,2.1498588800000107,1.7586743289998594,2.865570227834641,213.0,0.05,cpu
all_exact_5,11,2024-03-08 02:00:00+00:00,2024-03-08 04:00:00+00:00,dqn,5,5,0,1.0,0.0,0.0,42.29254167096016,48.06871199521044,0.0012558149996948,2.1498588800000107,144.56689922199985,2.865570227834641,18821.0,0.05,cuda
all_exact_5,12,2024-03-08 04:00:00+00:00,2024-03-08 06:00:00+00:00,nearest_neighbor,6,6,0,1.0,0.0,0.0,42.74995364225396,48.12339352071948,1.6852031890002763,,,,,,
all_exact_5,12,2024-03-08 04:00:00+00:00,2024-03-08 06:00:00+00:00,clarke_wright,6,6,0,1.0,0.0,0.0,40.277587306059374,44.85024231934668,1.6334469700000227,,,,,,
all_exact_5,12,2024-03-08 04:00:00+00:00,2024-03-08 06:00:00+00:00,q_learning,6,6,0,1.0,0.0,0.0,43.67052500238409,48.834164052389646,0.0004446399998414,1.713955261999672,2.105538138999691,4.214950363694138,591.0,0.05,cpu
all_exact_5,12,2024-03-08 04:00:00+00:00,2024-03-08 06:00:00+00:00,sarsa,6,6,0,1.0,0.0,0.0,43.67052500238409,48.834164052389646,0.0004185319999123,1.713955261999672,2.070290648000082,4.214950363694138,597.0,0.05,cpu
all_exact_5,12,2024-03-08 04:00:00+00:00,2024-03-08 06:00:00+00:00,dqn,6,6,0,1.0,0.0,0.0,43.67052500238409,48.834164052389646,0.0015117029997782,1.713955261999672,170.9399183270002,4.214950363694138,19206.0,0.05,cuda
all_exact_5,13,2024-03-18 02:00:00+00:00,2024-03-18 04:00:00+00:00,nearest_neighbor,6,6,0,1.0,0.0,0.0,64.52278254500737,67.42297333503042,1.646514776999993,,,,,,
all_exact_5,13,2024-03-18 02:00:00+00:00,2024-03-18 04:00:00+00:00,clarke_wright,6,6,0,1.0,0.0,0.0,61.70052425877053,64.97805314902631,1.6311639369996556,,,,,,
all_exact_5,13,2024-03-18 02:00:00+00:00,2024-03-18 04:00:00+00:00,q_learning,6,6,0,1.0,0.0,0.0,64.52278254500737,67.42297333503042,0.0004812739998669,1.6615987750001295,2.160062829999788,2.18704237530206,593.0,0.05,cpu
all_exact_5,13,2024-03-18 02:00:00+00:00,2024-03-18 04:00:00+00:00,sarsa,6,6,0,1.0,0.0,0.0,65.6830192561137,69.22647191913494,0.0004601250002451,1.6615987750001295,2.048062840000057,1.8561108644253328,601.0,0.05,cpu
all_exact_5,13,2024-03-18 02:00:00+00:00,2024-03-18 04:00:00+00:00,dqn,6,6,0,1.0,0.0,0.0,64.52278254500737,67.42297333503042,0.0015592729996569,1.6615987750001295,182.9127275800001,2.18704237530206,19206.0,0.05,cuda
all_exact_5,14,2024-03-22 02:00:00+00:00,2024-03-22 04:00:00+00:00,nearest_neighbor,5,5,0,1.0,0.0,0.0,45.39983069477543,49.60557963802089,1.1125589830003264,,,,,,
all_exact_5,14,2024-03-22 02:00:00+00:00,2024-03-22 04:00:00+00:00,clarke_wright,5,5,0,1.0,0.0,0.0,44.83171378922722,49.39704493352272,1.09930633499971,,,,,,
all_exact_5,14,2024-03-22 02:00:00+00:00,2024-03-22 04:00:00+00:00,q_learning,5,5,0,1.0,0.0,0.0,45.39983069477543,49.60557963802089,0.000354218999746,1.1168457600001602,1.7658974459995989,3.083445286182504,185.0,0.05,cpu
all_exact_5,14,2024-03-22 02:00:00+00:00,2024-03-22 04:00:00+00:00,sarsa,5,5,0,1.0,0.0,0.0,45.39983069477543,49.60557963802089,0.0003637119998529,1.1168457600001602,1.7029374069998084,3.083445286182504,185.0,0.05,cpu
all_exact_5,14,2024-03-22 02:00:00+00:00,2024-03-22 04:00:00+00:00,dqn,5,5,0,1.0,0.0,0.0,45.39983069477543,49.60557963802089,0.0012577249999594,1.1168457600001602,143.7050818419998,3.083445286182504,18821.0,0.05,cuda
all_exact_5,15,2024-04-04 02:00:00+00:00,2024-04-04 04:00:00+00:00,nearest_neighbor,7,7,0,1.0,0.0,0.0,55.69986221098007,61.58692507180673,2.132664843999919,,,,,,
all_exact_5,15,2024-04-04 02:00:00+00:00,2024-04-04 04:00:00+00:00,clarke_wright,7,7,0,1.0,0.0,0.0,48.46753324182365,54.48538347365023,2.1999249640002745,,,,,,
all_exact_5,15,2024-04-04 02:00:00+00:00,2024-04-04 04:00:00+00:00,q_learning,7,7,0,1.0,0.0,0.0,48.46753324182365,54.48538347365023,0.0004742090000036,2.1514223110002604,2.5227534559999185,5.062976960928107,1026.0,0.05,cpu
all_exact_5,15,2024-04-04 02:00:00+00:00,2024-04-04 04:00:00+00:00,sarsa,7,7,0,1.0,0.0,0.0,55.69986221098007,61.58692507180673,0.0005233789997873,2.1514223110002604,2.4984983989998,4.791970820088849,1053.0,0.05,cpu
all_exact_5,15,2024-04-04 02:00:00+00:00,2024-04-04 04:00:00+00:00,dqn,7,7,0,1.0,0.0,0.0,50.42382465279572,55.634348397938126,0.0017734029997882,2.1514223110002604,210.1390697299994,5.17280951020692,19591.0,0.05,cuda
all_exact_5,16,2024-04-05 02:00:00+00:00,2024-04-05 04:00:00+00:00,nearest_neighbor,5,5,0,1.0,0.0,0.0,50.838655330615495,55.63750422711835,1.1001928439991389,,,,,,
all_exact_5,16,2024-04-05 02:00:00+00:00,2024-04-05 04:00:00+00:00,clarke_wright,5,5,0,1.0,0.0,0.0,45.40230621886514,50.37719725342444,1.1094597490000524,,,,,,
all_exact_5,16,2024-04-05 02:00:00+00:00,2024-04-05 04:00:00+00:00,q_learning,5,5,0,1.0,0.0,0.0,50.838655330615495,55.63750422711835,0.0003928380001525,1.0994911930001765,1.7598308080005154,2.043219632237012,191.0,0.05,cpu
all_exact_5,16,2024-04-05 02:00:00+00:00,2024-04-05 04:00:00+00:00,sarsa,5,5,0,1.0,0.0,0.0,50.838655330615495,55.63750422711835,0.0003575300006559,1.0994911930001765,1.711974103999637,2.043219632237012,191.0,0.05,cpu
all_exact_5,16,2024-04-05 02:00:00+00:00,2024-04-05 04:00:00+00:00,dqn,5,5,0,1.0,0.0,0.0,50.838655330615495,55.63750422711835,0.0013133339998603,1.0994911930001765,140.7858940569995,2.043219632237012,18821.0,0.05,cuda
all_exact_5,17,2024-04-10 04:00:00+00:00,2024-04-10 06:00:00+00:00,nearest_neighbor,5,5,0,1.0,0.0,0.0,46.26640599892636,50.86627268557288,0.054587545000686,,,,,,
all_exact_5,17,2024-04-10 04:00:00+00:00,2024-04-10 06:00:00+00:00,clarke_wright,5,5,0,1.0,0.0,0.0,42.90734830299646,47.53664819374252,0.0545376860000033,,,,,,
all_exact_5,17,2024-04-10 04:00:00+00:00,2024-04-10 06:00:00+00:00,q_learning,5,5,0,1.0,0.0,0.0,46.26640599892636,50.86627268557288,0.0004195350002191,0.0548591719998512,1.70773513200038,3.12761759139087,188.0,0.05,cpu
all_exact_5,17,2024-04-10 04:00:00+00:00,2024-04-10 06:00:00+00:00,sarsa,5,5,0,1.0,0.0,0.0,46.26640599892636,50.86627268557288,0.0003762710002774,0.0548591719998512,1.7003314280000268,3.12761759139087,182.0,0.05,cpu
all_exact_5,17,2024-04-10 04:00:00+00:00,2024-04-10 06:00:00+00:00,dqn,5,5,0,1.0,0.0,0.0,46.26640599892636,50.86627268557288,0.0050103149997084,0.0548591719998512,161.22519358700083,3.12761759139087,18821.0,0.05,cuda
all_exact_5,18,2024-04-19 04:00:00+00:00,2024-04-19 06:00:00+00:00,nearest_neighbor,5,5,0,1.0,0.0,0.0,31.142219349500685,35.3107340615728,1.206885087000046,,,,,,
all_exact_5,18,2024-04-19 04:00:00+00:00,2024-04-19 06:00:00+00:00,clarke_wright,5,5,0,1.0,0.0,0.0,28.7517556937737,32.81870081403279,1.1992733809993297,,,,,,
all_exact_5,18,2024-04-19 04:00:00+00:00,2024-04-19 06:00:00+00:00,q_learning,5,5,0,1.0,0.0,0.0,31.142219349500685,35.3107340615728,0.0003455949999988,1.1418702359997042,1.7239602190002188,4.5001207714524005,201.0,0.05,cpu
all_exact_5,18,2024-04-19 04:00:00+00:00,2024-04-19 06:00:00+00:00,sarsa,5,5,0,1.0,0.0,0.0,31.142219349500685,35.3107340615728,0.0003396499996597,1.1418702359997042,1.6738123989998712,4.4998469499938585,206.0,0.05,cpu
all_exact_5,18,2024-04-19 04:00:00+00:00,2024-04-19 06:00:00+00:00,dqn,5,5,0,1.0,0.0,0.0,31.142219349500685,35.3107340615728,0.0012716199998976,1.1418702359997042,140.524982293,4.499998295187669,18821.0,0.05,cuda
all_exact_5,19,2024-04-22 02:00:00+00:00,2024-04-22 04:00:00+00:00,nearest_neighbor,8,8,0,1.0,0.0,0.0,43.59640053210937,48.316837985532494,3.901848319999772,,,,,,
all_exact_5,19,2024-04-22 02:00:00+00:00,2024-04-22 04:00:00+00:00,clarke_wright,8,8,0,1.0,0.0,0.0,40.55478807856269,45.42206308234803,3.656971701999282,,,,,,
all_exact_5,19,2024-04-22 02:00:00+00:00,2024-04-22 04:00:00+00:00,q_learning,8,8,0,1.0,0.0,0.0,40.14388446952776,44.59204345468692,0.0005839559999003,3.917231706000166,2.881164173999423,6.957776911514855,1792.0,0.05,cpu
all_exact_5,19,2024-04-22 02:00:00+00:00,2024-04-22 04:00:00+00:00,sarsa,8,8,0,1.0,0.0,0.0,44.6000323169922,49.30608083977632,0.0005674570002156,3.917231706000166,2.877660979999746,6.6590353993770615,1851.0,0.05,cpu
all_exact_5,19,2024-04-22 02:00:00+00:00,2024-04-22 04:00:00+00:00,dqn,8,8,0,1.0,0.0,0.0,40.14388446952776,44.59204345468692,0.0117879140007062,3.917231706000166,313.2357828880004,6.957776911514855,19976.0,0.05,cuda
all_exact_5,20,2024-04-22 04:00:00+00:00,2024-04-22 06:00:00+00:00,nearest_neighbor,5,5,0,1.0,0.0,0.0,56.74263981033898,64.43846537033492,2.848766878000788,,,,,,
all_exact_5,20,2024-04-22 04:00:00+00:00,2024-04-22 06:00:00+00:00,clarke_wright,5,5,0,1.0,0.0,0.0,54.76748975468316,61.473446005619024,2.868582836999849,,,,,,
all_exact_5,20,2024-04-22 04:00:00+00:00,2024-04-22 06:00:00+00:00,q_learning,5,5,0,1.0,0.0,0.0,54.76748975468316,61.473446005619024,0.0003815479994955,2.958762697999191,1.8053176120001808,2.1872924624170373,205.0,0.05,cpu
all_exact_5,20,2024-04-22 04:00:00+00:00,2024-04-22 06:00:00+00:00,sarsa,5,5,0,1.0,0.0,0.0,54.76748975468316,61.473446005619024,0.0003541179994499,2.958762697999191,1.739702287,2.1872924624170373,208.0,0.05,cpu
all_exact_5,20,2024-04-22 04:00:00+00:00,2024-04-22 06:00:00+00:00,dqn,5,5,0,1.0,0.0,0.0,54.76748975468316,61.473446005619024,0.0013341169997147,2.958762697999191,165.04982047399972,2.1872924624170373,18821.0,0.05,cuda
all_exact_5,21,2024-04-23 02:00:00+00:00,2024-04-23 04:00:00+00:00,nearest_neighbor,8,8,0,1.0,0.0,0.0,41.490239340877245,47.69970868629707,2.7876903970000058,,,,,,
all_exact_5,21,2024-04-23 02:00:00+00:00,2024-04-23 04:00:00+00:00,clarke_wright,8,8,0,1.0,0.0,0.0,47.03188922322078,53.27892043825429,2.629767310999341,,,,,,
all_exact_5,21,2024-04-23 02:00:00+00:00,2024-04-23 04:00:00+00:00,q_learning,8,8,0,1.0,0.0,0.0,41.490239340877245,47.69970868629707,0.0005865769999218,2.7535833309993905,2.8928279880001355,7.063029589715816,1937.0,0.05,cpu
all_exact_5,21,2024-04-23 02:00:00+00:00,2024-04-23 04:00:00+00:00,sarsa,8,8,0,1.0,0.0,0.0,43.08066149693575,49.15015208445375,0.0005850749994351,2.7535833309993905,2.7890072869995493,6.861634639200707,1966.0,0.05,cpu
all_exact_5,21,2024-04-23 02:00:00+00:00,2024-04-23 04:00:00+00:00,dqn,8,8,0,1.0,0.0,0.0,41.490239340877245,47.69970868629707,0.0056688019994908,2.7535833309993905,346.7027157619996,7.063029589715816,19976.0,0.05,cuda
all_exact_5,22,2024-04-26 02:00:00+00:00,2024-04-26 04:00:00+00:00,nearest_neighbor,6,6,0,1.0,0.0,0.0,49.13847177240126,53.11262135267413,1.2667289089995393,,,,,,
all_exact_5,22,2024-04-26 02:00:00+00:00,2024-04-26 04:00:00+00:00,clarke_wright,6,6,0,1.0,0.0,0.0,45.09493733319142,48.89193424547039,1.1230345169997236,,,,,,
all_exact_5,22,2024-04-26 02:00:00+00:00,2024-04-26 04:00:00+00:00,q_learning,6,6,0,1.0,0.0,0.0,49.13847177240126,53.11262135267413,0.0004163270004937,1.1601942019997296,2.141580590000558,3.603212459431768,490.0,0.05,cpu
all_exact_5,22,2024-04-26 02:00:00+00:00,2024-04-26 04:00:00+00:00,sarsa,6,6,0,1.0,0.0,0.0,46.97321234974298,52.70575022422936,0.0004681890004576,1.1601942019997296,2.0937164000006305,3.3882293645939283,493.0,0.05,cpu
all_exact_5,22,2024-04-26 02:00:00+00:00,2024-04-26 04:00:00+00:00,dqn,6,6,0,1.0,0.0,0.0,49.13847177240126,53.11262135267413,0.0021875779993933,1.1601942019997296,218.22567466200053,3.603212459431768,19206.0,0.05,cuda
all_exact_5,23,2024-05-04 02:00:00+00:00,2024-05-04 04:00:00+00:00,nearest_neighbor,8,8,0,1.0,0.0,0.0,70.46718258793143,73.49802521797892,2.23865374900015,,,,,,
all_exact_5,23,2024-05-04 02:00:00+00:00,2024-05-04 04:00:00+00:00,clarke_wright,8,8,0,1.0,0.0,0.0,63.53839527330516,67.44135935437674,2.2246038590001262,,,,,,
all_exact_5,23,2024-05-04 02:00:00+00:00,2024-05-04 04:00:00+00:00,q_learning,8,8,0,1.0,0.0,0.0,63.0102330404169,66.54962628832085,0.0005580310007644,2.2148736059998555,2.910877442000128,4.843015223052589,2042.0,0.05,cpu
all_exact_5,23,2024-05-04 02:00:00+00:00,2024-05-04 04:00:00+00:00,sarsa,8,8,0,1.0,0.0,0.0,70.64544402612471,74.92106465168857,0.0005672990000675,2.2148736059998555,2.8513652790006745,4.453022489480124,2102.0,0.05,cpu
all_exact_5,23,2024-05-04 02:00:00+00:00,2024-05-04 04:00:00+00:00,dqn,8,8,0,1.0,0.0,0.0,63.0102330404169,66.54962628832085,0.0020254669998394,2.2148736059998555,302.6938214189995,4.843015223052589,19976.0,0.05,cuda
all_exact_5,24,2024-05-16 04:00:00+00:00,2024-05-16 06:00:00+00:00,nearest_neighbor,6,6,0,1.0,0.0,0.0,42.85867182334422,48.16126386268422,1.6777216229993428,,,,,,
all_exact_5,24,2024-05-16 04:00:00+00:00,2024-05-16 06:00:00+00:00,clarke_wright,6,6,0,1.0,0.0,0.0,42.85867182334422,48.16126386268422,1.66570039599992,,,,,,
all_exact_5,24,2024-05-16 04:00:00+00:00,2024-05-16 06:00:00+00:00,q_learning,6,6,0,1.0,0.0,0.0,42.85867182334422,48.16126386268422,0.0004757540000355,1.6015458140000192,2.1643456050005625,4.602636019272784,549.0,0.05,cpu
all_exact_5,24,2024-05-16 04:00:00+00:00,2024-05-16 06:00:00+00:00,sarsa,6,6,0,1.0,0.0,0.0,42.85867182334422,48.16126386268422,0.0004187599997749,1.6015458140000192,2.075767066000481,4.601124289995412,549.0,0.05,cpu
all_exact_5,24,2024-05-16 04:00:00+00:00,2024-05-16 06:00:00+00:00,dqn,6,6,0,1.0,0.0,0.0,42.85867182334422,48.16126386268422,0.0015688550001868,1.6015458140000192,237.17977088800035,4.599522380660454,19206.0,0.05,cuda
all_exact_5,25,2024-05-24 02:00:00+00:00,2024-05-24 04:00:00+00:00,nearest_neighbor,5,5,0,1.0,0.0,0.0,28.983287564107933,33.112566904582465,0.5596411199994691,,,,,,
all_exact_5,25,2024-05-24 02:00:00+00:00,2024-05-24 04:00:00+00:00,clarke_wright,5,5,0,1.0,0.0,0.0,26.91960981135569,30.56155776800467,0.5655622969998149,,,,,,
all_exact_5,25,2024-05-24 02:00:00+00:00,2024-05-24 04:00:00+00:00,q_learning,5,5,0,1.0,0.0,0.0,28.983287564107933,33.112566904582465,0.0003366749997439,0.5569412889999512,1.7057732479997867,4.283488054847242,190.0,0.05,cpu
all_exact_5,25,2024-05-24 02:00:00+00:00,2024-05-24 04:00:00+00:00,sarsa,5,5,0,1.0,0.0,0.0,28.983287564107933,33.112566904582465,0.0003423520001888,0.5569412889999512,1.6655630800005383,4.283488054847242,192.0,0.05,cpu
all_exact_5,25,2024-05-24 02:00:00+00:00,2024-05-24 04:00:00+00:00,dqn,5,5,0,1.0,0.0,0.0,28.983287564107933,33.112566904582465,0.0012534469997262,0.5569412889999512,98.22885426399988,4.283488054847242,18821.0,0.05,cuda
all_exact_5,26,2024-05-27 02:00:00+00:00,2024-05-27 04:00:00+00:00,nearest_neighbor,5,5,0,1.0,0.0,0.0,22.104358599307155,24.991667928591035,1.139735751000444,,,,,,
all_exact_5,26,2024-05-27 02:00:00+00:00,2024-05-27 04:00:00+00:00,clarke_wright,5,5,0,1.0,0.0,0.0,21.74361923948389,24.17821064725468,1.0687015460007387,,,,,,
all_exact_5,26,2024-05-27 02:00:00+00:00,2024-05-27 04:00:00+00:00,q_learning,5,5,0,1.0,0.0,0.0,22.104358599307155,24.991667928591035,0.0003497360003166,1.1281571029994666,1.7257963050005856,4.497174076325181,206.0,0.05,cpu
all_exact_5,26,2024-05-27 02:00:00+00:00,2024-05-27 04:00:00+00:00,sarsa,5,5,0,1.0,0.0,0.0,22.325162916035204,24.977066655117063,0.0003744659998119,1.1281571029994666,1.6744050490005975,4.37962631553812,206.0,0.05,cpu
all_exact_5,26,2024-05-27 02:00:00+00:00,2024-05-27 04:00:00+00:00,dqn,5,5,0,1.0,0.0,0.0,22.104358599307155,24.991667928591035,0.0012842559999626,1.1281571029994666,121.71933946199988,4.497174076325181,18821.0,0.05,cuda
all_exact_5,27,2024-05-27 04:00:00+00:00,2024-05-27 06:00:00+00:00,nearest_neighbor,5,5,0,1.0,0.0,0.0,61.5062412947393,61.93456930492727,2.5820407760002126,,,,,,
all_exact_5,27,2024-05-27 04:00:00+00:00,2024-05-27 06:00:00+00:00,clarke_wright,5,5,0,1.0,0.0,0.0,59.48353975419629,60.16734771242364,2.65632687300058,,,,,,
all_exact_5,27,2024-05-27 04:00:00+00:00,2024-05-27 06:00:00+00:00,q_learning,5,5,0,1.0,0.0,0.0,61.5062412947393,61.93456930492727,0.0003496319995974,2.6093155500002467,1.7626011530001051,2.128793010373582,214.0,0.05,cpu
all_exact_5,27,2024-05-27 04:00:00+00:00,2024-05-27 06:00:00+00:00,sarsa,5,5,0,1.0,0.0,0.0,60.73694482874838,61.12389539891036,0.0003473059996395,2.6093155500002467,1.765643660999558,2.072836215702143,219.0,0.05,cpu
all_exact_5,27,2024-05-27 04:00:00+00:00,2024-05-27 06:00:00+00:00,dqn,5,5,0,1.0,0.0,0.0,61.49808235755981,62.02275469098973,0.0050053550003212,2.6093155500002467,208.67513952399983,2.128496780035955,18821.0,0.05,cuda
all_exact_5,28,2024-05-27 06:00:00+00:00,2024-05-27 08:00:00+00:00,nearest_neighbor,6,6,0,1.0,0.0,0.0,53.52253064643472,58.6401498923029,2.784672163000323,,,,,,
all_exact_5,28,2024-05-27 06:00:00+00:00,2024-05-27 08:00:00+00:00,clarke_wright,6,6,0,1.0,0.0,0.0,53.143286260694346,58.671527984136254,2.885889932000282,,,,,,
all_exact_5,28,2024-05-27 06:00:00+00:00,2024-05-27 08:00:00+00:00,q_learning,6,6,0,1.0,0.0,0.0,52.1300054160638,57.235878305973,0.0004773279997607,2.8063144759998977,2.1787758430000395,4.101789323402522,563.0,0.05,cpu
all_exact_5,28,2024-05-27 06:00:00+00:00,2024-05-27 08:00:00+00:00,sarsa,6,6,0,1.0,0.0,0.0,58.26924458970921,63.1156578018544,0.0004733300002044,2.8063144759998977,2.105972540000039,3.792116992198324,565.0,0.05,cpu
all_exact_5,28,2024-05-27 06:00:00+00:00,2024-05-27 08:00:00+00:00,dqn,6,6,0,1.0,0.0,0.0,53.52253064643472,58.6401498923029,0.0049918989998332,2.8063144759998977,279.4100700930003,4.170159281068865,19206.0,0.05,cuda
all_exact_5,29,2024-06-10 04:00:00+00:00,2024-06-10 06:00:00+00:00,nearest_neighbor,5,5,0,1.0,0.0,0.0,38.316835506337085,42.64905861310468,2.285949371999777,,,,,,
all_exact_5,29,2024-06-10 04:00:00+00:00,2024-06-10 06:00:00+00:00,clarke_wright,5,5,0,1.0,0.0,0.0,36.667796608039744,40.40488024416943,2.237747029000275,,,,,,
all_exact_5,29,2024-06-10 04:00:00+00:00,2024-06-10 06:00:00+00:00,q_learning,5,5,0,1.0,0.0,0.0,38.316835506337085,42.64905861310468,0.0004090810007255,2.238123082000129,1.809853267000108,3.6402399045907528,192.0,0.05,cpu
all_exact_5,29,2024-06-10 04:00:00+00:00,2024-06-10 06:00:00+00:00,sarsa,5,5,0,1.0,0.0,0.0,38.316835506337085,42.64905861310468,0.0004126410003664,2.238123082000129,1.767490256000201,3.6402399045907528,193.0,0.05,cpu
all_exact_5,29,2024-06-10 04:00:00+00:00,2024-06-10 06:00:00+00:00,dqn,5,5,0,1.0,0.0,0.0,38.316835506337085,42.64905861310468,0.0050439040005585,2.238123082000129,228.16728548099945,3.6402399045907528,18821.0,0.05,cuda
all_exact_5,30,2024-06-13 04:00:00+00:00,2024-06-13 06:00:00+00:00,nearest_neighbor,5,5,0,1.0,0.0,0.0,56.69767385118966,58.651239882176064,1.688163177000206,,,,,,
all_exact_5,30,2024-06-13 04:00:00+00:00,2024-06-13 06:00:00+00:00,clarke_wright,5,5,0,1.0,0.0,0.0,54.65856262409752,58.17874945025648,1.658872670999699,,,,,,
all_exact_5,30,2024-06-13 04:00:00+00:00,2024-06-13 06:00:00+00:00,q_learning,5,5,0,1.0,0.0,0.0,62.04967012942586,62.96925627578448,0.000422332999733,1.7069779210005436,1.8148656220000705,1.3005901325502045,175.0,0.05,cpu
all_exact_5,30,2024-06-13 04:00:00+00:00,2024-06-13 06:00:00+00:00,sarsa,5,5,0,1.0,0.0,0.0,56.69767385118966,58.651239882176064,0.0003989529996033,1.7069779210005436,1.7455943690001732,1.287343232232395,175.0,0.05,cpu
all_exact_5,30,2024-06-13 04:00:00+00:00,2024-06-13 06:00:00+00:00,dqn,5,5,0,1.0,0.0,0.0,62.04967012942586,62.96925627578448,0.0019448670000201,1.7069779210005436,227.46402399699943,1.3005901325502045,18821.0,0.05,cuda
all_exact_5,31,2024-06-14 02:00:00+00:00,2024-06-14 04:00:00+00:00,nearest_neighbor,8,8,0,1.0,0.0,0.0,51.21326317586882,55.750882243067394,3.289051486999597,,,,,,
all_exact_5,31,2024-06-14 02:00:00+00:00,2024-06-14 04:00:00+00:00,clarke_wright,8,8,0,1.0,0.0,0.0,47.78349627640165,52.72875160250359,3.2930565699998624,,,,,,
all_exact_5,31,2024-06-14 02:00:00+00:00,2024-06-14 04:00:00+00:00,q_learning,8,8,0,1.0,0.0,0.0,51.21326317586882,55.750882243067394,0.0006169990001581,3.2850403319998804,2.9592804120002256,6.218594031457833,1966.0,0.05,cpu
all_exact_5,31,2024-06-14 02:00:00+00:00,2024-06-14 04:00:00+00:00,sarsa,8,8,0,1.0,0.0,0.0,51.21326317586882,55.750882243067394,0.0005704280001737,3.2850403319998804,2.845752655999604,6.218423842882833,1926.0,0.05,cpu
all_exact_5,31,2024-06-14 02:00:00+00:00,2024-06-14 04:00:00+00:00,dqn,8,8,0,1.0,0.0,0.0,51.21326317586882,55.750882243067394,0.0056824309995135,3.2850403319998804,366.0152973659997,6.218423842882833,19976.0,0.05,cuda
all_exact_5,32,2024-06-19 02:00:00+00:00,2024-06-19 04:00:00+00:00,nearest_neighbor,5,5,0,1.0,0.0,0.0,30.64800606361119,34.62075749106991,2.243927275000715,,,,,,
all_exact_5,32,2024-06-19 02:00:00+00:00,2024-06-19 04:00:00+00:00,clarke_wright,5,5,0,1.0,0.0,0.0,30.60117492750036,34.89306315862689,2.229621432000385,,,,,,
all_exact_5,32,2024-06-19 02:00:00+00:00,2024-06-19 04:00:00+00:00,q_learning,5,5,0,1.0,0.0,0.0,30.64800606361119,34.62075749106991,0.0004050810002809,2.2348300519997792,1.8001595289997567,3.89387196494778,210.0,0.05,cpu
all_exact_5,32,2024-06-19 02:00:00+00:00,2024-06-19 04:00:00+00:00,sarsa,5,5,0,1.0,0.0,0.0,30.64800606361119,34.62075749106991,0.0003466220005066,2.2348300519997792,1.7722905430000535,3.89387196494778,210.0,0.05,cpu
all_exact_5,32,2024-06-19 02:00:00+00:00,2024-06-19 04:00:00+00:00,dqn,5,5,0,1.0,0.0,0.0,30.64800606361119,34.62075749106991,0.0060071689995311,2.2348300519997792,227.9827268659992,3.89387196494778,18821.0,0.05,cuda
all_exact_5,33,2024-06-19 04:00:00+00:00,2024-06-19 06:00:00+00:00,nearest_neighbor,10,10,0,1.0,0.0,0.0,54.12377572840138,61.002042811199246,5.626966806999917,,,,,,
all_exact_5,33,2024-06-19 04:00:00+00:00,2024-06-19 06:00:00+00:00,clarke_wright,10,10,0,1.0,0.0,0.0,50.70692099853257,57.48614645591985,5.536721697999383,,,,,,
all_exact_5,33,2024-06-19 04:00:00+00:00,2024-06-19 06:00:00+00:00,q_learning,10,10,0,1.0,0.0,0.0,52.22842121542272,59.19847987037357,0.0007130320009309,5.578101609999976,3.930474015000073,10.023993910231232,4074.0,0.05,cpu
all_exact_5,33,2024-06-19 04:00:00+00:00,2024-06-19 06:00:00+00:00,sarsa,10,10,0,1.0,0.0,0.0,55.30472425190665,63.348817814236426,0.0007588890002807,5.578101609999976,3.517440114999772,9.75782538916672,4194.0,0.05,cpu
all_exact_5,33,2024-06-19 04:00:00+00:00,2024-06-19 06:00:00+00:00,dqn,10,10,0,1.0,0.0,0.0,54.12377572840138,61.002042811199246,0.0066289409987803,5.578101609999976,493.9081398960007,9.950167570241335,20746.0,0.05,cuda
all_exact_5,34,2024-06-22 08:00:00+00:00,2024-06-22 10:00:00+00:00,nearest_neighbor,6,6,0,1.0,0.0,0.0,84.21689671959427,94.5279855035088,3.2849243780001416,,,,,,
all_exact_5,34,2024-06-22 08:00:00+00:00,2024-06-22 10:00:00+00:00,clarke_wright,6,6,0,1.0,0.0,0.0,77.44154398967947,87.37302135179851,3.284219266000946,,,,,,
all_exact_5,34,2024-06-22 08:00:00+00:00,2024-06-22 10:00:00+00:00,q_learning,6,6,0,1.0,0.0,0.0,76.83558504768314,84.5014823555805,0.0004167800016148,3.275311279001471,2.1942442119998304,2.0750485700332093,646.0,0.05,cpu
all_exact_5,34,2024-06-22 08:00:00+00:00,2024-06-22 10:00:00+00:00,sarsa,6,6,0,1.0,0.0,0.0,76.83558504768314,84.5014823555805,0.0004347190006228,3.275311279001471,2.119047493000835,2.0750485700332093,668.0,0.05,cpu
all_exact_5,34,2024-06-22 08:00:00+00:00,2024-06-22 10:00:00+00:00,dqn,6,6,0,1.0,0.0,0.0,76.83558504768314,84.5014823555805,0.0015980480002326,3.275311279001471,270.3891937399985,2.0750485700332093,19206.0,0.05,cuda
all_exact_5,35,2024-06-25 02:00:00+00:00,2024-06-25 04:00:00+00:00,nearest_neighbor,9,9,0,1.0,0.0,0.0,50.89055907876424,56.63660809171955,3.874479829000848,,,,,,
all_exact_5,35,2024-06-25 02:00:00+00:00,2024-06-25 04:00:00+00:00,clarke_wright,9,9,0,1.0,0.0,0.0,46.589851509280656,52.74509720004915,3.89981597500082,,,,,,
all_exact_5,35,2024-06-25 02:00:00+00:00,2024-06-25 04:00:00+00:00,q_learning,9,9,0,1.0,0.0,0.0,54.0881714690312,60.22241707676464,0.0006762969987903,3.863898978001089,3.374843212000997,8.09358563406648,2942.0,0.05,cpu
all_exact_5,35,2024-06-25 02:00:00+00:00,2024-06-25 04:00:00+00:00,sarsa,9,9,0,1.0,0.0,0.0,52.694406526533285,58.82843551140722,0.0006256550004763,3.863898978001089,3.2145507059995,7.975545005623781,2933.0,0.05,cpu
all_exact_5,35,2024-06-25 02:00:00+00:00,2024-06-25 04:00:00+00:00,dqn,9,9,0,1.0,0.0,0.0,50.89055907876424,56.63660809171955,0.002402832998996,3.863898978001089,432.3477796469997,8.424948488015696,20361.0,0.05,cuda
all_exact_5,36,2024-06-26 02:00:00+00:00,2024-06-26 04:00:00+00:00,nearest_neighbor,5,5,0,1.0,0.0,0.0,30.288997881101373,31.52503926614864,1.15622186300061,,,,,,
all_exact_5,36,2024-06-26 02:00:00+00:00,2024-06-26 04:00:00+00:00,clarke_wright,5,5,0,1.0,0.0,0.0,29.873899537471647,31.27582696146768,1.1488807459991222,,,,,,
all_exact_5,36,2024-06-26 02:00:00+00:00,2024-06-26 04:00:00+00:00,q_learning,5,5,0,1.0,0.0,0.0,30.288997881101373,31.52503926614864,0.0003583899997465,1.146953516999929,1.7883673010001075,4.126340777220766,192.0,0.05,cpu
all_exact_5,36,2024-06-26 02:00:00+00:00,2024-06-26 04:00:00+00:00,sarsa,5,5,0,1.0,0.0,0.0,30.288997881101373,31.52503926614864,0.0004032750002807,1.146953516999929,1.7346953519991075,4.126340777220766,193.0,0.05,cpu
all_exact_5,36,2024-06-26 02:00:00+00:00,2024-06-26 04:00:00+00:00,dqn,5,5,0,1.0,0.0,0.0,30.288997881101373,31.52503926614864,0.0013060530000075,1.146953516999929,145.83391005500016,4.126340777220766,18821.0,0.05,cuda
all_exact_5,37,2024-06-26 04:00:00+00:00,2024-06-26 06:00:00+00:00,nearest_neighbor,5,5,0,1.0,0.0,0.0,34.42367785071482,36.99612760262214,1.6513518939991627,,,,,,
all_exact_5,37,2024-06-26 04:00:00+00:00,2024-06-26 06:00:00+00:00,clarke_wright,5,5,0,1.0,0.0,0.0,34.26725199845188,36.59165709670789,1.600652860999617,,,,,,
all_exact_5,37,2024-06-26 04:00:00+00:00,2024-06-26 06:00:00+00:00,q_learning,5,5,0,1.0,0.0,0.0,34.42367785071482,36.99612760262214,0.0003723190002347,1.6401381409996247,1.7470914119985537,4.086633231496437,198.0,0.05,cpu
all_exact_5,37,2024-06-26 04:00:00+00:00,2024-06-26 06:00:00+00:00,sarsa,5,5,0,1.0,0.0,0.0,34.42367785071482,36.99612760262214,0.0003771150004467,1.6401381409996247,1.7008989109999677,4.086633231496437,201.0,0.05,cpu
all_exact_5,37,2024-06-26 04:00:00+00:00,2024-06-26 06:00:00+00:00,dqn,5,5,0,1.0,0.0,0.0,34.42367785071482,36.99612760262214,0.0013006249992031,1.6401381409996247,100.562096312,4.086633231496437,18821.0,0.05,cuda
all_exact_5,38,2024-06-27 02:00:00+00:00,2024-06-27 04:00:00+00:00,nearest_neighbor,6,6,0,1.0,0.0,0.0,34.902882196432806,40.03232756677802,2.651025100998595,,,,,,
all_exact_5,38,2024-06-27 02:00:00+00:00,2024-06-27 04:00:00+00:00,clarke_wright,6,6,0,1.0,0.0,0.0,30.25962970280337,35.05010266331665,2.670012906999545,,,,,,
all_exact_5,38,2024-06-27 02:00:00+00:00,2024-06-27 04:00:00+00:00,q_learning,6,6,0,1.0,0.0,0.0,30.25962970280337,35.05010266331665,0.0004220760001771,2.6357955130006303,2.1495693100005155,5.4321480930228345,544.0,0.05,cpu
all_exact_5,38,2024-06-27 02:00:00+00:00,2024-06-27 04:00:00+00:00,sarsa,6,6,0,1.0,0.0,0.0,30.25962970280337,35.05010266331665,0.0004483049997361,2.6357955130006303,2.0756017389994668,5.4321480930228345,552.0,0.05,cpu
all_exact_5,38,2024-06-27 02:00:00+00:00,2024-06-27 04:00:00+00:00,dqn,6,6,0,1.0,0.0,0.0,30.25962970280337,35.05010266331665,0.0015111180000531,2.6357955130006303,126.0401970640014,5.4321480930228345,19206.0,0.05,cuda
all_exact_5,39,2024-06-28 02:00:00+00:00,2024-06-28 04:00:00+00:00,nearest_neighbor,6,6,0,1.0,0.0,0.0,51.31617546362011,51.40555124248597,2.6911869430005027,,,,,,
all_exact_5,39,2024-06-28 02:00:00+00:00,2024-06-28 04:00:00+00:00,clarke_wright,6,6,0,1.0,0.0,0.0,51.18803963976039,50.56361726881362,2.676827941000738,,,,,,
all_exact_5,39,2024-06-28 02:00:00+00:00,2024-06-28 04:00:00+00:00,q_learning,6,6,0,1.0,0.0,0.0,50.70432267427503,49.74982197483239,0.0004796230005013,2.66529299099966,2.1405872630002705,3.4395975481000787,569.0,0.05,cpu
all_exact_5,39,2024-06-28 02:00:00+00:00,2024-06-28 04:00:00+00:00,sarsa,6,6,0,1.0,0.0,0.0,50.70432267427503,49.74982197483239,0.0004413440001371,2.66529299099966,2.077343588000076,3.4395975481000787,572.0,0.05,cpu
all_exact_5,39,2024-06-28 02:00:00+00:00,2024-06-28 04:00:00+00:00,dqn,6,6,0,1.0,0.0,0.0,50.70432267427503,49.74982197483239,0.0015336119995481,2.66529299099966,148.20086655699924,3.4395975481000787,19206.0,0.05,cuda
all_exact_5,40,2024-06-28 04:00:00+00:00,2024-06-28 06:00:00+00:00,nearest_neighbor,5,5,0,1.0,0.0,0.0,39.98738802007367,42.04315174315723,2.6858504219999304,,,,,,
all_exact_5,40,2024-06-28 04:00:00+00:00,2024-06-28 06:00:00+00:00,clarke_wright,5,5,0,1.0,0.0,0.0,40.65400371673504,43.22327946732402,2.7112125680014287,,,,,,
all_exact_5,40,2024-06-28 04:00:00+00:00,2024-06-28 06:00:00+00:00,q_learning,5,5,0,1.0,0.0,0.0,39.98738802007367,42.04315174315723,0.0003498320002108,2.660481871000229,1.8046735730004,3.947812825284328,183.0,0.05,cpu
all_exact_5,40,2024-06-28 04:00:00+00:00,2024-06-28 06:00:00+00:00,sarsa,5,5,0,1.0,0.0,0.0,39.98738802007367,42.04315174315723,0.0003513730007398,2.660481871000229,1.719407577000311,3.947812825284328,185.0,0.05,cpu
all_exact_5,40,2024-06-28 04:00:00+00:00,2024-06-28 06:00:00+00:00,dqn,5,5,0,1.0,0.0,0.0,39.98738802007367,42.04315174315723,0.0012562749998323,2.660481871000229,98.85650339600032,3.947812825284328,18821.0,0.05,cuda
all_exact_5,41,2024-06-29 02:00:00+00:00,2024-06-29 04:00:00+00:00,nearest_neighbor,7,7,0,1.0,0.0,0.0,58.53368725145781,65.94661677827587,2.7028240649997315,,,,,,
all_exact_5,41,2024-06-29 02:00:00+00:00,2024-06-29 04:00:00+00:00,clarke_wright,7,7,0,1.0,0.0,0.0,52.22813568055077,59.5611133076714,2.7099255489993084,,,,,,
all_exact_5,41,2024-06-29 02:00:00+00:00,2024-06-29 04:00:00+00:00,q_learning,7,7,0,1.0,0.0,0.0,54.70558557610021,62.32722032965445,0.0004948069999954,2.656154104000961,2.5007860570003686,4.504694106219796,1176.0,0.05,cpu
all_exact_5,41,2024-06-29 02:00:00+00:00,2024-06-29 04:00:00+00:00,sarsa,7,7,0,1.0,0.0,0.0,58.53368725145781,65.94661677827587,0.0004768719991261,2.656154104000961,2.4047615400013456,4.296647524010929,1212.0,0.05,cpu
all_exact_5,41,2024-06-29 02:00:00+00:00,2024-06-29 04:00:00+00:00,dqn,7,7,0,1.0,0.0,0.0,54.70558557610021,62.32722032965445,0.0018376079988229,2.656154104000961,142.87623421100034,4.504694106219796,19591.0,0.05,cuda
all_exact_5,42,2024-07-01 02:00:00+00:00,2024-07-01 04:00:00+00:00,nearest_neighbor,6,6,0,1.0,0.0,0.0,41.826297444608215,44.16350112607742,1.6626592610009538,,,,,,
all_exact_5,42,2024-07-01 02:00:00+00:00,2024-07-01 04:00:00+00:00,clarke_wright,6,6,0,1.0,0.0,0.0,34.85581923059584,36.91728760122952,1.6108929340007307,,,,,,
all_exact_5,42,2024-07-01 02:00:00+00:00,2024-07-01 04:00:00+00:00,q_learning,6,6,0,1.0,0.0,0.0,35.187872743265146,37.84103448204581,0.0004307849994802,1.6672170740002912,2.150507069000014,4.739273511039331,541.0,0.05,cpu
all_exact_5,42,2024-07-01 02:00:00+00:00,2024-07-01 04:00:00+00:00,sarsa,6,6,0,1.0,0.0,0.0,41.826297444608215,44.16350112607742,0.000447806000011,1.6672170740002912,2.2210955989994545,4.286799244839444,538.0,0.05,cpu
all_exact_5,42,2024-07-01 02:00:00+00:00,2024-07-01 04:00:00+00:00,dqn,6,6,0,1.0,0.0,0.0,35.187872743265146,37.84103448204581,0.0015742710002086,1.6672170740002912,121.18591844799994,4.739273511039331,19206.0,0.05,cuda
all_exact_5,43,2024-07-01 04:00:00+00:00,2024-07-01 06:00:00+00:00,nearest_neighbor,10,10,0,1.0,0.0,0.0,50.587080060109166,53.03932779664969,3.2297356669987494,,,,,,
all_exact_5,43,2024-07-01 04:00:00+00:00,2024-07-01 06:00:00+00:00,clarke_wright,10,10,0,1.0,0.0,0.0,51.44357135314273,53.68622805858799,3.6695048120000138,,,,,,
all_exact_5,43,2024-07-01 04:00:00+00:00,2024-07-01 06:00:00+00:00,q_learning,10,10,0,1.0,0.0,0.0,62.57678347215936,65.79954908820726,0.0007070109986671,3.399206296000557,3.670515126999817,8.304374059126047,3617.0,0.05,cpu
all_exact_5,43,2024-07-01 04:00:00+00:00,2024-07-01 06:00:00+00:00,sarsa,10,10,0,1.0,0.0,0.0,57.36562807646942,60.73761079925908,0.0007060099997033,3.399206296000557,3.4858222549992206,9.242828953795428,3723.0,0.05,cpu
all_exact_5,43,2024-07-01 04:00:00+00:00,2024-07-01 06:00:00+00:00,dqn,10,10,0,1.0,0.0,0.0,50.97319801913228,53.00622733979003,0.0026188339998043,3.399206296000557,212.1745563379991,10.06053659530144,20746.0,0.05,cuda
all_exact_5,44,2024-07-01 06:00:00+00:00,2024-07-01 08:00:00+00:00,nearest_neighbor,6,6,0,1.0,0.0,0.0,45.763219597054,51.50420038922647,2.8729986070011364,,,,,,
all_exact_5,44,2024-07-01 06:00:00+00:00,2024-07-01 08:00:00+00:00,clarke_wright,6,6,0,1.0,0.0,0.0,38.392747796075234,43.46167159336653,2.6892517949982,,,,,,
all_exact_5,44,2024-07-01 06:00:00+00:00,2024-07-01 08:00:00+00:00,q_learning,6,6,0,1.0,0.0,0.0,38.194799712103816,42.60810127198399,0.0004125460000068,2.838796658999854,2.1065011089995096,4.859601008517611,505.0,0.05,cpu
all_exact_5,44,2024-07-01 06:00:00+00:00,2024-07-01 08:00:00+00:00,sarsa,6,6,0,1.0,0.0,0.0,38.194799712103816,42.60810127198399,0.0004140440014452,2.838796658999854,2.0381443690002925,4.859601008517611,523.0,0.05,cpu
all_exact_5,44,2024-07-01 06:00:00+00:00,2024-07-01 08:00:00+00:00,dqn,6,6,0,1.0,0.0,0.0,38.194799712103816,42.60810127198399,0.0016109580010379,2.838796658999854,120.5872503720002,4.859601008517611,19206.0,0.05,cuda
all_exact_5,45,2024-07-04 02:00:00+00:00,2024-07-04 04:00:00+00:00,nearest_neighbor,9,9,0,1.0,0.0,0.0,60.54003915532682,65.06170396393873,3.233884872000999,,,,,,
all_exact_5,45,2024-07-04 02:00:00+00:00,2024-07-04 04:00:00+00:00,clarke_wright,9,9,0,1.0,0.0,0.0,60.45234609861484,64.0542535336158,3.3377300279989868,,,,,,
all_exact_5,45,2024-07-04 02:00:00+00:00,2024-07-04 04:00:00+00:00,q_learning,9,9,0,1.0,0.0,0.0,66.08609515201158,70.72573351611344,0.0006222030006028,3.347543120000409,3.292276303998733,6.901381929328566,3046.0,0.05,cpu
all_exact_5,45,2024-07-04 02:00:00+00:00,2024-07-04 04:00:00+00:00,sarsa,9,9,0,1.0,0.0,0.0,67.97659518455056,72.45144380582018,0.0006078370006434,3.347543120000409,3.1008306949988764,6.750540811331926,3082.0,0.05,cpu
all_exact_5,45,2024-07-04 02:00:00+00:00,2024-07-04 04:00:00+00:00,dqn,9,9,0,1.0,0.0,0.0,60.54003915532682,65.06170396393873,0.0023749379997752,3.347543120000409,220.7187489039989,7.402378371148009,20361.0,0.05,cuda
all_exact_5,46,2024-07-04 16:00:00+00:00,2024-07-04 18:00:00+00:00,nearest_neighbor,5,5,0,1.0,0.0,0.0,46.50305736070058,50.385668672481344,2.8836476569995284,,,,,,
all_exact_5,46,2024-07-04 16:00:00+00:00,2024-07-04 18:00:00+00:00,clarke_wright,5,5,0,1.0,0.0,0.0,41.79094091313982,45.80912273381484,2.912906153000222,,,,,,
all_exact_5,46,2024-07-04 16:00:00+00:00,2024-07-04 18:00:00+00:00,q_learning,5,5,0,1.0,0.0,0.0,46.50305736070058,50.385668672481344,0.0004306950013415,3.3218794979984523,1.8700745330006607,2.6145946523012444,190.0,0.05,cpu
all_exact_5,46,2024-07-04 16:00:00+00:00,2024-07-04 18:00:00+00:00,sarsa,5,5,0,1.0,0.0,0.0,46.50305736070058,50.385668672481344,0.0003858560012304,3.3218794979984523,1.810544420999577,2.6145946523012444,191.0,0.05,cpu
all_exact_5,46,2024-07-04 16:00:00+00:00,2024-07-04 18:00:00+00:00,dqn,5,5,0,1.0,0.0,0.0,46.50305736070058,50.385668672481344,0.0013297209989104,3.3218794979984523,136.58703661400068,2.6145946523012444,18821.0,0.05,cuda
all_exact_5,47,2024-07-05 02:00:00+00:00,2024-07-05 04:00:00+00:00,nearest_neighbor,6,6,0,1.0,0.0,0.0,51.192922228869,56.10242031866618,1.7873744420012372,,,,,,
all_exact_5,47,2024-07-05 02:00:00+00:00,2024-07-05 04:00:00+00:00,clarke_wright,6,6,0,1.0,0.0,0.0,45.997134993107366,49.86236089294656,1.6906528899999105,,,,,,
all_exact_5,47,2024-07-05 02:00:00+00:00,2024-07-05 04:00:00+00:00,q_learning,6,6,0,1.0,0.0,0.0,45.74683987021815,49.92616228518485,0.0005111229984322,2.057285357999717,2.1312922979996074,3.8778169360640633,552.0,0.05,cpu
all_exact_5,47,2024-07-05 02:00:00+00:00,2024-07-05 04:00:00+00:00,sarsa,6,6,0,1.0,0.0,0.0,45.74683987021815,49.92616228518485,0.0004627889993571,2.057285357999717,2.082966646999921,3.8778169360640633,562.0,0.05,cpu
all_exact_5,47,2024-07-05 02:00:00+00:00,2024-07-05 04:00:00+00:00,dqn,6,6,0,1.0,0.0,0.0,45.74683987021815,49.92616228518485,0.001527480999357,2.057285357999717,169.1301432300006,3.8778169360640633,19206.0,0.05,cuda
all_exact_5,48,2024-07-05 04:00:00+00:00,2024-07-05 06:00:00+00:00,nearest_neighbor,7,7,0,1.0,0.0,0.0,61.208907316710274,68.16281736125819,2.4797735290012497,,,,,,
all_exact_5,48,2024-07-05 04:00:00+00:00,2024-07-05 06:00:00+00:00,clarke_wright,7,7,0,1.0,0.0,0.0,53.564862944305126,58.95951165261799,2.301743223000813,,,,,,
all_exact_5,48,2024-07-05 04:00:00+00:00,2024-07-05 06:00:00+00:00,q_learning,7,7,0,1.0,0.0,0.0,57.38801605230224,64.6121115451723,0.0005088180005259,2.496846983000069,2.481548350000594,4.383694030813944,1192.0,0.05,cpu
all_exact_5,48,2024-07-05 04:00:00+00:00,2024-07-05 06:00:00+00:00,sarsa,7,7,0,1.0,0.0,0.0,61.208907316710274,68.16281736125819,0.0004812300012417,2.496846983000069,2.397722154000803,4.451672395366401,1225.0,0.05,cpu
all_exact_5,48,2024-07-05 04:00:00+00:00,2024-07-05 06:00:00+00:00,dqn,7,7,0,1.0,0.0,0.0,61.208907316710274,68.16281736125819,0.0017950140008906,2.496846983000069,161.26088807299857,4.451672395366401,19591.0,0.05,cuda
all_exact_5,49,2024-07-06 02:00:00+00:00,2024-07-06 04:00:00+00:00,nearest_neighbor,7,7,0,1.0,0.0,0.0,82.1468057485646,88.68774157271501,2.319725447001474,,,,,,
all_exact_5,49,2024-07-06 02:00:00+00:00,2024-07-06 04:00:00+00:00,clarke_wright,7,7,0,1.0,0.0,0.0,70.0718587794058,77.04959416773605,2.293078725999294,,,,,,
all_exact_5,49,2024-07-06 02:00:00+00:00,2024-07-06 04:00:00+00:00,q_learning,7,7,0,1.0,0.0,0.0,72.30880462553077,79.11808851705827,0.0005279910001263,2.805000717000439,2.568596153001636,3.163380883978179,1249.0,0.05,cpu
all_exact_5,49,2024-07-06 02:00:00+00:00,2024-07-06 04:00:00+00:00,sarsa,7,7,0,1.0,0.0,0.0,78.99774573158886,85.20977484951028,0.0004971090002072,2.805000717000439,2.485863366000558,2.851271030384166,1331.0,0.05,cpu
all_exact_5,49,2024-07-06 02:00:00+00:00,2024-07-06 04:00:00+00:00,dqn,7,7,0,1.0,0.0,0.0,72.30880462553077,79.11808851705827,0.0017726030000631,2.805000717000439,168.2336109000007,3.163380883978179,19591.0,0.05,cuda
all_exact_5,50,2024-07-08 02:00:00+00:00,2024-07-08 04:00:00+00:00,nearest_neighbor,12,12,0,1.0,0.0,0.0,88.87238679766962,91.61163366451848,3.920730898000329,,,,,,
all_exact_5,50,2024-07-08 02:00:00+00:00,2024-07-08 04:00:00+00:00,clarke_wright,12,12,0,1.0,0.0,0.0,77.26639612628598,81.5206701420657,3.8676140539992048,,,,,,
all_exact_5,50,2024-07-08 02:00:00+00:00,2024-07-08 04:00:00+00:00,q_learning,12,12,0,1.0,0.0,0.0,95.43314459952347,100.0519242446196,0.0008425880005233,4.051915341000495,4.499463563999598,7.395464828469321,6927.0,0.05,cpu
all_exact_5,50,2024-07-08 02:00:00+00:00,2024-07-08 04:00:00+00:00,sarsa,12,12,0,1.0,0.0,0.0,86.08093144790375,90.44575704438034,0.0008327809991897,4.051915341000495,4.129020837999633,9.034837440157352,6863.0,0.05,cpu
all_exact_5,50,2024-07-08 02:00:00+00:00,2024-07-08 04:00:00+00:00,dqn,12,12,0,1.0,0.0,0.0,84.74096102738245,89.78533442227068,0.0068245050006225,4.051915341000495,325.8493319400004,9.077254752699297,21516.0,0.05,cuda
all_exact_5,51,2024-07-09 02:00:00+00:00,2024-07-09 04:00:00+00:00,nearest_neighbor,6,6,0,1.0,0.0,0.0,47.44804535912963,48.37352166241624,1.9477871369999773,,,,,,
all_exact_5,51,2024-07-09 02:00:00+00:00,2024-07-09 04:00:00+00:00,clarke_wright,6,6,0,1.0,0.0,0.0,46.108487445828,46.36147583643349,1.7078147869997338,,,,,,
all_exact_5,51,2024-07-09 02:00:00+00:00,2024-07-09 04:00:00+00:00,q_learning,6,6,0,1.0,0.0,0.0,47.44804535912963,48.37352166241624,0.0004247199995006,1.9652478669995617,2.08899533100157,4.712865469567829,588.0,0.05,cpu
all_exact_5,51,2024-07-09 02:00:00+00:00,2024-07-09 04:00:00+00:00,sarsa,6,6,0,1.0,0.0,0.0,47.384920924712944,47.4720260199784,0.0004297029990993,1.9652478669995617,2.0602765509993333,4.517505646494405,594.0,0.05,cpu
all_exact_5,51,2024-07-09 02:00:00+00:00,2024-07-09 04:00:00+00:00,dqn,6,6,0,1.0,0.0,0.0,47.44804535912963,48.37352166241624,0.0015391910001198,1.9652478669995617,144.19900715999938,4.712865469567829,19206.0,0.05,cuda
all_exact_5,52,2024-07-09 04:00:00+00:00,2024-07-09 06:00:00+00:00,nearest_neighbor,6,6,0,1.0,0.0,0.0,65.15474819600587,69.07487366712311,2.812400479999269,,,,,,
all_exact_5,52,2024-07-09 04:00:00+00:00,2024-07-09 06:00:00+00:00,clarke_wright,6,6,0,1.0,0.0,0.0,61.50515868454488,66.11738747954007,2.805064330001187,,,,,,
all_exact_5,52,2024-07-09 04:00:00+00:00,2024-07-09 06:00:00+00:00,q_learning,6,6,0,1.0,0.0,0.0,65.15474819600587,69.07487366712311,0.0004123450016777,3.497666811001181,2.133162481000909,3.658782651574033,579.0,0.05,cpu
all_exact_5,52,2024-07-09 04:00:00+00:00,2024-07-09 06:00:00+00:00,sarsa,6,6,0,1.0,0.0,0.0,65.15474819600587,69.07487366712311,0.0004349199989519,3.497666811001181,2.05404998800077,3.658782651574033,607.0,0.05,cpu
all_exact_5,52,2024-07-09 04:00:00+00:00,2024-07-09 06:00:00+00:00,dqn,6,6,0,1.0,0.0,0.0,65.15474819600587,69.07487366712311,0.0015742770010547,3.497666811001181,120.47808191900003,3.658782651574033,19206.0,0.05,cuda
all_exact_5,53,2024-07-09 16:00:00+00:00,2024-07-09 18:00:00+00:00,nearest_neighbor,5,5,0,1.0,0.0,0.0,67.32729507189842,74.79624810267259,2.7813105559998803,,,,,,
all_exact_5,53,2024-07-09 16:00:00+00:00,2024-07-09 18:00:00+00:00,clarke_wright,5,5,0,1.0,0.0,0.0,65.13829584464858,73.05912150999038,2.778181821000544,,,,,,
all_exact_5,53,2024-07-09 16:00:00+00:00,2024-07-09 18:00:00+00:00,q_learning,5,5,0,1.0,0.0,0.0,67.32729507189842,74.79624810267259,0.0003492489995551,3.0292043070003274,1.772302130000753,0.6805764857016143,215.0,0.05,cpu
all_exact_5,53,2024-07-09 16:00:00+00:00,2024-07-09 18:00:00+00:00,sarsa,5,5,0,1.0,0.0,0.0,67.32729507189842,74.79624810267259,0.000353288000042,3.0292043070003274,1.718508773999929,0.6805764857016143,214.0,0.05,cpu
all_exact_5,53,2024-07-09 16:00:00+00:00,2024-07-09 18:00:00+00:00,dqn,5,5,0,1.0,0.0,0.0,67.32729507189842,74.79624810267259,0.0012938439995195,3.0292043070003274,98.73513296199962,0.6805764857016143,18821.0,0.05,cuda
all_exact_5,54,2024-07-10 02:00:00+00:00,2024-07-10 04:00:00+00:00,nearest_neighbor,8,8,0,1.0,0.0,0.0,62.960049642184586,67.80629664537713,2.6842483399996127,,,,,,
all_exact_5,54,2024-07-10 02:00:00+00:00,2024-07-10 04:00:00+00:00,clarke_wright,8,8,0,1.0,0.0,0.0,58.524857962883736,62.07519215651189,2.840297210999779,,,,,,
all_exact_5,54,2024-07-10 02:00:00+00:00,2024-07-10 04:00:00+00:00,q_learning,8,8,0,1.0,0.0,0.0,61.36513900630459,65.93062667323498,0.0005944229997112,3.066382914001224,2.8679237679989456,5.694295738395048,2022.0,0.05,cpu
all_exact_5,54,2024-07-10 02:00:00+00:00,2024-07-10 04:00:00+00:00,sarsa,8,8,0,1.0,0.0,0.0,62.960049642184586,67.80629664537713,0.0005472979992191,3.066382914001224,2.7475835160003044,5.61344659401656,2040.0,0.05,cpu
all_exact_5,54,2024-07-10 02:00:00+00:00,2024-07-10 04:00:00+00:00,dqn,8,8,0,1.0,0.0,0.0,61.36513900630459,65.93062667323498,0.0020644380001613,3.066382914001224,165.23766162900029,5.694295738395048,19976.0,0.05,cuda
all_exact_5,55,2024-07-10 04:00:00+00:00,2024-07-10 06:00:00+00:00,nearest_neighbor,5,5,0,1.0,0.0,0.0,41.21796827425134,46.19438819652435,2.268160526000429,,,,,,
all_exact_5,55,2024-07-10 04:00:00+00:00,2024-07-10 06:00:00+00:00,clarke_wright,5,5,0,1.0,0.0,0.0,39.95620160699264,45.06665217484088,2.2432339240003785,,,,,,
all_exact_5,55,2024-07-10 04:00:00+00:00,2024-07-10 06:00:00+00:00,q_learning,5,5,0,1.0,0.0,0.0,41.21796827425134,46.19438819652435,0.0003412879996176,2.423968208999213,1.7452009389999148,3.221693270107401,185.0,0.05,cpu
all_exact_5,55,2024-07-10 04:00:00+00:00,2024-07-10 06:00:00+00:00,sarsa,5,5,0,1.0,0.0,0.0,41.21796827425134,46.19438819652435,0.000344671001585,2.423968208999213,1.6981076590000157,3.221693270107401,186.0,0.05,cpu
all_exact_5,55,2024-07-10 04:00:00+00:00,2024-07-10 06:00:00+00:00,dqn,5,5,0,1.0,0.0,0.0,41.21796827425134,46.19438819652435,0.0014801989982515,2.423968208999213,98.653875633001,3.221693270107401,18821.0,0.05,cuda
all_exact_5,56,2024-07-11 02:00:00+00:00,2024-07-11 04:00:00+00:00,nearest_neighbor,10,10,0,1.0,0.0,0.0,54.63378291800552,58.98499978103286,2.24126288700063,,,,,,
all_exact_5,56,2024-07-11 02:00:00+00:00,2024-07-11 04:00:00+00:00,clarke_wright,10,10,0,1.0,0.0,0.0,48.050358576746426,51.221863147695856,2.148481336998884,,,,,,
all_exact_5,56,2024-07-11 02:00:00+00:00,2024-07-11 04:00:00+00:00,q_learning,10,10,0,1.0,0.0,0.0,51.430382893078935,56.0232116578058,0.0007116830001905,2.5833207099985884,3.64859534199968,8.609963901301425,4046.0,0.05,cpu
all_exact_5,56,2024-07-11 02:00:00+00:00,2024-07-11 04:00:00+00:00,sarsa,10,10,0,1.0,0.0,0.0,56.0108435390689,59.97710619720897,0.0006845370007795,2.5833207099985884,3.4173070910001115,8.459657586664445,4065.0,0.05,cpu
all_exact_5,56,2024-07-11 02:00:00+00:00,2024-07-11 04:00:00+00:00,dqn,10,10,0,1.0,0.0,0.0,49.666446964740615,52.47454769887043,0.0025934370005415,5.690249517001575,245.7128467770017,9.42552546625558,20746.0,0.05,cuda
all_exact_5,57,2024-07-11 06:00:00+00:00,2024-07-11 08:00:00+00:00,nearest_neighbor,8,8,0,1.0,0.0,0.0,60.91474636228653,68.0685504989413,4.652523505001227,,,,,,
all_exact_5,57,2024-07-11 06:00:00+00:00,2024-07-11 08:00:00+00:00,clarke_wright,8,8,0,1.0,0.0,0.0,57.30341009027033,63.13867913125748,4.704611766999733,,,,,,
all_exact_5,57,2024-07-11 06:00:00+00:00,2024-07-11 08:00:00+00:00,q_learning,8,8,0,1.0,0.0,0.0,57.7596632543625,63.37297132447043,0.0005518509988178,4.139769658999285,2.880926869000177,6.388239603973624,2141.0,0.05,cpu
all_exact_5,57,2024-07-11 06:00:00+00:00,2024-07-11 08:00:00+00:00,sarsa,8,8,0,1.0,0.0,0.0,57.7596632543625,63.37297132447043,0.0005511240015039,4.139769658999285,2.773608282001078,6.388239603973624,2181.0,0.05,cpu
all_exact_5,57,2024-07-11 06:00:00+00:00,2024-07-11 08:00:00+00:00,dqn,8,8,0,1.0,0.0,0.0,57.7596632543625,63.37297132447043,0.0020045620003656,4.139769658999285,196.50243460399903,6.388239603973624,19976.0,0.05,cuda
all_exact_5,58,2024-07-12 02:00:00+00:00,2024-07-12 04:00:00+00:00,nearest_neighbor,7,7,0,1.0,0.0,0.0,56.79558966383984,59.86994833153783,3.632594193000841,,,,,,
all_exact_5,58,2024-07-12 02:00:00+00:00,2024-07-12 04:00:00+00:00,clarke_wright,7,7,0,1.0,0.0,0.0,56.40696563287962,60.834473294930014,3.687572004999311,,,,,,
all_exact_5,58,2024-07-12 02:00:00+00:00,2024-07-12 04:00:00+00:00,q_learning,7,7,0,1.0,0.0,0.0,56.79558966383984,59.86994833153783,0.0004931980001856,3.6476205449998815,2.513685409001482,4.552058287217398,1293.0,0.05,cpu
all_exact_5,58,2024-07-12 02:00:00+00:00,2024-07-12 04:00:00+00:00,sarsa,7,7,0,1.0,0.0,0.0,56.79558966383984,59.86994833153783,0.0004748689989355,3.6476205449998815,2.4500223889990598,4.552058287217398,1312.0,0.05,cpu
all_exact_5,58,2024-07-12 02:00:00+00:00,2024-07-12 04:00:00+00:00,dqn,7,7,0,1.0,0.0,0.0,56.79558966383984,59.86994833153783,0.0017616620007174,3.6476205449998815,143.35015809200013,4.552058287217398,19591.0,0.05,cuda
all_exact_5,59,2024-07-12 04:00:00+00:00,2024-07-12 06:00:00+00:00,nearest_neighbor,12,12,0,1.0,0.0,0.0,70.04588024997093,78.7352736628284,6.35792551600025,,,,,,
all_exact_5,59,2024-07-12 04:00:00+00:00,2024-07-12 06:00:00+00:00,clarke_wright,12,12,0,1.0,0.0,0.0,69.53788808233698,77.96904056163716,6.284263577001184,,,,,,
all_exact_5,59,2024-07-12 04:00:00+00:00,2024-07-12 06:00:00+00:00,q_learning,12,12,0,1.0,0.0,0.0,94.03808218874356,101.85365164468128,0.0008393690004595,6.34096524800043,4.578137616999811,9.53883886677385,6477.0,0.05,cpu
all_exact_5,59,2024-07-12 04:00:00+00:00,2024-07-12 06:00:00+00:00,sarsa,12,12,0,1.0,0.0,0.0,94.76125851442517,103.3077983525304,0.0008230229996115,6.34096524800043,4.106966151999586,8.80771985035235,6518.0,0.05,cpu
all_exact_5,59,2024-07-12 04:00:00+00:00,2024-07-12 06:00:00+00:00,dqn,12,12,0,1.0,0.0,0.0,77.19426327149651,86.08676547943836,0.0031911339992802,6.34096524800043,260.8074157280007,11.64635937504748,21516.0,0.05,cuda
all_exact_5,60,2024-07-13 02:00:00+00:00,2024-07-13 04:00:00+00:00,nearest_neighbor,15,15,0,1.0,0.0,0.0,93.59905556115534,102.76332377048524,6.804047203000664,,,,,,
all_exact_5,60,2024-07-13 02:00:00+00:00,2024-07-13 04:00:00+00:00,clarke_wright,15,15,0,1.0,0.0,0.0,86.26619403037363,94.8144707003542,6.699981215000662,,,,,,
all_exact_5,60,2024-07-13 02:00:00+00:00,2024-07-13 04:00:00+00:00,q_learning,15,15,0,1.0,0.0,0.0,93.07439345397536,101.97646587342372,0.0010536569989199,6.8359352569987095,5.735956754000654,11.353460333731388,10389.0,0.05,cpu
all_exact_5,60,2024-07-13 02:00:00+00:00,2024-07-13 04:00:00+00:00,sarsa,15,15,0,1.0,0.0,0.0,93.07439345397536,101.97646587342372,0.0011041189991374,6.8359352569987095,5.234865247999551,11.353460333731388,10436.0,0.05,cpu
all_exact_5,60,2024-07-13 02:00:00+00:00,2024-07-13 04:00:00+00:00,dqn,15,15,0,1.0,0.0,0.0,80.54714969600954,87.98816887990856,0.0040674290012248,6.8359352569987095,357.0815075720002,13.014962738547682,22671.0,0.05,cuda
all_exact_5,61,2024-07-15 02:00:00+00:00,2024-07-15 04:00:00+00:00,nearest_neighbor,14,14,0,1.0,0.0,0.0,91.94285588111588,99.26824089097111,6.197397702000671,,,,,,
all_exact_5,61,2024-07-15 02:00:00+00:00,2024-07-15 04:00:00+00:00,clarke_wright,14,14,0,1.0,0.0,0.0,78.46007910290382,83.97185037005923,6.332424827000068,,,,,,
all_exact_5,61,2024-07-15 02:00:00+00:00,2024-07-15 04:00:00+00:00,q_learning,14,14,0,1.0,0.0,0.0,87.58111472568461,95.68962788751784,0.001055433998772,6.208375786000033,5.426598386000478,10.907282852887834,11028.0,0.05,cpu
all_exact_5,61,2024-07-15 02:00:00+00:00,2024-07-15 04:00:00+00:00,sarsa,14,14,0,1.0,0.0,0.0,87.58111472568461,95.68962788751784,0.0010023879985965,6.208375786000033,5.02300300600109,10.907282852887834,11051.0,0.05,cpu
all_exact_5,61,2024-07-15 02:00:00+00:00,2024-07-15 04:00:00+00:00,dqn,14,14,0,1.0,0.0,0.0,81.31301130835362,88.31282253106932,0.0038413610000134,6.208375786000033,390.7676712379998,11.742323262670451,22286.0,0.05,cuda
all_exact_5,62,2024-07-15 04:00:00+00:00,2024-07-15 06:00:00+00:00,nearest_neighbor,12,11,1,0.9166666666666666,10.464877433333331,10.464877433333331,80.76871797707904,86.67524040111532,5.867617460999099,,,,,,
all_exact_5,62,2024-07-15 04:00:00+00:00,2024-07-15 06:00:00+00:00,clarke_wright,12,12,0,1.0,0.0,0.0,78.16394418415015,82.61204864476109,5.8272738690011465,,,,,,
all_exact_5,62,2024-07-15 04:00:00+00:00,2024-07-15 06:00:00+00:00,q_learning,12,12,0,1.0,0.0,0.0,90.23599958967492,94.7125003523302,0.0008764890008023,5.708242128001075,4.609789747000832,9.68182176468838,6703.0,0.05,cpu
all_exact_5,62,2024-07-15 04:00:00+00:00,2024-07-15 06:00:00+00:00,sarsa,12,12,0,1.0,0.0,0.0,85.81039664659785,91.3069435270149,0.0009014650004246,5.708242128001075,4.1840314919991215,10.32066892470299,7016.0,0.05,cpu
all_exact_5,62,2024-07-15 04:00:00+00:00,2024-07-15 06:00:00+00:00,dqn,12,12,0,1.0,0.0,0.0,79.67218993760609,84.23909296729217,0.0031732759998703,5.708242128001075,303.6962835009999,11.227813932010138,21516.0,0.05,cuda
all_exact_5,63,2024-07-16 02:00:00+00:00,2024-07-16 04:00:00+00:00,nearest_neighbor,13,13,0,1.0,0.0,0.0,98.45522711012886,108.78766716328558,4.734973259999606,,,,,,
all_exact_5,63,2024-07-16 02:00:00+00:00,2024-07-16 04:00:00+00:00,clarke_wright,13,13,0,1.0,0.0,0.0,81.14726753259079,90.79574971976682,4.64924808700016,,,,,,
all_exact_5,63,2024-07-16 02:00:00+00:00,2024-07-16 04:00:00+00:00,q_learning,13,13,0,1.0,0.0,0.0,99.35245458242602,110.79165733720892,0.0009048739993886,4.169641480000792,4.8938605839994125,8.656529253502578,9437.0,0.05,cpu
all_exact_5,63,2024-07-16 02:00:00+00:00,2024-07-16 04:00:00+00:00,sarsa,13,13,0,1.0,0.0,0.0,98.19263013245964,105.9736526517399,0.0009457429987378,4.169641480000792,4.534604454000146,9.086945407741412,10050.0,0.05,cpu
all_exact_5,63,2024-07-16 02:00:00+00:00,2024-07-16 04:00:00+00:00,dqn,13,13,0,1.0,0.0,0.0,89.72632497956917,98.48379326846587,0.0034883230000559,4.169641480000792,284.923080509001,9.973915243457595,21901.0,0.05,cuda
all_exact_5,64,2024-07-16 04:00:00+00:00,2024-07-16 06:00:00+00:00,nearest_neighbor,8,8,0,1.0,0.0,0.0,48.47754644669236,52.08410639710772,3.1541974890005804,,,,,,
all_exact_5,64,2024-07-16 04:00:00+00:00,2024-07-16 06:00:00+00:00,clarke_wright,8,8,0,1.0,0.0,0.0,50.23678658890584,55.12240143742639,3.1961969260009937,,,,,,
all_exact_5,64,2024-07-16 04:00:00+00:00,2024-07-16 06:00:00+00:00,q_learning,8,8,0,1.0,0.0,0.0,48.47754644669236,52.08410639710772,0.000536641000508,3.127592172999357,2.8137984209988645,7.762301718368878,1859.0,0.05,cpu
all_exact_5,64,2024-07-16 04:00:00+00:00,2024-07-16 06:00:00+00:00,sarsa,8,8,0,1.0,0.0,0.0,48.47754644669236,52.08410639710772,0.0005284449998725,3.127592172999357,2.759283684001275,7.762301718368878,1857.0,0.05,cpu
all_exact_5,64,2024-07-16 04:00:00+00:00,2024-07-16 06:00:00+00:00,dqn,8,8,0,1.0,0.0,0.0,48.47754644669236,52.08410639710772,0.0020508670004346,3.127592172999357,165.8629343700013,7.762301718368878,19976.0,0.05,cuda
all_exact_5,65,2024-07-16 18:00:00+00:00,2024-07-16 20:00:00+00:00,nearest_neighbor,8,8,0,1.0,0.0,0.0,63.1653601367244,71.07032678616127,4.120835383999292,,,,,,
all_exact_5,65,2024-07-16 18:00:00+00:00,2024-07-16 20:00:00+00:00,clarke_wright,8,8,0,1.0,0.0,0.0,53.99881333679357,60.125105170822856,4.147784450999097,,,,,,
all_exact_5,65,2024-07-16 18:00:00+00:00,2024-07-16 20:00:00+00:00,q_learning,8,8,0,1.0,0.0,0.0,63.1653601367244,71.07032678616127,0.0005727320003643,4.168316835999576,2.891083881000668,5.038840443009665,1739.0,0.05,cpu
all_exact_5,65,2024-07-16 18:00:00+00:00,2024-07-16 20:00:00+00:00,sarsa,8,8,0,1.0,0.0,0.0,68.63159921201559,76.17878234777041,0.0005367110006773,4.168316835999576,2.7904712769995967,4.568524323408038,1781.0,0.05,cpu
all_exact_5,65,2024-07-16 18:00:00+00:00,2024-07-16 20:00:00+00:00,dqn,8,8,0,1.0,0.0,0.0,63.1653601367244,71.07032678616127,0.0020060560000274,4.168316835999576,165.3907486549997,5.038840443009665,19976.0,0.05,cuda
all_exact_5,66,2024-07-17 16:00:00+00:00,2024-07-17 18:00:00+00:00,nearest_neighbor,10,10,0,1.0,0.0,0.0,92.94483959237616,104.20204524992197,4.697898194999652,,,,,,
all_exact_5,66,2024-07-17 16:00:00+00:00,2024-07-17 18:00:00+00:00,clarke_wright,10,10,0,1.0,0.0,0.0,87.22997886948423,97.99230139119187,4.65558854200026,,,,,,
all_exact_5,66,2024-07-17 16:00:00+00:00,2024-07-17 18:00:00+00:00,q_learning,10,10,0,1.0,0.0,0.0,92.04800990076086,103.17251274656836,0.0006716190000588,4.756435379000322,3.716169765999439,4.900079432341868,4564.0,0.05,cpu
all_exact_5,66,2024-07-17 16:00:00+00:00,2024-07-17 18:00:00+00:00,sarsa,10,10,0,1.0,0.0,0.0,93.06463294685672,104.3636578237879,0.0006966229993849,4.756435379000322,3.413555679999263,4.761828446655527,5070.0,0.05,cpu
all_exact_5,66,2024-07-17 16:00:00+00:00,2024-07-17 18:00:00+00:00,dqn,10,10,0,1.0,0.0,0.0,92.94483959237616,104.20204524992197,0.002608915001474,4.756435379000322,226.49807738900017,4.937032350491189,20746.0,0.05,cuda
all_exact_5,67,2024-07-18 02:00:00+00:00,2024-07-18 04:00:00+00:00,nearest_neighbor,12,12,0,1.0,0.0,0.0,89.44347702892642,100.94066643279996,5.847748309999588,,,,,,
all_exact_5,67,2024-07-18 02:00:00+00:00,2024-07-18 04:00:00+00:00,clarke_wright,12,12,0,1.0,0.0,0.0,79.14233826556037,88.43410289774538,6.021306364000338,,,,,,
all_exact_5,67,2024-07-18 02:00:00+00:00,2024-07-18 04:00:00+00:00,q_learning,12,12,0,1.0,0.0,0.0,95.5243998871998,106.39790905235566,0.0008485529979225,5.767259314998228,4.587712461998308,8.683115473648067,6406.0,0.05,cpu
all_exact_5,67,2024-07-18 02:00:00+00:00,2024-07-18 04:00:00+00:00,sarsa,12,12,0,1.0,0.0,0.0,90.62068979099712,100.59423960668194,0.0008355290010513,5.767259314998228,4.15776493699741,9.085543012112865,6597.0,0.05,cpu
all_exact_5,67,2024-07-18 02:00:00+00:00,2024-07-18 04:00:00+00:00,dqn,12,12,0,1.0,0.0,0.0,85.0035041389642,96.23983871476284,0.0033770570007618,5.767259314998228,261.9748063360021,10.012887258813764,21516.0,0.05,cuda
all_exact_5,68,2024-07-18 04:00:00+00:00,2024-07-18 06:00:00+00:00,nearest_neighbor,6,6,0,1.0,0.0,0.0,80.28004038663042,88.64512177720837,3.2194650390010797,,,,,,
all_exact_5,68,2024-07-18 04:00:00+00:00,2024-07-18 06:00:00+00:00,clarke_wright,6,6,0,1.0,0.0,0.0,70.5797307846578,78.12557710866109,3.179109086999233,,,,,,
all_exact_5,68,2024-07-18 04:00:00+00:00,2024-07-18 06:00:00+00:00,q_learning,6,6,0,1.0,0.0,0.0,80.28004038663042,88.64512177720837,0.0004431720008142,2.6957101810003223,2.119608316002996,0.9899503373894,590.0,0.05,cpu
all_exact_5,68,2024-07-18 04:00:00+00:00,2024-07-18 06:00:00+00:00,sarsa,6,6,0,1.0,0.0,0.0,80.28004038663042,88.64512177720837,0.0004114750008739,2.6957101810003223,2.0756405860011,0.9899503373894,596.0,0.05,cpu
all_exact_5,68,2024-07-18 04:00:00+00:00,2024-07-18 06:00:00+00:00,dqn,6,6,0,1.0,0.0,0.0,80.28004038663042,88.64512177720837,0.0015169040016189,2.6957101810003223,121.1821183480024,0.9899503373894,19206.0,0.05,cuda
all_exact_5,69,2024-07-19 02:00:00+00:00,2024-07-19 04:00:00+00:00,nearest_neighbor,11,11,0,1.0,0.0,0.0,70.058653899415,74.92129929601738,4.720605335998698,,,,,,
all_exact_5,69,2024-07-19 02:00:00+00:00,2024-07-19 04:00:00+00:00,clarke_wright,11,11,0,1.0,0.0,0.0,73.68237105650597,77.19799475642064,4.798686774000089,,,,,,
all_exact_5,69,2024-07-19 02:00:00+00:00,2024-07-19 04:00:00+00:00,q_learning,11,11,0,1.0,0.0,0.0,75.11249348798064,79.31971912022163,0.0007974090003699,4.7300941350004,4.166217988000426,8.691007427426495,5330.0,0.05,cpu
all_exact_5,69,2024-07-19 02:00:00+00:00,2024-07-19 04:00:00+00:00,sarsa,11,11,0,1.0,0.0,0.0,80.12964109027847,85.09422760248701,0.0007680009985051,4.7300941350004,3.7801257530009034,8.027481399400669,5457.0,0.05,cpu
all_exact_5,69,2024-07-19 02:00:00+00:00,2024-07-19 04:00:00+00:00,dqn,11,11,0,1.0,0.0,0.0,70.058653899415,74.92129929601738,0.0028802680026274,4.7300941350004,236.5231845870003,9.563219735917608,21131.0,0.05,cuda
all_exact_5,70,2024-07-19 18:00:00+00:00,2024-07-19 20:00:00+00:00,nearest_neighbor,7,7,0,1.0,0.0,0.0,65.50274777982347,69.83216255879925,3.714111484998284,,,,,,
all_exact_5,70,2024-07-19 18:00:00+00:00,2024-07-19 20:00:00+00:00,clarke_wright,7,7,0,1.0,0.0,0.0,67.79517010369838,72.66478939273385,3.677282759999798,,,,,,
all_exact_5,70,2024-07-19 18:00:00+00:00,2024-07-19 20:00:00+00:00,q_learning,7,7,0,1.0,0.0,0.0,65.50274777982347,69.83216255879925,0.0004706750005425,3.645077848002984,2.471394028998475,3.6087358986807514,1281.0,0.05,cpu
all_exact_5,70,2024-07-19 18:00:00+00:00,2024-07-19 20:00:00+00:00,sarsa,7,7,0,1.0,0.0,0.0,70.12844952145696,74.38196540146086,0.0004735920010716,3.645077848002984,2.430461634001404,3.174450122525672,1411.0,0.05,cpu
all_exact_5,70,2024-07-19 18:00:00+00:00,2024-07-19 20:00:00+00:00,dqn,7,7,0,1.0,0.0,0.0,65.50274777982347,69.83216255879925,0.0017751929990481,3.645077848002984,143.1412904610006,3.6087358986807514,19591.0,0.05,cuda
all_exact_5,71,2024-07-20 02:00:00+00:00,2024-07-20 04:00:00+00:00,nearest_neighbor,10,10,0,1.0,0.0,0.0,90.51064780689684,97.5271564837782,4.801175546002924,,,,,,
all_exact_5,71,2024-07-20 02:00:00+00:00,2024-07-20 04:00:00+00:00,clarke_wright,10,10,0,1.0,0.0,0.0,85.44358810705167,92.5649978879918,4.713831562999985,,,,,,
all_exact_5,71,2024-07-20 02:00:00+00:00,2024-07-20 04:00:00+00:00,q_learning,10,10,0,1.0,0.0,0.0,89.98715183928755,97.16228110741474,0.0006679799989797,4.711965828999382,3.76950561600097,5.5697443539059,4164.0,0.05,cpu
all_exact_5,71,2024-07-20 02:00:00+00:00,2024-07-20 04:00:00+00:00,sarsa,10,10,0,1.0,0.0,0.0,93.10744940495036,101.34860709781252,0.0006806940000387,4.711965828999382,3.425820876000216,5.230341097982354,4608.0,0.05,cpu
all_exact_5,71,2024-07-20 02:00:00+00:00,2024-07-20 04:00:00+00:00,dqn,10,10,0,1.0,0.0,0.0,81.2866076214798,88.41330052914317,0.0027395600009185,4.711965828999382,212.94977445800032,6.335951839579078,20746.0,0.05,cuda
all_exact_5,72,2024-07-21 20:00:00+00:00,2024-07-21 22:00:00+00:00,nearest_neighbor,8,8,0,1.0,0.0,0.0,60.82510114621009,68.8089705854306,4.176275165002153,,,,,,
all_exact_5,72,2024-07-21 20:00:00+00:00,2024-07-21 22:00:00+00:00,clarke_wright,8,8,0,1.0,0.0,0.0,54.10222924331452,62.34539107413431,4.215476175999356,,,,,,
all_exact_5,72,2024-07-21 20:00:00+00:00,2024-07-21 22:00:00+00:00,q_learning,8,8,0,1.0,0.0,0.0,60.35445383542167,68.67425773424254,0.0005360779978218,4.214966618998005,2.884379726001498,5.135816655028469,1830.0,0.05,cpu
all_exact_5,72,2024-07-21 20:00:00+00:00,2024-07-21 22:00:00+00:00,sarsa,8,8,0,1.0,0.0,0.0,58.933637640221306,66.9662526900813,0.0005412830032582,4.214966618998005,2.757834215000912,5.098512735442643,1895.0,0.05,cpu
all_exact_5,72,2024-07-21 20:00:00+00:00,2024-07-21 22:00:00+00:00,dqn,8,8,0,1.0,0.0,0.0,58.76289826300501,66.87746950127601,0.0020194159988022,4.214966618998005,165.9059070229996,5.317907574726899,19976.0,0.05,cuda
all_exact_5,73,2024-07-22 02:00:00+00:00,2024-07-22 04:00:00+00:00,nearest_neighbor,8,8,0,1.0,0.0,0.0,104.29135865735005,110.27089494573124,3.7176926949978224,,,,,,
all_exact_5,73,2024-07-22 02:00:00+00:00,2024-07-22 04:00:00+00:00,clarke_wright,8,8,0,1.0,0.0,0.0,89.63147605878511,97.6783667562352,3.663624245997198,,,,,,
all_exact_5,73,2024-07-22 02:00:00+00:00,2024-07-22 04:00:00+00:00,q_learning,8,8,0,1.0,0.0,0.0,97.42537569694878,104.0253079418418,0.0005592180023086,3.715059104000829,2.886045283998101,2.339711893908232,2390.0,0.05,cpu
all_exact_5,73,2024-07-22 02:00:00+00:00,2024-07-22 04:00:00+00:00,sarsa,8,8,0,1.0,0.0,0.0,100.65972283946162,109.37407323125552,0.0005460549982672,3.715059104000829,2.776738308999484,1.9710297836049528,2446.0,0.05,cpu
all_exact_5,73,2024-07-22 02:00:00+00:00,2024-07-22 04:00:00+00:00,dqn,8,8,0,1.0,0.0,0.0,98.3219070777196,106.76416159249356,0.0021157939991098,3.715059104000829,165.93122606200268,2.3041690383806945,19976.0,0.05,cuda
all_exact_5,74,2024-07-22 04:00:00+00:00,2024-07-22 06:00:00+00:00,nearest_neighbor,10,10,0,1.0,0.0,0.0,63.8751547421306,69.23742072616776,4.920269963997271,,,,,,
all_exact_5,74,2024-07-22 04:00:00+00:00,2024-07-22 06:00:00+00:00,clarke_wright,10,10,0,1.0,0.0,0.0,61.19331095664538,66.28244166236087,4.9859212529991055,,,,,,
all_exact_5,74,2024-07-22 04:00:00+00:00,2024-07-22 06:00:00+00:00,q_learning,10,10,0,1.0,0.0,0.0,66.75390289042721,71.63117132232901,0.0006706819985993,4.786842031997367,3.74507075099973,8.184903018987036,4053.0,0.05,cpu
all_exact_5,74,2024-07-22 04:00:00+00:00,2024-07-22 06:00:00+00:00,sarsa,10,10,0,1.0,0.0,0.0,64.3421196775105,68.96712862440774,0.0006815970009483,4.786842031997367,3.4163332269999955,8.465287501402322,4165.0,0.05,cpu
all_exact_5,74,2024-07-22 04:00:00+00:00,2024-07-22 06:00:00+00:00,dqn,10,10,0,1.0,0.0,0.0,63.8751547421306,69.23742072616776,0.0025589750002836,4.786842031997367,212.886755831998,9.087708460568502,20746.0,0.05,cuda
all_exact_5,75,2024-07-23 02:00:00+00:00,2024-07-23 04:00:00+00:00,nearest_neighbor,11,11,0,1.0,0.0,0.0,57.672752189970005,67.0052480036335,4.877673224000318,,,,,,
all_exact_5,75,2024-07-23 02:00:00+00:00,2024-07-23 04:00:00+00:00,clarke_wright,11,11,0,1.0,0.0,0.0,54.06654026694458,63.15720508691136,4.95155608800269,,,,,,
all_exact_5,75,2024-07-23 02:00:00+00:00,2024-07-23 04:00:00+00:00,q_learning,11,11,0,1.0,0.0,0.0,65.67856547858266,75.24035986932374,0.0007487360016966,4.184010515000409,4.136837366000691,9.253686533503402,5234.0,0.05,cpu
all_exact_5,75,2024-07-23 02:00:00+00:00,2024-07-23 04:00:00+00:00,sarsa,11,11,0,1.0,0.0,0.0,64.71706265940882,74.32767805614753,0.0007465300004696,4.184010515000409,3.7613151439982175,9.581868620709598,5471.0,0.05,cpu
all_exact_5,75,2024-07-23 02:00:00+00:00,2024-07-23 04:00:00+00:00,dqn,11,11,0,1.0,0.0,0.0,57.672752189970005,67.0052480036335,0.0037909940001554,4.184010515000409,241.24389072899797,10.414510449794854,21131.0,0.05,cuda
all_exact_5,76,2024-07-23 04:00:00+00:00,2024-07-23 06:00:00+00:00,nearest_neighbor,5,5,0,1.0,0.0,0.0,44.58283941169836,49.70442339567765,0.0534261390021129,,,,,,
all_exact_5,76,2024-07-23 04:00:00+00:00,2024-07-23 06:00:00+00:00,clarke_wright,5,5,0,1.0,0.0,0.0,42.70670973088331,47.98190163220073,0.0576259529989329,,,,,,
all_exact_5,76,2024-07-23 04:00:00+00:00,2024-07-23 06:00:00+00:00,q_learning,5,5,0,1.0,0.0,0.0,44.58283941169836,49.70442339567765,0.0003320379983051,0.0540609189993119,1.6992720839989488,3.4720747044324,198.0,0.05,cpu
all_exact_5,76,2024-07-23 04:00:00+00:00,2024-07-23 06:00:00+00:00,sarsa,5,5,0,1.0,0.0,0.0,44.58283941169836,49.70442339567765,0.0003403949995117,0.0540609189993119,1.6724282949980989,3.4720747044324,198.0,0.05,cpu
all_exact_5,76,2024-07-23 04:00:00+00:00,2024-07-23 06:00:00+00:00,dqn,5,5,0,1.0,0.0,0.0,44.58283941169836,49.70442339567765,0.0012471989975892,0.0540609189993119,98.1782562469998,3.4720747044324,18821.0,0.05,cuda
all_exact_5,77,2024-07-23 16:00:00+00:00,2024-07-23 18:00:00+00:00,nearest_neighbor,6,6,0,1.0,0.0,0.0,86.27610183255018,91.27621586725668,2.136721396000212,,,,,,
all_exact_5,77,2024-07-23 16:00:00+00:00,2024-07-23 18:00:00+00:00,clarke_wright,6,6,0,1.0,0.0,0.0,80.32446387088558,86.1538262123417,2.21029578299931,,,,,,
all_exact_5,77,2024-07-23 16:00:00+00:00,2024-07-23 18:00:00+00:00,q_learning,6,6,0,1.0,0.0,0.0,81.24873985652653,87.97779882082065,0.0004022390021418,2.1027252029998635,2.107531426998321,0.5223199700089289,656.0,0.05,cpu
all_exact_5,77,2024-07-23 16:00:00+00:00,2024-07-23 18:00:00+00:00,sarsa,6,6,0,1.0,0.0,0.0,88.38688482717177,93.57024051256296,0.0004309180003474,2.1027252029998635,2.062372633998166,-0.1243024626337389,663.0,0.05,cpu
all_exact_5,77,2024-07-23 16:00:00+00:00,2024-07-23 18:00:00+00:00,dqn,6,6,0,1.0,0.0,0.0,81.24873985652653,87.97779882082065,0.0016971369987004,2.1027252029998635,120.1008001070004,0.5223199700089289,19206.0,0.05,cuda
all_exact_5,78,2024-07-24 02:00:00+00:00,2024-07-24 04:00:00+00:00,nearest_neighbor,13,13,0,1.0,0.0,0.0,85.82023664142942,89.49325567600464,5.6787452479984495,,,,,,
all_exact_5,78,2024-07-24 02:00:00+00:00,2024-07-24 04:00:00+00:00,clarke_wright,13,13,0,1.0,0.0,0.0,71.09647959609217,76.19196304549189,5.888589369998954,,,,,,
all_exact_5,78,2024-07-24 02:00:00+00:00,2024-07-24 04:00:00+00:00,q_learning,13,13,0,1.0,0.0,0.0,93.87464675754129,101.19056728567918,0.0009248440001101,5.775765255999431,4.961693378001655,9.635670849356362,8529.0,0.05,cpu
all_exact_5,78,2024-07-24 02:00:00+00:00,2024-07-24 04:00:00+00:00,sarsa,13,13,0,1.0,0.0,0.0,89.31700178364642,95.52666888634872,0.0009132189989031,5.775765255999431,4.489400118996855,10.522152213448871,9117.0,0.05,cpu
all_exact_5,78,2024-07-24 02:00:00+00:00,2024-07-24 04:00:00+00:00,dqn,13,13,0,1.0,0.0,0.0,73.54866876768966,77.9396363919025,0.0034304969994991,5.775765255999431,282.8042760249991,11.791548656476593,21901.0,0.05,cuda
all_exact_5,79,2024-07-24 04:00:00+00:00,2024-07-24 06:00:00+00:00,nearest_neighbor,6,6,0,1.0,0.0,0.0,68.89617457022385,73.05541258948634,2.611646508998092,,,,,,
all_exact_5,79,2024-07-24 04:00:00+00:00,2024-07-24 06:00:00+00:00,clarke_wright,6,6,0,1.0,0.0,0.0,68.51590674009852,72.94070332791567,2.641135822999786,,,,,,
all_exact_5,79,2024-07-24 04:00:00+00:00,2024-07-24 06:00:00+00:00,q_learning,6,6,0,1.0,0.0,0.0,63.13272360366817,66.8189187237381,0.0004416359988681,2.635131605999049,2.1368673100005253,2.65659499374201,598.0,0.05,cpu
all_exact_5,79,2024-07-24 04:00:00+00:00,2024-07-24 06:00:00+00:00,sarsa,6,6,0,1.0,0.0,0.0,63.13272360366817,66.8189187237381,0.0003932799991162,2.635131605999049,2.043338158000552,2.65659499374201,644.0,0.05,cpu
all_exact_5,79,2024-07-24 04:00:00+00:00,2024-07-24 06:00:00+00:00,dqn,6,6,0,1.0,0.0,0.0,63.13272360366817,66.8189187237381,0.0015049739995447,2.635131605999049,120.1081414850014,2.65659499374201,19206.0,0.05,cuda
all_exact_5,80,2024-07-25 02:00:00+00:00,2024-07-25 04:00:00+00:00,nearest_neighbor,10,10,0,1.0,0.0,0.0,90.10076586375976,97.96801499262956,4.761082886998338,,,,,,
all_exact_5,80,2024-07-25 02:00:00+00:00,2024-07-25 04:00:00+00:00,clarke_wright,10,10,0,1.0,0.0,0.0,73.57548249954708,80.06681451446137,5.255163480000192,,,,,,
all_exact_5,80,2024-07-25 02:00:00+00:00,2024-07-25 04:00:00+00:00,q_learning,10,10,0,1.0,0.0,0.0,90.10076586375976,97.96801499262956,0.0006872169979033,4.714674152000953,3.767737823000061,6.04913692742878,4251.0,0.05,cpu
all_exact_5,80,2024-07-25 02:00:00+00:00,2024-07-25 04:00:00+00:00,sarsa,10,10,0,1.0,0.0,0.0,78.04600412186848,85.27100239681062,0.0006838469998911,4.714674152000953,3.412017662998551,6.409597814652533,4320.0,0.05,cpu
all_exact_5,80,2024-07-25 02:00:00+00:00,2024-07-25 04:00:00+00:00,dqn,10,10,0,1.0,0.0,0.0,78.67877192838354,86.42837619145507,0.0028119839989813,4.714674152000953,210.678554741,6.8292681042987535,20746.0,0.05,cuda
all_exact_5,81,2024-07-25 16:00:00+00:00,2024-07-25 18:00:00+00:00,nearest_neighbor,8,8,0,1.0,0.0,0.0,106.87493353835396,111.8092263402377,3.9826857869993546,,,,,,
all_exact_5,81,2024-07-25 16:00:00+00:00,2024-07-25 18:00:00+00:00,clarke_wright,8,8,0,1.0,0.0,0.0,84.39237367473993,90.24181875492458,3.6021979190009006,,,,,,
all_exact_5,81,2024-07-25 16:00:00+00:00,2024-07-25 18:00:00+00:00,q_learning,8,8,0,1.0,0.0,0.0,82.89249064700756,89.51863406620195,0.0005483389977598,3.888718328998948,2.874006640002335,2.635694202283643,2185.0,0.05,cpu
all_exact_5,81,2024-07-25 16:00:00+00:00,2024-07-25 18:00:00+00:00,sarsa,8,8,0,1.0,0.0,0.0,87.29227139237824,91.86614518808634,0.000531380999746,3.888718328998948,2.7634778959982214,2.4516742755809,2316.0,0.05,cpu
all_exact_5,81,2024-07-25 16:00:00+00:00,2024-07-25 18:00:00+00:00,dqn,8,8,0,1.0,0.0,0.0,82.89249064700756,89.51863406620195,0.002018967999902,3.888718328998948,164.67496883000058,2.635694202283643,19976.0,0.05,cuda
all_exact_5,82,2024-07-26 02:00:00+00:00,2024-07-26 04:00:00+00:00,nearest_neighbor,10,10,0,1.0,0.0,0.0,78.15577787016929,82.82830300970112,3.443252895001933,,,,,,
all_exact_5,82,2024-07-26 02:00:00+00:00,2024-07-26 04:00:00+00:00,clarke_wright,10,10,0,1.0,0.0,0.0,70.05232244213877,75.0133789894868,3.1182523740026227,,,,,,
all_exact_5,82,2024-07-26 02:00:00+00:00,2024-07-26 04:00:00+00:00,q_learning,10,10,0,1.0,0.0,0.0,74.95328449845526,80.73332238335064,0.0006750889988325,3.5121819300002244,3.583210410997708,6.743975111454576,3799.0,0.05,cpu
all_exact_5,82,2024-07-26 02:00:00+00:00,2024-07-26 04:00:00+00:00,sarsa,10,10,0,1.0,0.0,0.0,74.42873719241966,79.86503115608907,0.0006783339995308,3.5121819300002244,3.4668046120023064,6.919711288878753,3821.0,0.05,cpu
all_exact_5,82,2024-07-26 02:00:00+00:00,2024-07-26 04:00:00+00:00,dqn,10,10,0,1.0,0.0,0.0,71.45311111269402,77.44489309798551,0.0026590890010993,3.5121819300002244,211.1847798859999,7.135546548667707,20746.0,0.05,cuda
all_exact_5,83,2024-07-26 08:00:00+00:00,2024-07-26 10:00:00+00:00,nearest_neighbor,5,5,0,1.0,0.0,0.0,37.00107985170376,41.12203757737505,2.129978203000064,,,,,,
all_exact_5,83,2024-07-26 08:00:00+00:00,2024-07-26 10:00:00+00:00,clarke_wright,5,5,0,1.0,0.0,0.0,36.88350695533119,41.043326603976126,2.3107644929987146,,,,,,
all_exact_5,83,2024-07-26 08:00:00+00:00,2024-07-26 10:00:00+00:00,q_learning,5,5,0,1.0,0.0,0.0,37.00107985170376,41.12203757737505,0.0003457740021985,2.248582099000487,1.7640421809992404,4.132194439950712,192.0,0.05,cpu
all_exact_5,83,2024-07-26 08:00:00+00:00,2024-07-26 10:00:00+00:00,sarsa,5,5,0,1.0,0.0,0.0,37.00107985170376,41.12203757737505,0.0003381290007382,2.248582099000487,1.6908055399981097,4.132194439950712,192.0,0.05,cpu
all_exact_5,83,2024-07-26 08:00:00+00:00,2024-07-26 10:00:00+00:00,dqn,5,5,0,1.0,0.0,0.0,37.00107985170376,41.12203757737505,0.0013229249998403,2.248582099000487,98.39294699299715,4.132194439950712,18821.0,0.05,cuda
all_exact_5,84,2024-07-26 14:00:00+00:00,2024-07-26 16:00:00+00:00,nearest_neighbor,5,5,0,1.0,0.0,0.0,64.74547668059289,69.09634740102497,2.888278751997859,,,,,,
all_exact_5,84,2024-07-26 14:00:00+00:00,2024-07-26 16:00:00+00:00,clarke_wright,5,5,0,1.0,0.0,0.0,56.812334250010736,60.21504725310001,2.66795146000004,,,,,,
all_exact_5,84,2024-07-26 14:00:00+00:00,2024-07-26 16:00:00+00:00,q_learning,5,5,0,1.0,0.0,0.0,64.74547668059289,69.09634740102497,0.0003379059999133,3.001986603001569,1.754713323000033,0.8392243378625202,208.0,0.05,cpu
all_exact_5,84,2024-07-26 14:00:00+00:00,2024-07-26 16:00:00+00:00,sarsa,5,5,0,1.0,0.0,0.0,64.74547668059289,69.09634740102497,0.0003521599974192,3.001986603001569,1.716216451000946,0.8392243378625202,210.0,0.05,cpu
all_exact_5,84,2024-07-26 14:00:00+00:00,2024-07-26 16:00:00+00:00,dqn,5,5,0,1.0,0.0,0.0,64.74547668059289,69.09634740102497,0.0012986600013391,3.001986603001569,99.15889606899871,0.8392243378625202,18821.0,0.05,cuda
all_exact_5,85,2024-07-29 04:00:00+00:00,2024-07-29 06:00:00+00:00,nearest_neighbor,16,16,0,1.0,0.0,0.0,99.77921836744936,108.05659751916969,7.259062747998541,,,,,,
all_exact_5,85,2024-07-29 04:00:00+00:00,2024-07-29 06:00:00+00:00,clarke_wright,16,16,0,1.0,0.0,0.0,93.04731511089813,101.01022564956062,7.16255123999872,,,,,,
all_exact_5,85,2024-07-29 04:00:00+00:00,2024-07-29 06:00:00+00:00,q_learning,16,16,0,1.0,0.0,0.0,122.55952919300007,131.36699314540957,0.0011255310018896,7.584724836000532,6.18089409499953,9.896167922652682,15519.0,0.05,cpu
all_exact_5,85,2024-07-29 04:00:00+00:00,2024-07-29 06:00:00+00:00,sarsa,16,16,0,1.0,0.0,0.0,118.26610634506926,127.39148981995108,0.0011208399992028,7.584724836000532,5.60995084300157,11.019591190808642,16876.0,0.05,cpu
all_exact_5,85,2024-07-29 04:00:00+00:00,2024-07-29 06:00:00+00:00,dqn,16,16,0,1.0,0.0,0.0,93.979443657786,101.891190173955,0.0044459020027716,7.584724836000532,360.6702002659986,13.38120125671332,23056.0,0.05,cuda
all_exact_5,86,2024-07-30 16:00:00+00:00,2024-07-30 18:00:00+00:00,nearest_neighbor,7,7,0,1.0,0.0,0.0,77.03633371846425,87.42187253061516,3.75673723899672,,,,,,
all_exact_5,86,2024-07-30 16:00:00+00:00,2024-07-30 18:00:00+00:00,clarke_wright,7,7,0,1.0,0.0,0.0,71.55403443022672,80.26299891509825,3.789081797000108,,,,,,
all_exact_5,86,2024-07-30 16:00:00+00:00,2024-07-30 18:00:00+00:00,q_learning,7,7,0,1.0,0.0,0.0,76.5091940770348,86.78198074474395,0.0004668130022764,3.9893625559998327,2.4855512289977924,2.584198129264713,1104.0,0.05,cpu
all_exact_5,86,2024-07-30 16:00:00+00:00,2024-07-30 18:00:00+00:00,sarsa,7,7,0,1.0,0.0,0.0,76.5091940770348,86.78198074474395,0.0004948220012011,3.9893625559998327,2.4226257170012104,2.584198129264713,1170.0,0.05,cpu
all_exact_5,86,2024-07-30 16:00:00+00:00,2024-07-30 18:00:00+00:00,dqn,7,7,0,1.0,0.0,0.0,74.3747593402998,84.09232609193424,0.0018755969977064,3.9893625559998327,142.28043566699853,2.681483097673584,19591.0,0.05,cuda
all_exact_5,87,2024-08-01 02:00:00+00:00,2024-08-01 04:00:00+00:00,nearest_neighbor,6,6,0,1.0,0.0,0.0,50.43098697773756,55.24492877269648,2.819161110997811,,,,,,
all_exact_5,87,2024-08-01 02:00:00+00:00,2024-08-01 04:00:00+00:00,clarke_wright,6,6,0,1.0,0.0,0.0,42.0111915560687,46.56910072796343,2.8249351209997258,,,,,,
all_exact_5,87,2024-08-01 02:00:00+00:00,2024-08-01 04:00:00+00:00,q_learning,6,6,0,1.0,0.0,0.0,44.86408565850161,49.42761963722239,0.0004051989999425,3.1069373339996678,2.1054657059976307,3.998484744626571,521.0,0.05,cpu
all_exact_5,87,2024-08-01 02:00:00+00:00,2024-08-01 04:00:00+00:00,sarsa,6,6,0,1.0,0.0,0.0,44.86408565850161,49.42761963722239,0.0004048480004712,3.1069373339996678,2.03997500100013,3.998484744626571,524.0,0.05,cpu
all_exact_5,87,2024-08-01 02:00:00+00:00,2024-08-01 04:00:00+00:00,dqn,6,6,0,1.0,0.0,0.0,44.86408565850161,49.42761963722239,0.0015211950012599,3.1069373339996678,120.04628440099988,3.998484744626571,19206.0,0.05,cuda
all_exact_5,88,2024-08-02 08:00:00+00:00,2024-08-02 10:00:00+00:00,nearest_neighbor,6,6,0,1.0,0.0,0.0,51.640509269724646,52.86952198196688,1.6877763689990388,,,,,,
all_exact_5,88,2024-08-02 08:00:00+00:00,2024-08-02 10:00:00+00:00,clarke_wright,6,6,0,1.0,0.0,0.0,51.33667031385855,52.131896409838994,1.6916873739974108,,,,,,
all_exact_5,88,2024-08-02 08:00:00+00:00,2024-08-02 10:00:00+00:00,q_learning,6,6,0,1.0,0.0,0.0,51.640509269724646,52.86952198196688,0.0003969950012105,2.0308237969984475,2.08239206700091,4.118052063355525,588.0,0.05,cpu
all_exact_5,88,2024-08-02 08:00:00+00:00,2024-08-02 10:00:00+00:00,sarsa,6,6,0,1.0,0.0,0.0,51.640509269724646,52.86952198196688,0.0004002030000265,2.0308237969984475,2.026312253998185,4.118052063355525,589.0,0.05,cpu
all_exact_5,88,2024-08-02 08:00:00+00:00,2024-08-02 10:00:00+00:00,dqn,6,6,0,1.0,0.0,0.0,51.640509269724646,52.86952198196688,0.001484499000071,2.0308237969984475,119.81917927899848,4.118052063355525,19206.0,0.05,cuda
all_exact_5,89,2024-08-06 02:00:00+00:00,2024-08-06 04:00:00+00:00,nearest_neighbor,5,5,0,1.0,0.0,0.0,89.63894670949284,96.0281815019574,2.236666229000548,,,,,,
all_exact_5,89,2024-08-06 02:00:00+00:00,2024-08-06 04:00:00+00:00,clarke_wright,5,5,0,1.0,0.0,0.0,69.34290834899868,74.31943917501965,2.212143470998853,,,,,,
all_exact_5,89,2024-08-06 02:00:00+00:00,2024-08-06 04:00:00+00:00,q_learning,5,5,0,1.0,0.0,0.0,74.25262177214267,79.50353770157585,0.000342442002875,2.5188227200014808,1.7406036550019053,0.4546312712632165,209.0,0.05,cpu
all_exact_5,89,2024-08-06 02:00:00+00:00,2024-08-06 04:00:00+00:00,sarsa,5,5,0,1.0,0.0,0.0,74.25262177214267,79.50353770157585,0.0003391530008229,2.5188227200014808,1.6890655200004403,0.4546312712632165,213.0,0.05,cpu
all_exact_5,89,2024-08-06 02:00:00+00:00,2024-08-06 04:00:00+00:00,dqn,5,5,0,1.0,0.0,0.0,74.25262177214267,79.50353770157585,0.0012937369974679,2.5188227200014808,98.49446966599862,0.4546312712632165,18821.0,0.05,cuda
all_exact_5,90,2024-08-06 04:00:00+00:00,2024-08-06 06:00:00+00:00,nearest_neighbor,13,10,3,0.7692307692307693,119.68251735,56.14768851666667,114.46025597413244,128.21145499483694,6.391819263000798,,,,,,
all_exact_5,90,2024-08-06 04:00:00+00:00,2024-08-06 06:00:00+00:00,clarke_wright,13,13,0,1.0,0.0,0.0,102.42658710007204,114.89711972243252,6.549139273000037,,,,,,
all_exact_5,90,2024-08-06 04:00:00+00:00,2024-08-06 06:00:00+00:00,q_learning,13,13,0,1.0,0.0,0.0,112.60608317689416,125.63159216714963,0.0008826529992802,6.8192685510002775,4.963381493002089,9.065956755152516,10383.0,0.05,cpu
all_exact_5,90,2024-08-06 04:00:00+00:00,2024-08-06 06:00:00+00:00,sarsa,13,13,0,1.0,0.0,0.0,110.04202905179294,124.00106057685302,0.0009198549996654,6.8192685510002775,4.465470650997304,9.31653454075844,10920.0,0.05,cpu
all_exact_5,90,2024-08-06 04:00:00+00:00,2024-08-06 06:00:00+00:00,dqn,13,13,0,1.0,0.0,0.0,104.46746246373624,117.3734687484856,0.0034858620019804,6.8192685510002775,282.94911550599863,9.80787748326734,21901.0,0.05,cuda
all_exact_5,91,2024-08-07 02:00:00+00:00,2024-08-07 04:00:00+00:00,nearest_neighbor,8,8,0,1.0,0.0,0.0,70.24199157096288,77.6596540918113,3.697966984000232,,,,,,
all_exact_5,91,2024-08-07 02:00:00+00:00,2024-08-07 04:00:00+00:00,clarke_wright,8,8,0,1.0,0.0,0.0,68.38938901826927,74.30117628285451,3.867686870002217,,,,,,
all_exact_5,91,2024-08-07 02:00:00+00:00,2024-08-07 04:00:00+00:00,q_learning,8,8,0,1.0,0.0,0.0,69.10784179494365,76.11735694874503,0.0005530290000024,4.142706115002511,2.882137217999116,4.806032622381283,1931.0,0.05,cpu
all_exact_5,91,2024-08-07 02:00:00+00:00,2024-08-07 04:00:00+00:00,sarsa,8,8,0,1.0,0.0,0.0,68.42960255103898,75.9046458271865,0.000539447999472,4.142706115002511,2.762311177000811,4.730328179737078,2049.0,0.05,cpu
all_exact_5,91,2024-08-07 02:00:00+00:00,2024-08-07 04:00:00+00:00,dqn,8,8,0,1.0,0.0,0.0,69.10784179494365,76.11735694874503,0.0020649709986173548,4.58356086600179,169.267567005998,4.806032622381283,19976.0,0.05,cuda
all_exact_5,92,2024-08-08 02:00:00+00:00,2024-08-08 04:00:00+00:00,nearest_neighbor,8,8,0,1.0,0.0,0.0,76.13798335396439,80.31322136719552,4.55936906900024,,,,,,
all_exact_5,92,2024-08-08 02:00:00+00:00,2024-08-08 04:00:00+00:00,clarke_wright,8,8,0,1.0,0.0,0.0,70.45600071250571,74.6400597327044,4.566034473002219,,,,,,
all_exact_5,92,2024-08-08 02:00:00+00:00,2024-08-08 04:00:00+00:00,q_learning,8,8,0,1.0,0.0,0.0,76.13798335396439,80.31322136719552,0.0005606599988823291,4.09004943799664,2.8853802099984023,4.296541629890028,2079,0.05,cpu
all_exact_5,92,2024-08-08 02:00:00+00:00,2024-08-08 04:00:00+00:00,sarsa,8,8,0,1.0,0.0,0.0,76.13798335396439,80.31322136719552,0.0005514000004041009,4.09004943799664,2.7984155289996124,4.296541629890028,2125,0.05,cpu
all_exact_5,92,2024-08-08 02:00:00+00:00,2024-08-08 04:00:00+00:00,dqn,8,8,0,1.0,0.0,0.0,71.24570286972505,75.84302231431234,0.0020074349995411467,4.09004943799664,168.69296760400175,4.57461842321794,19976,0.05,cuda
all_exact_5,93,2024-08-08 06:00:00+00:00,2024-08-08 08:00:00+00:00,nearest_neighbor,7,6,1,0.8571428571428571,4.041008933333333,4.041008933333333,72.2095235638418,75.03904736093976,3.6031726979999803,,,,,,
all_exact_5,93,2024-08-08 06:00:00+00:00,2024-08-08 08:00:00+00:00,clarke_wright,7,7,0,1.0,0.0,0.0,66.24561793114714,69.53637550326694,3.5850569480026024,,,,,,
all_exact_5,93,2024-08-08 06:00:00+00:00,2024-08-08 08:00:00+00:00,q_learning,7,7,0,1.0,0.0,0.0,66.72926716404157,69.16135679401641,0.0004793049993168097,3.5885130560018297,2.5224366490001557,4.685396063275858,1073,0.05,cpu
all_exact_5,93,2024-08-08 06:00:00+00:00,2024-08-08 08:00:00+00:00,sarsa,7,7,0,1.0,0.0,0.0,70.02449462639679,73.61862039058626,0.00048265899749821983,3.5885130560018297,2.4206841359991813,3.7439979003592163,1097,0.05,cpu
all_exact_5,93,2024-08-08 06:00:00+00:00,2024-08-08 08:00:00+00:00,dqn,7,7,0,1.0,0.0,0.0,66.72926716404157,69.16135679401641,0.0017627009983698372,3.5885130560018297,141.53148581100322,4.685396063275858,19591,0.05,cuda
all_exact_5,94,2024-08-09 02:00:00+00:00,2024-08-09 04:00:00+00:00,nearest_neighbor,7,7,0,1.0,0.0,0.0,71.73836478500829,76.5180282402797,3.71454075499787,,,,,,
all_exact_5,94,2024-08-09 02:00:00+00:00,2024-08-09 04:00:00+00:00,clarke_wright,7,7,0,1.0,0.0,0.0,68.40854269518448,74.75487403509007,3.569684096000856,,,,,,
all_exact_5,94,2024-08-09 02:00:00+00:00,2024-08-09 04:00:00+00:00,q_learning,7,7,0,1.0,0.0,0.0,71.73836478500829,76.5180282402797,0.00047826099762460217,3.6534491540005547,2.510842646999663,3.363153577821869,1096,0.05,cpu
all_exact_5,94,2024-08-09 02:00:00+00:00,2024-08-09 04:00:00+00:00,sarsa,7,7,0,1.0,0.0,0.0,71.73836478500829,76.5180282402797,0.00046875599946361035,3.6534491540005547,2.431453851000697,3.363153577821869,1117,0.05,cpu
all_exact_5,94,2024-08-09 02:00:00+00:00,2024-08-09 04:00:00+00:00,dqn,7,7,0,1.0,0.0,0.0,71.73836478500829,76.5180282402797,0.001781808001396712,3.6534491540005547,141.15689745399868,3.363153577821869,19591,0.05,cuda
all_exact_5,95,2024-08-09 16:00:00+00:00,2024-08-09 18:00:00+00:00,nearest_neighbor,11,11,0,1.0,0.0,0.0,93.29073649761696,102.20314294521933,5.656305754000641,,,,,,
all_exact_5,95,2024-08-09 16:00:00+00:00,2024-08-09 18:00:00+00:00,clarke_wright,11,11,0,1.0,0.0,0.0,82.03856814152728,89.4461857014753,5.574857831001282,,,,,,
all_exact_5,95,2024-08-09 16:00:00+00:00,2024-08-09 18:00:00+00:00,q_learning,11,11,0,1.0,0.0,0.0,95.25641001557076,104.21585388386161,0.0008161519981513266,5.641178874000616,4.202993045000767,5.852972876711414,6350,0.05,cpu
all_exact_5,95,2024-08-09 16:00:00+00:00,2024-08-09 18:00:00+00:00,sarsa,11,11,0,1.0,0.0,0.0,95.50348856134707,105.78516572259146,0.0007926759972178843,5.641178874000616,3.851295943997684,5.915168932003235,6685,0.05,cpu
all_exact_5,95,2024-08-09 16:00:00+00:00,2024-08-09 18:00:00+00:00,dqn,11,11,0,1.0,0.0,0.0,79.41755539579651,87.8611947869182,0.002825916999427136,5.641178874000616,232.06743946699862,7.194766488658284,21131,0.05,cuda
all_exact_5,96,2024-08-10 04:00:00+00:00,2024-08-10 06:00:00+00:00,nearest_neighbor,11,11,0,1.0,0.0,0.0,90.45318355917877,98.13660788788128,5.208697285001108,,,,,,
all_exact_5,96,2024-08-10 04:00:00+00:00,2024-08-10 06:00:00+00:00,clarke_wright,11,10,1,0.9090909090909091,22.173854366666667,22.173854366666667,89.51263188780398,96.31769685173319,5.084405378001975,,,,,,
all_exact_5,96,2024-08-10 04:00:00+00:00,2024-08-10 06:00:00+00:00,q_learning,11,11,0,1.0,0.0,0.0,99.60783883070903,107.34846314161493,0.000746161000279244,5.143839532996935,4.12687074600035,7.311796917621068,5569,0.05,cpu
all_exact_5,96,2024-08-10 04:00:00+00:00,2024-08-10 06:00:00+00:00,sarsa,11,11,0,1.0,0.0,0.0,101.1110989080627,109.60306905130435,0.0007479159976355731,5.143839532996935,3.7281973460012523,7.3058622583266235,5919,0.05,cpu
all_exact_5,96,2024-08-10 04:00:00+00:00,2024-08-10 06:00:00+00:00,dqn,11,11,0,1.0,0.0,0.0,90.8817094428646,98.9745600962826,0.002848755000741221,5.143839532996935,234.0274554409989,8.406677328030446,21131,0.05,cuda
all_exact_5,97,2024-08-13 02:00:00+00:00,2024-08-13 04:00:00+00:00,nearest_neighbor,13,12,1,0.9230769230769231,28.92621365,28.92621365,119.15112383223293,130.30581186099812,5.679403054000431,,,,,,
all_exact_5,97,2024-08-13 02:00:00+00:00,2024-08-13 04:00:00+00:00,clarke_wright,13,12,1,0.9230769230769231,25.931049716666667,25.931049716666667,117.05912978534333,128.4378915927807,5.9354301350031164,,,,,,
all_exact_5,97,2024-08-13 02:00:00+00:00,2024-08-13 04:00:00+00:00,q_learning,13,13,0,1.0,0.0,0.0,121.78654115678171,135.6821717600606,0.0008981069986475632,5.688740397999936,4.935338251998473,6.220378500706633,10573,0.05,cpu
all_exact_5,97,2024-08-13 02:00:00+00:00,2024-08-13 04:00:00+00:00,sarsa,13,11,2,0.8461538461538461,113.0487033,73.88090871666667,146.66044732686746,159.02424001190028,0.0009021949990710709,5.688740397999936,4.501182879001135,-6.817905078227734,12600,0.05,cpu
all_exact_5,97,2024-08-13 02:00:00+00:00,2024-08-13 04:00:00+00:00,dqn,13,13,0,1.0,0.0,0.0,118.83013727774036,130.43741087864137,0.003514662999805296,5.688740397999936,280.3089769299986,7.755125120500569,21901,0.05,cuda
all_exact_5,98,2024-08-14 02:00:00+00:00,2024-08-14 04:00:00+00:00,nearest_neighbor,5,5,0,1.0,0.0,0.0,38.2561663805996,44.61122958737181,2.60340487600115,,,,,,
all_exact_5,98,2024-08-14 02:00:00+00:00,2024-08-14 04:00:00+00:00,clarke_wright,5,5,0,1.0,0.0,0.0,38.2561663805996,44.61122958737181,2.5843862559995614,,,,,,
all_exact_5,98,2024-08-14 02:00:00+00:00,2024-08-14 04:00:00+00:00,q_learning,5,5,0,1.0,0.0,0.0,38.2561663805996,44.61122958737181,0.00035585200021159835,2.6400981020015024,1.757241133000207,3.218925976994411,205,0.05,cpu
all_exact_5,98,2024-08-14 02:00:00+00:00,2024-08-14 04:00:00+00:00,sarsa,5,5,0,1.0,0.0,0.0,38.2561663805996,44.61122958737181,0.00034097000025212765,2.6400981020015024,1.7208572929994261,3.218925976994411,207,0.05,cpu
all_exact_5,98,2024-08-14 02:00:00+00:00,2024-08-14 04:00:00+00:00,dqn,5,5,0,1.0,0.0,0.0,38.2561663805996,44.61122958737181,0.0012438209996616933,2.6400981020015024,97.63422350600013,3.218925976994411,18821,0.05,cuda
all_exact_5,99,2024-08-14 04:00:00+00:00,2024-08-14 06:00:00+00:00,nearest_neighbor,5,5,0,1.0,0.0,0.0,60.413917671684715,67.11728564347098,2.078443597001751,,,,,,
all_exact_5,99,2024-08-14 04:00:00+00:00,2024-08-14 06:00:00+00:00,clarke_wright,5,5,0,1.0,0.0,0.0,59.61571612299606,65.98079309586083,2.090164683999319,,,,,,
all_exact_5,99,2024-08-14 04:00:00+00:00,2024-08-14 06:00:00+00:00,q_learning,5,5,0,1.0,0.0,0.0,58.75921123335748,63.5776199825189,0.0003462749991740566,2.087599024998781,1.726317470001959,2.532951110757745,211,0.05,cpu
all_exact_5,99,2024-08-14 04:00:00+00:00,2024-08-14 06:00:00+00:00,sarsa,5,5,0,1.0,0.0,0.0,58.75921123335748,63.5776199825189,0.0003423249982006382,2.087599024998781,1.7023552850005217,2.532951110757745,213,0.05,cpu
all_exact_5,99,2024-08-14 04:00:00+00:00,2024-08-14 06:00:00+00:00,dqn,5,5,0,1.0,0.0,0.0,58.75921123335748,63.5776199825189,0.0012528239967650734,2.087599024998781,98.63619675300288,2.532951110757745,18821,0.05,cuda
all_exact_5,100,2024-08-15 04:00:00+00:00,2024-08-15 06:00:00+00:00,nearest_neighbor,9,9,0,1.0,0.0,0.0,53.224873298461254,57.97769544062412,4.160132629000145,,,,,,
all_exact_5,100,2024-08-15 04:00:00+00:00,2024-08-15 06:00:00+00:00,clarke_wright,9,9,0,1.0,0.0,0.0,50.784042358024315,55.68651974235343,4.200455985999724,,,,,,
all_exact_5,100,2024-08-15 04:00:00+00:00,2024-08-15 06:00:00+00:00,q_learning,9,9,0,1.0,0.0,0.0,55.66986459524316,60.72854261560755,0.000608209000347415,4.140004716002295,3.239360666000721,7.580684836583069,2812,0.05,cpu
all_exact_5,100,2024-08-15 04:00:00+00:00,2024-08-15 06:00:00+00:00,sarsa,9,9,0,1.0,0.0,0.0,61.40701413074766,67.01101311158853,0.000612703002843773,4.140004716002295,3.1424112699969555,6.834540012520683,2901,0.05,cpu
all_exact_5,100,2024-08-15 04:00:00+00:00,2024-08-15 06:00:00+00:00,dqn,9,9,0,1.0,0.0,0.0,53.224873298461254,57.97769544062412,0.0023000179971859325,4.140004716002295,188.71963870000036,7.821327643024404,20361,0.05,cuda
all_exact_5,101,2024-08-16 02:00:00+00:00,2024-08-16 04:00:00+00:00,nearest_neighbor,5,5,0,1.0,0.0,0.0,43.7927958990398,49.54593629830227,1.62243509900145,,,,,,
all_exact_5,101,2024-08-16 02:00:00+00:00,2024-08-16 04:00:00+00:00,clarke_wright,5,5,0,1.0,0.0,0.0,40.206503493680735,44.53354021048088,1.6102367980020063,,,,,,
all_exact_5,101,2024-08-16 02:00:00+00:00,2024-08-16 04:00:00+00:00,q_learning,5,5,0,1.0,0.0,0.0,43.7927958990398,49.54593629830227,0.0003361290000611916,1.0820941259989922,1.7156399649975356,2.7235806024841116,202,0.05,cpu
all_exact_5,101,2024-08-16 02:00:00+00:00,2024-08-16 04:00:00+00:00,sarsa,5,5,0,1.0,0.0,0.0,43.7927958990398,49.54593629830227,0.00032940500022959895,1.0820941259989922,1.6626217750017531,2.7235806024841116,203,0.05,cpu
all_exact_5,101,2024-08-16 02:00:00+00:00,2024-08-16 04:00:00+00:00,dqn,5,5,0,1.0,0.0,0.0,43.7927958990398,49.54593629830227,0.0012563140007841866,1.0820941259989922,97.72099091400014,2.7235806024841116,18821,0.05,cuda
all_exact_5,102,2024-08-16 04:00:00+00:00,2024-08-16 06:00:00+00:00,nearest_neighbor,7,7,0,1.0,0.0,0.0,77.7412794028988,82.89784027656674,2.627288881001732,,,,,,
all_exact_5,102,2024-08-16 04:00:00+00:00,2024-08-16 06:00:00+00:00,clarke_wright,7,5,2,0.7142857142857143,24.77722758333333,18.570283033333332,78.98654311244692,84.29270043033775,2.6494114989982336,,,,,,
all_exact_5,102,2024-08-16 04:00:00+00:00,2024-08-16 06:00:00+00:00,q_learning,7,7,0,1.0,0.0,0.0,77.7412794028988,82.89784027656674,0.0004759879993798677,2.6435571670008358,2.492484690999845,4.364994870811065,1393,0.05,cpu
all_exact_5,102,2024-08-16 04:00:00+00:00,2024-08-16 06:00:00+00:00,sarsa,7,7,0,1.0,0.0,0.0,77.7412794028988,82.89784027656674,0.00046668299910379574,2.6435571670008358,2.383936480000557,4.364994870811065,1445,0.05,cpu
all_exact_5,102,2024-08-16 04:00:00+00:00,2024-08-16 06:00:00+00:00,dqn,7,7,0,1.0,0.0,0.0,77.7412794028988,82.89784027656674,0.0017737849993864074,2.6435571670008358,141.2654792100002,4.364994870811065,19591,0.05,cuda
all_exact_5,103,2024-08-17 02:00:00+00:00,2024-08-17 04:00:00+00:00,nearest_neighbor,6,6,0,1.0,0.0,0.0,34.63601597457345,40.10783513437043,2.166453500998614,,,,,,
all_exact_5,103,2024-08-17 02:00:00+00:00,2024-08-17 04:00:00+00:00,clarke_wright,6,6,0,1.0,0.0,0.0,34.63601597457345,40.10783513437043,2.126920570997754,,,,,,
all_exact_5,103,2024-08-17 02:00:00+00:00,2024-08-17 04:00:00+00:00,q_learning,6,6,0,1.0,0.0,0.0,34.63601597457345,40.10783513437043,0.00041678200068417937,2.1255767160000687,2.0989844180003274,4.991954589580449,530,0.05,cpu
all_exact_5,103,2024-08-17 02:00:00+00:00,2024-08-17 04:00:00+00:00,sarsa,6,6,0,1.0,0.0,0.0,34.63601597457345,40.10783513437043,0.00040532999992137775,2.1255767160000687,2.0504268660006346,4.991954589580449,557,0.05,cpu
all_exact_5,103,2024-08-17 02:00:00+00:00,2024-08-17 04:00:00+00:00,dqn,6,6,0,1.0,0.0,0.0,34.63601597457345,40.10783513437043,0.0015069180008140393,2.1255767160000687,119.10844917100258,4.991954589580449,19206,0.05,cuda
all_exact_5,104,2024-08-17 04:00:00+00:00,2024-08-17 06:00:00+00:00,nearest_neighbor,8,8,0,1.0,0.0,0.0,100.74790205582106,105.37570501821297,3.6046136439981638,,,,,,
all_exact_5,104,2024-08-17 04:00:00+00:00,2024-08-17 06:00:00+00:00,clarke_wright,8,8,0,1.0,0.0,0.0,96.93312234369799,99.1821029826826,3.6802188029978424,,,,,,
all_exact_5,104,2024-08-17 04:00:00+00:00,2024-08-17 06:00:00+00:00,q_learning,8,8,0,1.0,0.0,0.0,98.58452982358483,101.63111859391776,0.0005476859987538774,3.645203729000059,2.8618342709996796,2.7832572608910624,2100,0.05,cpu
all_exact_5,104,2024-08-17 04:00:00+00:00,2024-08-17 06:00:00+00:00,sarsa,8,8,0,1.0,0.0,0.0,107.43944747991658,112.16630113929902,0.0005397040004027076,3.645203729000059,2.7738429870005348,1.708650137789975,2230,0.05,cpu
all_exact_5,104,2024-08-17 04:00:00+00:00,2024-08-17 06:00:00+00:00,dqn,8,8,0,1.0,0.0,0.0,98.58452982358483,101.63111859391776,0.002166274000046542,3.645203729000059,163.32420879700294,2.7832572608910624,19976,0.05,cuda
all_exact_5,105,2024-08-19 04:00:00+00:00,2024-08-19 06:00:00+00:00,nearest_neighbor,12,12,0,1.0,0.0,0.0,91.32516631062504,98.06009425289619,6.155121068000881,,,,,,
all_exact_5,105,2024-08-19 04:00:00+00:00,2024-08-19 06:00:00+00:00,clarke_wright,12,10,2,0.8333333333333334,91.89625258333334,52.61746053333333,80.89548171931808,87.6155476776672,6.097772893001093,,,,,,
all_exact_5,105,2024-08-19 04:00:00+00:00,2024-08-19 06:00:00+00:00,q_learning,12,12,0,1.0,0.0,0.0,100.37053958296887,109.29381278387748,0.0008265590004157275,6.151959683000314,4.646451667998917,7.601721980257156,7667,0.05,cpu
all_exact_5,105,2024-08-19 04:00:00+00:00,2024-08-19 06:00:00+00:00,sarsa,12,12,0,1.0,0.0,0.0,93.96546453229685,101.36716531538522,0.0008312840000144206,6.151959683000314,4.107716279999295,8.548697458478092,7903,0.05,cpu
all_exact_5,105,2024-08-19 04:00:00+00:00,2024-08-19 06:00:00+00:00,dqn,12,12,0,1.0,0.0,0.0,82.46884578804872,88.93458557574134,0.0031310550002672244,6.151959683000314,255.8523750400018,9.965970697524112,21516,0.05,cuda
all_exact_5,106,2024-08-20 04:00:00+00:00,2024-08-20 06:00:00+00:00,nearest_neighbor,10,9,1,0.9,32.94140816666667,32.94140816666667,112.44615645517031,122.76839265606773,4.12942807500076,,,,,,
all_exact_5,106,2024-08-20 04:00:00+00:00,2024-08-20 06:00:00+00:00,clarke_wright,10,9,1,0.9,0.8191931333333333,0.8191931333333333,85.2690864720945,92.20197656346102,4.11486720099856,,,,,,
all_exact_5,106,2024-08-20 04:00:00+00:00,2024-08-20 06:00:00+00:00,q_learning,10,10,0,1.0,0.0,0.0,96.82665391117908,104.27925826799097,0.0007098899986885954,4.112583040998288,3.7488897830007772,6.411580538361853,5017,0.05,cpu
all_exact_5,106,2024-08-20 04:00:00+00:00,2024-08-20 06:00:00+00:00,sarsa,10,10,0,1.0,0.0,0.0,91.7556654992253,99.87808693200036,0.0006770299987692852,4.112583040998288,3.393865267000365,6.068614944248979,5491,0.05,cpu
all_exact_5,106,2024-08-20 04:00:00+00:00,2024-08-20 06:00:00+00:00,dqn,10,10,0,1.0,0.0,0.0,84.43202029639373,92.16849201647982,0.002575903999968432,4.112583040998288,209.67804213499767,6.441409411536074,20746,0.05,cuda
all_exact_5,107,2024-08-21 02:00:00+00:00,2024-08-21 04:00:00+00:00,nearest_neighbor,7,7,0,1.0,0.0,0.0,81.36833258818322,86.02155406457845,2.1219122299989976,,,,,,
all_exact_5,107,2024-08-21 02:00:00+00:00,2024-08-21 04:00:00+00:00,clarke_wright,7,7,0,1.0,0.0,0.0,80.96110717114678,85.37937710558204,2.0882216620011604,,,,,,
all_exact_5,107,2024-08-21 02:00:00+00:00,2024-08-21 04:00:00+00:00,q_learning,7,7,0,1.0,0.0,0.0,81.36833258818322,86.02155406457845,0.0004806239994650241,2.088332604998868,2.4585625500003516,2.69135915168565,1325,0.05,cpu
all_exact_5,107,2024-08-21 02:00:00+00:00,2024-08-21 04:00:00+00:00,sarsa,7,7,0,1.0,0.0,0.0,81.36833258818322,86.02155406457845,0.00046356699749594554,2.088332604998868,2.3854792220008676,2.69135915168565,1399,0.05,cpu
all_exact_5,107,2024-08-21 02:00:00+00:00,2024-08-21 04:00:00+00:00,dqn,7,7,0,1.0,0.0,0.0,81.36833258818322,86.02155406457845,0.0017315289987891447,2.088332604998868,141.1860066520021,2.69135915168565,19591,0.05,cuda
all_exact_5,108,2024-08-22 04:00:00+00:00,2024-08-22 06:00:00+00:00,nearest_neighbor,9,9,0,1.0,0.0,0.0,76.20160113835155,77.90627309811858,4.1318392920002225,,,,,,
all_exact_5,108,2024-08-22 04:00:00+00:00,2024-08-22 06:00:00+00:00,clarke_wright,9,9,0,1.0,0.0,0.0,66.44980942958763,68.68954788045068,4.193986854999821,,,,,,
all_exact_5,108,2024-08-22 04:00:00+00:00,2024-08-22 06:00:00+00:00,q_learning,9,9,0,1.0,0.0,0.0,72.16144536946469,74.24287460483622,0.0006260899972403422,4.208299293000891,3.297172053000395,6.510528260971042,3120,0.05,cpu
all_exact_5,108,2024-08-22 04:00:00+00:00,2024-08-22 06:00:00+00:00,sarsa,9,9,0,1.0,0.0,0.0,75.98999656777977,78.22026975340358,0.000613128999248147,4.208299293000891,3.1065127750007377,6.174908380671038,3247,0.05,cpu
all_exact_5,108,2024-08-22 04:00:00+00:00,2024-08-22 06:00:00+00:00,dqn,9,9,0,1.0,0.0,0.0,68.33864531218306,70.59962590411878,0.0022703389986418188,4.208299293000891,186.37842554300005,6.547790081512591,20361,0.05,cuda
