cluster_workload_id,wave_start,cluster_id,number_of_deliveries,routing_eligible,delivery_ids
1,2023-05-04 14:00:00+00:00,1,1,False,64c4c52b553721daabdbae56
2,2023-05-05 04:00:00+00:00,7,1,False,64c4c52b553721daabdbae55
3,2023-05-06 10:00:00+00:00,7,1,False,64c4c52b553721daabdbae54
4,2023-05-07 14:00:00+00:00,6,1,False,64c4c52b553721daabdbae53
5,2023-05-09 08:00:00+00:00,6,1,False,64c4c52b553721daabdbae52
6,2023-05-09 12:00:00+00:00,1,1,False,64c4c52b553721daabdbae51
7,2023-05-10 00:00:00+00:00,6,1,False,64c4c52b553721daabdbae50
8,2023-05-10 02:00:00+00:00,6,1,False,64c4c52b553721daabdbae4f
9,2023-05-11 04:00:00+00:00,4,2,False,64c4c52b553721daabdbae4d -> 64c4c52b553721daabdbae4e
10,2023-05-12 04:00:00+00:00,6,1,False,64c4c52b553721daabdbae4c
11,2023-05-12 14:00:00+00:00,6,1,False,64c4c52b553721daabdbae49
12,2023-05-12 14:00:00+00:00,8,1,False,64c4c52b553721daabdbae4a
13,2023-05-13 02:00:00+00:00,3,1,False,64c4c52b553721daabdbae48
14,2023-05-13 10:00:00+00:00,4,1,False,64c4c52b553721daabdbae46
15,2023-05-13 10:00:00+00:00,6,1,False,64c4c52b553721daabdbae47
16,2023-05-16 08:00:00+00:00,0,1,False,64c4c52b553721daabdbae45
17,2023-05-16 08:00:00+00:00,8,1,False,64c4c52b553721daabdbae44
18,2023-05-17 04:00:00+00:00,0,1,False,64c4c52b553721daabdbae42
19,2023-05-18 04:00:00+00:00,4,1,False,64c4c52b553721daabdbae40
20,2023-05-18 06:00:00+00:00,4,1,False,64c4c52b553721daabdbae3f
21,2023-05-18 14:00:00+00:00,2,1,False,64c4c52b553721daabdbae3d
22,2023-05-18 14:00:00+00:00,4,1,False,64c4c52b553721daabdbae3e
23,2023-05-19 04:00:00+00:00,4,1,False,64c4c52b553721daabdbae3b
24,2023-05-19 04:00:00+00:00,6,1,False,64c4c52b553721daabdbae3c
25,2023-05-20 06:00:00+00:00,4,1,False,64c4c52b553721daabdbae3a
26,2023-05-20 08:00:00+00:00,4,1,False,64c4c52b553721daabdbae38
27,2023-05-20 08:00:00+00:00,7,1,False,64c4c52b553721daabdbae39
28,2023-05-22 04:00:00+00:00,4,1,False,64c4c52b553721daabdbae36
29,2023-05-22 04:00:00+00:00,6,1,False,64c4c52b553721daabdbae37
30,2023-05-22 10:00:00+00:00,6,1,False,64c4c52b553721daabdbae35
31,2023-05-22 16:00:00+00:00,2,1,False,64c4c52b553721daabdbae34
32,2023-05-22 16:00:00+00:00,4,1,False,64c4c52b553721daabdbae33
33,2023-05-23 02:00:00+00:00,4,1,False,64c4c52b553721daabdbae32
34,2023-05-23 08:00:00+00:00,6,1,False,64c4c52b553721daabdbae31
35,2023-05-23 10:00:00+00:00,6,1,False,64c4c52b553721daabdbae30
36,2023-05-25 02:00:00+00:00,4,1,False,64c4c52b553721daabdbae2e
37,2023-05-26 00:00:00+00:00,4,1,False,64c4c52b553721daabdbae2c
38,2023-05-26 00:00:00+00:00,8,1,False,64c4c52b553721daabdbae2d
39,2023-05-27 06:00:00+00:00,3,1,False,64c4c52b553721daabdbae2a
40,2023-05-30 00:00:00+00:00,4,1,False,64c4c52b553721daabdbae28
41,2023-05-30 04:00:00+00:00,0,1,False,64c4c52b553721daabdbae27
42,2023-05-30 04:00:00+00:00,6,2,False,64c4c52b553721daabdbae25 -> 64c4c52b553721daabdbae26
43,2023-05-30 08:00:00+00:00,8,1,False,64c4c52b553721daabdbae24
44,2023-05-31 04:00:00+00:00,3,1,False,64c4c52b553721daabdbae22
45,2023-05-31 04:00:00+00:00,4,1,False,64c4c52b553721daabdbae23
46,2023-05-31 06:00:00+00:00,8,1,False,64c4c52b553721daabdbae21
47,2023-05-31 14:00:00+00:00,9,1,False,64c4c52b553721daabdbae1f
48,2023-06-01 02:00:00+00:00,4,1,False,64c4c52b553721daabdbae1e
49,2023-06-01 06:00:00+00:00,6,1,False,64c4c52b553721daabdbae1d
50,2023-06-01 08:00:00+00:00,9,1,False,64c4c52b553721daabdbae1c
51,2023-06-02 00:00:00+00:00,2,1,False,64c4c52b553721daabdbae1b
52,2023-06-02 04:00:00+00:00,6,1,False,64c4c52b553721daabdbae19
53,2023-06-02 06:00:00+00:00,6,2,False,64c4c52b553721daabdbae17 -> 64c4c52b553721daabdbae18
54,2023-06-02 08:00:00+00:00,7,1,False,64c4c52b553721daabdbae16
55,2023-06-03 10:00:00+00:00,6,1,False,64c4c52b553721daabdbae14
56,2023-06-04 06:00:00+00:00,0,1,False,64c4c52b553721daabdbae11
57,2023-06-04 06:00:00+00:00,6,1,False,64c4c52b553721daabdbae12
58,2023-06-05 06:00:00+00:00,6,1,False,64c4c52b553721daabdbae10
59,2023-06-05 16:00:00+00:00,6,1,False,64c4c52b553721daabdbae0f
60,2023-06-06 04:00:00+00:00,4,1,False,64c4c52b553721daabdbae0e
61,2023-06-06 08:00:00+00:00,4,2,False,64c4c52b553721daabdbae0c -> 64c4c52b553721daabdbae0d
62,2023-06-06 12:00:00+00:00,7,1,False,64c4c52b553721daabdbae08
63,2023-06-06 12:00:00+00:00,8,1,False,64c4c52b553721daabdbae09
64,2023-06-07 02:00:00+00:00,4,2,False,64c4c52b553721daabdbae06 -> 64c4c52b553721daabdbae07
65,2023-06-08 04:00:00+00:00,4,1,False,64c4c52b553721daabdbae04
66,2023-06-09 02:00:00+00:00,6,1,False,64c4c52b553721daabdbae03
67,2023-06-09 04:00:00+00:00,9,1,False,64c4c52b553721daabdbae02
68,2023-06-09 08:00:00+00:00,6,1,False,64c4c52b553721daabdbae01
69,2023-06-09 14:00:00+00:00,0,1,False,64c4c52b553721daabdbae00
70,2023-06-12 04:00:00+00:00,0,1,False,64c4c52b553721daabdbadfe
71,2023-06-12 04:00:00+00:00,6,1,False,64c4c52b553721daabdbadfd
72,2023-06-12 10:00:00+00:00,0,1,False,64c4c52b553721daabdbadfb
73,2023-06-14 08:00:00+00:00,6,1,False,64c4c52b553721daabdbadf9
74,2023-06-15 04:00:00+00:00,4,1,False,64c4c52b553721daabdbadf6
75,2023-06-18 14:00:00+00:00,8,1,False,64c4c52b553721daabdbadf2
76,2023-06-19 10:00:00+00:00,0,1,False,64c4c52b553721daabdbadf0
77,2023-06-20 04:00:00+00:00,4,1,False,64c4c52b553721daabdbaded
78,2023-06-20 04:00:00+00:00,8,1,False,64c4c52b553721daabdbadee
79,2023-06-20 14:00:00+00:00,4,1,False,64c4c52b553721daabdbadeb
80,2023-06-22 06:00:00+00:00,4,2,False,64c4c52b553721daabdbade9 -> 64c4c52b553721daabdbadea
81,2023-06-22 08:00:00+00:00,4,1,False,64c4c52b553721daabdbade8
82,2023-06-23 04:00:00+00:00,2,1,False,64c4c52b553721daabdbade7
83,2023-06-23 06:00:00+00:00,0,1,False,64c4c52b553721daabdbade4
84,2023-06-23 06:00:00+00:00,6,1,False,64c4c52b553721daabdbade6
85,2023-06-24 08:00:00+00:00,0,1,False,64c4c52b553721daabdbade3
86,2023-06-24 10:00:00+00:00,6,1,False,64c4c52b553721daabdbade2
87,2023-06-25 14:00:00+00:00,4,1,False,64c4c52b553721daabdbade0
88,2023-06-27 10:00:00+00:00,7,1,False,64c4c52b553721daabdbaddf
89,2023-06-28 12:00:00+00:00,6,1,False,64c4c52b553721daabdbaddd
90,2023-06-28 12:00:00+00:00,8,1,False,64c4c52b553721daabdbaddc
91,2023-06-30 04:00:00+00:00,4,1,False,64c4c52b553721daabdbadd9
92,2023-06-30 04:00:00+00:00,6,1,False,64c4c52b553721daabdbadda
93,2023-07-03 06:00:00+00:00,3,1,False,64c4c52b553721daabdbadd6
94,2023-07-03 06:00:00+00:00,4,1,False,64c4c52b553721daabdbadd7
95,2023-07-04 04:00:00+00:00,3,1,False,64c4c52b553721daabdbadd4
96,2023-07-04 04:00:00+00:00,4,1,False,64c4c52b553721daabdbadd5
97,2023-07-04 06:00:00+00:00,4,1,False,64c4c52b553721daabdbadd3
98,2023-07-05 04:00:00+00:00,6,2,False,64c4c52b553721daabdbadd1 -> 64c4c52b553721daabdbadd2
99,2023-07-05 04:00:00+00:00,9,1,False,64c4c52b553721daabdbadd0
100,2023-07-06 04:00:00+00:00,6,1,False,64c4c52b553721daabdbadce
101,2023-07-06 08:00:00+00:00,9,1,False,64c4c52b553721daabdbadcd
102,2023-07-07 02:00:00+00:00,6,1,False,64c4c52b553721daabdbadc9
103,2023-07-08 08:00:00+00:00,7,1,False,64c4c52b553721daabdbadc8
104,2023-07-08 12:00:00+00:00,6,1,False,64c4c52b553721daabdbadc7
105,2023-07-10 08:00:00+00:00,4,2,False,64c4c52b553721daabdbadc2 -> 64c4c52b553721daabdbadc3
106,2023-07-11 02:00:00+00:00,4,1,False,64c4c52b553721daabdbadc1
107,2023-07-11 08:00:00+00:00,6,2,False,64c4c52b553721daabdbadbf -> 64c4c52b553721daabdbadc0
108,2023-07-12 10:00:00+00:00,9,1,False,64c4c52b553721daabdbadbe
109,2023-07-12 14:00:00+00:00,6,1,False,64c4c52b553721daabdbadbd
110,2023-07-14 02:00:00+00:00,7,1,False,64c4c52b553721daabdbadbc
111,2023-07-15 04:00:00+00:00,2,1,False,64c4c52b553721daabdbadbb
112,2023-07-15 04:00:00+00:00,4,1,False,64c4c52b553721daabdbadba
113,2023-07-15 06:00:00+00:00,3,1,False,64c4c52b553721daabdbadb9
114,2023-07-17 06:00:00+00:00,9,1,False,64c4c52b553721daabdbadb8
115,2023-07-17 08:00:00+00:00,4,1,False,64c4c52b553721daabdbadb7
116,2023-07-17 10:00:00+00:00,1,1,False,64c4c52b553721daabdbadb6
117,2023-07-18 08:00:00+00:00,4,1,False,64c4c52b553721daabdbadb4
118,2023-07-18 10:00:00+00:00,6,1,False,64c4c52b553721daabdbadb3
119,2023-07-18 16:00:00+00:00,2,1,False,64c4c52b553721daabdbadb2
120,2023-07-18 16:00:00+00:00,4,1,False,64c4c52b553721daabdbadb1
121,2023-07-20 04:00:00+00:00,4,1,False,64c4c52b553721daabdbadae
122,2023-07-20 04:00:00+00:00,6,1,False,64c4c52b553721daabdbadaf
123,2023-07-20 04:00:00+00:00,7,1,False,64c4c52b553721daabdbadb0
124,2023-07-20 08:00:00+00:00,4,2,False,64c4c52b553721daabdbadac -> 64c4c52b553721daabdbadad
125,2023-07-20 12:00:00+00:00,4,1,False,64c4c52b553721daabdbadab
126,2023-07-22 02:00:00+00:00,6,1,False,64c4c52b553721daabdbadaa
127,2023-07-22 10:00:00+00:00,5,1,False,64c4c52b553721daabdbada3
128,2023-07-24 06:00:00+00:00,1,1,False,64c4c52b553721daabdbada1
129,2023-07-24 06:00:00+00:00,4,1,False,64c4c52b553721daabdbada2
130,2023-07-25 00:00:00+00:00,4,2,False,64c4c52b553721daabdbad9f -> 64c4c52b553721daabdbada0
131,2023-07-25 06:00:00+00:00,0,1,False,64c4c52b553721daabdbad9e
132,2023-07-25 06:00:00+00:00,4,1,False,64c4c52b553721daabdbad9b
133,2023-07-25 06:00:00+00:00,8,1,False,64c4c52b553721daabdbad9c
134,2023-07-25 08:00:00+00:00,4,1,False,64c4c52b553721daabdbad9a
135,2023-07-26 02:00:00+00:00,4,1,False,64c4c52b553721daabdbad98
136,2023-07-26 02:00:00+00:00,6,1,False,64c4c52b553721daabdbad99
137,2023-07-27 00:00:00+00:00,6,1,False,64c4c52b553721daabdbad97
138,2023-07-28 08:00:00+00:00,6,1,False,64c4c52b553721daabdbad96
139,2023-07-29 04:00:00+00:00,4,1,False,64c4c52b553721daabdbad94
140,2023-07-29 04:00:00+00:00,6,1,False,64c4c52b553721daabdbad95
141,2023-07-29 06:00:00+00:00,6,1,False,64c4c52b553721daabdbad92
142,2023-07-29 06:00:00+00:00,9,1,False,64c4c52b553721daabdbad93
143,2023-07-31 10:00:00+00:00,7,1,False,64c787f3e6da5a9aaea66b18
144,2023-08-01 06:00:00+00:00,4,4,False,64c8a204e6da5a9aaea66e79 -> 64c8a2afe6da5a9aaea66ea3 -> 64c8a670e6da5a9aaea66fc5 -> 64c8badb986a0959a53901be
145,2023-08-01 16:00:00+00:00,4,1,False,64c9315f42731e8d62088403
146,2023-08-02 08:00:00+00:00,4,2,False,64ca1cfb7c56bad8f892b378 -> 64ca25ee7c56bad8f892b4fc
147,2023-08-03 04:00:00+00:00,9,1,False,64cb3e2fbc14fb4a0231373b
148,2023-08-03 08:00:00+00:00,0,1,False,64cb793424a2974115b26527
149,2023-08-05 02:00:00+00:00,5,1,False,64cdc8bc34b7486f81d46f72
150,2023-08-05 10:00:00+00:00,6,1,False,64ce242b34b7486f81d47227
151,2023-08-06 14:00:00+00:00,4,1,False,64cface4d97c6216cdaa26ac
152,2023-08-06 14:00:00+00:00,6,1,False,64cfae10d97c6216cdaa2743
153,2023-08-07 04:00:00+00:00,6,2,False,64d06d8fd97c6216cdaa2b8f -> 64d07a7a0b29ee5d076efd12
154,2023-08-08 02:00:00+00:00,6,1,False,64d1bcb2a2a8ec9990ba219b
155,2023-08-09 10:00:00+00:00,4,1,False,64d37708d44fb648be8f2ca4
156,2023-08-09 14:00:00+00:00,4,1,False,64d3b28fd44fb648be8f2ec3
157,2023-08-09 16:00:00+00:00,4,1,False,64d3c3cd3b7d73ae156b1c7b
158,2023-08-11 02:00:00+00:00,4,1,False,64d5aa8f0eeda711d66fe681
159,2023-08-11 08:00:00+00:00,6,1,False,64d5fc41d708e9dbe89375f9
160,2023-08-14 02:00:00+00:00,6,1,False,64d9922fcc7fc4cd66943bd5
161,2023-08-14 04:00:00+00:00,2,1,False,64d9b0f2cc7fc4cd66943cc0
162,2023-08-14 04:00:00+00:00,4,2,False,64d9b144cc7fc4cd66943cfb -> 64d9b1a4cc7fc4cd66943d0f
163,2023-08-15 02:00:00+00:00,6,1,False,64dae0b07a2b374485fc2aa0
164,2023-08-15 08:00:00+00:00,6,1,False,64db3c49ea5bee232b6af31f
165,2023-08-16 04:00:00+00:00,4,2,False,64dc5cbdfe6290c33ef75b21 -> 64dc5dcbfe6290c33ef75b80
166,2023-08-16 04:00:00+00:00,9,1,False,64dc552bfe6290c33ef759f6
167,2023-08-16 10:00:00+00:00,7,1,False,64dcb07bfe6290c33ef75ed2
168,2023-08-17 06:00:00+00:00,4,1,False,64ddbbec808368aa1ed78d9a
169,2023-08-18 06:00:00+00:00,6,1,False,64df0c72212447b4203bddc2
170,2023-08-19 04:00:00+00:00,4,1,False,64e04bcb4bd4fa0ee0dd524c
171,2023-08-19 10:00:00+00:00,7,1,False,64e0a19bbdd1b2d3e85f75b2
172,2023-08-21 02:00:00+00:00,4,3,False,64e2dbb9bdd1b2d3e85f7889 -> 64e2dc05bdd1b2d3e85f790b -> 64e2e079bdd1b2d3e85f7a62
173,2023-08-21 02:00:00+00:00,9,1,False,64e2dc6ebdd1b2d3e85f7984
174,2023-08-21 10:00:00+00:00,7,1,False,64e33b11bdd1b2d3e85f8357
175,2023-08-24 02:00:00+00:00,1,1,False,64e6c6dad54ea638bcb49283
176,2023-08-24 04:00:00+00:00,4,2,False,64e6d622d54ea638bcb49345 -> 64e6d688d54ea638bcb493f6
177,2023-08-24 04:00:00+00:00,5,1,False,64e6dfbdd54ea638bcb496f6
178,2023-08-25 04:00:00+00:00,4,2,False,64e83179d54ea638bcb49f25 -> 64e84137d54ea638bcb4a116
179,2023-08-25 08:00:00+00:00,4,1,False,64e86888d54ea638bcb4a2df
180,2023-08-26 02:00:00+00:00,0,1,False,64e975f2d54ea638bcb4a7a6
181,2023-08-26 02:00:00+00:00,6,2,False,64e96049d54ea638bcb4a594 -> 64e9612dd54ea638bcb4a5c6
182,2023-08-26 06:00:00+00:00,5,1,False,64e9acd1d54ea638bcb4aa01
183,2023-08-26 06:00:00+00:00,6,1,False,64e9ac11d54ea638bcb4a973
184,2023-08-26 08:00:00+00:00,8,1,False,64e9c7d5d54ea638bcb4ac8b
185,2023-08-28 02:00:00+00:00,2,1,False,64ec1495d54ea638bcb4b03e
186,2023-08-28 12:00:00+00:00,4,1,False,64eca5fcd54ea638bcb4b1cf
187,2023-08-29 02:00:00+00:00,6,1,False,64ed5a74d54ea638bcb4b407
188,2023-08-30 06:00:00+00:00,0,1,False,64eedc4dd54ea638bcb4b644
189,2023-08-31 04:00:00+00:00,4,2,False,64f025fdd54ea638bcb4bcae -> 64f02712d54ea638bcb4bde6
190,2023-08-31 04:00:00+00:00,6,1,False,64f026a6d54ea638bcb4bd32
191,2023-08-31 10:00:00+00:00,2,1,False,64f06bf9d54ea638bcb4c791
192,2023-09-05 04:00:00+00:00,3,1,False,64f6b2832c51260331e70266
193,2023-09-05 10:00:00+00:00,2,1,False,64f70713061258eb78b2b69f
194,2023-09-05 10:00:00+00:00,4,2,False,64f7026c061258eb78b2b48f -> 64f7031a061258eb78b2b4ba
195,2023-09-06 04:00:00+00:00,0,1,False,64f7fe55061258eb78b2beaf
196,2023-09-07 06:00:00+00:00,4,1,False,64f969a7350c8fe15b47a5c7
197,2023-09-08 04:00:00+00:00,7,1,False,64faade2e3ba32dbf7039613
198,2023-09-08 08:00:00+00:00,0,1,False,64fadb86e3ba32dbf7039a08
199,2023-09-08 08:00:00+00:00,4,2,False,64fadc3fe3ba32dbf7039a1d -> 64fadfcce3ba32dbf7039b6d
200,2023-09-09 04:00:00+00:00,6,1,False,64fc08dca8ab4a4e94bfe6e4
201,2023-09-11 06:00:00+00:00,0,2,False,64feb707a8ab4a4e94bff5ce -> 64feb8bfa8ab4a4e94bff680
202,2023-09-11 06:00:00+00:00,6,1,False,64fec5eea8ab4a4e94bffd88
203,2023-09-11 08:00:00+00:00,6,1,False,64fecd0aa8ab4a4e94c000aa
204,2023-09-12 00:00:00+00:00,3,1,False,64ffc19f1680ceedb2876eb2
205,2023-09-12 04:00:00+00:00,0,1,False,64ffe4e01680ceedb28772c9
206,2023-09-13 02:00:00+00:00,1,1,False,65012afaf181bf03ea1a92bd
207,2023-09-13 04:00:00+00:00,2,1,False,650134c9f181bf03ea1a93c4
208,2023-09-13 04:00:00+00:00,8,1,False,65013d95f181bf03ea1a9483
209,2023-09-13 08:00:00+00:00,0,1,False,650178d3f181bf03ea1a9d9f
210,2023-09-13 08:00:00+00:00,4,1,False,650181a5f181bf03ea1aa0b4
211,2023-09-13 10:00:00+00:00,2,1,False,650189c8f181bf03ea1aa306
212,2023-09-13 14:00:00+00:00,4,1,False,6501c837f181bf03ea1aa9c6
213,2023-09-13 14:00:00+00:00,6,1,False,6501c60cf181bf03ea1aa97f
214,2023-09-13 16:00:00+00:00,4,1,False,6501e4c176b40276cd2cff44
215,2023-09-14 06:00:00+00:00,6,1,False,6502acfb39a237688acc490a
216,2023-09-14 08:00:00+00:00,7,1,False,6502d81039a237688acc4d04
217,2023-09-14 16:00:00+00:00,4,2,False,6503363139a237688acc4e60 -> 650339a039a237688acc4e8e
218,2023-09-15 10:00:00+00:00,4,1,False,650441b339a237688acc5c91
219,2023-09-16 02:00:00+00:00,6,1,False,65050d7439a237688acc5de5
220,2023-09-16 06:00:00+00:00,6,1,False,65055eac39a237688acc6045
221,2023-09-18 02:00:00+00:00,4,1,False,6507b22e39a237688acc6728
222,2023-09-18 02:00:00+00:00,8,1,False,6507be0d39a237688acc68ca
223,2023-09-18 04:00:00+00:00,4,1,False,6507d9d139a237688acc6c69
224,2023-09-20 00:00:00+00:00,7,2,False,650a4d9725b0bb2f15f65c5f -> 650a500a25b0bb2f15f65ca9
225,2023-09-20 02:00:00+00:00,8,1,False,650a6ceb25b0bb2f15f65ffd
226,2023-09-20 04:00:00+00:00,0,1,False,650a6f0025b0bb2f15f660ba
227,2023-09-20 04:00:00+00:00,9,1,False,650a6f7725b0bb2f15f660f2
228,2023-09-21 02:00:00+00:00,4,1,False,650bac8dd9e53014149e7f8b
229,2023-09-21 06:00:00+00:00,4,1,False,650bea5ed9e53014149e83a0
230,2023-09-21 08:00:00+00:00,4,1,False,650bfdbed9e53014149e8568
231,2023-09-21 10:00:00+00:00,4,1,False,650c272bd547002b39c74506
232,2023-09-21 14:00:00+00:00,6,1,False,650c4ee2d547002b39c746f5
233,2023-09-22 02:00:00+00:00,4,1,False,650d09d650fdce3fe1b0fdff
234,2023-09-22 04:00:00+00:00,4,1,False,650d16e250fdce3fe1b10012
235,2023-09-22 04:00:00+00:00,8,1,False,650d233b50fdce3fe1b1021f
236,2023-09-22 06:00:00+00:00,6,1,False,650d2eee50fdce3fe1b10436
237,2023-09-22 10:00:00+00:00,8,1,False,650d6d25b1c0f38fbf6118ec
238,2023-09-23 04:00:00+00:00,5,1,False,650e733eb1c0f38fbf611d2e
239,2023-09-23 18:00:00+00:00,4,1,False,650f30c6452644c9037c34f6
240,2023-09-23 18:00:00+00:00,9,1,False,650f360e452644c9037c350c
241,2023-09-24 04:00:00+00:00,1,1,False,650fbe59452644c9037c3a5a
242,2023-09-24 06:00:00+00:00,5,1,False,650fe009452644c9037c3d5a
243,2023-09-24 12:00:00+00:00,2,1,False,65102b87452644c9037c4b51
244,2023-09-25 06:00:00+00:00,4,1,False,65112357452644c9037c541d
245,2023-09-25 08:00:00+00:00,4,1,False,65114401452644c9037c560e
246,2023-09-25 12:00:00+00:00,8,1,False,65118538452644c9037c5a38
247,2023-09-25 14:00:00+00:00,6,1,False,6511a98b452644c9037c5ab5
248,2023-09-26 04:00:00+00:00,0,1,False,65125ea5452644c9037c6177
249,2023-09-26 06:00:00+00:00,0,1,False,65127c50452644c9037c64d1
250,2023-09-26 06:00:00+00:00,7,1,False,65127fcf452644c9037c6581
251,2023-09-26 06:00:00+00:00,8,1,False,65127f4a452644c9037c6518
252,2023-09-27 06:00:00+00:00,0,1,False,6513c8fb452644c9037c7c23
253,2023-09-27 06:00:00+00:00,8,1,False,6513c895452644c9037c7be6
254,2023-09-28 02:00:00+00:00,4,2,False,6514f42f9ac8e87ef9415b0f -> 6514f5069ac8e87ef9415b56
255,2023-09-28 04:00:00+00:00,6,1,False,65150c809ac8e87ef94160d0
256,2023-09-29 04:00:00+00:00,4,1,False,6516678b322d5c0cf180aab9
257,2023-09-29 06:00:00+00:00,4,2,False,65166875322d5c0cf180ab1f -> 65166bd6322d5c0cf180ac3c
258,2023-09-29 06:00:00+00:00,6,1,False,65167e50322d5c0cf180b08e
259,2023-09-29 08:00:00+00:00,0,1,False,651694a2322d5c0cf180b254
260,2023-09-30 02:00:00+00:00,5,1,False,65178a6e322d5c0cf180b701
261,2023-09-30 10:00:00+00:00,4,1,False,65180225322d5c0cf180ba76
262,2023-10-02 04:00:00+00:00,0,1,False,651a4257322d5c0cf180c210
263,2023-10-02 04:00:00+00:00,6,1,False,651a4745322d5c0cf180c327
264,2023-10-02 04:00:00+00:00,7,1,False,651a484a322d5c0cf180c361
265,2023-10-02 04:00:00+00:00,8,1,False,651a42f1322d5c0cf180c25d
266,2023-10-02 04:00:00+00:00,9,1,False,651a4129322d5c0cf180c1eb
267,2023-10-02 06:00:00+00:00,8,1,False,651a6dc6322d5c0cf180d31f
268,2023-10-02 08:00:00+00:00,4,1,False,651a7ff6800f3e2419386f7f
269,2023-10-02 10:00:00+00:00,0,1,False,651aa8bd800f3e24193873f6
270,2023-10-02 16:00:00+00:00,8,1,False,651af178800f3e2419387ab5
271,2023-10-03 04:00:00+00:00,4,1,False,651bab653d40ccc43b67110b
272,2023-10-03 06:00:00+00:00,4,1,False,651bb49a3d40ccc43b67132d
273,2023-10-03 08:00:00+00:00,6,1,False,651be53aa9c2631ec9e0f74c
274,2023-10-04 06:00:00+00:00,6,2,False,651d0298a9c2631ec9e10030 -> 651d0b8ba9c2631ec9e10198
275,2023-10-06 00:00:00+00:00,9,1,False,651f68d988d44bf7e0792689
276,2023-10-06 02:00:00+00:00,8,1,False,651f828a88d44bf7e0792796
277,2023-10-06 06:00:00+00:00,0,1,False,651fa57988d44bf7e0792b61
278,2023-10-06 06:00:00+00:00,6,1,False,651fb0dc88d44bf7e0793116
279,2023-10-07 02:00:00+00:00,1,1,False,6520c691edc6e7ed93cbe01f
280,2023-10-07 04:00:00+00:00,4,1,False,6520eac3edc6e7ed93cbe21f
281,2023-10-07 06:00:00+00:00,4,2,False,65210439edc6e7ed93cbe5ac -> 65210658edc6e7ed93cbe5d9
282,2023-10-07 20:00:00+00:00,4,1,False,6521c4f306af5c02eb339384
283,2023-10-08 10:00:00+00:00,0,1,False,652287c606af5c02eb33976f
284,2023-10-08 10:00:00+00:00,4,3,False,6522854206af5c02eb33963b -> 6522865306af5c02eb339682 -> 6522873506af5c02eb339730
285,2023-10-08 14:00:00+00:00,8,1,False,6522be8206af5c02eb339a45
286,2023-10-09 02:00:00+00:00,7,1,False,652377db06af5c02eb33a3a1
287,2023-10-09 04:00:00+00:00,0,1,False,6523914416fc92ef78cc894c
288,2023-10-09 06:00:00+00:00,6,2,False,6523a5cd16fc92ef78cc8cad -> 6523a9db16fc92ef78cc8d44
289,2023-10-09 10:00:00+00:00,6,1,False,6523d46716fc92ef78cc9480
290,2023-10-10 06:00:00+00:00,8,2,False,6524f69816fc92ef78cca34b -> 6524f72016fc92ef78cca375
291,2023-10-10 08:00:00+00:00,4,1,False,6525170216fc92ef78cca7d7
292,2023-10-10 08:00:00+00:00,6,1,False,65250b1e16fc92ef78cca694
293,2023-10-11 04:00:00+00:00,0,1,False,65263644d7babb76e24f01dd
294,2023-10-12 04:00:00+00:00,0,2,False,65277b589f3a817aaf29670a -> 652781be9f3a817aaf29683f
295,2023-10-12 04:00:00+00:00,6,1,False,652783c99f3a817aaf2968e4
296,2023-10-12 06:00:00+00:00,4,1,False,652790629f3a817aaf296c36
297,2023-10-12 14:00:00+00:00,4,1,False,6527fff05787b2d74c947d0d
298,2023-10-13 06:00:00+00:00,4,1,False,6528dd8ec57198e078777bb7
299,2023-10-13 06:00:00+00:00,8,1,False,6528e0c3c57198e078777c50
300,2023-10-13 10:00:00+00:00,8,1,False,65291679c57198e078778099
301,2023-10-16 10:00:00+00:00,1,1,False,652d2099fb4ed6645c99528c
302,2023-10-16 10:00:00+00:00,4,2,False,652d1b6ffb4ed6645c99523e -> 652d1da7fb4ed6645c99525d
303,2023-10-17 06:00:00+00:00,6,2,False,652e33affb4ed6645c995b78 -> 652e3e9efb4ed6645c995c7e
304,2023-10-18 04:00:00+00:00,0,1,False,652f6b274271b1bef68fac2b
305,2023-10-18 04:00:00+00:00,4,2,False,652f6a9a4271b1bef68fab7e -> 652f70244271b1bef68fada7
306,2023-10-18 04:00:00+00:00,6,1,False,652f6baf4271b1bef68fac3d
307,2023-10-18 06:00:00+00:00,6,1,False,652f85c14271b1bef68fb2fa
308,2023-10-18 06:00:00+00:00,9,1,False,652f7e794271b1bef68fb1f1
309,2023-10-18 18:00:00+00:00,4,1,False,65302358c417268785e45f79
310,2023-10-19 00:00:00+00:00,1,1,False,65308d15c417268785e460e4
311,2023-10-19 04:00:00+00:00,6,1,False,6530b04d97e822e6c88e6444
312,2023-10-19 04:00:00+00:00,7,1,False,6530aebf97e822e6c88e63a1
313,2023-10-19 04:00:00+00:00,8,1,False,6530af2997e822e6c88e63b5
314,2023-10-19 06:00:00+00:00,8,1,False,6530c75097e822e6c88e686e
315,2023-10-19 10:00:00+00:00,4,1,False,6531069c97e822e6c88e6e4a
316,2023-10-19 10:00:00+00:00,6,1,False,6530ff3697e822e6c88e6dda
317,2023-10-20 02:00:00+00:00,0,1,False,6531f48697e822e6c88e7b15
318,2023-10-20 16:00:00+00:00,4,1,False,6532a61897e822e6c88e839a
319,2023-10-20 16:00:00+00:00,6,1,False,6532b9d597e822e6c88e8456
320,2023-10-21 06:00:00+00:00,4,1,False,653370fa97e822e6c88e881f
321,2023-10-22 14:00:00+00:00,2,1,False,65352d6897e822e6c88e90c6
322,2023-10-22 14:00:00+00:00,7,1,False,65352c5497e822e6c88e9023
323,2023-10-23 12:00:00+00:00,4,1,False,653673ce97e822e6c88e98fe
324,2023-10-23 14:00:00+00:00,0,1,False,65368358577c64ad5684656e
325,2023-10-23 14:00:00+00:00,8,1,False,653682ec577c64ad568464d5
326,2023-10-24 02:00:00+00:00,6,1,False,65372fe0577c64ad56846b26
327,2023-10-24 12:00:00+00:00,2,1,False,6537b6108ca97e4c0c4e4790
328,2023-10-25 10:00:00+00:00,0,1,False,6538f2978ca97e4c0c4e57e2
329,2023-10-26 02:00:00+00:00,1,1,False,6539d93b8ca97e4c0c4e5bab
330,2023-10-26 06:00:00+00:00,2,1,False,653a07228ca97e4c0c4e5e4c
331,2023-10-27 10:00:00+00:00,3,1,False,653b94947941accd28f99767
332,2023-10-27 10:00:00+00:00,7,1,False,653b93827941accd28f99680
333,2023-10-27 16:00:00+00:00,2,1,False,653bed090da17b92bd8baf42
334,2023-10-28 08:00:00+00:00,4,1,False,653ccfbebf08f60a7200336e
335,2023-10-28 08:00:00+00:00,6,1,False,653cd0a5bf08f60a7200343b
336,2023-10-29 12:00:00+00:00,0,1,False,653e58a809fa7bc8f5013371
337,2023-10-30 06:00:00+00:00,2,1,False,653f4a3b09fa7bc8f50138c9
338,2023-10-31 06:00:00+00:00,6,1,False,65409d628f5664f27d7c67ee
339,2023-10-31 12:00:00+00:00,2,1,False,6540f7828f5664f27d7c6cb5
340,2023-11-01 10:00:00+00:00,0,1,False,65422bdd8f5664f27d7c71f3
341,2023-11-01 12:00:00+00:00,6,1,False,65424888c3d975fe7dbe32e3
342,2023-11-02 04:00:00+00:00,0,1,False,654322f8c3d975fe7dbe3a22
343,2023-11-03 00:00:00+00:00,4,1,False,6544510a198243e83613742d
344,2023-11-03 00:00:00+00:00,8,1,False,65445168198243e836137441
345,2023-11-03 02:00:00+00:00,0,1,False,65445fe6198243e836137840
346,2023-11-03 02:00:00+00:00,7,1,False,65445795198243e83613764a
347,2023-11-03 08:00:00+00:00,4,1,False,6544bb2d00df48c3e9c2c851
348,2023-11-03 14:00:00+00:00,4,1,False,654506dc00df48c3e9c2cf3a
349,2023-11-04 10:00:00+00:00,3,1,False,654620c700df48c3e9c2d484
350,2023-11-04 12:00:00+00:00,4,1,False,65464c5200df48c3e9c2da9f
351,2023-11-08 18:00:00+00:00,7,1,False,654bcf212a27777be2862ce6
352,2023-11-09 14:00:00+00:00,6,1,False,654cfce5480368a817f6a525
353,2023-11-09 16:00:00+00:00,1,1,False,654d1296480368a817f6a731
354,2023-11-11 04:00:00+00:00,2,1,False,654f032afbd947d1ba51b68f
355,2023-11-11 04:00:00+00:00,4,1,False,654f06d2fbd947d1ba51b7d4
356,2023-11-11 14:00:00+00:00,8,1,False,654f89beb2fe9632df0d2eaa
357,2023-11-12 12:00:00+00:00,4,1,False,6550da05b2fe9632df0d388d
358,2023-11-12 12:00:00+00:00,7,1,False,6550da30b2fe9632df0d389f
359,2023-11-12 14:00:00+00:00,2,1,False,6550dab0b2fe9632df0d38d6
360,2023-11-12 14:00:00+00:00,7,2,False,6550da70b2fe9632df0d38c8 -> 6550db54b2fe9632df0d3953
361,2023-11-13 04:00:00+00:00,6,1,False,6551a69ab2fe9632df0d5171
362,2023-11-14 04:00:00+00:00,7,1,False,6552f8366bdff319bfbdafad
363,2023-11-15 02:00:00+00:00,0,1,False,65543ff609f80bbb532576a1
364,2023-11-15 02:00:00+00:00,6,1,False,655441fa09f80bbb5325774d
365,2023-11-15 04:00:00+00:00,0,2,False,6554451009f80bbb53257848 -> 6554467909f80bbb53257887
366,2023-11-15 04:00:00+00:00,8,1,False,65544cf109f80bbb53257ef3
367,2023-11-15 10:00:00+00:00,0,1,False,6554ac9109f80bbb53258cdc
368,2023-11-15 10:00:00+00:00,7,1,False,6554acdc09f80bbb53258cf4
369,2023-11-15 14:00:00+00:00,4,1,False,6554cefc09f80bbb5325939d
370,2023-11-16 02:00:00+00:00,6,1,False,65557efa6a0125b9d7b9fdba
371,2023-11-16 04:00:00+00:00,1,1,False,65559ab06a0125b9d7ba0183
372,2023-11-16 04:00:00+00:00,6,1,False,65559b0f6a0125b9d7ba0232
373,2023-11-17 00:00:00+00:00,7,1,False,6556be0a6a0125b9d7ba1249
374,2023-11-17 02:00:00+00:00,6,1,False,6556d53b6a0125b9d7ba1578
375,2023-11-17 02:00:00+00:00,8,1,False,6556d5a96a0125b9d7ba1685
376,2023-11-17 06:00:00+00:00,1,1,False,65570d7e6a0125b9d7ba1e14
377,2023-11-17 06:00:00+00:00,4,1,False,655706556a0125b9d7ba1d3b
378,2023-11-18 02:00:00+00:00,9,1,False,65581e204c450e5d893bf6a4
379,2023-11-18 08:00:00+00:00,9,1,False,655878d64c450e5d893bfd97
380,2023-11-19 02:00:00+00:00,4,1,False,65596cfc4c450e5d893c04cc
381,2023-11-19 12:00:00+00:00,7,2,False,655a04496334442d4839c502 -> 655a05986334442d4839c617
382,2023-11-19 12:00:00+00:00,8,1,False,655a04f46334442d4839c586
383,2023-11-19 16:00:00+00:00,1,1,False,655a36486334442d4839c8c8
384,2023-11-20 10:00:00+00:00,4,1,False,655b33496334442d4839d3fa
385,2023-11-20 18:00:00+00:00,0,1,False,655bac3b6334442d4839d983
386,2023-11-21 06:00:00+00:00,0,1,False,655c60e06334442d4839e211
387,2023-11-21 06:00:00+00:00,1,1,False,655c628b6334442d4839e260
388,2023-11-21 10:00:00+00:00,9,1,False,655c872e6334442d4839e699
389,2023-11-22 00:00:00+00:00,7,1,False,655d5fea6334442d4839ed75
390,2023-11-22 00:00:00+00:00,8,1,False,655d60506334442d4839eda3
391,2023-11-23 06:00:00+00:00,9,1,False,655eeb226334442d4839f66b
392,2023-11-24 04:00:00+00:00,0,1,False,656035e46334442d4839ff06
393,2023-11-24 04:00:00+00:00,6,1,False,65603abb6334442d4839ffaa
394,2023-11-24 08:00:00+00:00,4,1,False,65606d07f262a21f35ea4923
395,2023-11-24 10:00:00+00:00,0,1,False,65608c3ef262a21f35ea4ca3
396,2023-11-24 14:00:00+00:00,2,1,False,6560b4e4f262a21f35ea4f4f
397,2023-11-24 14:00:00+00:00,4,1,False,6560c240f262a21f35ea50b6
398,2023-11-25 04:00:00+00:00,0,1,False,65618b0df262a21f35ea5a2d
399,2023-11-25 14:00:00+00:00,0,1,False,6561ff98f262a21f35ea6128
400,2023-11-26 14:00:00+00:00,2,1,False,656354d7f262a21f35ea6933
401,2023-11-26 14:00:00+00:00,4,2,False,65635465f262a21f35ea6908 -> 65636072f262a21f35ea6a5d
402,2023-11-26 16:00:00+00:00,3,1,False,65636b83f262a21f35ea6afe
403,2023-11-27 12:00:00+00:00,7,1,False,6564a0dcf262a21f35ea7790
404,2023-11-27 14:00:00+00:00,4,1,False,6564a248f262a21f35ea7830
405,2023-11-28 10:00:00+00:00,6,1,False,6565cc0ff262a21f35ea81f1
406,2023-11-29 06:00:00+00:00,4,1,False,6566d5fe1a3e7cdd80c6522e
407,2023-11-29 08:00:00+00:00,4,1,False,6566feaf852af0bbec46d718
408,2023-11-29 08:00:00+00:00,6,1,False,6566f954852af0bbec46d5d8
409,2023-11-30 08:00:00+00:00,0,1,False,65685062852af0bbec46dd6f
410,2023-11-30 08:00:00+00:00,4,1,False,65685162852af0bbec46dd92
411,2023-11-30 10:00:00+00:00,4,1,False,65686859852af0bbec46df52
412,2023-12-09 04:00:00+00:00,1,1,False,6573f4b312e961a55ca026f6
413,2023-12-09 04:00:00+00:00,6,1,False,6573f45a12e961a55ca026cd
414,2023-12-09 06:00:00+00:00,9,1,False,65740fba12e961a55ca02a50
415,2023-12-09 08:00:00+00:00,8,1,False,6574375a12e961a55ca02c69
416,2023-12-11 06:00:00+00:00,6,1,False,6576b8638bd4b73dac11b258
417,2023-12-11 14:00:00+00:00,3,1,False,6577221f6c7512b40dd4d96e
418,2023-12-11 14:00:00+00:00,6,1,False,657723b16c7512b40dd4da1b
419,2023-12-13 04:00:00+00:00,6,2,False,657944039b6741ad23d86350 -> 657944729b6741ad23d8641c
420,2023-12-13 14:00:00+00:00,9,1,False,6579ba8088830ad31f11aac4
421,2023-12-14 02:00:00+00:00,6,1,False,657a746a88830ad31f11ae0b
422,2023-12-15 00:00:00+00:00,2,1,False,657bb019f20b51302c7dc80b
423,2023-12-15 06:00:00+00:00,1,1,False,657bf1f50874f51590317a09
424,2023-12-15 12:00:00+00:00,7,1,False,657c5273d2d36e2d3741d8d2
425,2023-12-17 12:00:00+00:00,5,1,False,657efc8301273c09fae00af3
426,2023-12-18 10:00:00+00:00,6,1,False,65802e6901273c09fae0109d
427,2023-12-18 10:00:00+00:00,9,1,False,65802dd401273c09fae0106a
428,2023-12-19 02:00:00+00:00,4,2,False,6580fa7c01273c09fae0129c -> 6580fb4201273c09fae0133c
429,2023-12-19 08:00:00+00:00,6,1,False,65816075a5083abd7195b224
430,2023-12-19 08:00:00+00:00,7,1,False,6581540da5083abd7195b15c
431,2023-12-20 10:00:00+00:00,0,1,False,6582d59557fb10f190e0f226
432,2023-12-20 14:00:00+00:00,7,1,False,6582fd7657fb10f190e0f383
433,2023-12-22 02:00:00+00:00,9,1,False,6584fb6057fb10f190e0fb59
434,2023-12-22 04:00:00+00:00,6,1,False,65850ad757fb10f190e0fc2e
435,2023-12-22 14:00:00+00:00,6,1,False,6585a1a157fb10f190e1009a
436,2023-12-25 12:00:00+00:00,7,2,False,658978eb57fb10f190e10afc -> 6589798e57fb10f190e10bff
437,2023-12-25 14:00:00+00:00,3,1,False,6589a5e357fb10f190e10dac
438,2023-12-26 02:00:00+00:00,8,1,False,658a417a57fb10f190e10f4a
439,2023-12-26 04:00:00+00:00,8,1,False,658a529857fb10f190e1124b
440,2023-12-27 16:00:00+00:00,2,1,False,658c4b9f46151b63c19d3f7a
441,2023-12-27 16:00:00+00:00,7,1,False,658c4d8a46151b63c19d400b
442,2023-12-28 00:00:00+00:00,9,1,False,658ccc6b46151b63c19d40e1
443,2023-12-28 02:00:00+00:00,4,1,False,658cedf946151b63c19d4433
444,2023-12-28 04:00:00+00:00,1,1,False,658d033146151b63c19d46e8
445,2023-12-28 10:00:00+00:00,4,1,False,658d4ed446151b63c19d4ca9
446,2023-12-30 00:00:00+00:00,6,1,False,658f789934efef1b6dc36217
447,2024-01-02 04:00:00+00:00,2,1,False,659391a982e4f564d2329c04
448,2024-01-03 02:00:00+00:00,6,1,False,6594c275c93fc5b0ee38c516
449,2024-01-03 10:00:00+00:00,6,1,False,6595345ec93fc5b0ee38c9c4
450,2024-01-04 06:00:00+00:00,8,1,False,65964bcd7ef10f912879f4b3
451,2024-01-05 08:00:00+00:00,0,1,False,6597bb83927203f4f8ac9023
452,2024-01-05 08:00:00+00:00,6,1,False,6597becb927203f4f8ac9097
453,2024-01-09 22:00:00+00:00,9,1,False,659ddbc0d56a6b4e86e2a417
454,2024-01-10 04:00:00+00:00,4,2,False,659e18dcd56a6b4e86e2a739 -> 659e19abd56a6b4e86e2a7c8
455,2024-01-10 08:00:00+00:00,7,1,False,659e57127c145e4379be8dd7
456,2024-01-11 02:00:00+00:00,6,1,False,659f50cc60879d9d855a5f76
457,2024-01-11 02:00:00+00:00,8,2,False,659f511e60879d9d855a5f88 -> 659f518f60879d9d855a5f9b
458,2024-01-12 04:00:00+00:00,7,1,False,65a0c841cbdcf2dab653d953
459,2024-01-12 10:00:00+00:00,5,1,False,65a10ef012c52b180d7498ea
460,2024-01-13 08:00:00+00:00,8,1,False,65a25dab12c52b180d74a11d
461,2024-01-14 12:00:00+00:00,6,1,False,65a3dc1a12c52b180d74a658
462,2024-01-15 06:00:00+00:00,0,1,False,65a4e45c12c52b180d74b013
463,2024-01-16 04:00:00+00:00,4,1,False,65a600909539e97b16261367
464,2024-01-17 02:00:00+00:00,6,1,False,65a74cb19539e97b1626187d
465,2024-01-17 12:00:00+00:00,6,1,False,65a7c1929539e97b16261c90
466,2024-01-18 08:00:00+00:00,6,1,False,65a8ec19c6210fb8fd1a9983
467,2024-01-19 04:00:00+00:00,6,1,False,65aa0ca2c6210fb8fd1aa529
468,2024-01-19 06:00:00+00:00,5,1,False,65aa1296c6210fb8fd1aa633
469,2024-01-21 14:00:00+00:00,0,1,False,65ad2e414f4099764265559f
470,2024-01-21 14:00:00+00:00,6,1,False,65ad3ae24f40997642655610
471,2024-01-22 02:00:00+00:00,1,1,False,65ade6e04f40997642655e37
472,2024-01-22 02:00:00+00:00,6,1,False,65ade6904f40997642655e0e
473,2024-01-22 02:00:00+00:00,9,1,False,65add8184f40997642655a48
474,2024-01-22 08:00:00+00:00,4,1,False,65ae326e4f4099764265698c
475,2024-01-24 02:00:00+00:00,4,1,False,65b081701bce2f41362e0c2e
476,2024-01-24 04:00:00+00:00,9,1,False,65b09cbdd90939ea567323e4
477,2024-01-25 04:00:00+00:00,8,1,False,65b1f545f2e993f3dfe84d78
478,2024-01-25 08:00:00+00:00,4,1,False,65b224fbf2e993f3dfe85049
479,2024-01-26 02:00:00+00:00,2,1,False,65b3297df2e993f3dfe859bb
480,2024-01-26 02:00:00+00:00,9,1,False,65b32a18f2e993f3dfe85a66
481,2024-01-26 08:00:00+00:00,4,1,False,65b3757ef2e993f3dfe86087
482,2024-01-27 04:00:00+00:00,4,1,False,65b494073c0096cac1ea2690
483,2024-01-27 08:00:00+00:00,4,1,False,65b4cbbf9e91084effb9e947
484,2024-01-28 12:00:00+00:00,8,1,False,65b65d4b2853ec33a9a3a7ac
485,2024-01-28 14:00:00+00:00,0,1,False,65b6697b2853ec33a9a3a85f
486,2024-01-28 14:00:00+00:00,8,1,False,65b6681c2853ec33a9a3a819
487,2024-01-28 16:00:00+00:00,4,1,False,65b693212853ec33a9a3a8cd
488,2024-01-28 18:00:00+00:00,6,1,False,65b696ff2853ec33a9a3a9fc
489,2024-01-29 00:00:00+00:00,3,1,False,65b7037f2853ec33a9a3ab83
490,2024-01-29 04:00:00+00:00,6,1,False,65b7278d624c8e2168d06701
491,2024-01-29 04:00:00+00:00,7,2,False,65b7289d624c8e2168d067d8 -> 65b73287624c8e2168d06b86
492,2024-01-29 04:00:00+00:00,8,1,False,65b724ec624c8e2168d06423
493,2024-01-29 04:00:00+00:00,9,1,False,65b72b44624c8e2168d0695d
494,2024-01-29 06:00:00+00:00,6,1,False,65b7494d624c8e2168d072f9
495,2024-01-30 02:00:00+00:00,6,1,False,65b86e635804904ade2ed4a4
496,2024-01-30 02:00:00+00:00,9,1,False,65b86df65804904ade2ed43e
497,2024-01-30 06:00:00+00:00,4,1,False,65b894e75804904ade2edac5
498,2024-01-30 08:00:00+00:00,1,1,False,65b8b1fe5804904ade2ee052
499,2024-01-30 14:00:00+00:00,5,1,False,65b909c75804904ade2ee606
500,2024-01-31 02:00:00+00:00,2,2,False,65b9bea25804904ade2ee9b1 -> 65b9c5865804904ade2eec0d
501,2024-01-31 02:00:00+00:00,4,3,False,65b9be075804904ade2ee98b -> 65b9c08f5804904ade2eea89 -> 65b9c3f25804904ade2eeb11
502,2024-01-31 02:00:00+00:00,9,1,False,65b9bf3d5804904ade2ee9fb
503,2024-01-31 04:00:00+00:00,8,1,False,65b9d69a5804904ade2ef175
504,2024-01-31 08:00:00+00:00,9,1,False,65ba19735804904ade2efa45
505,2024-01-31 12:00:00+00:00,0,1,False,65ba50245804904ade2f01de
506,2024-01-31 12:00:00+00:00,6,1,False,65ba37385804904ade2efd7c
507,2024-02-01 02:00:00+00:00,4,1,False,65bb0ef956d4f5d21ff8403c
508,2024-02-01 04:00:00+00:00,0,2,False,65bb1ab156d4f5d21ff841dd -> 65bb1b8556d4f5d21ff84231
509,2024-02-01 04:00:00+00:00,1,2,False,65bb1d7b56d4f5d21ff84496 -> 65bb22d556d4f5d21ff848c3
510,2024-02-01 04:00:00+00:00,2,1,False,65bb1bf656d4f5d21ff84295
511,2024-02-01 04:00:00+00:00,4,4,False,65bb19f456d4f5d21ff841a4 -> 65bb1c4b56d4f5d21ff842cb -> 65bb1d4b56d4f5d21ff843ad -> 65bb248856d4f5d21ff849dd
512,2024-02-01 04:00:00+00:00,8,1,False,65bb1e6a56d4f5d21ff845b3
513,2024-02-01 06:00:00+00:00,0,1,False,65bb4d89e7c73caad5aa8b91
514,2024-02-01 08:00:00+00:00,4,1,False,65bb5c9ee7c73caad5aa8d68
515,2024-02-01 12:00:00+00:00,2,1,False,65bb92cae7c73caad5aa9736
516,2024-02-01 12:00:00+00:00,4,1,False,65bb93d3e7c73caad5aa9782
517,2024-02-01 12:00:00+00:00,9,1,False,65bb94a4e7c73caad5aa98ed
518,2024-02-02 00:00:00+00:00,4,3,False,65bc495ee5fd84b5ca81d33c -> 65bc4acee5fd84b5ca81d3e9 -> 65bc4b9ce5fd84b5ca81d49f
519,2024-02-02 00:00:00+00:00,7,1,False,65bc4c88e5fd84b5ca81d56b
520,2024-02-02 02:00:00+00:00,4,3,False,65bc4d20e5fd84b5ca81d5a1 -> 65bc4e2ce5fd84b5ca81d688 -> 65bc4f0be5fd84b5ca81d6c3
521,2024-02-02 04:00:00+00:00,0,1,False,65bc7416e5fd84b5ca81dd97
522,2024-02-02 04:00:00+00:00,2,1,False,65bc77aae5fd84b5ca81df98
523,2024-02-02 04:00:00+00:00,4,2,False,65bc7281e5fd84b5ca81dbcb -> 65bc72c4e5fd84b5ca81dc23
524,2024-02-02 04:00:00+00:00,6,2,False,65bc735ee5fd84b5ca81dc7f -> 65bc73d1e5fd84b5ca81dd10
525,2024-02-02 06:00:00+00:00,9,1,False,65bc9bdf0000d952180d807f
526,2024-02-02 08:00:00+00:00,4,1,False,65bcaf880000d952180d8714
527,2024-02-02 08:00:00+00:00,8,1,False,65bca7650000d952180d849d
528,2024-02-02 10:00:00+00:00,0,1,False,65bcd1340000d952180d8c64
529,2024-02-03 02:00:00+00:00,4,1,False,65bdad04573936e36a308c52
530,2024-02-03 06:00:00+00:00,5,1,False,65bded25573936e36a309530
531,2024-02-04 00:00:00+00:00,0,1,False,65bee209573936e36a309b27
532,2024-02-04 00:00:00+00:00,6,1,False,65bee38e573936e36a309ba5
533,2024-02-04 06:00:00+00:00,0,1,False,65bf285b573936e36a309e01
534,2024-02-04 06:00:00+00:00,4,1,False,65bf2b97573936e36a309e57
535,2024-02-04 06:00:00+00:00,6,3,False,65bf2bde573936e36a309e7e -> 65bf2ca0573936e36a309fed -> 65bf3a33573936e36a30a265
536,2024-02-04 06:00:00+00:00,8,1,False,65bf2bf2573936e36a309e91
537,2024-02-05 00:00:00+00:00,4,1,False,65c02ea336006e25edcd3db9
538,2024-02-05 00:00:00+00:00,7,1,False,65c02f0e36006e25edcd3dda
539,2024-02-05 02:00:00+00:00,0,1,False,65c045b136006e25edcd4219
540,2024-02-05 02:00:00+00:00,1,1,False,65c0530336006e25edcd4a66
541,2024-02-05 02:00:00+00:00,4,2,False,65c05b4d36006e25edcd4e90 -> 65c05bfa36006e25edcd4fc0
542,2024-02-05 04:00:00+00:00,1,1,False,65c0748a282472f3b268d0e1
543,2024-02-05 04:00:00+00:00,4,2,False,65c0605536006e25edcd521a -> 65c061c336006e25edcd5283
544,2024-02-05 04:00:00+00:00,5,1,False,65c066ba36006e25edcd53d5
545,2024-02-05 06:00:00+00:00,2,1,False,65c080b2282472f3b268d4d2
546,2024-02-05 06:00:00+00:00,6,2,False,65c07f42282472f3b268d402 -> 65c094a0282472f3b268dd48
547,2024-02-05 08:00:00+00:00,8,1,False,65c09641282472f3b268dea3
548,2024-02-05 10:00:00+00:00,1,1,False,65c0c350282472f3b268e9b0
549,2024-02-05 16:00:00+00:00,6,1,False,65c11d78dcd755b0ef5a5202
550,2024-02-05 16:00:00+00:00,9,1,False,65c1097edcd755b0ef5a4e1d
551,2024-02-06 02:00:00+00:00,0,1,False,65c1ab3cdcd755b0ef5a5d71
552,2024-02-06 02:00:00+00:00,1,1,False,65c19539dcd755b0ef5a5611
553,2024-02-06 02:00:00+00:00,4,1,False,65c1a9c2dcd755b0ef5a59f6
554,2024-02-06 02:00:00+00:00,8,1,False,65c1aad2dcd755b0ef5a5b9d
555,2024-02-06 04:00:00+00:00,0,2,False,65c1b8f1428b469dc45f7424 -> 65c1c920623505b48dfc3f98
556,2024-02-06 04:00:00+00:00,2,2,False,65c1b86e428b469dc45f7008 -> 65c1b8b3428b469dc45f72e6
557,2024-02-06 04:00:00+00:00,5,1,False,65c1b6d0428b469dc45f6ea5
558,2024-02-06 06:00:00+00:00,2,1,False,65c1d89a50a7e3eb060aa4fb
559,2024-02-06 06:00:00+00:00,3,1,False,65c1d56650a7e3eb060aa2e3
560,2024-02-06 06:00:00+00:00,6,1,False,65c1dcc850a7e3eb060aa693
561,2024-02-06 08:00:00+00:00,4,1,False,65c1fc6750a7e3eb060aae40
562,2024-02-06 08:00:00+00:00,8,1,False,65c1fc0e50a7e3eb060aadfc
563,2024-02-06 10:00:00+00:00,4,1,False,65c2043850a7e3eb060aaf67
564,2024-02-15 04:00:00+00:00,2,1,False,65cd952ef08445c628eaab8d
565,2024-02-15 04:00:00+00:00,4,2,False,65cd9673f08445c628eaad02 -> 65cd972cf08445c628eaada1
566,2024-02-15 04:00:00+00:00,7,1,False,65cd9584f08445c628eaabbb
567,2024-02-16 02:00:00+00:00,9,1,False,65cecb1ef08445c628eab9b0
568,2024-02-16 04:00:00+00:00,0,1,False,65cee4a5f08445c628eabc58
569,2024-02-16 04:00:00+00:00,1,1,False,65ceddf8f08445c628eabbc8
570,2024-02-17 02:00:00+00:00,0,1,False,65d028f6f08445c628eacc3d
571,2024-02-17 02:00:00+00:00,4,2,False,65d02943f08445c628eacc92 -> 65d02e66f08445c628eacdbf
572,2024-02-17 04:00:00+00:00,4,1,False,65d0428a347c9179ee9bd005
573,2024-02-17 08:00:00+00:00,6,1,False,65d074a3347c9179ee9bd466
574,2024-02-17 10:00:00+00:00,4,1,False,65d08487347c9179ee9bd7b3
575,2024-02-18 06:00:00+00:00,1,1,False,65d19d1c347c9179ee9be096
576,2024-02-18 06:00:00+00:00,9,1,False,65d1b857347c9179ee9be222
577,2024-02-19 02:00:00+00:00,6,1,False,65d2b9ec347c9179ee9be731
578,2024-02-19 02:00:00+00:00,9,3,False,65d2bd0b347c9179ee9be7c5 -> 65d2c000347c9179ee9be87d -> 65d2d121347c9179ee9bee95
579,2024-02-19 04:00:00+00:00,3,1,False,65d2eb7e347c9179ee9bf8eb
580,2024-02-19 04:00:00+00:00,9,1,False,65d2da90347c9179ee9bf023
581,2024-02-19 06:00:00+00:00,0,1,False,65d30429c2399371767af8b3
582,2024-02-19 06:00:00+00:00,9,1,False,65d3091ac2399371767af97c
583,2024-02-19 08:00:00+00:00,9,1,False,65d31da7c2399371767afbf7
584,2024-02-19 12:00:00+00:00,9,1,False,65d35744c2399371767b0005
585,2024-02-20 00:00:00+00:00,1,1,False,65d3f83ac2399371767b077b
586,2024-02-20 00:00:00+00:00,4,1,False,65d3f8bdc2399371767b090e
587,2024-02-20 00:00:00+00:00,9,1,False,65d3fc4dc2399371767b0afa
588,2024-02-20 02:00:00+00:00,4,2,False,65d419d1c2399371767b1281 -> 65d41a7ac2399371767b13e9
589,2024-02-20 02:00:00+00:00,7,1,False,65d41adbc2399371767b1415
590,2024-02-20 02:00:00+00:00,9,2,False,65d4165ac2399371767b0efc -> 65d41a14c2399371767b12bc
591,2024-02-20 04:00:00+00:00,7,1,False,65d43bbe9ad6745b97ca9960
592,2024-02-20 08:00:00+00:00,0,1,False,65d4680d9ad6745b97caa363
593,2024-02-21 02:00:00+00:00,2,1,False,65d570b79ad6745b97caabab
594,2024-02-21 02:00:00+00:00,4,2,False,65d5711a9ad6745b97caabea -> 65d571a19ad6745b97caac25
595,2024-02-21 02:00:00+00:00,6,1,False,65d5744e9ad6745b97caae33
596,2024-02-21 02:00:00+00:00,9,1,False,65d55c289ad6745b97caa917
597,2024-02-21 04:00:00+00:00,2,1,False,65d575cd9ad6745b97cab228
598,2024-02-21 06:00:00+00:00,4,1,False,65d5a4c69ad6745b97cabdaa
599,2024-02-21 08:00:00+00:00,6,1,False,65d5b8979ad6745b97cac2d5
600,2024-02-21 08:00:00+00:00,8,1,False,65d5af899ad6745b97cac0d7
601,2024-02-21 10:00:00+00:00,9,3,False,65d5e0fd5d0a0b79aab0d426 -> 65d5e1265d0a0b79aab0d44d -> 65d5e13a5d0a0b79aab0d465
602,2024-02-22 02:00:00+00:00,0,2,False,65d6c0daf37384db2e7945ec -> 65d6c10df37384db2e794657
603,2024-02-22 02:00:00+00:00,7,1,False,65d6ad5cf37384db2e7943a4
604,2024-02-22 04:00:00+00:00,4,2,False,65d6c77bf37384db2e7948a7 -> 65d6cc23f37384db2e794b9b
605,2024-02-22 04:00:00+00:00,9,1,False,65d6d4e4f37384db2e794ea0
606,2024-02-22 08:00:00+00:00,7,1,False,65d701c8f37384db2e795832
607,2024-02-22 08:00:00+00:00,9,1,False,65d70473f37384db2e795a0a
608,2024-02-22 12:00:00+00:00,9,3,False,65d746caf37384db2e796045 -> 65d74705f37384db2e796060 -> 65d74727f37384db2e79607c
609,2024-02-23 04:00:00+00:00,0,1,False,65d831e3f37384db2e7969b0
610,2024-02-23 04:00:00+00:00,4,1,False,65d81bc1f37384db2e796690
611,2024-02-23 04:00:00+00:00,7,1,False,65d81bf2f37384db2e7966c7
612,2024-02-23 08:00:00+00:00,0,1,False,65d8676df37384db2e79714b
613,2024-02-23 08:00:00+00:00,6,1,False,65d8681ff37384db2e797203
614,2024-02-23 16:00:00+00:00,9,4,False,65d8c7a8357791dc78661d1c -> 65d8c80a357791dc78661d3e -> 65d8c888357791dc78661d55 -> 65d8c899357791dc78661d72
615,2024-02-24 02:00:00+00:00,0,2,False,65d968c3357791dc7866242b -> 65d96963357791dc78662496
616,2024-02-24 02:00:00+00:00,4,1,False,65d96994357791dc786624cd
617,2024-02-25 14:00:00+00:00,9,2,False,65db5404357791dc786634c3 -> 65db5416357791dc786634db
618,2024-02-25 16:00:00+00:00,9,1,False,65db6532357791dc78663562
619,2024-02-26 02:00:00+00:00,2,1,False,65dc06b6357791dc78663a87
620,2024-02-26 10:00:00+00:00,0,1,False,65dc6b7ea5c5198209d1d766
621,2024-02-26 16:00:00+00:00,9,2,False,65dcc434b660cdbe797f6005 -> 65dcc47cb660cdbe797f6030
622,2024-02-27 00:00:00+00:00,4,1,False,65dd368fb660cdbe797f6314
623,2024-02-27 00:00:00+00:00,6,1,False,65dd40e3b660cdbe797f6518
624,2024-02-27 02:00:00+00:00,4,1,False,65dd4cd2b660cdbe797f6965
625,2024-02-27 04:00:00+00:00,4,2,False,65dd5ef3b660cdbe797f6d73 -> 65dd602fb660cdbe797f6f33
626,2024-02-27 04:00:00+00:00,7,1,False,65dd5f27b660cdbe797f6d9d
627,2024-02-27 04:00:00+00:00,8,1,False,65dd5ff5b660cdbe797f6f1b
628,2024-02-27 04:00:00+00:00,9,1,False,65dd79f2e167fc53154863a3
629,2024-02-28 00:00:00+00:00,7,1,False,65de8dae9422b0c6cdad0006
630,2024-02-28 02:00:00+00:00,2,1,False,65deace89422b0c6cdad04b1
631,2024-02-28 02:00:00+00:00,4,1,False,65dead1c9422b0c6cdad04f9
632,2024-02-28 02:00:00+00:00,6,1,False,65de9fe29422b0c6cdad0278
633,2024-02-28 04:00:00+00:00,2,1,False,65debd4eb695ce690730f6fa
634,2024-02-28 04:00:00+00:00,4,1,False,65deb678b695ce690730f45e
635,2024-02-28 06:00:00+00:00,9,1,False,65ded09140d7e93bed7174de
636,2024-02-28 10:00:00+00:00,5,1,False,65df0a8940d7e93bed717d0b
637,2024-02-29 02:00:00+00:00,0,1,False,65dfe5da2b62031dc4562af7
638,2024-02-29 02:00:00+00:00,6,1,False,65dff0c72b62031dc4562dd1
639,2024-02-29 02:00:00+00:00,7,1,False,65dfe5962b62031dc4562943
640,2024-02-29 06:00:00+00:00,2,1,False,65e0237a939521e6c87d020d
641,2024-02-29 06:00:00+00:00,6,1,False,65e03718939521e6c87d0732
642,2024-02-29 08:00:00+00:00,2,1,False,65e05458939521e6c87d13c2
643,2024-02-29 08:00:00+00:00,6,1,False,65e04c95939521e6c87d0fd3
644,2024-03-01 04:00:00+00:00,0,1,False,65e155eff632619df9c15c89
645,2024-03-01 04:00:00+00:00,4,2,False,65e1555cf632619df9c15c3b -> 65e15630f632619df9c15cd2
646,2024-03-01 04:00:00+00:00,7,1,False,65e15a38f632619df9c15d8d
647,2024-03-01 10:00:00+00:00,9,2,False,65e1be97a332384ead88e655 -> 65e1beb3a332384ead88e66d
648,2024-03-02 04:00:00+00:00,6,1,False,65e2b631a332384ead88ef82
649,2024-03-02 04:00:00+00:00,7,1,False,65e2b54da332384ead88ee36
650,2024-03-02 06:00:00+00:00,1,1,False,65e2d8dd625b5f3a1049e793
651,2024-03-02 08:00:00+00:00,0,1,False,65e2f130625b5f3a1049ec3c
652,2024-03-02 08:00:00+00:00,5,1,False,65e2f17e625b5f3a1049edf3
653,2024-03-02 08:00:00+00:00,7,1,False,65e2e6cc625b5f3a1049e95f
654,2024-03-03 14:00:00+00:00,9,1,False,65e495d6625b5f3a1049fd36
655,2024-03-04 06:00:00+00:00,4,1,False,65e57cfe625b5f3a104a0bfc
656,2024-03-04 06:00:00+00:00,6,1,False,65e56be0625b5f3a104a06f0
657,2024-03-04 06:00:00+00:00,9,1,False,65e56c3a625b5f3a104a08c1
658,2024-03-04 14:00:00+00:00,8,1,False,65e5d6c3625b5f3a104a13da
659,2024-03-05 02:00:00+00:00,4,1,False,65e69817625b5f3a104a190a
660,2024-03-05 04:00:00+00:00,0,1,False,65e69970625b5f3a104a1ad2
661,2024-03-05 04:00:00+00:00,4,1,False,65e699dc625b5f3a104a1b1e
662,2024-03-05 04:00:00+00:00,8,1,False,65e69a26625b5f3a104a1b48
663,2024-03-05 12:00:00+00:00,9,2,False,65e7146ea25037fcea42acfa -> 65e7149aa25037fcea42ad17
664,2024-03-06 00:00:00+00:00,1,1,False,65e7c90633f89d12f1cd1934
665,2024-03-06 04:00:00+00:00,0,1,False,65e8010d33f89d12f1cd2364
666,2024-03-06 04:00:00+00:00,4,2,False,65e7fca433f89d12f1cd1f83 -> 65e7fdc233f89d12f1cd2089
667,2024-03-06 04:00:00+00:00,7,1,False,65e7fcee33f89d12f1cd1fcc
668,2024-03-07 02:00:00+00:00,2,1,False,65e93575219f5827eaef316e
669,2024-03-07 02:00:00+00:00,4,2,False,65e934f9219f5827eaef30b8 -> 65e935e6219f5827eaef31b2
670,2024-03-07 08:00:00+00:00,0,1,False,65e97bd6219f5827eaef39f5
671,2024-03-07 10:00:00+00:00,3,1,False,65e994b1219f5827eaef3df3
672,2024-03-07 14:00:00+00:00,6,1,False,65e9db238fecdc6abd0fea07
673,2024-03-08 02:00:00+00:00,0,1,False,65ea88d38fecdc6abd0ff1de
674,2024-03-08 02:00:00+00:00,4,1,False,65ea84538fecdc6abd0fef24
675,2024-03-08 02:00:00+00:00,6,1,False,65ea88498fecdc6abd0ff12a
676,2024-03-08 02:00:00+00:00,9,2,False,65ea7f3f8fecdc6abd0fee07 -> 65ea87e18fecdc6abd0ff0b8
677,2024-03-08 04:00:00+00:00,4,1,False,65eaa63a8fecdc6abd0ffbf2
678,2024-03-08 04:00:00+00:00,6,1,False,65eaa93d8fecdc6abd0ffe3a
679,2024-03-08 04:00:00+00:00,7,1,False,65eaa6b28fecdc6abd0ffc7d
680,2024-03-08 04:00:00+00:00,9,3,False,65ea900f8fecdc6abd0ff58c -> 65eaa0b18fecdc6abd0ff93c -> 65eaa0c38fecdc6abd0ff954
681,2024-03-08 10:00:00+00:00,9,1,False,65eae9d62a6a160ae89536fb
682,2024-03-09 02:00:00+00:00,0,1,False,65ebd669c95b44438437da18
683,2024-03-09 02:00:00+00:00,4,2,False,65ebd387c95b44438437d8d2 -> 65ebdc9cc95b44438437db73
684,2024-03-09 02:00:00+00:00,7,1,False,65ebd41ac95b44438437d945
685,2024-03-09 04:00:00+00:00,0,1,False,65ebeb8ac95b44438437df2e
686,2024-03-09 06:00:00+00:00,2,1,False,65ec067cc95b44438437e848
687,2024-03-10 16:00:00+00:00,3,1,False,65edec139d4d9618852ed09b
688,2024-03-11 02:00:00+00:00,3,1,False,65ee6a1b9d4d9618852ed3d5
689,2024-03-11 02:00:00+00:00,7,1,False,65ee7f239d4d9618852ed93c
690,2024-03-11 04:00:00+00:00,9,1,False,65ee8f729d4d9618852edc39
691,2024-03-11 08:00:00+00:00,4,1,False,65eec8fd9d4d9618852ee24a
692,2024-03-12 02:00:00+00:00,4,1,False,65efd205dfdb6cd659fca619
693,2024-03-12 02:00:00+00:00,9,2,False,65efd2dedfdb6cd659fca797 -> 65efd2efdfdb6cd659fca7b2
694,2024-03-12 04:00:00+00:00,6,1,False,65efef53dfdb6cd659fcae94
695,2024-03-12 04:00:00+00:00,7,1,False,65efd417dfdb6cd659fca875
696,2024-03-12 06:00:00+00:00,4,1,False,65eff699dfdb6cd659fcb1e0
697,2024-03-12 06:00:00+00:00,5,2,False,65eff15edfdb6cd659fcb053 -> 65f00839dfdb6cd659fcb467
698,2024-03-12 06:00:00+00:00,6,1,False,65eff08ddfdb6cd659fcafbf
699,2024-03-13 02:00:00+00:00,8,1,False,65f11cc0dfdb6cd659fcc243
700,2024-03-13 04:00:00+00:00,9,2,False,65f129bbdfdb6cd659fcc53b -> 65f129cddfdb6cd659fcc556
701,2024-03-13 16:00:00+00:00,6,1,False,65f1d9698863f9257ab689fd
702,2024-03-14 02:00:00+00:00,4,1,False,65f27063beb0eb8389205d8d
703,2024-03-14 02:00:00+00:00,7,1,False,65f27106beb0eb8389205e68
704,2024-03-14 02:00:00+00:00,8,1,False,65f275c2beb0eb8389205ffc
705,2024-03-14 04:00:00+00:00,4,1,False,65f27655beb0eb8389206059
706,2024-03-14 04:00:00+00:00,6,1,False,65f27ba7beb0eb83892062a1
707,2024-03-14 06:00:00+00:00,0,1,False,65f29dacbeb0eb8389206d82
708,2024-03-14 06:00:00+00:00,4,3,False,65f29a7ebeb0eb8389206a95 -> 65f29af5beb0eb8389206af7 -> 65f29d21beb0eb8389206bc4
709,2024-03-14 08:00:00+00:00,6,1,False,65f2bed2beb0eb83892072fc
710,2024-03-14 10:00:00+00:00,9,2,False,65f2e3cdbeb0eb8389207a81 -> 65f2e3dcbeb0eb8389207a9c
711,2024-03-14 14:00:00+00:00,6,1,False,65f3101cbeb0eb8389207c56
712,2024-03-15 02:00:00+00:00,4,3,False,65f3ba55beb0eb838920805f -> 65f3bd1fbeb0eb8389208274 -> 65f3c31bbeb0eb83892085bd
713,2024-03-15 04:00:00+00:00,6,1,False,65f3cd63beb0eb8389208f1d
714,2024-03-15 06:00:00+00:00,4,1,False,65f3eaa0beb0eb83892093ed
715,2024-03-15 16:00:00+00:00,9,1,False,65f47516beb0eb8389209dc1
716,2024-03-16 02:00:00+00:00,0,1,False,65f510c5beb0eb838920a246
717,2024-03-16 04:00:00+00:00,0,1,False,65f523fdbeb0eb838920a83a
718,2024-03-16 04:00:00+00:00,5,1,False,65f52276beb0eb838920a7a7
719,2024-03-16 06:00:00+00:00,2,1,False,65f54f9fbeb0eb838920b140
720,2024-03-16 06:00:00+00:00,9,1,False,65f54fc6beb0eb838920b162
721,2024-03-16 08:00:00+00:00,4,2,False,65f5526abeb0eb838920b1b5 -> 65f55eaebeb0eb838920b5b7
722,2024-03-16 08:00:00+00:00,6,1,False,65f552f5beb0eb838920b27d
723,2024-03-17 04:00:00+00:00,1,1,False,65f685adb0848ea58142026d
724,2024-03-17 16:00:00+00:00,4,1,False,65f72730b0848ea5814209c5
725,2024-03-18 02:00:00+00:00,1,1,False,65f7b6f7b0848ea5814211f2
726,2024-03-18 02:00:00+00:00,2,1,False,65f7b4a1b0848ea581420ff5
727,2024-03-18 02:00:00+00:00,4,1,False,65f7b536b0848ea58142104b
728,2024-03-18 02:00:00+00:00,7,1,False,65f7ba5fb0848ea581421433
729,2024-03-18 02:00:00+00:00,9,2,False,65f7b4f3b0848ea581421016 -> 65f7baabb0848ea58142146d
730,2024-03-18 06:00:00+00:00,4,1,False,65f7e7c013ed362bc71d5cb0
731,2024-03-19 02:00:00+00:00,0,2,False,65f901258a47c192661d455a -> 65f906008a47c192661d4763
732,2024-03-19 02:00:00+00:00,1,1,False,65f8fe87a9fb32ac00ecb621
733,2024-03-19 10:00:00+00:00,9,2,False,65f96eaf04647c70b759d5df -> 65f96ec904647c70b759d5fa
734,2024-03-20 02:00:00+00:00,4,3,False,65fa56e3e794149410fe70f7 -> 65fa57b4e794149410fe7286 -> 65fa586be794149410fe742a
735,2024-03-20 02:00:00+00:00,9,1,False,65fa5915e794149410fe74e3
736,2024-03-20 06:00:00+00:00,0,1,False,65fa7fdee794149410fe7ed6
737,2024-03-20 06:00:00+00:00,4,1,False,65fa81f5e794149410fe7f6b
738,2024-03-20 06:00:00+00:00,6,2,False,65fa814ce794149410fe7f56 -> 65fa827be794149410fe8198
739,2024-03-20 16:00:00+00:00,9,1,False,65fb1192e794149410fe924b
740,2024-03-21 02:00:00+00:00,9,1,False,65fba32ce794149410fe954c
741,2024-03-21 04:00:00+00:00,1,1,False,65fbbc4ce794149410fe98a0
742,2024-03-21 04:00:00+00:00,4,1,False,65fbc16ce794149410fe9b08
743,2024-03-21 06:00:00+00:00,0,1,False,65fbd25be794149410fea134
744,2024-03-22 02:00:00+00:00,0,1,False,65fcf4ec424ff7c6f1fb6db6
745,2024-03-22 02:00:00+00:00,4,2,False,65fceb0a424ff7c6f1fb6b8d -> 65fcf561424ff7c6f1fb6e0c
746,2024-03-22 02:00:00+00:00,7,1,False,65fcf529424ff7c6f1fb6df0
747,2024-03-22 02:00:00+00:00,8,1,False,65fcf825424ff7c6f1fb6fca
748,2024-03-22 04:00:00+00:00,1,1,False,65fd0c8b424ff7c6f1fb7559
749,2024-03-22 06:00:00+00:00,9,1,False,65fd2442424ff7c6f1fb79d4
750,2024-03-22 08:00:00+00:00,6,1,False,65fd5517424ff7c6f1fb7fb4
751,2024-03-22 10:00:00+00:00,1,1,False,65fd69ff424ff7c6f1fb8220
752,2024-03-22 10:00:00+00:00,5,1,False,65fd5c31424ff7c6f1fb8024
753,2024-03-22 16:00:00+00:00,8,1,False,65fdafae5e424e204233a7a8
754,2024-03-23 02:00:00+00:00,0,1,False,65fe4da25e424e204233ab7d
755,2024-03-23 02:00:00+00:00,4,1,False,65fe4d295e424e204233ab69
756,2024-03-23 04:00:00+00:00,9,2,False,65fe59fb5e424e204233adff -> 65fe5a0d5e424e204233ae1a
757,2024-03-23 06:00:00+00:00,8,1,False,65fe6fef4aa86edeaa72a3d7
758,2024-03-23 06:00:00+00:00,9,2,False,65fe786d4aa86edeaa72a64f -> 65fe81214aa86edeaa72a736
759,2024-03-25 02:00:00+00:00,0,1,False,6600efb74aa86edeaa72b972
760,2024-03-25 02:00:00+00:00,6,2,False,6600eda14aa86edeaa72b8d8 -> 6600ee464aa86edeaa72b8f0
761,2024-03-25 02:00:00+00:00,7,1,False,6600eeac4aa86edeaa72b928
762,2024-03-25 04:00:00+00:00,0,1,False,6600fbc24aa86edeaa72bad8
763,2024-03-25 04:00:00+00:00,9,2,False,6600feda4aa86edeaa72bb7f -> 6600ffaf4aa86edeaa72bcb5
764,2024-03-25 06:00:00+00:00,0,1,False,66011a854aa86edeaa72c1d3
765,2024-03-25 06:00:00+00:00,7,1,False,66011a1a4aa86edeaa72c1c1
766,2024-03-25 08:00:00+00:00,6,1,False,660145424aa86edeaa72c849
767,2024-03-26 02:00:00+00:00,0,1,False,66023d3f4aa86edeaa72cd84
768,2024-03-26 02:00:00+00:00,4,3,False,66023d694aa86edeaa72cd95 -> 66023d984aa86edeaa72cda3 -> 6602423f4aa86edeaa72ce85
769,2024-03-26 04:00:00+00:00,6,1,False,6602559e4aa86edeaa72d0a6
770,2024-03-26 06:00:00+00:00,4,1,False,66027cac4aa86edeaa72d772
771,2024-03-26 10:00:00+00:00,7,1,False,6602aa3a4aa86edeaa72db7f
772,2024-03-26 12:00:00+00:00,8,1,False,6602c32a4aa86edeaa72dd96
773,2024-03-27 02:00:00+00:00,4,1,False,66038cf04aa86edeaa72e48e
774,2024-03-27 02:00:00+00:00,6,1,False,66038a224aa86edeaa72e3da
775,2024-03-27 02:00:00+00:00,8,1,False,66038f074aa86edeaa72e524
776,2024-03-27 02:00:00+00:00,9,1,False,660381b14aa86edeaa72dfff
777,2024-03-27 04:00:00+00:00,4,2,False,6603b10f4aa86edeaa72ec61 -> 6603b1974aa86edeaa72ed39
778,2024-03-27 04:00:00+00:00,6,1,False,6603b25b4aa86edeaa72ed4b
779,2024-03-27 04:00:00+00:00,8,1,False,6603b1314aa86edeaa72ec75
780,2024-03-27 08:00:00+00:00,4,1,False,6603df824aa86edeaa72f308
781,2024-03-28 00:00:00+00:00,5,1,False,6604c6b2f034f46ed29956d5
782,2024-03-28 02:00:00+00:00,2,1,False,6604e4cff034f46ed2995f04
783,2024-03-28 02:00:00+00:00,7,1,False,6604e50ef034f46ed2995f12
784,2024-03-28 02:00:00+00:00,9,1,False,6604d84ef034f46ed2995bfb
785,2024-03-28 04:00:00+00:00,0,1,False,6604ee54f034f46ed299612a
786,2024-03-28 04:00:00+00:00,4,2,False,6604ee0cf034f46ed2996113 -> 6604fced8721848d7d1e663c
787,2024-03-28 04:00:00+00:00,9,1,False,6604f16cf034f46ed299636a
788,2024-03-28 08:00:00+00:00,1,1,False,660526fc8721848d7d1e6e49
789,2024-03-28 10:00:00+00:00,0,1,False,660540128721848d7d1e714b
790,2024-03-29 02:00:00+00:00,4,2,False,66063000ffe33e797a000a31 -> 6606302fffe33e797a000a4b
791,2024-03-29 02:00:00+00:00,6,1,False,660631a7ffe33e797a000ad4
792,2024-03-29 22:00:00+00:00,7,1,False,6607525394281ab778cf1ddf
793,2024-03-30 00:00:00+00:00,4,1,False,66076f7c94281ab778cf1f6d
794,2024-03-30 02:00:00+00:00,0,2,False,66078b6094281ab778cf22f5 -> 66078bb294281ab778cf2305
795,2024-03-30 06:00:00+00:00,8,1,False,6607af7c94281ab778cf2be9
796,2024-03-30 08:00:00+00:00,4,1,False,6607c81a9f40c9600331ecf7
797,2024-04-01 02:00:00+00:00,9,1,False,660a21269f40c9600331f9d7
798,2024-04-01 04:00:00+00:00,4,2,False,660a32279f40c9600331feaa -> 660a33299f40c9600331ff06
799,2024-04-01 04:00:00+00:00,5,1,False,660a4d099f40c9600332055a
800,2024-04-01 04:00:00+00:00,7,1,False,660a326d9f40c9600331febd
801,2024-04-01 06:00:00+00:00,4,1,False,660a65949f40c96003320c21
802,2024-04-01 06:00:00+00:00,7,1,False,660a56209f40c96003320732
803,2024-04-01 06:00:00+00:00,8,1,False,660a5f109f40c96003320a71
804,2024-04-02 02:00:00+00:00,8,1,False,660b7a1c13a981ad30f9b33e
805,2024-04-02 04:00:00+00:00,0,1,False,660b9460a899dbe83ee3cc2c
806,2024-04-02 04:00:00+00:00,4,1,False,660b8e32a899dbe83ee3cac1
807,2024-04-03 04:00:00+00:00,4,1,False,660ce3872587af2758f421cc
808,2024-04-03 04:00:00+00:00,9,1,False,660cd9912587af2758f420d6
809,2024-04-03 08:00:00+00:00,4,1,False,660d26f713dac364c002acca
810,2024-04-03 08:00:00+00:00,6,1,False,660d1e7b13dac364c002abc7
811,2024-04-04 02:00:00+00:00,0,1,False,660e0febad7887547b689ff1
812,2024-04-04 02:00:00+00:00,1,1,False,660e136dad7887547b68a1ba
813,2024-04-04 02:00:00+00:00,2,1,False,660e157fad7887547b68a214
814,2024-04-04 02:00:00+00:00,4,3,False,660e1183ad7887547b68a025 -> 660e11e7ad7887547b68a172 -> 660e13e1ad7887547b68a1d1
815,2024-04-04 02:00:00+00:00,6,1,False,660e126cad7887547b68a193
816,2024-04-04 04:00:00+00:00,1,1,False,660e3173052ab0dd7679955b
817,2024-04-04 04:00:00+00:00,4,1,False,660e3131ad7887547b68ab71
818,2024-04-04 04:00:00+00:00,9,2,False,660e2934ad7887547b68a6ec -> 660e3837052ab0dd76799d30
819,2024-04-05 02:00:00+00:00,4,2,False,660f69be1a314e877693f6b4 -> 660f739e1a314e877693fa1e
820,2024-04-05 02:00:00+00:00,6,1,False,660f69f01a314e877693f6c2
821,2024-04-05 02:00:00+00:00,7,1,False,660f6ce41a314e877693f7d7
822,2024-04-05 02:00:00+00:00,9,1,False,660f69791a314e877693f6a4
823,2024-04-05 04:00:00+00:00,3,1,False,660f8d661a314e877693ffea
824,2024-04-05 04:00:00+00:00,6,1,False,660f8d021a314e877693ffd9
825,2024-04-05 06:00:00+00:00,4,1,False,660fa6cb1a314e8776940945
826,2024-04-05 06:00:00+00:00,7,1,False,660f9c001a314e87769403d9
827,2024-04-05 06:00:00+00:00,9,2,False,660fa0901a314e877694070d -> 660faa7c1a314e8776940a55
828,2024-04-05 10:00:00+00:00,0,1,False,660fd4bc1a314e877694111f
829,2024-04-06 04:00:00+00:00,0,1,False,6610cbdd3245d81de46de2c8
830,2024-04-06 04:00:00+00:00,1,1,False,6610da0e3245d81de46de407
831,2024-04-06 04:00:00+00:00,6,1,False,6610db233245d81de46de448
832,2024-04-06 06:00:00+00:00,2,1,False,6610f9f837ac03251285b518
833,2024-04-06 10:00:00+00:00,5,1,False,66111e0737ac03251285bbd2
834,2024-04-06 10:00:00+00:00,8,1,False,6611372800fbfee76205d49a
835,2024-04-07 02:00:00+00:00,6,1,False,66120a1c86184d1320acb217
836,2024-04-07 14:00:00+00:00,6,1,False,6612a78a90aebfbd96539c88
837,2024-04-08 02:00:00+00:00,2,1,False,66136a705cbb0f299624a2e8
838,2024-04-08 02:00:00+00:00,4,1,False,661368e55cbb0f299624a294
839,2024-04-08 02:00:00+00:00,6,1,False,661369095cbb0f299624a2a2
840,2024-04-08 04:00:00+00:00,7,2,False,66137a8f5cbb0f299624a9c4 -> 66137c3a5cbb0f299624abdc
841,2024-04-08 06:00:00+00:00,3,1,False,661397365cbb0f299624b812
842,2024-04-09 02:00:00+00:00,7,1,False,6614ae71671f03014130d25b
843,2024-04-09 02:00:00+00:00,9,2,False,6614b610671f03014130d2e7 -> 6614b621671f03014130d2f9
844,2024-04-09 06:00:00+00:00,6,1,False,6614f184671f03014130de75
845,2024-04-10 02:00:00+00:00,1,1,False,66160c78671f03014130eb14
846,2024-04-10 02:00:00+00:00,9,1,False,66160024671f03014130e879
847,2024-04-10 04:00:00+00:00,0,1,False,6616115f671f03014130ec08
848,2024-04-10 04:00:00+00:00,4,2,False,6616110a671f03014130ebd4 -> 661611e7671f03014130ed5d
849,2024-04-10 04:00:00+00:00,7,1,False,661611a7671f03014130ec31
850,2024-04-10 04:00:00+00:00,8,1,False,661610d4671f03014130ebc6
851,2024-04-10 06:00:00+00:00,4,1,False,66163bb2671f0301413102ad
852,2024-04-10 06:00:00+00:00,7,1,False,66163ab5671f030141310273
853,2024-04-10 06:00:00+00:00,9,1,False,661632ee671f03014130fd14
854,2024-04-11 04:00:00+00:00,4,1,False,66177158caabc708e5d0f6c1
855,2024-04-11 04:00:00+00:00,9,1,False,661766a8caabc708e5d0f49a
856,2024-04-12 00:00:00+00:00,4,1,False,661889e929cc074b1011b577
857,2024-04-12 02:00:00+00:00,4,3,False,6618a70029cc074b1011b6fe -> 6618a75429cc074b1011b72c -> 6618a82329cc074b1011b785
858,2024-04-12 02:00:00+00:00,6,1,False,6618a85629cc074b1011b7b5
859,2024-04-12 04:00:00+00:00,3,1,False,6618b91e29cc074b1011c23d
860,2024-04-12 04:00:00+00:00,4,1,False,6618b98129cc074b1011c25f
861,2024-04-12 04:00:00+00:00,9,1,False,6618b22e29cc074b1011bc14
862,2024-04-12 06:00:00+00:00,4,1,False,6618daa629cc074b1011c889
863,2024-04-12 12:00:00+00:00,0,1,False,661935e329cc074b1011d0c2
864,2024-04-12 22:00:00+00:00,6,1,False,6619c861eb14a3260be9bb98
865,2024-04-12 22:00:00+00:00,8,1,False,6619c807eb14a3260be9bb89
866,2024-04-13 06:00:00+00:00,2,1,False,661a2b06eb14a3260be9c18e
867,2024-04-15 02:00:00+00:00,0,1,False,661ca3214448979e7ec726ce
868,2024-04-15 02:00:00+00:00,6,1,False,661c9f4c2f0e077a3cd4b408
869,2024-04-15 02:00:00+00:00,7,1,False,661ca29d4448979e7ec72659
870,2024-04-15 02:00:00+00:00,8,1,False,661ca2614448979e7ec72643
871,2024-04-15 06:00:00+00:00,9,1,False,661cccd24448979e7ec737e5
872,2024-04-16 02:00:00+00:00,4,1,False,661de6953eeac8266fef18dd
873,2024-04-16 02:00:00+00:00,6,1,False,661de7023eeac8266fef18fc
874,2024-04-16 04:00:00+00:00,1,1,False,661e13471e5919e9a4660638
875,2024-04-16 06:00:00+00:00,9,1,False,661e13e51e5919e9a4660657
876,2024-04-16 14:00:00+00:00,0,1,False,661e86691e5919e9a4661110
877,2024-04-16 14:00:00+00:00,4,1,False,661e8bd11e5919e9a4661136
878,2024-04-17 02:00:00+00:00,0,1,False,661f3b471e5919e9a46618ab
879,2024-04-17 02:00:00+00:00,4,1,False,661f3b881e5919e9a46618c1
880,2024-04-17 02:00:00+00:00,5,1,False,661f3ac61e5919e9a4661887
881,2024-04-17 04:00:00+00:00,3,1,False,661f58e34cc234b019c8943b
882,2024-04-17 06:00:00+00:00,2,1,False,661f6f8320d956274e41a820
883,2024-04-17 08:00:00+00:00,1,1,False,661f839520d956274e41ac95
884,2024-04-18 02:00:00+00:00,0,1,False,66209519a6fafd497076ee15
885,2024-04-18 04:00:00+00:00,9,1,False,6620a9c8a3fe6575ec763816
886,2024-04-19 02:00:00+00:00,0,1,False,6621e371a3fe6575ec764558
887,2024-04-19 02:00:00+00:00,2,1,False,6621e700a3fe6575ec764699
888,2024-04-19 02:00:00+00:00,7,1,False,6621e3a2a3fe6575ec76456e
889,2024-04-19 02:00:00+00:00,8,1,False,6621e421a3fe6575ec764592
890,2024-04-19 04:00:00+00:00,4,1,False,6621edf6a3fe6575ec764d5f
891,2024-04-19 04:00:00+00:00,6,1,False,6621edcba3fe6575ec764d52
892,2024-04-19 04:00:00+00:00,9,3,False,6621fbbaa3fe6575ec765180 -> 6621fbcaa3fe6575ec765191 -> 6621fbd9a3fe6575ec7651a2
893,2024-04-19 06:00:00+00:00,1,1,False,66221851a3fe6575ec765f4c
894,2024-04-19 06:00:00+00:00,4,1,False,662215fda3fe6575ec765e94
895,2024-04-19 06:00:00+00:00,6,1,False,662217e5a3fe6575ec765f31
896,2024-04-19 06:00:00+00:00,9,1,False,6622193ba3fe6575ec765f9c
897,2024-04-19 08:00:00+00:00,6,1,False,662224c0a3fe6575ec76640c
898,2024-04-20 04:00:00+00:00,0,2,False,66234118a1b0ba838dc358ce -> 66234275a1b0ba838dc35a18
899,2024-04-20 04:00:00+00:00,7,1,False,66234362a1b0ba838dc35b1a
900,2024-04-20 06:00:00+00:00,4,1,False,66235a44049514259ec1c7ad
901,2024-04-20 08:00:00+00:00,0,1,False,6623856d049514259ec1d0f4
902,2024-04-21 04:00:00+00:00,7,1,False,66249882e50fbe05cb192190
903,2024-04-21 06:00:00+00:00,0,1,False,6624b702e50fbe05cb19242d
904,2024-04-21 18:00:00+00:00,4,1,False,66255f40a43812eb5bf8fdfe
905,2024-04-22 02:00:00+00:00,2,1,False,6625d7dba43812eb5bf90bed
906,2024-04-22 02:00:00+00:00,4,4,False,6625d863a43812eb5bf90c09 -> 6625d98ca43812eb5bf90e4e -> 6625d9f0a43812eb5bf90eb2 -> 6625db46a43812eb5bf90fbe
907,2024-04-22 02:00:00+00:00,6,1,False,6625d3bea43812eb5bf90972
908,2024-04-22 02:00:00+00:00,7,2,False,6625d726a43812eb5bf90b9d -> 6625daa0a43812eb5bf90f24
909,2024-04-22 04:00:00+00:00,1,1,False,6625e6b1a43812eb5bf91506
910,2024-04-22 04:00:00+00:00,6,1,False,6625f5d2a43812eb5bf91d4f
911,2024-04-22 04:00:00+00:00,7,3,False,6625ed7ca43812eb5bf91a3e -> 6625efd9a43812eb5bf91aa1 -> 6625f59ca43812eb5bf91d37
912,2024-04-23 02:00:00+00:00,4,3,False,662725d2ef04768365889544 -> 6627261aef04768365889556 -> 66272914c2c1f60803bb774f
913,2024-04-23 02:00:00+00:00,8,2,False,66272963c2c1f60803bb776a -> 662729a4c2c1f60803bb77aa
914,2024-04-23 02:00:00+00:00,9,3,False,6627267bef04768365889566 -> 66272f38c2c1f60803bb799e -> 6627316e5226afdd3cfed6f1
915,2024-04-23 04:00:00+00:00,4,1,False,66274b8db0f768b2bd291fdf
916,2024-04-23 04:00:00+00:00,8,3,False,66274e29b0f768b2bd2920a5 -> 66274e43b0f768b2bd2920b2 -> 66274e58b0f768b2bd2920bf
917,2024-04-23 06:00:00+00:00,8,1,False,66274e80b0f768b2bd2920ea
918,2024-04-23 14:00:00+00:00,5,1,False,6627cdea153384b96e07ef75
919,2024-04-24 00:00:00+00:00,6,1,False,662865f6dcd77c2b73bb059e
920,2024-04-24 04:00:00+00:00,9,2,False,66288744dcd77c2b73bb0a4a -> 6628875ddcd77c2b73bb0a5d
921,2024-04-24 06:00:00+00:00,4,1,False,6628b1fca56d05656a3613c6
922,2024-04-24 10:00:00+00:00,4,1,False,6628e55df9a546b0b87b57c5
923,2024-04-24 10:00:00+00:00,6,1,False,6628e5a7f9a546b0b87b57de
924,2024-04-25 02:00:00+00:00,5,1,False,6629cdf1f9a546b0b87b6732
925,2024-04-25 02:00:00+00:00,6,1,False,6629b97bf9a546b0b87b63dc
926,2024-04-25 04:00:00+00:00,4,2,False,6629db0ff9a546b0b87b67d0 -> 6629dc43f9a546b0b87b67fc
927,2024-04-25 04:00:00+00:00,6,1,False,6629e600f9a546b0b87b6bbd
928,2024-04-25 08:00:00+00:00,4,1,False,662a130ef9a546b0b87b7856
929,2024-04-25 08:00:00+00:00,9,1,False,662a1245f9a546b0b87b7844
930,2024-04-26 02:00:00+00:00,2,1,False,662b2419f9a546b0b87b8576
931,2024-04-26 02:00:00+00:00,4,1,False,662b2309f9a546b0b87b8518
932,2024-04-26 02:00:00+00:00,6,1,False,662b2356f9a546b0b87b853c
933,2024-04-26 02:00:00+00:00,7,2,False,662b2455f9a546b0b87b8586 -> 662b2608f9a546b0b87b861f
934,2024-04-26 02:00:00+00:00,8,1,False,662b24a4f9a546b0b87b85bc
935,2024-04-26 04:00:00+00:00,6,1,False,662b3a15f9a546b0b87b8bb7
936,2024-04-26 04:00:00+00:00,9,1,False,662b27cbf9a546b0b87b86d8
937,2024-04-26 08:00:00+00:00,3,1,False,662b5ff6f9a546b0b87b9dec
938,2024-04-26 10:00:00+00:00,6,1,False,662b95ebf9a546b0b87ba29e
939,2024-04-26 12:00:00+00:00,6,1,False,662b9f9df9a546b0b87ba304
940,2024-04-26 14:00:00+00:00,9,2,False,662bc1d0f9a546b0b87ba470 -> 662bc2cef9a546b0b87ba4af
941,2024-04-27 02:00:00+00:00,4,1,False,662c7810f9a546b0b87babaf
942,2024-04-27 04:00:00+00:00,8,1,False,662c8204f9a546b0b87baec8
943,2024-04-28 12:00:00+00:00,6,1,False,662e3ac5171c0a4bf686c4c0
944,2024-04-29 02:00:00+00:00,9,1,False,662f18a3171c0a4bf686c9fa
945,2024-04-29 04:00:00+00:00,4,3,False,662f1cb7171c0a4bf686ca66 -> 662f1d58171c0a4bf686ca8b -> 662f1e37171c0a4bf686cadb
946,2024-04-29 04:00:00+00:00,6,1,False,662f1cfa171c0a4bf686ca79
947,2024-04-30 02:00:00+00:00,4,1,False,66305f69c32acc762d92f9c5
948,2024-04-30 04:00:00+00:00,2,1,False,663086eac32acc762d92ff90
949,2024-04-30 06:00:00+00:00,6,2,False,66308ecbc32acc762d93020e -> 663092f3c32acc762d9303fa
950,2024-04-30 06:00:00+00:00,7,1,False,663098cac32acc762d9308af
951,2024-05-01 14:00:00+00:00,0,1,False,66324dd4c32acc762d931963
952,2024-05-02 04:00:00+00:00,6,1,False,66331596c32acc762d931ef4
953,2024-05-02 06:00:00+00:00,9,2,False,66332ee405c5313b7bcb0063 -> 66332efa05c5313b7bcb0070
954,2024-05-03 02:00:00+00:00,4,2,False,66345daac797695760aed6f6 -> 66345e4ac797695760aed71f
955,2024-05-03 02:00:00+00:00,8,1,False,66346008c797695760aed8cb
956,2024-05-04 02:00:00+00:00,0,1,False,6635aeecc797695760aeee7e
957,2024-05-04 02:00:00+00:00,4,1,False,6635ae79c797695760aeee4a
958,2024-05-04 02:00:00+00:00,5,1,False,6635ae96c797695760aeee5e
959,2024-05-04 02:00:00+00:00,6,1,False,6635aeabc797695760aeee6c
960,2024-05-04 02:00:00+00:00,7,4,False,6635adfec797695760aeee13 -> 6635ae39c797695760aeee38 -> 6635afc4c797695760aeeef2 -> 6635b13cc797695760aef218
961,2024-05-04 04:00:00+00:00,4,1,False,6635c9d1c797695760af00c2
962,2024-05-04 04:00:00+00:00,7,1,False,6635b50cc797695760aef2db
963,2024-05-04 06:00:00+00:00,8,1,False,6635cfa5c797695760af0502
964,2024-05-05 02:00:00+00:00,5,1,False,6636ffbd27df1863216a4cd0
965,2024-05-05 14:00:00+00:00,4,1,False,66379f1827df1863216a4ff7
966,2024-05-05 14:00:00+00:00,7,1,False,66379ec227df1863216a4fdb
967,2024-05-06 04:00:00+00:00,2,1,False,6638610bfe25ee4a2ae2e04d
968,2024-05-06 04:00:00+00:00,4,1,False,663860ccfe25ee4a2ae2e03b
969,2024-05-06 04:00:00+00:00,8,1,False,6638618efe25ee4a2ae2e072
970,2024-05-06 06:00:00+00:00,6,1,False,6638779dfe25ee4a2ae2e8c1
971,2024-05-06 16:00:00+00:00,2,1,False,66390e82fd49f746f21633a9
972,2024-05-07 00:00:00+00:00,7,1,False,6639874dfd49f746f21634b6
973,2024-05-07 04:00:00+00:00,2,1,False,6639bf234b21333c3fe0f020
974,2024-05-07 04:00:00+00:00,7,1,False,6639aa874b21333c3fe0eb72
975,2024-05-07 06:00:00+00:00,4,1,False,6639d11c4b21333c3fe0f15e
976,2024-05-07 08:00:00+00:00,5,1,False,6639e51055c0e2fca8db4f5d
977,2024-05-07 16:00:00+00:00,4,1,False,663a531f0177448c5e3f9ab7
978,2024-05-09 02:00:00+00:00,4,3,False,663c38ce568ce211f484c4b5 -> 663c3a6a568ce211f484c4ec -> 663c3ad8568ce211f484c50d
979,2024-05-09 02:00:00+00:00,8,1,False,663c3a3b568ce211f484c4e0
980,2024-05-09 06:00:00+00:00,8,1,False,663c6df406ec360644a03d14
981,2024-05-09 08:00:00+00:00,0,1,False,663c888b06ec360644a03f5f
982,2024-05-10 00:00:00+00:00,1,1,False,663d770b06ec360644a04b21
983,2024-05-10 00:00:00+00:00,4,1,False,663d649f06ec360644a04a52
984,2024-05-10 00:00:00+00:00,8,1,False,663d76ae06ec360644a04b16
985,2024-05-10 04:00:00+00:00,9,1,False,663da77306ec360644a055c7
986,2024-05-10 06:00:00+00:00,0,1,False,663dc53506ec360644a058e7
987,2024-05-10 06:00:00+00:00,9,1,False,663dc06706ec360644a0585f
988,2024-05-10 10:00:00+00:00,2,1,False,663dfa8806ec360644a060e1
989,2024-05-10 10:00:00+00:00,8,1,False,663dfa2706ec360644a060d5
990,2024-05-11 00:00:00+00:00,8,1,False,663ebb7706ec360644a088e2
991,2024-05-11 02:00:00+00:00,4,2,False,663ee5bc06ec360644a08cb6 -> 663ee68c06ec360644a08cfa
992,2024-05-11 02:00:00+00:00,7,1,False,663ee51b06ec360644a08ca6
993,2024-05-11 04:00:00+00:00,0,1,False,663f03c706ec360644a0946b
994,2024-05-11 04:00:00+00:00,4,1,False,663f03f706ec360644a0947b
995,2024-05-11 04:00:00+00:00,8,1,False,663f044806ec360644a09489
996,2024-05-12 04:00:00+00:00,8,1,False,6640512a06ec360644a0aa2a
997,2024-05-13 02:00:00+00:00,0,3,False,66418cc14ea8a18adf2e6d28 -> 66418d054ea8a18adf2e6d36 -> 66418d3b4ea8a18adf2e6d46
998,2024-05-13 06:00:00+00:00,8,1,False,6641aee24f35b460f5c58bb8
999,2024-05-13 08:00:00+00:00,5,1,False,6641db014f35b460f5c59952
1000,2024-05-13 10:00:00+00:00,5,1,False,6641e8054f35b460f5c59b08
1001,2024-05-14 02:00:00+00:00,2,1,False,6642d80b3ed44ab105716256
1002,2024-05-14 02:00:00+00:00,4,1,False,6642cf0b3ed44ab105716122
1003,2024-05-14 02:00:00+00:00,7,1,False,6642cf3b3ed44ab105716138
1004,2024-05-14 04:00:00+00:00,0,1,False,6642e5ab3ed44ab105716343
1005,2024-05-14 04:00:00+00:00,4,2,False,6642fc7d66a8ee5966e4a601 -> 6642fd4966a8ee5966e4a973
1006,2024-05-14 04:00:00+00:00,7,1,False,6642f7c666a8ee5966e4a595
1007,2024-05-14 08:00:00+00:00,5,1,False,66432458161c864aa93da279
1008,2024-05-14 18:00:00+00:00,6,1,False,6643ba243927e085f37f0053
1009,2024-05-15 04:00:00+00:00,9,2,False,66443fd93927e085f37f056e -> 66443fec3927e085f37f057b
1010,2024-05-15 06:00:00+00:00,0,1,False,664465663927e085f37f0b2d
1011,2024-05-15 06:00:00+00:00,4,1,False,664465fc3927e085f37f0b4a
1012,2024-05-16 02:00:00+00:00,1,1,False,664572f33927e085f37f15b2
1013,2024-05-16 02:00:00+00:00,4,2,False,6645799c3927e085f37f169c -> 664579fd3927e085f37f16b8
1014,2024-05-16 02:00:00+00:00,7,1,False,66456ffb3927e085f37f1558
1015,2024-05-16 04:00:00+00:00,4,1,False,66458f038941c947243a2134
1016,2024-05-16 04:00:00+00:00,7,1,False,664593338941c947243a255c
1017,2024-05-16 04:00:00+00:00,8,3,False,66458f4f8941c947243a216a -> 6645900a8941c947243a21b3 -> 664590798941c947243a23e0
1018,2024-05-16 04:00:00+00:00,9,1,False,66459ca58941c947243a2dea
1019,2024-05-16 06:00:00+00:00,4,1,False,6645a93b8941c947243a32c0
1020,2024-05-16 06:00:00+00:00,6,2,False,6645a8eb8941c947243a3298 -> 6645aa3f8941c947243a32ca
1021,2024-05-17 06:00:00+00:00,4,1,False,664703aaf2216d6afffc626b
1022,2024-05-17 06:00:00+00:00,6,1,False,6647013ef2216d6afffc6238
1023,2024-05-17 08:00:00+00:00,4,1,False,6647116af2216d6afffc64ca
1024,2024-05-17 08:00:00+00:00,7,1,False,6647192cf2216d6afffc6699
1025,2024-05-18 04:00:00+00:00,6,1,False,66482cdcdeaf302836f9047d
1026,2024-05-18 04:00:00+00:00,9,1,False,664836d8deaf302836f9052e
1027,2024-05-18 08:00:00+00:00,4,1,False,6648748bfdbbe39c0c4c2439
1028,2024-05-18 08:00:00+00:00,6,2,False,664876d8fdbbe39c0c4c249b -> 66487849fdbbe39c0c4c251e
1029,2024-05-18 10:00:00+00:00,8,1,False,66489432765eaeee9356f634
1030,2024-05-19 16:00:00+00:00,7,1,False,664a2bc1f02edf975f7d0e2b
1031,2024-05-20 02:00:00+00:00,4,1,False,664ac5bbf02edf975f7d15c4
1032,2024-05-20 02:00:00+00:00,6,1,False,664abe3cf02edf975f7d1315
1033,2024-05-20 02:00:00+00:00,7,1,False,664abe0ef02edf975f7d12ff
1034,2024-05-20 04:00:00+00:00,6,1,False,664ad996f02edf975f7d1b40
1035,2024-05-20 04:00:00+00:00,7,1,False,664accf9f02edf975f7d1829
1036,2024-05-20 06:00:00+00:00,2,2,False,664af6edf5e0d9f993257526 -> 664afc0bf5e0d9f993257838
1037,2024-05-20 08:00:00+00:00,0,1,False,664b0feef5e0d9f9932579ea
1038,2024-05-20 08:00:00+00:00,1,1,False,664b0f4bf5e0d9f9932579d9
1039,2024-05-20 08:00:00+00:00,5,1,False,664b109ff5e0d9f993257cb1
1040,2024-05-20 08:00:00+00:00,8,1,False,664b1149f5e0d9f993257d10
1041,2024-05-21 02:00:00+00:00,4,1,False,664c0f0d8eb333e641dd3b67
1042,2024-05-21 02:00:00+00:00,6,2,False,664c0f668eb333e641dd3b94 -> 664c0fde8eb333e641dd3bb8
1043,2024-05-21 04:00:00+00:00,2,1,False,664c1fdb8eb333e641dd3f1f
1044,2024-05-21 04:00:00+00:00,4,1,False,664c1f8f8eb333e641dd3f0d
1045,2024-05-21 06:00:00+00:00,6,2,False,664c397759add87bce2b394d -> 664c39d159add87bce2b3973
1046,2024-05-21 08:00:00+00:00,6,1,False,664c5c6c59add87bce2b45c3
1047,2024-05-21 10:00:00+00:00,0,1,False,664c859659add87bce2b4712
1048,2024-05-22 04:00:00+00:00,2,1,False,664d7bc059add87bce2b510c
1049,2024-05-22 04:00:00+00:00,4,1,False,664d827559add87bce2b5248
1050,2024-05-23 06:00:00+00:00,4,1,False,664ef47e9e88bb2afc1c7eea
1051,2024-05-23 10:00:00+00:00,8,1,False,664f20289e88bb2afc1c8248
1052,2024-05-24 02:00:00+00:00,4,2,False,665002b7f1a792c552f59ec0 -> 6650031df1a792c552f59edb
1053,2024-05-24 02:00:00+00:00,6,2,False,665002eef1a792c552f59ece -> 66500a31f1a792c552f59fb1
1054,2024-05-24 02:00:00+00:00,9,1,False,664ffdc5f1a792c552f59cf6
1055,2024-05-24 04:00:00+00:00,6,2,False,665024a8b48362251a600aa3 -> 6650279fb48362251a600aee
1056,2024-05-24 04:00:00+00:00,7,1,False,6650166ef1a792c552f5a75e
1057,2024-05-24 06:00:00+00:00,6,1,False,665036bdb48362251a600ff3
1058,2024-05-24 06:00:00+00:00,9,1,False,665045cdc25ba0d6279008b8
1059,2024-05-25 02:00:00+00:00,9,1,False,6651597c57490476b49b3f08
1060,2024-05-25 08:00:00+00:00,6,1,False,6651ad8d51b65f7673682587
1061,2024-05-27 02:00:00+00:00,0,2,False,6653ffc4e847739e08b3d003 -> 6654004de847739e08b3d00d
1062,2024-05-27 02:00:00+00:00,4,2,False,6653fb7ae847739e08b3cf7e -> 6653fea7e847739e08b3cfc7
1063,2024-05-27 02:00:00+00:00,6,1,False,6653fca0e847739e08b3cf9a
1064,2024-05-27 04:00:00+00:00,0,3,False,66540619e847739e08b3d19a -> 66540f38e847739e08b3d2ab -> 66540faae847739e08b3d2f2
1065,2024-05-27 04:00:00+00:00,3,1,False,66541fc4e847739e08b3dec7
1066,2024-05-27 04:00:00+00:00,6,1,False,6654077ae847739e08b3d1f4
1067,2024-05-27 06:00:00+00:00,0,1,False,66542ed5e847739e08b3e472
1068,2024-05-27 06:00:00+00:00,2,1,False,66542764e847739e08b3e0cb
1069,2024-05-27 06:00:00+00:00,4,1,False,6654366de847739e08b3e942
1070,2024-05-27 06:00:00+00:00,7,1,False,665421b1e847739e08b3df76
1071,2024-05-27 06:00:00+00:00,9,2,False,6654270be847739e08b3e09d -> 6654305de847739e08b3e4af
1072,2024-05-27 08:00:00+00:00,2,1,False,665442c5e847739e08b3ee9a
1073,2024-05-27 08:00:00+00:00,4,1,False,66544404e847739e08b3ef68
1074,2024-05-27 08:00:00+00:00,6,1,False,66544154e847739e08b3ee2c
1075,2024-05-27 08:00:00+00:00,9,1,False,665440ece847739e08b3ee07
1076,2024-05-28 02:00:00+00:00,4,1,False,66554c70e847739e08b40873
1077,2024-05-28 02:00:00+00:00,6,1,False,66553cfde847739e08b400a2
1078,2024-05-28 04:00:00+00:00,2,1,False,66556764e847739e08b40c09
1079,2024-05-28 04:00:00+00:00,9,2,False,6655611ee847739e08b40b5a -> 6655612de847739e08b40b67
1080,2024-05-29 04:00:00+00:00,7,1,False,6656b3b0969b363c710534be
1081,2024-05-29 14:00:00+00:00,0,1,False,66573d091d1005721568dc9d
1082,2024-05-29 14:00:00+00:00,6,1,False,66574be91d1005721568dd38
1083,2024-05-30 02:00:00+00:00,0,1,False,6657f8ca1d1005721568e48b
1084,2024-05-30 02:00:00+00:00,2,1,False,6657e6f31d1005721568de35
1085,2024-05-30 02:00:00+00:00,4,1,False,6657f4d41d1005721568df2c
1086,2024-05-30 04:00:00+00:00,3,1,False,665809790e654f117a072e9a
1087,2024-05-30 06:00:00+00:00,6,1,False,66581f6f0e654f117a073c7b
1088,2024-05-30 08:00:00+00:00,0,1,False,665842bb0e654f117a074329
1089,2024-05-30 08:00:00+00:00,6,1,False,665834a00e654f117a074093
1090,2024-05-31 02:00:00+00:00,5,1,False,665942d6a7b31f62c9ef8f92
1091,2024-05-31 02:00:00+00:00,6,2,False,665936caa7b31f62c9ef8c55 -> 665940dea7b31f62c9ef8e6a
1092,2024-05-31 02:00:00+00:00,7,1,False,6659417da7b31f62c9ef8e96
1093,2024-05-31 04:00:00+00:00,1,1,False,66596683a7b31f62c9ef9986
1094,2024-05-31 04:00:00+00:00,4,1,False,665951c8a7b31f62c9ef91e0
1095,2024-05-31 04:00:00+00:00,9,2,False,66595564a7b31f62c9ef93ba -> 66595576a7b31f62c9ef93c9
1096,2024-06-01 02:00:00+00:00,8,1,False,665a9770a7b31f62c9efb105
1097,2024-06-01 02:00:00+00:00,9,1,False,665a92f3a7b31f62c9efb0c5
1098,2024-06-01 04:00:00+00:00,7,1,False,665ab4df4dccad40775bf0fc
1099,2024-06-01 06:00:00+00:00,0,1,False,665aca0c4dccad40775bf4d8
1100,2024-06-01 06:00:00+00:00,2,1,False,665ac90f4dccad40775bf499
1101,2024-06-01 06:00:00+00:00,4,1,False,665ac8854dccad40775bf489
1102,2024-06-01 08:00:00+00:00,1,1,False,665ad5c94dccad40775bf809
1103,2024-06-01 10:00:00+00:00,4,1,False,665af77e9fa9dd4533c9e730
1104,2024-06-02 04:00:00+00:00,0,1,False,665bef5fa3c51343938f4ead
1105,2024-06-02 10:00:00+00:00,2,1,False,665c482fa3c51343938f50b7
1106,2024-06-03 00:00:00+00:00,9,1,False,665d1c814d5788b4c93a3e48
1107,2024-06-03 02:00:00+00:00,4,1,False,665d35224d5788b4c93a405b
1108,2024-06-03 02:00:00+00:00,6,1,False,665d357c4d5788b4c93a408b
1109,2024-06-03 04:00:00+00:00,4,1,False,665d488f4d5788b4c93a4b24
1110,2024-06-03 04:00:00+00:00,7,2,False,665d3ffd4d5788b4c93a4518 -> 665d40324d5788b4c93a4523
1111,2024-06-04 04:00:00+00:00,2,1,False,665e96a501dc922c142faac6
1112,2024-06-04 04:00:00+00:00,4,1,False,665e9bb201dc922c142facfb
1113,2024-06-04 04:00:00+00:00,9,2,False,665ea069313c7144f2e2f3af -> 665ea078313c7144f2e2f3be
1114,2024-06-04 06:00:00+00:00,4,1,False,665eb8f6313c7144f2e2f9e6
1115,2024-06-04 14:00:00+00:00,8,1,False,665f3325313c7144f2e30067
1116,2024-06-04 16:00:00+00:00,4,1,False,665f4a9c313c7144f2e300ad
1117,2024-06-05 02:00:00+00:00,4,1,False,665fd315313c7144f2e30247
1118,2024-06-05 02:00:00+00:00,8,1,False,665fd4ac313c7144f2e30274
1119,2024-06-05 04:00:00+00:00,2,1,False,665fef96313c7144f2e3091b
1120,2024-06-05 04:00:00+00:00,6,1,False,665fef2d313c7144f2e308f7
1121,2024-06-05 04:00:00+00:00,9,1,False,665ff1a5313c7144f2e309b1
1122,2024-06-05 06:00:00+00:00,9,2,False,666003cf313c7144f2e30f05 -> 66600fc6313c7144f2e31292
1123,2024-06-05 08:00:00+00:00,0,1,False,666023f4313c7144f2e319e4
1124,2024-06-06 04:00:00+00:00,0,1,False,66614483bb3e3dca3a51f08c
1125,2024-06-06 04:00:00+00:00,6,1,False,6661453cbb3e3dca3a51f1be
1126,2024-06-06 10:00:00+00:00,1,1,False,66618927b6fcee74f065fe54
1127,2024-06-07 08:00:00+00:00,2,1,False,6662d9cad99ce7d1749c4fb1
1128,2024-06-07 08:00:00+00:00,6,1,False,6662c486d99ce7d1749c4cb7
1129,2024-06-07 16:00:00+00:00,4,1,False,666347ec4716c9653e9f2675
1130,2024-06-08 02:00:00+00:00,6,1,False,6663d27a4716c9653e9f288c
1131,2024-06-08 04:00:00+00:00,0,1,False,6663ef634716c9653e9f2b88
1132,2024-06-08 04:00:00+00:00,3,1,False,6663e6f74716c9653e9f2ad2
1133,2024-06-08 04:00:00+00:00,5,1,False,6663f1104716c9653e9f2c47
1134,2024-06-08 04:00:00+00:00,6,1,False,6663f1ac4716c9653e9f2c5a
1135,2024-06-08 06:00:00+00:00,8,1,False,6663f91d4716c9653e9f2f56
1136,2024-06-09 06:00:00+00:00,8,1,False,66655e67a2f5f7dbd94b87c4
1137,2024-06-09 18:00:00+00:00,7,1,False,6665f199a2f5f7dbd94b8bda
1138,2024-06-10 00:00:00+00:00,7,1,False,66664b69a2f5f7dbd94b8c0d
1139,2024-06-10 02:00:00+00:00,2,2,False,66665f98bb9619f5c265a305 -> 66667727bb9619f5c265a85a
1140,2024-06-10 02:00:00+00:00,4,1,False,66667778bb9619f5c265a86c
1141,2024-06-10 02:00:00+00:00,7,1,False,666670d1bb9619f5c265a589
1142,2024-06-10 04:00:00+00:00,2,1,False,66668f29bb9619f5c265ae63
1143,2024-06-10 04:00:00+00:00,4,3,False,66667aa0bb9619f5c265aab7 -> 66668e28bb9619f5c265adfd -> 666691e8bb9619f5c265af1e
1144,2024-06-10 04:00:00+00:00,9,1,False,66668733bb9619f5c265ada3
1145,2024-06-10 06:00:00+00:00,4,1,False,66669a79bb9619f5c265b184
1146,2024-06-11 02:00:00+00:00,6,1,False,6667b310d59cdeec42f6cd17
1147,2024-06-11 04:00:00+00:00,4,1,False,6667d207644186407443e273
1148,2024-06-11 10:00:00+00:00,0,1,False,666824e25816dbf964d0e967
1149,2024-06-11 16:00:00+00:00,8,1,False,6668892640e6637797080fac
1150,2024-06-12 02:00:00+00:00,4,1,False,666912b640e6637797081105
1151,2024-06-12 02:00:00+00:00,9,1,False,6669138d40e6637797081134
1152,2024-06-12 06:00:00+00:00,0,1,False,666950dd40e6637797081a4e
1153,2024-06-12 06:00:00+00:00,2,1,False,6669486f40e6637797081986
1154,2024-06-12 06:00:00+00:00,4,1,False,666948ad40e663779708199a
1155,2024-06-12 08:00:00+00:00,2,1,False,6669622e40e6637797082271
1156,2024-06-12 08:00:00+00:00,6,3,False,6669606c40e6637797081e90 -> 6669616040e6637797082257 -> 666962ff40e66377970823ab
1157,2024-06-12 10:00:00+00:00,6,1,False,66698b1b40e6637797082eab
1158,2024-06-13 04:00:00+00:00,0,1,False,666a8a09f212d56dfc377d1d
1159,2024-06-13 04:00:00+00:00,2,1,False,666a70b0fb1f6edb969c8989
1160,2024-06-13 04:00:00+00:00,4,1,False,666a701bfb1f6edb969c8958
1161,2024-06-13 04:00:00+00:00,6,1,False,666a7c890ad530bd2452d580
1162,2024-06-13 04:00:00+00:00,7,1,False,666a7068fb1f6edb969c896d
1163,2024-06-13 06:00:00+00:00,9,2,False,666a8f6df212d56dfc377da9 -> 666a9b27f212d56dfc378229
1164,2024-06-13 08:00:00+00:00,6,2,False,666ab2e7a9f5a1c8d3a99175 -> 666ab9e6a9f5a1c8d3a9997b
1165,2024-06-14 02:00:00+00:00,0,1,False,666bb9993058481f4e26748d
1166,2024-06-14 02:00:00+00:00,4,4,False,666bb8c63058481f4e267456 -> 666bb9113058481f4e267460 -> 666bb9403058481f4e267475 -> 666bbab83058481f4e2674f9
1167,2024-06-14 02:00:00+00:00,7,1,False,666bbbf83058481f4e2675d7
1168,2024-06-14 02:00:00+00:00,8,2,False,666bac693058481f4e26738a -> 666bad153058481f4e26739a
1169,2024-06-14 04:00:00+00:00,2,1,False,666bca3d3058481f4e267910
1170,2024-06-14 04:00:00+00:00,7,1,False,666bd0493058481f4e267973
1171,2024-06-14 08:00:00+00:00,5,1,False,666c135c5eeef68a9d24bade
1172,2024-06-14 08:00:00+00:00,9,2,False,666bf883be73767ef8e0bf6d -> 666c118f0faf59e257a3d439
1173,2024-06-15 00:00:00+00:00,6,1,False,666ceac4c86b5b19e300786d
1174,2024-06-15 00:00:00+00:00,8,1,False,666ceaecc86b5b19e3007879
1175,2024-06-15 02:00:00+00:00,4,2,False,666d0160c86b5b19e3007b81 -> 666d023dc86b5b19e3007bae
1176,2024-06-15 04:00:00+00:00,9,1,False,666d2296c86b5b19e30084ea
1177,2024-06-15 06:00:00+00:00,0,1,False,666d3c9fc86b5b19e3008b13
1178,2024-06-15 06:00:00+00:00,6,1,False,666d46b5c86b5b19e3008ef9
1179,2024-06-17 02:00:00+00:00,4,2,False,666faa49c86b5b19e3009907 -> 666faa90c86b5b19e3009912
1180,2024-06-17 02:00:00+00:00,6,2,False,666fab39c86b5b19e300991e -> 666faccfc86b5b19e30099ae
1181,2024-06-17 04:00:00+00:00,8,1,False,666fc018c86b5b19e300a2b7
1182,2024-06-17 04:00:00+00:00,9,1,False,666fb6e1c86b5b19e3009acf
1183,2024-06-17 06:00:00+00:00,6,1,False,666fea82c86b5b19e300b07b
1184,2024-06-17 06:00:00+00:00,7,1,False,666fe7e9c86b5b19e300b019
1185,2024-06-18 02:00:00+00:00,0,1,False,6670fa0fc86b5b19e300b95b
1186,2024-06-18 02:00:00+00:00,9,1,False,667100cbc86b5b19e300ba07
1187,2024-06-18 04:00:00+00:00,3,1,False,667108cfc86b5b19e300bc74
1188,2024-06-18 04:00:00+00:00,7,1,False,66710771c86b5b19e300bc39
1189,2024-06-18 04:00:00+00:00,9,1,False,667107f9c86b5b19e300bc45
1190,2024-06-18 06:00:00+00:00,6,1,False,66712ac6c86b5b19e300c159
1191,2024-06-18 08:00:00+00:00,2,1,False,66714926c86b5b19e300c9fe
1192,2024-06-18 08:00:00+00:00,5,2,False,66714965c86b5b19e300ca3a -> 667153e7db29c940517793a6
1193,2024-06-18 12:00:00+00:00,3,1,False,66717fd4db29c9405177a559
1194,2024-06-18 12:00:00+00:00,6,2,False,66718deadb29c9405177a58b -> 66719126db29c9405177a5c9
1195,2024-06-19 02:00:00+00:00,4,2,False,66724feedb29c9405177aa31 -> 667253abdb29c9405177aa98
1196,2024-06-19 02:00:00+00:00,6,2,False,667255c9db29c9405177aafa -> 667256eddb29c9405177ab42
1197,2024-06-19 02:00:00+00:00,8,1,False,667254eddb29c9405177aaad
1198,2024-06-19 04:00:00+00:00,4,2,False,66725f41db29c9405177ae97 -> 6672652adb29c9405177b1be
1199,2024-06-19 04:00:00+00:00,6,4,False,6672586ddb29c9405177ab7a -> 66726021db29c9405177aecf -> 667266fcdb29c9405177b24d -> 66726bf7db29c9405177b879
1200,2024-06-19 04:00:00+00:00,8,4,False,66725bfcdb29c9405177ad6c -> 66725caddb29c9405177ae4c -> 6672673adb29c9405177b2b8 -> 667267a4db29c9405177b309
1201,2024-06-19 06:00:00+00:00,1,1,False,6672798f0ca937e5a31f9bb9
1202,2024-06-19 08:00:00+00:00,0,1,False,6672a1af04d9ab66fb5c27db
1203,2024-06-19 08:00:00+00:00,9,1,False,6672910604d9ab66fb5c24c5
1204,2024-06-20 02:00:00+00:00,0,1,False,6673a28d04d9ab66fb5c366e
1205,2024-06-20 02:00:00+00:00,4,1,False,6673a31704d9ab66fb5c36ae
1206,2024-06-20 02:00:00+00:00,5,1,False,6673a22104d9ab66fb5c364f
1207,2024-06-20 04:00:00+00:00,4,2,False,6673aac704d9ab66fb5c37a9 -> 6673ba3204d9ab66fb5c38ce
1208,2024-06-20 06:00:00+00:00,6,1,False,6673e00504d9ab66fb5c481f
1209,2024-06-20 06:00:00+00:00,7,1,False,6673d59904d9ab66fb5c427c
1210,2024-06-20 06:00:00+00:00,9,1,False,6673d7b704d9ab66fb5c42f3
1211,2024-06-20 08:00:00+00:00,0,1,False,6673f4ed04d9ab66fb5c4e0e
1212,2024-06-21 02:00:00+00:00,0,1,False,6674ee314ec08f3598113ec6
1213,2024-06-21 02:00:00+00:00,2,1,False,6674f9af4ec08f3598113ff6
1214,2024-06-21 02:00:00+00:00,4,1,False,6674ed474ec08f3598113e95
1215,2024-06-21 02:00:00+00:00,7,1,False,6674ebee4ec08f3598113e61
1216,2024-06-21 04:00:00+00:00,5,2,False,6675106e4ec08f3598114229 -> 667516444ec08f359811451e
1217,2024-06-21 04:00:00+00:00,8,1,False,6675022c4ec08f35981140cd
1218,2024-06-21 06:00:00+00:00,0,1,False,667524804ec08f3598115039
1219,2024-06-21 08:00:00+00:00,5,1,False,66753d654ec08f35981157c3
1220,2024-06-21 08:00:00+00:00,9,1,False,667541394ec08f3598115c75
1221,2024-06-22 02:00:00+00:00,6,1,False,667637c18caccc69cb7438d3
1222,2024-06-22 02:00:00+00:00,8,1,False,667638098caccc69cb7438e1
1223,2024-06-22 08:00:00+00:00,0,2,False,667686e88caccc69cb744d08 -> 667690c08caccc69cb744e15
1224,2024-06-22 08:00:00+00:00,1,1,False,6676929e8caccc69cb744e64
1225,2024-06-22 08:00:00+00:00,5,1,False,66768ff88caccc69cb744dd8
1226,2024-06-22 08:00:00+00:00,7,1,False,667691a18caccc69cb744e25
1227,2024-06-22 08:00:00+00:00,9,1,False,667690638caccc69cb744e04
1228,2024-06-22 10:00:00+00:00,4,1,False,6676a4978caccc69cb744ff1
1229,2024-06-23 08:00:00+00:00,0,1,False,6677e8248caccc69cb74631f
1230,2024-06-23 18:00:00+00:00,6,1,False,667868ec686ba46d64f04439
1231,2024-06-24 02:00:00+00:00,8,1,False,6678db98686ba46d64f0454c
1232,2024-06-24 04:00:00+00:00,0,1,False,6678f3b1686ba46d64f04b17
1233,2024-06-24 04:00:00+00:00,2,1,False,6678f033686ba46d64f04a8f
1234,2024-06-24 04:00:00+00:00,8,1,False,6678f425686ba46d64f04b34
1235,2024-06-24 06:00:00+00:00,6,1,False,667911fb686ba46d64f05c79
1236,2024-06-24 06:00:00+00:00,9,1,False,66791807686ba46d64f05ecc
1237,2024-06-24 08:00:00+00:00,4,1,False,66793cae686ba46d64f063fd
1238,2024-06-24 14:00:00+00:00,4,1,False,66798295686ba46d64f06b5d
1239,2024-06-25 00:00:00+00:00,0,1,False,667a1761686ba46d64f06bf1
1240,2024-06-25 02:00:00+00:00,4,3,False,667a2d6e686ba46d64f0715b -> 667a3751686ba46d64f075aa -> 667a3a16686ba46d64f07767
1241,2024-06-25 02:00:00+00:00,6,1,False,667a2cb1686ba46d64f07108
1242,2024-06-25 02:00:00+00:00,8,1,False,667a2e1b686ba46d64f071d6
1243,2024-06-25 02:00:00+00:00,9,4,False,667a2dcd686ba46d64f071b4 -> 667a2e57686ba46d64f071df -> 667a36e9686ba46d64f073ae -> 667a3d63686ba46d64f077e4
1244,2024-06-25 04:00:00+00:00,4,3,False,667a4515686ba46d64f079a6 -> 667a45c6686ba46d64f07a0e -> 667a5c08686ba46d64f09388
1245,2024-06-25 06:00:00+00:00,0,1,False,667a7002c892dd969db14347
1246,2024-06-25 08:00:00+00:00,2,1,False,667a7bf410954652d951e3c1
1247,2024-06-25 08:00:00+00:00,4,1,False,667a8b4610954652d951e7aa
1248,2024-06-26 02:00:00+00:00,4,3,False,667b859f10954652d951fa74 -> 667b86ec10954652d951fab2 -> 667b878e10954652d951fac7
1249,2024-06-26 02:00:00+00:00,6,1,False,667b867b10954652d951fa83
1250,2024-06-26 02:00:00+00:00,7,1,False,667b875810954652d951fabe
1251,2024-06-26 04:00:00+00:00,4,2,False,667b995a10954652d9520077 -> 667ba5b110954652d95206f6
1252,2024-06-26 04:00:00+00:00,7,2,False,667b938910954652d951fb9e -> 667ba53310954652d95204f2
1253,2024-06-26 04:00:00+00:00,8,1,False,667b950410954652d951fbe5
1254,2024-06-26 06:00:00+00:00,9,1,False,667bafe410954652d95219a9
1255,2024-06-26 10:00:00+00:00,6,1,False,667bf22010954652d952228e
1256,2024-06-27 02:00:00+00:00,0,2,False,667cd87c9032761dca47f1f7 -> 667cddfb8aefa3bb48facb1a
1257,2024-06-27 02:00:00+00:00,4,2,False,667cd9dd76e2a509f1fe6704 -> 667cdc35b75567ef80a853b2
1258,2024-06-27 02:00:00+00:00,7,1,False,667cdaf02e9c1f20aef45fbf
1259,2024-06-27 02:00:00+00:00,8,1,False,667cd7819032761dca47f1e8
1260,2024-06-27 04:00:00+00:00,6,1,False,667ceefa8aefa3bb48facffe
1261,2024-06-27 04:00:00+00:00,9,1,False,667cf3368aefa3bb48fad0f7
1262,2024-06-27 06:00:00+00:00,6,1,False,667d08748aefa3bb48fad95f
1263,2024-06-27 16:00:00+00:00,8,2,False,667d99f1dd2eeb6747e1e7e7 -> 667d9b0ddd2eeb6747e1e7fe
1264,2024-06-28 00:00:00+00:00,2,1,False,667e0b6d71cb973c54679251
1265,2024-06-28 00:00:00+00:00,6,1,False,667e153271cb973c5467936e
1266,2024-06-28 02:00:00+00:00,4,3,False,667e237371cb973c546797cf -> 667e28cf71cb973c54679d97 -> 667e339171cb973c54679f68
1267,2024-06-28 02:00:00+00:00,5,2,False,667e32e071cb973c54679f3a -> 667e34a771cb973c54679f90
1268,2024-06-28 02:00:00+00:00,7,1,False,667e246f71cb973c54679a43
1269,2024-06-28 04:00:00+00:00,2,1,False,667e49a571cb973c5467aa63
1270,2024-06-28 04:00:00+00:00,4,2,False,667e369071cb973c5467a002 -> 667e37d971cb973c5467a039
1271,2024-06-28 04:00:00+00:00,7,2,False,667e385c71cb973c5467a055 -> 667e426671cb973c5467a492
1272,2024-06-28 06:00:00+00:00,2,1,False,667e56d571cb973c5467b199
1273,2024-06-28 06:00:00+00:00,6,1,False,667e625b71cb973c5467b27f
1274,2024-06-28 08:00:00+00:00,6,1,False,667e769971cb973c5467bc2b
1275,2024-06-28 10:00:00+00:00,3,1,False,667e961871cb973c5467bf35
1276,2024-06-28 10:00:00+00:00,6,1,False,667e8d5771cb973c5467bec8
1277,2024-06-29 00:00:00+00:00,4,1,False,667f59952d58011d21e76c15
1278,2024-06-29 00:00:00+00:00,6,1,False,667f51002d58011d21e76bb2
1279,2024-06-29 02:00:00+00:00,0,1,False,667f7e1c2d58011d21e76e7d
1280,2024-06-29 02:00:00+00:00,6,2,False,667f7c322d58011d21e76dd0 -> 667f859f2d58011d21e770ce
1281,2024-06-29 02:00:00+00:00,7,2,False,667f7c142d58011d21e76dc7 -> 667f82d82d58011d21e7701e
1282,2024-06-29 02:00:00+00:00,9,2,False,667f85552d58011d21e770b9 -> 667f86362d58011d21e770dc
1283,2024-06-29 04:00:00+00:00,1,1,False,667f9d402d58011d21e77990
1284,2024-06-29 04:00:00+00:00,7,1,False,667f9c6c2d58011d21e77948
1285,2024-06-29 06:00:00+00:00,8,2,False,667fac7b2d58011d21e77b6b -> 667fbc182d58011d21e780fa
1286,2024-06-30 02:00:00+00:00,4,2,False,6680c42f2d58011d21e790c9 -> 6680c4ba2d58011d21e790d7
1287,2024-07-01 02:00:00+00:00,4,2,False,66821fdc2d58011d21e79557 -> 668225af2d58011d21e7a021
1288,2024-07-01 02:00:00+00:00,6,1,False,668223fc2d58011d21e79c86
1289,2024-07-01 02:00:00+00:00,7,2,False,6682230e2d58011d21e7991d -> 668226ae2d58011d21e7a344
1290,2024-07-01 02:00:00+00:00,8,1,False,6682227f2d58011d21e798a9
1291,2024-07-01 04:00:00+00:00,4,4,False,668234122d58011d21e7a901 -> 668234d12d58011d21e7a9cc -> 668236172d58011d21e7ab06 -> 668241842d58011d21e7ad9c
1292,2024-07-01 04:00:00+00:00,5,1,False,668236912d58011d21e7ab5f
1293,2024-07-01 04:00:00+00:00,6,2,False,66822ba72d58011d21e7a42a -> 668235b32d58011d21e7aa40
1294,2024-07-01 04:00:00+00:00,8,2,False,66822ce72d58011d21e7a763 -> 66823c462d58011d21e7ac2a
1295,2024-07-01 04:00:00+00:00,9,1,False,66822c652d58011d21e7a472
1296,2024-07-01 06:00:00+00:00,0,1,False,668257192d58011d21e7c5d6
1297,2024-07-01 06:00:00+00:00,4,2,False,668253072d58011d21e7bbff -> 668257ea2d58011d21e7c909
1298,2024-07-01 06:00:00+00:00,6,1,False,668253462d58011d21e7bee1
1299,2024-07-01 06:00:00+00:00,7,2,False,668253e92d58011d21e7c1c2 -> 6682575c2d58011d21e7c8b5
1300,2024-07-01 10:00:00+00:00,0,1,False,668280692d58011d21e7d909
1301,2024-07-02 02:00:00+00:00,0,1,False,6683770a2d58011d21e7e6bb
1302,2024-07-02 02:00:00+00:00,4,2,False,668376312d58011d21e7e3ba -> 668379742d58011d21e7e80e
1303,2024-07-02 02:00:00+00:00,9,1,False,668377c12d58011d21e7e6db
1304,2024-07-02 04:00:00+00:00,2,1,False,668394272d58011d21e7ec2c
1305,2024-07-02 04:00:00+00:00,4,3,False,66837e3c2d58011d21e7e90e -> 66837f7f2d58011d21e7e948 -> 668391402d58011d21e7eb8d
1306,2024-07-02 08:00:00+00:00,4,2,False,6683bb2c2d58011d21e7f3e2 -> 6683cdac2d58011d21e7f67b
1307,2024-07-02 08:00:00+00:00,7,1,False,6683b9042d58011d21e7f399
1308,2024-07-02 14:00:00+00:00,1,1,False,66840c2c2d58011d21e7f8b6
1309,2024-07-02 14:00:00+00:00,4,1,False,66840d112d58011d21e7f8bf
1310,2024-07-02 14:00:00+00:00,6,1,False,66840dc42d58011d21e7f8c8
1311,2024-07-03 04:00:00+00:00,2,1,False,6684e4052d58011d21e811a7
1312,2024-07-03 04:00:00+00:00,6,1,False,6684d0772d58011d21e804b4
1313,2024-07-03 04:00:00+00:00,7,1,False,6684cf222d58011d21e80467
1314,2024-07-03 04:00:00+00:00,9,1,False,6684cfa12d58011d21e80482
1315,2024-07-03 06:00:00+00:00,4,1,False,6685017a2d58011d21e818f3
1316,2024-07-03 08:00:00+00:00,6,1,False,668508ee2d58011d21e81ef6
1317,2024-07-03 08:00:00+00:00,9,2,False,66851a1f2d58011d21e82091 -> 66851d6e2d58011d21e820c8
1318,2024-07-04 00:00:00+00:00,3,1,False,6685ff211f621b3aa7a515f7
1319,2024-07-04 02:00:00+00:00,0,3,False,66860c011f621b3aa7a516c0 -> 66860cb71f621b3aa7a519cf -> 6686141c1f621b3aa7a52147
1320,2024-07-04 02:00:00+00:00,2,1,False,668605aa1f621b3aa7a5163b
1321,2024-07-04 02:00:00+00:00,4,2,False,6686177e1f621b3aa7a52450 -> 668618611f621b3aa7a52476
1322,2024-07-04 02:00:00+00:00,5,1,False,66860c651f621b3aa7a519a9
1323,2024-07-04 02:00:00+00:00,7,1,False,668611a31f621b3aa7a52110
1324,2024-07-04 02:00:00+00:00,8,1,False,668618da1f621b3aa7a52496
1325,2024-07-04 04:00:00+00:00,3,1,False,668638c61f621b3aa7a53871
1326,2024-07-04 04:00:00+00:00,4,3,False,668620aa1f621b3aa7a528cd -> 66862b391f621b3aa7a52de1 -> 66863a1f1f621b3aa7a538a9
1327,2024-07-04 06:00:00+00:00,2,1,False,668647661f621b3aa7a53c9e
1328,2024-07-04 06:00:00+00:00,8,1,False,668647cc1f621b3aa7a53ca7
1329,2024-07-04 08:00:00+00:00,1,1,False,66865c131f621b3aa7a54138
1330,2024-07-04 16:00:00+00:00,0,1,False,6686c9a31f621b3aa7a55122
1331,2024-07-04 16:00:00+00:00,5,2,False,6686c7191f621b3aa7a54f66 -> 6686c7d51f621b3aa7a54fcc
1332,2024-07-04 16:00:00+00:00,6,2,False,6686c87b1f621b3aa7a55032 -> 6686c8fa1f621b3aa7a55098
1333,2024-07-05 02:00:00+00:00,1,1,False,66876d2d1f621b3aa7a55ace
1334,2024-07-05 02:00:00+00:00,4,2,False,66876ec21f621b3aa7a55e00 -> 66876f571f621b3aa7a55e41
1335,2024-07-05 02:00:00+00:00,6,2,False,6687635a1f621b3aa7a55288 -> 66876ad51f621b3aa7a5571e
1336,2024-07-05 02:00:00+00:00,9,1,False,66876c391f621b3aa7a55a80
1337,2024-07-05 04:00:00+00:00,0,2,False,668773b31f621b3aa7a56523 -> 6687879a44978b72e31ad5fa
1338,2024-07-05 04:00:00+00:00,4,1,False,66877b1b1f621b3aa7a56a2d
1339,2024-07-05 04:00:00+00:00,6,2,False,668778291f621b3aa7a568a7 -> 6687853a44978b72e31ad1ab
1340,2024-07-05 04:00:00+00:00,7,1,False,6687710b1f621b3aa7a5619b
1341,2024-07-05 04:00:00+00:00,8,1,False,668772901f621b3aa7a564b4
1342,2024-07-05 06:00:00+00:00,2,1,False,668793618145f17f37639020
1343,2024-07-05 06:00:00+00:00,8,1,False,6687a4ef8145f17f376398c2
1344,2024-07-05 06:00:00+00:00,9,1,False,668793438145f17f37638fd4
1345,2024-07-05 10:00:00+00:00,0,1,False,6687c8ac8145f17f3763a9a7
1346,2024-07-06 00:00:00+00:00,2,1,False,66889608ff27bc1a834de1f5
1347,2024-07-06 02:00:00+00:00,0,1,False,6688b319ff27bc1a834de439
1348,2024-07-06 02:00:00+00:00,2,1,False,6688ae4fff27bc1a834de2e9
1349,2024-07-06 02:00:00+00:00,3,1,False,6688af6eff27bc1a834de314
1350,2024-07-06 02:00:00+00:00,4,1,False,6688b2e0ff27bc1a834de421
1351,2024-07-06 02:00:00+00:00,5,1,False,6688b44dff27bc1a834de77d
1352,2024-07-06 02:00:00+00:00,6,1,False,6688b3cbff27bc1a834de76f
1353,2024-07-06 02:00:00+00:00,8,1,False,6688b510ff27bc1a834de7b1
1354,2024-07-06 04:00:00+00:00,9,1,False,6688dce1ff27bc1a834df6e6
1355,2024-07-06 06:00:00+00:00,0,1,False,6688e15bff27bc1a834df7f7
1356,2024-07-06 06:00:00+00:00,4,2,False,6688eed0ff27bc1a834dfa37 -> 6688f3fbff27bc1a834dfabc
1357,2024-07-06 08:00:00+00:00,4,1,False,6688fceeff27bc1a834dfe03
1358,2024-07-06 08:00:00+00:00,6,1,False,66890539ff27bc1a834e0061
1359,2024-07-07 16:00:00+00:00,0,1,False,668ace07ca82dc65928fe62f
1360,2024-07-08 00:00:00+00:00,3,1,False,668b409aca82dc65928fe683
1361,2024-07-08 02:00:00+00:00,2,4,False,668b4b32ca82dc65928fe9d1 -> 668b53aeca82dc65928fea3c -> 668b53ccca82dc65928fea43 -> 668b60f1ca82dc65928ffa28
1362,2024-07-08 02:00:00+00:00,4,2,False,668b5bdeca82dc65928feb64 -> 668b5d03ca82dc65928ff48d
1363,2024-07-08 02:00:00+00:00,5,1,False,668b5c28ca82dc65928fee7e
1364,2024-07-08 02:00:00+00:00,6,2,False,668b6051ca82dc65928ffa0e -> 668b631dca82dc65928ffb50
1365,2024-07-08 02:00:00+00:00,7,1,False,668b5c68ca82dc65928ff183
1366,2024-07-08 02:00:00+00:00,8,1,False,668b5f50ca82dc65928ff707
1367,2024-07-08 02:00:00+00:00,9,1,False,668b5ca0ca82dc65928ff18c
1368,2024-07-08 04:00:00+00:00,0,1,False,668b703eca82dc6592900073
1369,2024-07-08 04:00:00+00:00,4,1,False,668b6454ca82dc65928ffbdd
1370,2024-07-08 04:00:00+00:00,5,1,False,668b64f6ca82dc65928ffc00
1371,2024-07-08 06:00:00+00:00,4,1,False,668b90a6ca82dc6592901168
1372,2024-07-08 08:00:00+00:00,0,1,False,668bacc2ca82dc659290165d
1373,2024-07-08 10:00:00+00:00,7,1,False,668bbbd6ca82dc6592901c85
1374,2024-07-08 14:00:00+00:00,1,2,False,668c0a3cca82dc65929022bf -> 668c0b4aca82dc65929022d0
1375,2024-07-08 14:00:00+00:00,2,1,False,668c06eaca82dc65929022a8
1376,2024-07-08 14:00:00+00:00,7,1,False,668c0928ca82dc65929022b6
1377,2024-07-08 16:00:00+00:00,2,1,False,668c11b5ca82dc65929023a0
1378,2024-07-09 00:00:00+00:00,8,1,False,668c9952ca82dc6592902598
1379,2024-07-09 02:00:00+00:00,4,1,False,668cb1a1ca82dc659290319c
1380,2024-07-09 02:00:00+00:00,5,1,False,668cabe7ca82dc6592902cfe
1381,2024-07-09 02:00:00+00:00,7,1,False,668cb102ca82dc659290318a
1382,2024-07-09 02:00:00+00:00,9,3,False,668c9a5dca82dc65929025bd -> 668c9a8eca82dc65929025cb -> 668cab2cca82dc65929029df
1383,2024-07-09 04:00:00+00:00,3,2,False,668cb808ca82dc6592903760 -> 668cba05ca82dc65929037ad
1384,2024-07-09 04:00:00+00:00,4,2,False,668cb5d1ca82dc6592903396 -> 668cb615ca82dc65929033d8
1385,2024-07-09 04:00:00+00:00,6,1,False,668cbc02ca82dc659290385d
1386,2024-07-09 04:00:00+00:00,8,1,False,668cb8e9ca82dc659290378c
1387,2024-07-09 06:00:00+00:00,3,1,False,668ce965ca82dc6592905654
1388,2024-07-09 06:00:00+00:00,4,1,False,668cd7b3ca82dc6592904789
1389,2024-07-09 06:00:00+00:00,5,1,False,668ce165ca82dc6592905241
1390,2024-07-09 08:00:00+00:00,6,1,False,668d063fca82dc6592906836
1391,2024-07-09 16:00:00+00:00,0,1,False,668d6182fa7cccdc55984f44
1392,2024-07-09 16:00:00+00:00,4,1,False,668d648afa7cccdc55984f62
1393,2024-07-09 16:00:00+00:00,7,1,False,668d6419fa7cccdc55984f59
1394,2024-07-09 16:00:00+00:00,8,2,False,668d5efcfa7cccdc55984ec3 -> 668d78e3fa7cccdc55984f74
1395,2024-07-10 00:00:00+00:00,2,1,False,668de4ddfa7cccdc55984ff9
1396,2024-07-10 00:00:00+00:00,5,1,False,668de562fa7cccdc5598501b
1397,2024-07-10 02:00:00+00:00,0,1,False,668dff22fa7cccdc55985888
1398,2024-07-10 02:00:00+00:00,4,3,False,668df432fa7cccdc55985237 -> 668dfe77fa7cccdc55985842 -> 668e071ffa7cccdc5598596e
1399,2024-07-10 02:00:00+00:00,5,1,False,668df9e6fa7cccdc55985361
1400,2024-07-10 02:00:00+00:00,6,1,False,668dfcd4fa7cccdc5598577c
1401,2024-07-10 02:00:00+00:00,8,2,False,668dfc38fa7cccdc55985735 -> 668dfddcfa7cccdc55985806
1402,2024-07-10 04:00:00+00:00,4,1,False,668e2026fa7cccdc559865e2
1403,2024-07-10 04:00:00+00:00,6,2,False,668e080efa7cccdc559859bd -> 668e1a74fa7cccdc55986376
1404,2024-07-10 04:00:00+00:00,8,1,False,668e1d3dfa7cccdc55986436
1405,2024-07-10 04:00:00+00:00,9,1,False,668e13e6fa7cccdc55985cc2
1406,2024-07-10 06:00:00+00:00,7,1,False,668e2fe9fa7cccdc55986e2e
1407,2024-07-10 06:00:00+00:00,8,1,False,668e2488fa7cccdc559868b3
1408,2024-07-10 08:00:00+00:00,3,1,False,668e4830fa7cccdc55987931
1409,2024-07-10 08:00:00+00:00,4,1,False,668e43a3fa7cccdc5598761b
1410,2024-07-10 16:00:00+00:00,0,1,False,668ec8a7fa7cccdc55988786
1411,2024-07-11 02:00:00+00:00,4,5,True,668f4ccafa7cccdc55988882 -> 668f4e07fa7cccdc559888bc -> 668f4ea4fa7cccdc559888ee -> 668f5215fa7cccdc55988c9e -> 668f5365fa7cccdc55989079
1412,2024-07-11 02:00:00+00:00,6,1,False,668f517ffa7cccdc55988c73
1413,2024-07-11 02:00:00+00:00,7,3,False,668f4ea0fa7cccdc559888e5 -> 668f528ffa7cccdc55988cb6 -> 668f52c7fa7cccdc55988cc6
1414,2024-07-11 02:00:00+00:00,8,1,False,668f4c0dfa7cccdc55988876
1415,2024-07-11 04:00:00+00:00,4,1,False,668f5e62f50a1c6b75382d97
1416,2024-07-11 04:00:00+00:00,7,1,False,668f5c78f50a1c6b75382d5e
1417,2024-07-11 06:00:00+00:00,0,4,False,668f7637f50a1c6b75383b44 -> 668f7a76f50a1c6b75383f20 -> 668f7ee7f50a1c6b75384294 -> 668f7f70f50a1c6b753845e4
1418,2024-07-11 06:00:00+00:00,2,2,False,668f757ff50a1c6b75383b32 -> 668f76ecf50a1c6b75383b62
1419,2024-07-11 06:00:00+00:00,4,1,False,668f7febf50a1c6b75384964
1420,2024-07-11 06:00:00+00:00,7,1,False,668f80fcf50a1c6b75384cf0
1421,2024-07-11 10:00:00+00:00,4,1,False,668fb3e0f50a1c6b75385cc9
1422,2024-07-11 16:00:00+00:00,2,1,False,66901d49f50a1c6b75386360
1423,2024-07-11 16:00:00+00:00,5,1,False,66901c3ff50a1c6b7538634e
1424,2024-07-11 16:00:00+00:00,6,1,False,66901c86f50a1c6b75386357
1425,2024-07-12 00:00:00+00:00,7,1,False,66908cf0f50a1c6b75386462
1426,2024-07-12 02:00:00+00:00,2,2,False,669097e0f50a1c6b753865b5 -> 6690a86ef50a1c6b75387013
1427,2024-07-12 02:00:00+00:00,4,1,False,6690a829f50a1c6b75386cd2
1428,2024-07-12 02:00:00+00:00,5,2,False,6690a3e3f50a1c6b75386904 -> 6690a6c9f50a1c6b7538696f
1429,2024-07-12 02:00:00+00:00,7,1,False,6690aa21f50a1c6b753873ec
1430,2024-07-12 02:00:00+00:00,8,1,False,6690a937f50a1c6b75387372
1431,2024-07-12 04:00:00+00:00,0,1,False,6690b3d7f50a1c6b75387bfd
1432,2024-07-12 04:00:00+00:00,2,1,False,6690aee7f50a1c6b75387967
1433,2024-07-12 04:00:00+00:00,4,5,True,6690ab3bf50a1c6b75387500 -> 6690acd3f50a1c6b753875d3 -> 6690ae39f50a1c6b75387604 -> 6690aed9f50a1c6b75387620 -> 6690bb8cf50a1c6b753880b4
1434,2024-07-12 04:00:00+00:00,6,3,False,6690aabff50a1c6b753874b1 -> 6690ac34f50a1c6b75387594 -> 6690af64f50a1c6b753879af
1435,2024-07-12 04:00:00+00:00,7,1,False,6690ad4af50a1c6b753875ef
1436,2024-07-12 04:00:00+00:00,9,1,False,6690c07bf50a1c6b753886b4
1437,2024-07-12 06:00:00+00:00,4,2,False,6690cde9f50a1c6b75389015 -> 6690d2d7f50a1c6b753891ff
1438,2024-07-12 06:00:00+00:00,6,1,False,6690d151f50a1c6b7538916e
1439,2024-07-12 08:00:00+00:00,3,1,False,6690f3e090b466288b77395c
1440,2024-07-12 08:00:00+00:00,6,1,False,6690f45490b466288b773970
1441,2024-07-12 10:00:00+00:00,6,1,False,6691081090b466288b7742b6
1442,2024-07-12 18:00:00+00:00,5,1,False,66917045407172f67458f141
1443,2024-07-13 02:00:00+00:00,0,4,False,6691f3c3407172f67458fa49 -> 6691f563407172f67458fe02 -> 6691f697407172f67458fe70 -> 6691f95f407172f674590606
1444,2024-07-13 02:00:00+00:00,1,1,False,6691f52e407172f67458fdf8
1445,2024-07-13 02:00:00+00:00,4,5,True,6691ee35407172f67458f318 -> 6691eec3407172f67458f66a -> 6691f28f407172f67458f6e4 -> 6691f5c8407172f67458fe0f -> 6691f6cc407172f67458fe89
1446,2024-07-13 02:00:00+00:00,5,2,False,6691f8a2407172f674590285 -> 6691f934407172f6745905e3
1447,2024-07-13 02:00:00+00:00,6,1,False,6691f629407172f67458fe62
1448,2024-07-13 02:00:00+00:00,7,1,False,6691f9d6407172f674590660
1449,2024-07-13 02:00:00+00:00,9,1,False,6691f730407172f67459020f
1450,2024-07-13 04:00:00+00:00,0,1,False,6692064b407172f674590d89
1451,2024-07-13 04:00:00+00:00,8,1,False,66920432407172f674590d29
1452,2024-07-13 04:00:00+00:00,9,1,False,66921341407172f674591a1a
1453,2024-07-13 06:00:00+00:00,6,1,False,66921cf1d54b84ac2ddaf73b
1454,2024-07-13 08:00:00+00:00,4,2,False,66923660d54b84ac2ddafe28 -> 66923fafd54b84ac2ddb00fb
1455,2024-07-14 12:00:00+00:00,2,1,False,6693c6f1d54b84ac2ddb1ada
1456,2024-07-15 00:00:00+00:00,2,1,False,66947d8ed54b84ac2ddb1bc4
1457,2024-07-15 00:00:00+00:00,5,1,False,66948161d54b84ac2ddb1c0a
1458,2024-07-15 02:00:00+00:00,0,1,False,66949b75d54b84ac2ddb330c
1459,2024-07-15 02:00:00+00:00,2,1,False,669486afd54b84ac2ddb1ca7
1460,2024-07-15 02:00:00+00:00,4,5,True,6694926fd54b84ac2ddb20b3 -> 669492bfd54b84ac2ddb20c3 -> 66949386d54b84ac2ddb24df -> 669493f1d54b84ac2ddb2842 -> 669493f6d54b84ac2ddb2ba1
1461,2024-07-15 02:00:00+00:00,5,3,False,669492ced54b84ac2ddb20ca -> 669492d6d54b84ac2ddb242b -> 66949521d54b84ac2ddb2c9b
1462,2024-07-15 02:00:00+00:00,6,1,False,669491a1d54b84ac2ddb2081
1463,2024-07-15 02:00:00+00:00,7,3,False,6694908ed54b84ac2ddb1f81 -> 66949129d54b84ac2ddb2078 -> 66949b27d54b84ac2ddb32ed
1464,2024-07-15 04:00:00+00:00,0,2,False,6694a3b3d54b84ac2ddb3c92 -> 6694a9ccd54b84ac2ddb402b
1465,2024-07-15 04:00:00+00:00,1,1,False,6694a5ead54b84ac2ddb3dfd
1466,2024-07-15 04:00:00+00:00,2,1,False,6694a133d54b84ac2ddb34c7
1467,2024-07-15 04:00:00+00:00,4,4,False,6694a27fd54b84ac2ddb3882 -> 6694a2e1d54b84ac2ddb38b3 -> 6694a2f6d54b84ac2ddb38ba -> 6694a434d54b84ac2ddb3ccf
1468,2024-07-15 04:00:00+00:00,6,1,False,6694aa74d54b84ac2ddb4115
1469,2024-07-15 04:00:00+00:00,7,1,False,6694a748d54b84ac2ddb3e2d
1470,2024-07-15 04:00:00+00:00,8,2,False,6694a906d54b84ac2ddb3fbc -> 6694aabbd54b84ac2ddb413a
1471,2024-07-15 06:00:00+00:00,4,1,False,6694c66e0dfd3df4a629ee02
1472,2024-07-15 06:00:00+00:00,6,1,False,6694bcb4d54b84ac2ddb49cc
1473,2024-07-15 08:00:00+00:00,4,2,False,6694e5e30dfd3df4a629fc4e -> 6694f2ca0dfd3df4a62a03bc
1474,2024-07-15 08:00:00+00:00,6,1,False,6694e7600dfd3df4a629fd6a
1475,2024-07-16 02:00:00+00:00,0,2,False,6695e5a054401ab379783bc9 -> 6695ed2454401ab3797843f5
1476,2024-07-16 02:00:00+00:00,1,2,False,6695e51754401ab379783bbe -> 6695e62254401ab379783bef
1477,2024-07-16 02:00:00+00:00,4,5,True,6695e16854401ab379783b63 -> 6695e49c54401ab379783bb5 -> 6695eb7354401ab379783c3e -> 6695ef8354401ab379784857 -> 6695f00354401ab379784871
1478,2024-07-16 02:00:00+00:00,7,1,False,6695ef1754401ab379784834
1479,2024-07-16 02:00:00+00:00,8,2,False,6695e1fc54401ab379783b6e -> 6695ee4854401ab37978481f
1480,2024-07-16 02:00:00+00:00,9,1,False,6695ebdc54401ab379783fdf
1481,2024-07-16 04:00:00+00:00,0,1,False,6695f38a54401ab379784b94
1482,2024-07-16 04:00:00+00:00,2,3,False,6695f0af54401ab37978491a -> 6695fe5754401ab379784ec1 -> 6695fe9b54401ab379784ed4
1483,2024-07-16 04:00:00+00:00,4,2,False,6695f08a54401ab3797848bf -> 6695f0d054401ab379784948
1484,2024-07-16 04:00:00+00:00,5,1,False,6695fd5054401ab379784e5d
1485,2024-07-16 04:00:00+00:00,6,1,False,6695f06854401ab37978488e
1486,2024-07-16 06:00:00+00:00,2,1,False,669621c66d35576f41422988
1487,2024-07-16 08:00:00+00:00,0,1,False,669636516d35576f41422e04
1488,2024-07-16 08:00:00+00:00,4,1,False,669638af6d35576f41422e7b
1489,2024-07-16 08:00:00+00:00,8,1,False,6696351b6d35576f41422dbb
1490,2024-07-16 12:00:00+00:00,7,1,False,6696681ac7250ec426d88905
1491,2024-07-16 16:00:00+00:00,2,1,False,6696b387c7250ec426d899a0
1492,2024-07-16 16:00:00+00:00,6,1,False,6696b4d6c7250ec426d89a31
1493,2024-07-16 16:00:00+00:00,7,1,False,6696b104c7250ec426d89997
1494,2024-07-16 18:00:00+00:00,2,1,False,6696b907c7250ec426d89ae5
1495,2024-07-16 18:00:00+00:00,4,2,False,6696b597c7250ec426d89a42 -> 6696bc45c7250ec426d89b88
1496,2024-07-16 18:00:00+00:00,5,1,False,6696b7e6c7250ec426d89adc
1497,2024-07-16 18:00:00+00:00,6,3,False,6696b6e1c7250ec426d89a4b -> 6696bb32c7250ec426d89af7 -> 6696bd0ec7250ec426d89b91
1498,2024-07-16 18:00:00+00:00,8,1,False,6696ba77c7250ec426d89aee
1499,2024-07-17 02:00:00+00:00,9,1,False,66972fa1c7250ec426d8a8f6
1500,2024-07-17 06:00:00+00:00,9,1,False,669773e7c7250ec426d8bea5
1501,2024-07-17 08:00:00+00:00,3,1,False,6697857bc7250ec426d8c2d7
1502,2024-07-17 08:00:00+00:00,4,1,False,66978cb1c7250ec426d8c356
1503,2024-07-17 16:00:00+00:00,0,1,False,6697fdd2c7250ec426d8cfec
1504,2024-07-17 16:00:00+00:00,1,1,False,6697f42fc7250ec426d8ce8f
1505,2024-07-17 16:00:00+00:00,2,1,False,6697fb29c7250ec426d8cf44
1506,2024-07-17 16:00:00+00:00,3,2,False,6697f83bc7250ec426d8cea5 -> 6697fa2fc7250ec426d8cf3b
1507,2024-07-17 16:00:00+00:00,4,3,False,6697f672c7250ec426d8ce98 -> 6697fbc8c7250ec426d8cf4d -> 6697fcdec7250ec426d8cf56
1508,2024-07-17 16:00:00+00:00,6,1,False,66980075c7250ec426d8d08b
1509,2024-07-17 16:00:00+00:00,9,1,False,6697ff69c7250ec426d8d082
1510,2024-07-17 18:00:00+00:00,3,1,False,66980c97c7250ec426d8d13a
1511,2024-07-18 02:00:00+00:00,0,1,False,6698804cc7250ec426d8d913
1512,2024-07-18 02:00:00+00:00,4,5,True,66987deec7250ec426d8d51f -> 66987f26c7250ec426d8d8d1 -> 6698819ec7250ec426d8dcfc -> 669883b2c7250ec426d8e0d2 -> 66988b01c7250ec426d8e2bd
1513,2024-07-18 02:00:00+00:00,6,1,False,66988296c7250ec426d8e0b4
1514,2024-07-18 02:00:00+00:00,7,1,False,669884d8c7250ec426d8e12a
1515,2024-07-18 02:00:00+00:00,8,3,False,66987ed9c7250ec426d8d543 -> 66988a97c7250ec426d8e2b0 -> 66988bdec7250ec426d8e2f7
1516,2024-07-18 02:00:00+00:00,9,1,False,66988324c7250ec426d8e0c8
1517,2024-07-18 04:00:00+00:00,3,1,False,6698a9cfc7250ec426d8f9a6
1518,2024-07-18 04:00:00+00:00,6,3,False,66989ef7c7250ec426d8ec2b -> 66989f7ac7250ec426d8ec97 -> 6698a6c8c7250ec426d8f6d5
1519,2024-07-18 04:00:00+00:00,7,1,False,66989c47c7250ec426d8e7ea
1520,2024-07-18 04:00:00+00:00,9,1,False,6698a53bc7250ec426d8f5fc
1521,2024-07-18 06:00:00+00:00,4,1,False,6698bf2ec7250ec426d90373
1522,2024-07-18 06:00:00+00:00,9,1,False,6698b69ac7250ec426d8ff7d
1523,2024-07-18 08:00:00+00:00,4,1,False,6698e1e9c7250ec426d91a79
1524,2024-07-18 16:00:00+00:00,0,1,False,66994c58c7250ec426d9260f
1525,2024-07-19 00:00:00+00:00,8,1,False,6699b878c7250ec426d92636
1526,2024-07-19 02:00:00+00:00,0,2,False,6699d3ccc7250ec426d9288f -> 6699d732c7250ec426d93591
1527,2024-07-19 02:00:00+00:00,2,1,False,6699dbc4c7250ec426d939c8
1528,2024-07-19 02:00:00+00:00,4,2,False,6699d51fc7250ec426d92e50 -> 6699d580c7250ec426d93221
1529,2024-07-19 02:00:00+00:00,5,1,False,6699dcaec7250ec426d939dd
1530,2024-07-19 02:00:00+00:00,6,2,False,6699d4d1c7250ec426d92c54 -> 6699d707c7250ec426d93589
1531,2024-07-19 02:00:00+00:00,7,2,False,6699d5f2c7250ec426d934f3 -> 6699d657c7250ec426d934fd
1532,2024-07-19 02:00:00+00:00,8,1,False,6699d4cec7250ec426d92c4d
1533,2024-07-19 04:00:00+00:00,6,2,False,6699eba3c7250ec426d9432a -> 6699f392c7250ec426d9499a
1534,2024-07-19 06:00:00+00:00,0,1,False,669a0b89c7250ec426d95e6b
1535,2024-07-19 08:00:00+00:00,0,1,False,669a3628c7250ec426d96a85
1536,2024-07-19 18:00:00+00:00,0,4,False,669aac06c7250ec426d96ea0 -> 669ab30fc7250ec426d96f6a -> 669ab431c7250ec426d96f73 -> 669ab596c7250ec426d96f7c
1537,2024-07-19 18:00:00+00:00,3,1,False,669ab220c7250ec426d96ec5
1538,2024-07-19 18:00:00+00:00,5,1,False,669aaf05c7250ec426d96eb2
1539,2024-07-19 18:00:00+00:00,9,1,False,669aad30c7250ec426d96ea9
1540,2024-07-20 02:00:00+00:00,0,2,False,669b2de9c7250ec426d977cf -> 669b2f46c7250ec426d9782e
1541,2024-07-20 02:00:00+00:00,3,1,False,669b329fc7250ec426d98434
1542,2024-07-20 02:00:00+00:00,4,3,False,669b30b2c7250ec426d97fa4 -> 669b347cc7250ec426d984fd -> 669b3571c7250ec426d98692
1543,2024-07-20 02:00:00+00:00,6,1,False,669b2bd8c7250ec426d97784
1544,2024-07-20 02:00:00+00:00,7,1,False,669b3033c7250ec426d97bf1
1545,2024-07-20 02:00:00+00:00,8,1,False,669b3249c7250ec426d9840b
1546,2024-07-20 02:00:00+00:00,9,1,False,669b318cc7250ec426d983a7
1547,2024-07-20 04:00:00+00:00,4,1,False,669b3861c7250ec426d98833
1548,2024-07-20 04:00:00+00:00,6,2,False,669b38f7c7250ec426d98be1 -> 669b4921c7250ec426d99207
1549,2024-07-20 06:00:00+00:00,5,1,False,669b6419c7250ec426d99a4e
1550,2024-07-20 08:00:00+00:00,0,1,False,669b78cec7250ec426d9a075
1551,2024-07-20 08:00:00+00:00,3,1,False,669b80afc7250ec426d9aa4c
1552,2024-07-20 08:00:00+00:00,6,1,False,669b862bc7250ec426d9ab12
1553,2024-07-21 12:00:00+00:00,4,1,False,669d117dc7250ec426d9c8cc
1554,2024-07-21 12:00:00+00:00,9,1,False,669d1209c7250ec426d9c8d5
1555,2024-07-21 18:00:00+00:00,1,1,False,669d6692c7250ec426d9c978
1556,2024-07-21 18:00:00+00:00,6,1,False,669d679dc7250ec426d9c981
1557,2024-07-21 20:00:00+00:00,4,2,False,669d68dec7250ec426d9c98a -> 669d6ac7c7250ec426d9c99c
1558,2024-07-21 20:00:00+00:00,6,2,False,669d69dbc7250ec426d9c993 -> 669d6e61c7250ec426d9c9c0
1559,2024-07-21 20:00:00+00:00,7,2,False,669d6d63c7250ec426d9c9b7 -> 669d6f47c7250ec426d9c9c9
1560,2024-07-21 20:00:00+00:00,9,2,False,669d6baec7250ec426d9c9a5 -> 669d6c35c7250ec426d9c9ae
1561,2024-07-22 00:00:00+00:00,2,1,False,669db3dec7250ec426d9ca09
1562,2024-07-22 02:00:00+00:00,0,1,False,669dd080c7250ec426d9d379
1563,2024-07-22 02:00:00+00:00,1,1,False,669dd885c7250ec426d9d754
1564,2024-07-22 02:00:00+00:00,2,1,False,669dce9dc7250ec426d9d312
1565,2024-07-22 02:00:00+00:00,3,1,False,669dd4bfc7250ec426d9d45c
1566,2024-07-22 02:00:00+00:00,4,1,False,669dc9aec7250ec426d9d1fe
1567,2024-07-22 02:00:00+00:00,6,1,False,669dd6e2c7250ec426d9d676
1568,2024-07-22 02:00:00+00:00,7,1,False,669dd72bc7250ec426d9d692
1569,2024-07-22 02:00:00+00:00,9,1,False,669dcd0ec7250ec426d9d29c
1570,2024-07-22 04:00:00+00:00,0,2,False,669de13ec7250ec426d9db24 -> 669de6b6c7250ec426d9de35
1571,2024-07-22 04:00:00+00:00,2,1,False,669ddeb6c7250ec426d9da1a
1572,2024-07-22 04:00:00+00:00,4,3,False,669de086c7250ec426d9db0d -> 669de96ac7250ec426d9e048 -> 669deb4dc7250ec426d9e1f7
1573,2024-07-22 04:00:00+00:00,5,1,False,669df050c7250ec426d9e3ba
1574,2024-07-22 04:00:00+00:00,6,1,False,669ddde8c7250ec426d9d96d
1575,2024-07-22 04:00:00+00:00,8,2,False,669ddf84c7250ec426d9da50 -> 669de9f6c7250ec426d9e0d7
1576,2024-07-22 06:00:00+00:00,2,1,False,669dfa44c7250ec426d9e91a
1577,2024-07-22 08:00:00+00:00,7,1,False,669e1b66c7250ec426d9f8b5
1578,2024-07-22 16:00:00+00:00,2,1,False,669e869bc7250ec426da126a
1579,2024-07-22 16:00:00+00:00,4,1,False,669e878fc7250ec426da129b
1580,2024-07-23 02:00:00+00:00,0,1,False,669f1c5fc7250ec426da1bc3
1581,2024-07-23 02:00:00+00:00,4,3,False,669f1b7fc7250ec426da145f -> 669f1c06c7250ec426da1813 -> 669f1e6bc7250ec426da1f9d
1582,2024-07-23 02:00:00+00:00,6,3,False,669f0ff4c7250ec426da1380 -> 669f18fcc7250ec426da1406 -> 669f1959c7250ec426da1416
1583,2024-07-23 02:00:00+00:00,7,1,False,669f18f0c7250ec426da13ff
1584,2024-07-23 02:00:00+00:00,8,1,False,669f1e12c7250ec426da1f92
1585,2024-07-23 02:00:00+00:00,9,2,False,669f1a9ec7250ec426da144a -> 669f1d91c7250ec426da1f81
1586,2024-07-23 04:00:00+00:00,1,2,False,669f338cc7250ec426da26ec -> 669f376bc7250ec426da2855
1587,2024-07-23 04:00:00+00:00,4,2,False,669f2d22c7250ec426da2287 -> 669f32b1c7250ec426da26d9
1588,2024-07-23 04:00:00+00:00,7,1,False,669f2ddac7250ec426da2643
1589,2024-07-23 06:00:00+00:00,3,1,False,669f5509c7250ec426da311c
1590,2024-07-23 14:00:00+00:00,6,1,False,669fd116c7250ec426da4264
1591,2024-07-23 14:00:00+00:00,7,1,False,669fc80ec7250ec426da4219
1592,2024-07-23 16:00:00+00:00,1,2,False,669fe4acc7250ec426da4298 -> 669fec44c7250ec426da42bc
1593,2024-07-23 16:00:00+00:00,3,1,False,669fe89ac7250ec426da42aa
1594,2024-07-23 16:00:00+00:00,4,1,False,669feb05c7250ec426da42b3
1595,2024-07-23 16:00:00+00:00,5,1,False,669fe180c7250ec426da4287
1596,2024-07-23 16:00:00+00:00,7,1,False,669fe7d5c7250ec426da42a1
1597,2024-07-23 18:00:00+00:00,0,1,False,669ffbeac7250ec426da4384
1598,2024-07-23 18:00:00+00:00,8,2,False,669ff2c4c7250ec426da42c5 -> 669ff3bbc7250ec426da42ce
1599,2024-07-24 00:00:00+00:00,9,1,False,66a05074c7250ec426da43ac
1600,2024-07-24 02:00:00+00:00,0,1,False,66a06bb9c7250ec426da49c6
1601,2024-07-24 02:00:00+00:00,3,1,False,66a06867c7250ec426da497b
1602,2024-07-24 02:00:00+00:00,4,4,False,66a06c21c7250ec426da4a41 -> 66a06c8ac7250ec426da4a6b -> 66a06d68c7250ec426da4e6c -> 66a071ccc7250ec426da53fc
1603,2024-07-24 02:00:00+00:00,6,4,False,66a066f0c7250ec426da458a -> 66a067b6c7250ec426da4949 -> 66a06949c7250ec426da4995 -> 66a06e6bc7250ec426da526b
1604,2024-07-24 02:00:00+00:00,7,2,False,66a0689ac7250ec426da498a -> 66a06d2cc7250ec426da4e5f
1605,2024-07-24 02:00:00+00:00,8,1,False,66a06e0cc7250ec426da5247
1606,2024-07-24 04:00:00+00:00,3,1,False,66a086624131ebe6bf01882c
1607,2024-07-24 04:00:00+00:00,6,1,False,66a093544131ebe6bf018d36
1608,2024-07-24 04:00:00+00:00,7,1,False,66a086044131ebe6bf0187d3
1609,2024-07-24 04:00:00+00:00,9,3,False,66a08d5e4131ebe6bf018bf4 -> 66a091ec4131ebe6bf018d24 -> 66a096ed4131ebe6bf018ee4
1610,2024-07-24 06:00:00+00:00,6,1,False,66a0abf94131ebe6bf01a3b4
1611,2024-07-24 14:00:00+00:00,0,1,False,66a11b544131ebe6bf01c847
1612,2024-07-24 14:00:00+00:00,6,1,False,66a11e0f4131ebe6bf01c864
1613,2024-07-24 18:00:00+00:00,9,1,False,66a141e54131ebe6bf01c907
1614,2024-07-25 00:00:00+00:00,4,1,False,66a19acf4131ebe6bf01c93c
1615,2024-07-25 02:00:00+00:00,0,2,False,66a1be134131ebe6bf01cfbc -> 66a1cc0c4131ebe6bf01d674
1616,2024-07-25 02:00:00+00:00,1,1,False,66a1bf404131ebe6bf01d018
1617,2024-07-25 02:00:00+00:00,4,4,False,66a1bd074131ebe6bf01cb9f -> 66a1bf976badf0453bda8fce -> 66a1bf9c4131ebe6bf01d02b -> 66a1c4544131ebe6bf01d4ec
1618,2024-07-25 02:00:00+00:00,7,2,False,66a1bed14131ebe6bf01d00a -> 66a1c0214131ebe6bf01d430
1619,2024-07-25 02:00:00+00:00,8,1,False,66a1c3494131ebe6bf01d4c2
1620,2024-07-25 04:00:00+00:00,4,3,False,66a1cf094131ebe6bf01d76f -> 66a1db7b6badf0453bda90b4 -> 66a1dd364131ebe6bf01debd
1621,2024-07-25 04:00:00+00:00,9,1,False,66a1d9b86badf0453bda907b
1622,2024-07-25 06:00:00+00:00,4,1,False,66a201698e4a1d9c6936b33c
1623,2024-07-25 16:00:00+00:00,1,1,False,66a289e40183a7b440089d42
1624,2024-07-25 16:00:00+00:00,3,1,False,66a285b60183a7b440089c43
1625,2024-07-25 16:00:00+00:00,5,1,False,66a277760183a7b440089be8
1626,2024-07-25 16:00:00+00:00,6,3,False,66a279fa0183a7b440089bf4 -> 66a289030183a7b440089c73 -> 66a28a540183a7b440089d4b
1627,2024-07-25 16:00:00+00:00,7,2,False,66a289740183a7b440089d39 -> 66a28afe0183a7b440089d54
1628,2024-07-26 02:00:00+00:00,0,1,False,66a319a60183a7b44008acff
1629,2024-07-26 02:00:00+00:00,4,4,False,66a316e20183a7b44008a339 -> 66a318be0183a7b44008a7c7 -> 66a31b120183a7b44008adef -> 66a31bd80183a7b44008b247
1630,2024-07-26 02:00:00+00:00,5,1,False,66a31a890183a7b44008adb5
1631,2024-07-26 02:00:00+00:00,6,1,False,66a30b450183a7b44008a065
1632,2024-07-26 02:00:00+00:00,7,1,False,66a31c240183a7b44008b2e3
1633,2024-07-26 02:00:00+00:00,8,2,False,66a3167d0183a7b44008a322 -> 66a31d090183a7b44008b6e9
1634,2024-07-26 06:00:00+00:00,9,1,False,66a352b10183a7b44008ce47
1635,2024-07-26 08:00:00+00:00,2,1,False,66a35a1d0183a7b44008d009
1636,2024-07-26 08:00:00+00:00,4,3,False,66a359260183a7b44008cfd7 -> 66a35a110183a7b44008cffe -> 66a36cad0183a7b44008de53
1637,2024-07-26 08:00:00+00:00,9,1,False,66a361896badf0453bda95d8
1638,2024-07-26 14:00:00+00:00,2,1,False,66a3c22e0183a7b44008ef8e
1639,2024-07-26 14:00:00+00:00,4,1,False,66a3c3930183a7b44008efaf
1640,2024-07-26 14:00:00+00:00,5,1,False,66a3c12b0183a7b44008ee8d
1641,2024-07-26 14:00:00+00:00,8,1,False,66a3c1d10183a7b44008eea7
1642,2024-07-26 14:00:00+00:00,9,1,False,66a3c2d80183a7b44008efa0
1643,2024-07-26 16:00:00+00:00,1,1,False,66a3c8ab0183a7b44008f181
1644,2024-07-27 04:00:00+00:00,6,1,False,66a4763f0183a7b44008f4d9
1645,2024-07-27 06:00:00+00:00,2,1,False,66a49c770183a7b44008fe25
1646,2024-07-27 06:00:00+00:00,7,1,False,66a49c3d0183a7b44008fe1c
1647,2024-07-29 02:00:00+00:00,2,1,False,66a6fe210183a7b440091546
1648,2024-07-29 04:00:00+00:00,1,1,False,66a71c0c0183a7b440091cca
1649,2024-07-29 04:00:00+00:00,2,3,False,66a7180d0183a7b440091ab6 -> 66a71fa10183a7b440091d2c -> 66a71fd90183a7b440091d3a
1650,2024-07-29 04:00:00+00:00,4,3,False,66a7144d0183a7b440091626 -> 66a71fdc0183a7b440091d41 -> 66a724150183a7b440091f8c
1651,2024-07-29 04:00:00+00:00,5,1,False,66a72c690183a7b440092245
1652,2024-07-29 04:00:00+00:00,6,4,False,66a719bd0183a7b440091bb2 -> 66a71d2b0183a7b440091cda -> 66a71ea50183a7b440091d16 -> 66a7226b0183a7b440091da7
1653,2024-07-29 04:00:00+00:00,7,2,False,66a71af30183a7b440091cba -> 66a721b20183a7b440091d88
1654,2024-07-29 04:00:00+00:00,8,1,False,66a723330183a7b440091dec
1655,2024-07-29 04:00:00+00:00,9,1,False,66a720806badf0453bda9a2b
1656,2024-07-29 06:00:00+00:00,7,1,False,66a74aae0183a7b440092a26
1657,2024-07-29 08:00:00+00:00,2,1,False,66a760020183a7b440093956
1658,2024-07-29 08:00:00+00:00,4,2,False,66a75cf90183a7b440093838 -> 66a760240183a7b440093964
1659,2024-07-29 08:00:00+00:00,7,1,False,66a750090183a7b440092fd9
1660,2024-07-29 10:00:00+00:00,4,1,False,66a76f350183a7b440093d4c
1661,2024-07-30 02:00:00+00:00,2,1,False,66a852360183a7b440094f97
1662,2024-07-30 02:00:00+00:00,8,1,False,66a84e800183a7b440094f52
1663,2024-07-30 04:00:00+00:00,2,1,False,66a8716f0183a7b440095165
1664,2024-07-30 06:00:00+00:00,4,1,False,66a89d1e0183a7b440095f63
1665,2024-07-30 06:00:00+00:00,6,1,False,66a882e80183a7b440095a54
1666,2024-07-30 08:00:00+00:00,0,1,False,66a8a8c36badf0453bda9cc9
1667,2024-07-30 14:00:00+00:00,4,1,False,66a90d297e3bd50e54fe8f09
1668,2024-07-30 16:00:00+00:00,2,1,False,66a90ecb7e3bd50e54fe8f14
1669,2024-07-30 16:00:00+00:00,3,1,False,66a913e67e3bd50e54fe8f2f
1670,2024-07-30 16:00:00+00:00,4,1,False,66a9152c7e3bd50e54fe8f46
1671,2024-07-30 16:00:00+00:00,6,2,False,66a910217e3bd50e54fe8f1d -> 66a916a77e3bd50e54fe8f58
1672,2024-07-30 16:00:00+00:00,8,1,False,66a915c97e3bd50e54fe8f4f
1673,2024-07-30 16:00:00+00:00,9,1,False,66a912287e3bd50e54fe8f26
1674,2024-07-31 00:00:00+00:00,6,1,False,66a996877e3bd50e54fe90d7
1675,2024-07-31 02:00:00+00:00,9,1,False,66a9ae686badf0453bdaa0d4
1676,2024-07-31 04:00:00+00:00,0,1,False,66a9d2ad7e3bd50e54fe9a6f
1677,2024-07-31 04:00:00+00:00,4,3,False,66a9c1c57e3bd50e54fe9802 -> 66a9ca5f7e3bd50e54fe9930 -> 66a9cc7c58b703a0100ab3ad
1678,2024-07-31 06:00:00+00:00,4,2,False,66a9de677e3bd50e54fe9b8d -> 66a9e0b87e3bd50e54fe9bb4
1679,2024-07-31 10:00:00+00:00,4,1,False,66aa1f147e3bd50e54fea232
1680,2024-07-31 10:00:00+00:00,6,1,False,66aa24527e3bd50e54fea26c
1681,2024-07-31 16:00:00+00:00,2,1,False,66aa66af7e3bd50e54fea6ad
1682,2024-08-01 02:00:00+00:00,0,1,False,66aaf8dc7e3bd50e54feaa6a
1683,2024-08-01 02:00:00+00:00,2,2,False,66aaf3567e3bd50e54fea8df -> 66aafc1e7e3bd50e54feac85
1684,2024-08-01 02:00:00+00:00,4,2,False,66aaf6597e3bd50e54feaa3e -> 66aaf9577e3bd50e54feab5d
1685,2024-08-01 02:00:00+00:00,6,1,False,66aaf5197e3bd50e54fea915
1686,2024-08-01 04:00:00+00:00,6,1,False,66ab092d7e3bd50e54feb472
1687,2024-08-01 08:00:00+00:00,2,1,False,66ab516d7e3bd50e54fec125
1688,2024-08-01 08:00:00+00:00,4,1,False,66ab510e7e3bd50e54fec11a
1689,2024-08-01 08:00:00+00:00,5,1,False,66ab4f657e3bd50e54fec0b7
1690,2024-08-02 02:00:00+00:00,0,1,False,66ac588941dd95a0cd9714e9
1691,2024-08-02 02:00:00+00:00,5,1,False,66ac582b41dd95a0cd9713f3
1692,2024-08-02 02:00:00+00:00,6,1,False,66ac55bb41dd95a0cd9713c9
1693,2024-08-02 04:00:00+00:00,0,2,False,66ac5c9c41dd95a0cd9715b7 -> 66ac5f0741dd95a0cd971634
1694,2024-08-02 04:00:00+00:00,5,1,False,66ac5bd941dd95a0cd971588
1695,2024-08-02 06:00:00+00:00,0,2,False,66ac8a4f41dd95a0cd9719db -> 66ac8c2c41dd95a0cd971a52
1696,2024-08-02 08:00:00+00:00,2,2,False,66ac9e2541dd95a0cd971c3e -> 66acab0a41dd95a0cd9720c0
1697,2024-08-02 08:00:00+00:00,4,2,False,66ac9d9441dd95a0cd971c16 -> 66ac9dcf41dd95a0cd971c27
1698,2024-08-02 08:00:00+00:00,8,2,False,66ac9dff41dd95a0cd971c33 -> 66ac9e3941dd95a0cd971c45
1699,2024-08-03 02:00:00+00:00,9,1,False,66adab323860c2916226ff7a
1700,2024-08-03 04:00:00+00:00,4,2,False,66adaba141dd95a0cd97346a -> 66adb98041dd95a0cd9735a4
1701,2024-08-03 04:00:00+00:00,7,1,False,66adbd243860c2916227007c
1702,2024-08-03 06:00:00+00:00,6,1,False,66ade03f3860c291622700aa
1703,2024-08-03 08:00:00+00:00,2,1,False,66adf3943860c291622700ed
1704,2024-08-03 08:00:00+00:00,4,1,False,66adeea441dd95a0cd973fa0
1705,2024-08-05 04:00:00+00:00,1,1,False,66b04fac5555d7d11c91bba5
1706,2024-08-05 08:00:00+00:00,6,1,False,66b08f1b41dd95a0cd976183
1707,2024-08-05 10:00:00+00:00,4,1,False,66b0a3fa41dd95a0cd976283
1708,2024-08-05 10:00:00+00:00,6,1,False,66b0a77741dd95a0cd9766d2
1709,2024-08-06 02:00:00+00:00,3,1,False,66b19ab241dd95a0cd976ca4
1710,2024-08-06 02:00:00+00:00,4,1,False,66b19d2941dd95a0cd976d23
1711,2024-08-06 02:00:00+00:00,6,1,False,66b19dbe41dd95a0cd976d7a
1712,2024-08-06 02:00:00+00:00,7,1,False,66b189f641dd95a0cd976b84
1713,2024-08-06 02:00:00+00:00,8,1,False,66b19f6d41dd95a0cd976e2b
1714,2024-08-06 04:00:00+00:00,0,1,False,66b1ad7b41dd95a0cd9774fb
1715,2024-08-06 04:00:00+00:00,3,1,False,66b1aedf41dd95a0cd97757d
1716,2024-08-06 04:00:00+00:00,4,3,False,66b1a3a841dd95a0cd977312 -> 66b1ac0c41dd95a0cd9774ae -> 66b1add041dd95a0cd97754b
1717,2024-08-06 04:00:00+00:00,5,2,False,66b1adfc41dd95a0cd977570 -> 66b1afe941dd95a0cd9776fe
1718,2024-08-06 04:00:00+00:00,6,2,False,66b1aef78bafc7aafe84102c -> 66b1af828bafc7aafe84104f
1719,2024-08-06 04:00:00+00:00,7,1,False,66b1b07141dd95a0cd977755
1720,2024-08-06 04:00:00+00:00,8,2,False,66b1a12a41dd95a0cd976eec -> 66b1a2f041dd95a0cd9772cb
1721,2024-08-06 04:00:00+00:00,9,1,False,66b1a22241dd95a0cd976f21
1722,2024-08-06 06:00:00+00:00,6,2,False,66b1c5aa41dd95a0cd978603 -> 66b1ce5341dd95a0cd97896b
1723,2024-08-06 06:00:00+00:00,8,1,False,66b1c6db41dd95a0cd978787
1724,2024-08-07 02:00:00+00:00,0,2,False,66b2ec357cb3f11298e31524 -> 66b2ecaa7cb3f11298e31553
1725,2024-08-07 02:00:00+00:00,2,2,False,66b2e6c77cb3f11298e313c5 -> 66b2e7807cb3f11298e313d1
1726,2024-08-07 02:00:00+00:00,3,1,False,66b2ed167cb3f11298e31657
1727,2024-08-07 02:00:00+00:00,4,1,False,66b2e1a441dd95a0cd979ea1
1728,2024-08-07 02:00:00+00:00,6,2,False,66b2e38841dd95a0cd979ecb -> 66b2e4c241dd95a0cd97ad47
1729,2024-08-07 04:00:00+00:00,0,2,False,66b303997cb3f11298e31c45 -> 66b30af87cb3f11298e3221f
1730,2024-08-07 04:00:00+00:00,8,1,False,66b304517cb3f11298e31cd3
1731,2024-08-07 04:00:00+00:00,9,1,False,66b30ae38bafc7aafe8412e7
1732,2024-08-07 06:00:00+00:00,0,1,False,66b31f1e7cb3f11298e326bc
1733,2024-08-07 08:00:00+00:00,7,1,False,66b345497cb3f11298e33298
1734,2024-08-07 10:00:00+00:00,4,1,False,66b34bae7cb3f11298e3364a
1735,2024-08-07 10:00:00+00:00,7,1,False,66b345f67cb3f11298e335cd
1736,2024-08-07 12:00:00+00:00,4,1,False,66b363cf7cb3f11298e33ae3
1737,2024-08-07 12:00:00+00:00,8,1,False,66b372297cb3f11298e33aee
1738,2024-08-08 02:00:00+00:00,0,1,False,66b441337cb3f11298e33e7d
1739,2024-08-08 02:00:00+00:00,5,1,False,66b442417cb3f11298e3468b
1740,2024-08-08 02:00:00+00:00,6,2,False,66b433587cb3f11298e33d66 -> 66b434b37cb3f11298e33d8d
1741,2024-08-08 02:00:00+00:00,7,1,False,66b441737cb3f11298e34269
1742,2024-08-08 02:00:00+00:00,8,1,False,66b43b797cb3f11298e33e32
1743,2024-08-08 02:00:00+00:00,9,2,False,66b42f430f42ac1ad11ca1e4 -> 66b4354d7cb3f11298e33dbd
1744,2024-08-08 04:00:00+00:00,4,2,False,66b4432e7cb3f11298e3469e -> 66b4438b7cb3f11298e346a9
1745,2024-08-08 04:00:00+00:00,6,1,False,66b4564c7cb3f11298e34ff7
1746,2024-08-08 04:00:00+00:00,9,1,False,66b4447b7cb3f11298e34b81
1747,2024-08-08 06:00:00+00:00,1,1,False,66b45f0e0f42ac1ad11ca340
1748,2024-08-08 06:00:00+00:00,4,3,False,66b461ed0f42ac1ad11ca378 -> 66b4689a7cb3f11298e3543e -> 66b46d6a7cb3f11298e35520
1749,2024-08-08 06:00:00+00:00,5,1,False,66b46a517cb3f11298e35463
1750,2024-08-08 06:00:00+00:00,7,1,False,66b460207cb3f11298e35196
1751,2024-08-08 06:00:00+00:00,8,1,False,66b471827cb3f11298e3566f
1752,2024-08-08 10:00:00+00:00,8,1,False,66b49dff7cb3f11298e36c26
1753,2024-08-08 12:00:00+00:00,3,1,False,66b4bee97cb3f11298e36f40
1754,2024-08-09 02:00:00+00:00,0,1,False,66b58edf7cb3f11298e37bea
1755,2024-08-09 02:00:00+00:00,3,1,False,66b58c807cb3f11298e37ba1
1756,2024-08-09 02:00:00+00:00,4,1,False,66b58bed7cb3f11298e37b91
1757,2024-08-09 02:00:00+00:00,6,2,False,66b588377cb3f11298e37782 -> 66b589047cb3f11298e37790
1758,2024-08-09 02:00:00+00:00,8,2,False,66b58b477cb3f11298e37b88 -> 66b58e557cb3f11298e37bcd
1759,2024-08-09 04:00:00+00:00,6,1,False,66b5a06d7cb3f11298e37fc0
1760,2024-08-09 04:00:00+00:00,8,2,False,66b5af1a7cb3f11298e38448 -> 66b5af8b7cb3f11298e38476
1761,2024-08-09 06:00:00+00:00,4,1,False,66b5b4447cb3f11298e3863c
1762,2024-08-09 14:00:00+00:00,0,1,False,66b635d17cb3f11298e39dc5
1763,2024-08-09 14:00:00+00:00,6,1,False,66b62fa57cb3f11298e39c47
1764,2024-08-09 16:00:00+00:00,0,3,False,66b642c07cb3f11298e39dd6 -> 66b643c27cb3f11298e39ddf -> 66b6562f7cb3f11298e39e50
1765,2024-08-09 16:00:00+00:00,2,1,False,66b64a7c7cb3f11298e39df4
1766,2024-08-09 16:00:00+00:00,4,1,False,66b653c97cb3f11298e39e46
1767,2024-08-09 16:00:00+00:00,5,1,False,66b650677cb3f11298e39e23
1768,2024-08-09 16:00:00+00:00,7,1,False,66b6446f7cb3f11298e39dea
1769,2024-08-09 16:00:00+00:00,8,3,False,66b64f327cb3f11298e39e19 -> 66b651fe7cb3f11298e39e2e -> 66b652f37cb3f11298e39e3a
1770,2024-08-09 16:00:00+00:00,9,1,False,66b64d3e7cb3f11298e39dff
1771,2024-08-10 02:00:00+00:00,4,1,False,66b6d24b7cb3f11298e3aaec
1772,2024-08-10 02:00:00+00:00,7,1,False,66b6e2677cb3f11298e3ad85
1773,2024-08-10 04:00:00+00:00,0,1,False,66b6ecff7cb3f11298e3b484
1774,2024-08-10 04:00:00+00:00,3,1,False,66b6f6ea7cb3f11298e3bee6
1775,2024-08-10 04:00:00+00:00,4,3,False,66b6eb687cb3f11298e3b379 -> 66b6ed487cb3f11298e3b495 -> 66b6f52b7cb3f11298e3be60
1776,2024-08-10 04:00:00+00:00,6,3,False,66b6e87c7cb3f11298e3b2e3 -> 66b6e98a7cb3f11298e3b31f -> 66b6ea627cb3f11298e3b33c
1777,2024-08-10 04:00:00+00:00,7,1,False,66b6edad7cb3f11298e3b88f
1778,2024-08-10 04:00:00+00:00,8,1,False,66b6e7367cb3f11298e3aee8
1779,2024-08-10 04:00:00+00:00,9,1,False,66b6e72e0f42ac1ad11caa1e
1780,2024-08-10 06:00:00+00:00,9,1,False,66b717c37cb3f11298e3cc38
1781,2024-08-10 08:00:00+00:00,2,1,False,66b734f77cb3f11298e3e840
1782,2024-08-10 10:00:00+00:00,6,1,False,66b743d67cb3f11298e3e917
1783,2024-08-11 10:00:00+00:00,2,1,False,66b8a7147cb3f11298e3f5a0
1784,2024-08-12 02:00:00+00:00,2,1,False,66b97eec7cb3f11298e3fb87
1785,2024-08-12 02:00:00+00:00,6,2,False,66b980d87cb3f11298e3fbbd -> 66b981fc7cb3f11298e4002a
1786,2024-08-12 04:00:00+00:00,7,1,False,66b98d867cb3f11298e40187
1787,2024-08-12 06:00:00+00:00,2,2,False,66b9adb10f42ac1ad11caf84 -> 66b9c05c7cb3f11298e40e11
1788,2024-08-12 08:00:00+00:00,0,1,False,66b9ceea0f42ac1ad11cafd7
1789,2024-08-12 14:00:00+00:00,0,1,False,66ba1c0d7cb3f11298e41fe7
1790,2024-08-13 00:00:00+00:00,4,1,False,66bab4a67cb3f11298e42097
1791,2024-08-13 02:00:00+00:00,2,2,False,66bac5c77cb3f11298e428d8 -> 66bad1d17cb3f11298e431e9
1792,2024-08-13 02:00:00+00:00,3,1,False,66bac56a7cb3f11298e428ce
1793,2024-08-13 02:00:00+00:00,4,1,False,66bacfe87cb3f11298e42dc0
1794,2024-08-13 02:00:00+00:00,6,4,False,66baca4e7cb3f11298e42933 -> 66bacada7cb3f11298e42940 -> 66bacbac7cb3f11298e42d69 -> 66bacfa37cb3f11298e42db0
1795,2024-08-13 02:00:00+00:00,7,1,False,66bac9d07cb3f11298e42924
1796,2024-08-13 02:00:00+00:00,8,2,False,66bacd9f7cb3f11298e42d90 -> 66bacf3c7cb3f11298e42da7
1797,2024-08-13 02:00:00+00:00,9,2,False,66bac1527cb3f11298e42891 -> 66bad1820f42ac1ad11cb212
1798,2024-08-13 10:00:00+00:00,5,1,False,66bb348f0f42ac1ad11cb2c2
1799,2024-08-14 02:00:00+00:00,0,3,False,66bc281c7cb3f11298e44c8f -> 66bc295e7cb3f11298e4516d -> 66bc2b8f0f42ac1ad11cb354
1800,2024-08-14 02:00:00+00:00,6,1,False,66bc21097cb3f11298e44c2c
1801,2024-08-14 02:00:00+00:00,9,1,False,66bc28757cb3f11298e44cb3
1802,2024-08-14 04:00:00+00:00,4,1,False,66bc2be07cb3f11298e45800
1803,2024-08-14 04:00:00+00:00,6,1,False,66bc34ba7cb3f11298e465ae
1804,2024-08-14 04:00:00+00:00,7,1,False,66bc33f97cb3f11298e46180
1805,2024-08-14 04:00:00+00:00,8,2,False,66bc2d797cb3f11298e45c95 -> 66bc2e787cb3f11298e460d6
1806,2024-08-14 06:00:00+00:00,8,1,False,66bc564e7cb3f11298e47113
1807,2024-08-14 06:00:00+00:00,9,1,False,66bc494d7cb3f11298e46f2f
1808,2024-08-15 00:00:00+00:00,0,1,False,66bd5ba59973faa9d132d9a8
1809,2024-08-15 02:00:00+00:00,4,2,False,66bd79b49973faa9d132db37 -> 66bd7a7d9973faa9d132db48
1810,2024-08-15 02:00:00+00:00,6,1,False,66bd760a9973faa9d132dafd
1811,2024-08-15 02:00:00+00:00,9,1,False,66bd6a930f42ac1ad11cb585
1812,2024-08-15 04:00:00+00:00,2,1,False,66bd88859973faa9d132e8ae
1813,2024-08-15 04:00:00+00:00,4,4,False,66bd7e119973faa9d132deee -> 66bd7f869973faa9d132e02c -> 66bd87e29973faa9d132e88c -> 66bd881e9973faa9d132e8a2
1814,2024-08-15 04:00:00+00:00,8,2,False,66bd83809973faa9d132e145 -> 66bd84639973faa9d132e294
1815,2024-08-15 04:00:00+00:00,9,2,False,66bd82039973faa9d132e085 -> 66bd845e9973faa9d132e28d
1816,2024-08-15 12:00:00+00:00,5,1,False,66be094c9973faa9d132fba1
1817,2024-08-15 12:00:00+00:00,8,1,False,66bdf85d9973faa9d132f89d
1818,2024-08-15 16:00:00+00:00,4,1,False,66be3bc69973faa9d132fccf
1819,2024-08-16 02:00:00+00:00,2,1,False,66bebbf19973faa9d132fda9
1820,2024-08-16 02:00:00+00:00,4,1,False,66bece979973faa9d133011a
1821,2024-08-16 02:00:00+00:00,8,1,False,66bebc4c9973faa9d132fdb9
1822,2024-08-16 02:00:00+00:00,9,2,False,66bebf9a0f42ac1ad11cb88f -> 66beceaa9973faa9d1330129
1823,2024-08-16 04:00:00+00:00,2,1,False,66bed8099a1d4579e8b418ae
1824,2024-08-16 04:00:00+00:00,3,1,False,66bed32d9973faa9d1330946
1825,2024-08-16 04:00:00+00:00,5,1,False,66becfcd9973faa9d13305d6
1826,2024-08-16 04:00:00+00:00,7,1,False,66becef59973faa9d1330567
1827,2024-08-16 04:00:00+00:00,8,2,False,66becf759973faa9d13305c9 -> 66bedd8b9973faa9d133108c
1828,2024-08-16 04:00:00+00:00,9,1,False,66bed9c29973faa9d1330b38
1829,2024-08-16 08:00:00+00:00,6,1,False,66bf21bb9a1d4579e8b41994
1830,2024-08-16 10:00:00+00:00,5,1,False,66bf24069a1d4579e8b419db
1831,2024-08-17 02:00:00+00:00,0,1,False,66c01f789973faa9d1333500
1832,2024-08-17 02:00:00+00:00,4,3,False,66c010009a1d4579e8b41a25 -> 66c011989a1d4579e8b41a47 -> 66c01a199973faa9d1333382
1833,2024-08-17 02:00:00+00:00,6,1,False,66c018f69973faa9d133306f
1834,2024-08-17 02:00:00+00:00,8,1,False,66c01f179973faa9d13334f0
1835,2024-08-17 04:00:00+00:00,3,2,False,66c025749973faa9d133368b -> 66c0355b9973faa9d1334b1b
1836,2024-08-17 04:00:00+00:00,4,1,False,66c0283b9973faa9d1333b5a
1837,2024-08-17 04:00:00+00:00,6,2,False,66c024a59973faa9d133364b -> 66c0262d9973faa9d133369d
1838,2024-08-17 04:00:00+00:00,7,1,False,66c02bf29973faa9d1333cfd
1839,2024-08-17 04:00:00+00:00,8,2,False,66c029be9973faa9d1333cb1 -> 66c02e6e9973faa9d13345c7
1840,2024-08-18 12:00:00+00:00,4,1,False,66c1e45f9973faa9d133634b
1841,2024-08-18 12:00:00+00:00,6,1,False,66c1e45f9973faa9d1336344
1842,2024-08-18 14:00:00+00:00,7,1,False,66c215b89973faa9d133650c
1843,2024-08-19 00:00:00+00:00,4,1,False,66c2a32c9973faa9d1336658
1844,2024-08-19 02:00:00+00:00,0,1,False,66c2b6a59973faa9d1336d9b
1845,2024-08-19 02:00:00+00:00,8,1,False,66c2b7b79973faa9d1336dbf
1846,2024-08-19 02:00:00+00:00,9,1,False,66c2b5d59973faa9d1336975
1847,2024-08-19 04:00:00+00:00,0,2,False,66c2d4a29973faa9d1337c89 -> 66c2d8699973faa9d133800e
1848,2024-08-19 04:00:00+00:00,3,3,False,66c2ce269973faa9d13372ce -> 66c2d5c29973faa9d1337d26 -> 66c2d8139973faa9d1337ec3
1849,2024-08-19 04:00:00+00:00,4,1,False,66c2d3759973faa9d1337c4f
1850,2024-08-19 04:00:00+00:00,5,1,False,66c2d7239973faa9d1337de8
1851,2024-08-19 04:00:00+00:00,6,4,False,66c2c3709973faa9d1336fc7 -> 66c2ca139973faa9d133719d -> 66c2d11f9973faa9d13377cb -> 66c2d67a9973faa9d1337da8
1852,2024-08-19 04:00:00+00:00,7,1,False,66c2d0629973faa9d1337371
1853,2024-08-19 06:00:00+00:00,3,1,False,66c2f3b39973faa9d13386ba
1854,2024-08-20 00:00:00+00:00,5,1,False,66c3e5939a1d4579e8b42194
1855,2024-08-20 02:00:00+00:00,5,1,False,66c413b6dc29bcc583b5c0ed
1856,2024-08-20 02:00:00+00:00,6,1,False,66c414a8dc29bcc583b5c0f8
1857,2024-08-20 04:00:00+00:00,1,1,False,66c41747dc29bcc583b5c176
1858,2024-08-20 04:00:00+00:00,2,1,False,66c42b85b8e7077ed01284d1
1859,2024-08-20 04:00:00+00:00,4,1,False,66c42dd0b8e7077ed0128560
1860,2024-08-20 04:00:00+00:00,5,1,False,66c42231b8e7077ed012804c
1861,2024-08-20 04:00:00+00:00,6,2,False,66c419bbb8e7077ed0127e21 -> 66c421a1b8e7077ed0127f50
1862,2024-08-20 04:00:00+00:00,7,1,False,66c421dfb8e7077ed0127f92
1863,2024-08-20 04:00:00+00:00,8,2,False,66c417efdc29bcc583b5c18e -> 66c4192eb8e7077ed0127de5
1864,2024-08-20 04:00:00+00:00,9,1,False,66c4231bb8e7077ed0128247
1865,2024-08-20 06:00:00+00:00,0,1,False,66c4385ab8e7077ed01289b6
1866,2024-08-20 08:00:00+00:00,6,1,False,66c44fc09a1d4579e8b423aa
1867,2024-08-20 12:00:00+00:00,8,2,False,66c48f48b8e7077ed0129779 -> 66c48f67b8e7077ed012997b
1868,2024-08-20 14:00:00+00:00,1,1,False,66c4a6d59a1d4579e8b424a6
1869,2024-08-21 02:00:00+00:00,0,1,False,66c561bdb8e7077ed012a892
1870,2024-08-21 02:00:00+00:00,5,1,False,66c56230b8e7077ed012a89d
1871,2024-08-21 02:00:00+00:00,6,1,False,66c560d4b8e7077ed012a439
1872,2024-08-21 02:00:00+00:00,7,2,False,66c54daab8e7077ed0129cc0 -> 66c5610cb8e7077ed012a442
1873,2024-08-21 02:00:00+00:00,8,1,False,66c56085b8e7077ed012a017
1874,2024-08-21 02:00:00+00:00,9,1,False,66c565189a1d4579e8b42598
1875,2024-08-21 04:00:00+00:00,1,1,False,66c56999b8e7077ed012ab2e
1876,2024-08-21 04:00:00+00:00,2,1,False,66c567deb8e7077ed012ab18
1877,2024-08-21 04:00:00+00:00,5,1,False,66c56658b8e7077ed012a9c0
1878,2024-08-21 04:00:00+00:00,8,1,False,66c56bf1b8e7077ed012acd2
1879,2024-08-21 06:00:00+00:00,1,1,False,66c59874b8e7077ed012bb9d
1880,2024-08-21 06:00:00+00:00,3,1,False,66c59935b8e7077ed012bc53
1881,2024-08-21 06:00:00+00:00,6,1,False,66c585fbb8e7077ed012b2ba
1882,2024-08-21 14:00:00+00:00,6,1,False,66c6034bb8e7077ed012ce2c
1883,2024-08-22 04:00:00+00:00,1,1,False,66c6bb92b8e7077ed012d2db
1884,2024-08-22 04:00:00+00:00,4,3,False,66c6c95db8e7077ed012d9cd -> 66c6cde3b8e7077ed012db6a -> 66c6cfb99a1d4579e8b42a95
1885,2024-08-22 04:00:00+00:00,5,1,False,66c6ccb7b8e7077ed012db51
1886,2024-08-22 04:00:00+00:00,7,1,False,66c6bd81b8e7077ed012d31e
1887,2024-08-22 04:00:00+00:00,9,3,False,66c6be20b8e7077ed012d785 -> 66c6beaab8e7077ed012d794 -> 66c6ca63b8e7077ed012d9d7
1888,2024-08-22 06:00:00+00:00,5,1,False,66c6d490b8e7077ed012dc89
1889,2024-08-22 06:00:00+00:00,6,1,False,66c6d553b8e7077ed012dd9f
1890,2024-08-22 06:00:00+00:00,9,1,False,66c6d54ca67b5bb62058ace3
1891,2024-08-22 08:00:00+00:00,5,1,False,66c6fe01b8e7077ed012e57d
1892,2024-08-22 12:00:00+00:00,2,1,False,66c7425eb8e7077ed012ecd2
1893,2024-08-22 12:00:00+00:00,4,1,False,66c72db4b8e7077ed012e9e2
1894,2024-08-23 00:00:00+00:00,4,1,False,66c7d687b8e7077ed012f0cd
1895,2024-08-23 02:00:00+00:00,0,1,False,66c7fa33b8e7077ed012f1fa
1896,2024-08-23 02:00:00+00:00,3,1,False,66c7f0d6b8e7077ed012f155
1897,2024-08-23 04:00:00+00:00,0,1,False,66c81019b8e7077ed012f79b
1898,2024-08-23 04:00:00+00:00,2,1,False,66c81df7b8e7077ed012fd2f
1899,2024-08-23 04:00:00+00:00,4,1,False,66c816dab8e7077ed012fc33
1900,2024-08-23 04:00:00+00:00,8,1,False,66c810b3b8e7077ed012fbf5
