scope,workload_id,wave_start,wave_end,algorithm,number_of_deliveries,on_time_deliveries,late_deliveries,on_time_rate,total_lateness_minutes,max_lateness_minutes,total_distance_km,total_travel_time_minutes,route_runtime_seconds,matrix_preparation_seconds,training_runtime_seconds,greedy_reward,model_size,final_epsilon,device,estimated_distance_cost,estimated_travel_time_cost,estimated_late_delivery_cost,estimated_lateness_cost,estimated_operating_cost,distance_cost_per_km,travel_time_cost_per_minute,late_delivery_penalty,lateness_cost_per_minute,cost_unit
all_exact_5,1,2023-10-02 04:00:00+00:00,2023-10-02 06:00:00+00:00,nearest_neighbor,5,5,0,1.0,0.0,0.0,57.32448403424207,61.6449552881404,3.342854051000131,,,,,,,229297.9361369683,41096.63685876026,0.0,0.0,270394.5729957286,4000.0,666.6666666666666,0.0,0.0,VND_proxy_scenario
all_exact_5,1,2023-10-02 04:00:00+00:00,2023-10-02 06:00:00+00:00,clarke_wright,5,5,0,1.0,0.0,0.0,57.32448403424207,61.6449552881404,3.137898659000029,,,,,,,229297.9361369683,41096.63685876026,0.0,0.0,270394.5729957286,4000.0,666.6666666666666,0.0,0.0,VND_proxy_scenario
all_exact_5,1,2023-10-02 04:00:00+00:00,2023-10-02 06:00:00+00:00,q_learning,5,5,0,1.0,0.0,0.0,57.32448403424207,61.6449552881404,0.000409756999943,3.143893079999998,1.8525625940001191,2.310818510333462,212.0,0.05,cpu,229297.9361369683,41096.63685876026,0.0,0.0,270394.5729957286,4000.0,666.6666666666666,0.0,0.0,VND_proxy_scenario
all_exact_5,1,2023-10-02 04:00:00+00:00,2023-10-02 06:00:00+00:00,sarsa,5,5,0,1.0,0.0,0.0,57.32448403424207,61.6449552881404,0.0003820229999291,3.143893079999998,1.7034794379999312,2.310818510333462,217.0,0.05,cpu,229297.9361369683,41096.63685876026,0.0,0.0,270394.5729957286,4000.0,666.6666666666666,0.0,0.0,VND_proxy_scenario
all_exact_5,1,2023-10-02 04:00:00+00:00,2023-10-02 06:00:00+00:00,dqn,5,5,0,1.0,0.0,0.0,57.32448403424207,61.6449552881404,0.0013013149998641,3.143893079999998,128.17674444599993,2.310818510333462,18821.0,0.05,cuda,229297.9361369683,41096.63685876026,0.0,0.0,270394.5729957286,4000.0,666.6666666666666,0.0,0.0,VND_proxy_scenario
all_exact_5,2,2024-01-29 04:00:00+00:00,2024-01-29 06:00:00+00:00,nearest_neighbor,5,5,0,1.0,0.0,0.0,56.23648386196553,63.22817350093929,2.678212236000036,,,,,,,224945.93544786214,42152.115667292856,0.0,0.0,267098.051115155,4000.0,666.6666666666666,0.0,0.0,VND_proxy_scenario
all_exact_5,2,2024-01-29 04:00:00+00:00,2024-01-29 06:00:00+00:00,clarke_wright,5,5,0,1.0,0.0,0.0,54.098483437543855,60.60139657693266,2.64636104300007,,,,,,,216393.93375017543,40400.93105128843,0.0,0.0,256794.86480146387,4000.0,666.6666666666666,0.0,0.0,VND_proxy_scenario
all_exact_5,2,2024-01-29 04:00:00+00:00,2024-01-29 06:00:00+00:00,q_learning,5,5,0,1.0,0.0,0.0,56.23648386196553,63.22817350093929,0.0003925739999885,2.652816500999961,1.839362408999932,2.4787179576982865,193.0,0.05,cpu,224945.93544786214,42152.115667292856,0.0,0.0,267098.051115155,4000.0,666.6666666666666,0.0,0.0,VND_proxy_scenario
all_exact_5,2,2024-01-29 04:00:00+00:00,2024-01-29 06:00:00+00:00,sarsa,5,5,0,1.0,0.0,0.0,56.23648386196553,63.22817350093929,0.0004152809999595,2.652816500999961,1.7995124670001132,2.4787179576982865,195.0,0.05,cpu,224945.93544786214,42152.115667292856,0.0,0.0,267098.051115155,4000.0,666.6666666666666,0.0,0.0,VND_proxy_scenario
all_exact_5,2,2024-01-29 04:00:00+00:00,2024-01-29 06:00:00+00:00,dqn,5,5,0,1.0,0.0,0.0,56.23648386196553,63.22817350093929,0.0012696040000719,2.652816500999961,157.31760600300004,2.4787179576982865,18821.0,0.05,cuda,224945.93544786214,42152.115667292856,0.0,0.0,267098.051115155,4000.0,666.6666666666666,0.0,0.0,VND_proxy_scenario
all_exact_5,3,2024-01-31 02:00:00+00:00,2024-01-31 04:00:00+00:00,nearest_neighbor,6,6,0,1.0,0.0,0.0,45.9253061034011,49.16711977189623,3.2444150149999587,,,,,,,183701.2244136044,32778.07984793082,0.0,0.0,216479.3042615352,4000.0,666.6666666666666,0.0,0.0,VND_proxy_scenario
all_exact_5,3,2024-01-31 02:00:00+00:00,2024-01-31 04:00:00+00:00,clarke_wright,6,6,0,1.0,0.0,0.0,46.61676759871748,49.44570644641727,3.190448549999928,,,,,,,186467.07039486992,32963.80429761151,0.0,0.0,219430.87469248142,4000.0,666.6666666666666,0.0,0.0,VND_proxy_scenario
all_exact_5,3,2024-01-31 02:00:00+00:00,2024-01-31 04:00:00+00:00,q_learning,6,6,0,1.0,0.0,0.0,45.9253061034011,49.16711977189623,0.0004306710000037,3.192901010000014,2.158757854999976,4.100218157079548,596.0,0.05,cpu,183701.2244136044,32778.07984793082,0.0,0.0,216479.3042615352,4000.0,666.6666666666666,0.0,0.0,VND_proxy_scenario
all_exact_5,3,2024-01-31 02:00:00+00:00,2024-01-31 04:00:00+00:00,sarsa,6,6,0,1.0,0.0,0.0,45.9253061034011,49.16711977189623,0.0004660700001295,3.192901010000014,2.092283709999947,4.100218157079548,611.0,0.05,cpu,183701.2244136044,32778.07984793082,0.0,0.0,216479.3042615352,4000.0,666.6666666666666,0.0,0.0,VND_proxy_scenario
all_exact_5,3,2024-01-31 02:00:00+00:00,2024-01-31 04:00:00+00:00,dqn,6,6,0,1.0,0.0,0.0,45.9253061034011,49.16711977189623,0.003775343000143,3.192901010000014,178.73624186099983,4.100218157079548,19206.0,0.05,cuda,183701.2244136044,32778.07984793082,0.0,0.0,216479.3042615352,4000.0,666.6666666666666,0.0,0.0,VND_proxy_scenario
all_exact_5,4,2024-02-01 04:00:00+00:00,2024-02-01 06:00:00+00:00,nearest_neighbor,10,10,0,1.0,0.0,0.0,58.60132888141967,66.38025312335434,5.454806453999936,,,,,,,234405.31552567868,44253.50208223622,0.0,0.0,278658.8176079149,4000.0,666.6666666666666,0.0,0.0,VND_proxy_scenario
all_exact_5,4,2024-02-01 04:00:00+00:00,2024-02-01 06:00:00+00:00,clarke_wright,10,10,0,1.0,0.0,0.0,53.26779712757583,59.70900419163188,5.659246353000071,,,,,,,213071.18851030333,39806.00279442125,0.0,0.0,252877.19130472458,4000.0,666.6666666666666,0.0,0.0,VND_proxy_scenario
all_exact_5,4,2024-02-01 04:00:00+00:00,2024-02-01 06:00:00+00:00,q_learning,10,10,0,1.0,0.0,0.0,58.543332308218616,65.13122457093247,0.0007618680001542,5.411030094999887,4.0406655459999,9.623927932388778,4069.0,0.05,cpu,234173.32923287447,43420.81638062165,0.0,0.0,277594.14561349613,4000.0,666.6666666666666,0.0,0.0,VND_proxy_scenario
all_exact_5,4,2024-02-01 04:00:00+00:00,2024-02-01 06:00:00+00:00,sarsa,10,10,0,1.0,0.0,0.0,53.31563627504364,60.3379424348592,0.0008006629998362,5.411030094999887,3.595866862000093,10.292507621480064,4196.0,0.05,cpu,213262.54510017455,40225.2949565728,0.0,0.0,253487.84005674734,4000.0,666.6666666666666,0.0,0.0,VND_proxy_scenario
all_exact_5,4,2024-02-01 04:00:00+00:00,2024-02-01 06:00:00+00:00,dqn,10,10,0,1.0,0.0,0.0,53.31563627504364,60.3379424348592,0.0102480099999411,5.411030094999887,333.47295817500003,10.292507621480064,20746.0,0.05,cuda,213262.54510017455,40225.2949565728,0.0,0.0,253487.84005674734,4000.0,666.6666666666666,0.0,0.0,VND_proxy_scenario
all_exact_5,5,2024-02-02 04:00:00+00:00,2024-02-02 06:00:00+00:00,nearest_neighbor,6,6,0,1.0,0.0,0.0,30.5252127910072,33.31456172949571,3.204388815999664,,,,,,,122100.85116402879,22209.707819663803,0.0,0.0,144310.5589836926,4000.0,666.6666666666666,0.0,0.0,VND_proxy_scenario
all_exact_5,5,2024-02-02 04:00:00+00:00,2024-02-02 06:00:00+00:00,clarke_wright,6,6,0,1.0,0.0,0.0,27.87652128466987,31.6132244854926,3.229817801000081,,,,,,,111506.08513867948,21075.4829903284,0.0,0.0,132581.56812900788,4000.0,666.6666666666666,0.0,0.0,VND_proxy_scenario
all_exact_5,5,2024-02-02 04:00:00+00:00,2024-02-02 06:00:00+00:00,q_learning,6,6,0,1.0,0.0,0.0,30.5252127910072,33.31456172949571,0.0004229609999129,3.260294617999989,2.240233157000148,5.815517195017637,472.0,0.05,cpu,122100.85116402879,22209.707819663803,0.0,0.0,144310.5589836926,4000.0,666.6666666666666,0.0,0.0,VND_proxy_scenario
all_exact_5,5,2024-02-02 04:00:00+00:00,2024-02-02 06:00:00+00:00,sarsa,6,6,0,1.0,0.0,0.0,30.5252127910072,33.31456172949571,0.0004116289997,3.260294617999989,2.185842738999781,5.815517195017637,487.0,0.05,cpu,122100.85116402879,22209.707819663803,0.0,0.0,144310.5589836926,4000.0,666.6666666666666,0.0,0.0,VND_proxy_scenario
all_exact_5,5,2024-02-02 04:00:00+00:00,2024-02-02 06:00:00+00:00,dqn,6,6,0,1.0,0.0,0.0,30.5252127910072,33.31456172949571,0.0015317430002141,3.260294617999989,217.93614512899967,5.815517195017637,19206.0,0.05,cuda,122100.85116402879,22209.707819663803,0.0,0.0,144310.5589836926,4000.0,666.6666666666666,0.0,0.0,VND_proxy_scenario
all_exact_5,6,2024-02-04 06:00:00+00:00,2024-02-04 08:00:00+00:00,nearest_neighbor,6,6,0,1.0,0.0,0.0,28.508063376983337,33.0033980186204,3.179933767999956,,,,,,,114032.25350793335,22002.265345746935,0.0,0.0,136034.5188536803,4000.0,666.6666666666666,0.0,0.0,VND_proxy_scenario
all_exact_5,6,2024-02-04 06:00:00+00:00,2024-02-04 08:00:00+00:00,clarke_wright,6,6,0,1.0,0.0,0.0,29.31501807346138,33.8617120065459,3.198873593999906,,,,,,,117260.07229384553,22574.4746710306,0.0,0.0,139834.54696487612,4000.0,666.6666666666666,0.0,0.0,VND_proxy_scenario
all_exact_5,6,2024-02-04 06:00:00+00:00,2024-02-04 08:00:00+00:00,q_learning,6,6,0,1.0,0.0,0.0,28.508063376983337,33.0033980186204,0.0004610459996001,3.2860606369999914,2.1952511310000773,5.704584700288123,523.0,0.05,cpu,114032.25350793335,22002.265345746935,0.0,0.0,136034.5188536803,4000.0,666.6666666666666,0.0,0.0,VND_proxy_scenario
all_exact_5,6,2024-02-04 06:00:00+00:00,2024-02-04 08:00:00+00:00,sarsa,6,6,0,1.0,0.0,0.0,28.508063376983337,33.0033980186204,0.0004292230000828,3.2860606369999914,2.1285037879997617,5.704584700288123,530.0,0.05,cpu,114032.25350793335,22002.265345746935,0.0,0.0,136034.5188536803,4000.0,666.6666666666666,0.0,0.0,VND_proxy_scenario
all_exact_5,6,2024-02-04 06:00:00+00:00,2024-02-04 08:00:00+00:00,dqn,6,6,0,1.0,0.0,0.0,28.508063376983337,33.0033980186204,0.0015340420000029,3.2860606369999914,168.9078195420002,5.704584700288123,19206.0,0.05,cuda,114032.25350793335,22002.265345746935,0.0,0.0,136034.5188536803,4000.0,666.6666666666666,0.0,0.0,VND_proxy_scenario
all_exact_5,7,2024-02-06 04:00:00+00:00,2024-02-06 06:00:00+00:00,nearest_neighbor,5,5,0,1.0,0.0,0.0,48.91915093343699,52.769524214568094,2.7363700570003857,,,,,,,195676.60373374796,35179.68280971206,0.0,0.0,230856.28654346004,4000.0,666.6666666666666,0.0,0.0,VND_proxy_scenario
all_exact_5,7,2024-02-06 04:00:00+00:00,2024-02-06 06:00:00+00:00,clarke_wright,5,5,0,1.0,0.0,0.0,47.5371165386124,52.52458881527362,2.7596493900000496,,,,,,,190148.46615444962,35016.39254351574,0.0,0.0,225164.85869796536,4000.0,666.6666666666666,0.0,0.0,VND_proxy_scenario
all_exact_5,7,2024-02-06 04:00:00+00:00,2024-02-06 06:00:00+00:00,q_learning,5,5,0,1.0,0.0,0.0,48.91915093343699,52.769524214568094,0.0003638840003077,2.738802795999618,1.8177285550000304,2.962188217073609,219.0,0.05,cpu,195676.60373374796,35179.68280971206,0.0,0.0,230856.28654346004,4000.0,666.6666666666666,0.0,0.0,VND_proxy_scenario
all_exact_5,7,2024-02-06 04:00:00+00:00,2024-02-06 06:00:00+00:00,sarsa,5,5,0,1.0,0.0,0.0,48.91915093343699,52.769524214568094,0.0003504259998408,2.738802795999618,1.76958334200026,2.962188217073609,222.0,0.05,cpu,195676.60373374796,35179.68280971206,0.0,0.0,230856.28654346004,4000.0,666.6666666666666,0.0,0.0,VND_proxy_scenario
all_exact_5,7,2024-02-06 04:00:00+00:00,2024-02-06 06:00:00+00:00,dqn,5,5,0,1.0,0.0,0.0,48.91915093343699,52.769524214568094,0.0012555110001812,2.738802795999618,119.37258537999968,2.962188217073609,18821.0,0.05,cuda,195676.60373374796,35179.68280971206,0.0,0.0,230856.28654346004,4000.0,666.6666666666666,0.0,0.0,VND_proxy_scenario
all_exact_5,8,2024-02-20 02:00:00+00:00,2024-02-20 04:00:00+00:00,nearest_neighbor,5,5,0,1.0,0.0,0.0,52.756157424985815,59.278601013356095,1.6227027670001917,,,,,,,211024.62969994327,39519.067342237395,0.0,0.0,250543.69704218066,4000.0,666.6666666666666,0.0,0.0,VND_proxy_scenario
all_exact_5,8,2024-02-20 02:00:00+00:00,2024-02-20 04:00:00+00:00,clarke_wright,5,5,0,1.0,0.0,0.0,46.65413468678151,52.95271794771753,1.6338672229999247,,,,,,,186616.53874712603,35301.81196514502,0.0,0.0,221918.35071227106,4000.0,666.6666666666666,0.0,0.0,VND_proxy_scenario
all_exact_5,8,2024-02-20 02:00:00+00:00,2024-02-20 04:00:00+00:00,q_learning,5,5,0,1.0,0.0,0.0,52.756157424985815,59.278601013356095,0.0004020989999844,1.6053832560000956,1.7803105919997506,2.1132213433983766,215.0,0.05,cpu,211024.62969994327,39519.067342237395,0.0,0.0,250543.69704218066,4000.0,666.6666666666666,0.0,0.0,VND_proxy_scenario
all_exact_5,8,2024-02-20 02:00:00+00:00,2024-02-20 04:00:00+00:00,sarsa,5,5,0,1.0,0.0,0.0,53.48037362446878,59.967982846305006,0.0003919159998986,1.6053832560000956,1.710711636999804,2.0163599883069647,216.0,0.05,cpu,213921.49449787513,39978.655230870005,0.0,0.0,253900.14972874513,4000.0,666.6666666666666,0.0,0.0,VND_proxy_scenario
all_exact_5,8,2024-02-20 02:00:00+00:00,2024-02-20 04:00:00+00:00,dqn,5,5,0,1.0,0.0,0.0,52.756157424985815,59.278601013356095,0.0012926539998261,1.6053832560000956,137.04535809400022,2.1132213433983766,18821.0,0.05,cuda,211024.62969994327,39519.067342237395,0.0,0.0,250543.69704218066,4000.0,666.6666666666666,0.0,0.0,VND_proxy_scenario
all_exact_5,9,2024-02-21 02:00:00+00:00,2024-02-21 04:00:00+00:00,nearest_neighbor,5,5,0,1.0,0.0,0.0,54.07678980608435,57.41065461762011,1.669210502000169,,,,,,,216307.1592243374,38273.76974508007,0.0,0.0,254580.92896941747,4000.0,666.6666666666666,0.0,0.0,VND_proxy_scenario
all_exact_5,9,2024-02-21 02:00:00+00:00,2024-02-21 04:00:00+00:00,clarke_wright,5,5,0,1.0,0.0,0.0,47.77907402053479,51.00679867467434,1.6882291890001395,,,,,,,191116.29608213916,34004.53244978289,0.0,0.0,225120.82853192204,4000.0,666.6666666666666,0.0,0.0,VND_proxy_scenario
all_exact_5,9,2024-02-21 02:00:00+00:00,2024-02-21 04:00:00+00:00,q_learning,5,5,0,1.0,0.0,0.0,49.15534592597139,52.272429049115686,0.0003747060000023,1.620664157000192,1.7299921480002922,2.4465972102168845,185.0,0.05,cpu,196621.38370388554,34848.28603274379,0.0,0.0,231469.66973662932,4000.0,666.6666666666666,0.0,0.0,VND_proxy_scenario
all_exact_5,9,2024-02-21 02:00:00+00:00,2024-02-21 04:00:00+00:00,sarsa,5,5,0,1.0,0.0,0.0,50.18402450637838,54.00532722585314,0.0003529850000631,1.620664157000192,1.7332159980001052,2.320454455706919,184.0,0.05,cpu,200736.09802551352,36003.55148390209,0.0,0.0,236739.6495094156,4000.0,666.6666666666666,0.0,0.0,VND_proxy_scenario
all_exact_5,9,2024-02-21 02:00:00+00:00,2024-02-21 04:00:00+00:00,dqn,5,5,0,1.0,0.0,0.0,49.15534592597139,52.272429049115686,0.0012844790003327,1.620664157000192,137.551361111,2.4465972102168845,18821.0,0.05,cuda,196621.38370388554,34848.28603274379,0.0,0.0,231469.66973662932,4000.0,666.6666666666666,0.0,0.0,VND_proxy_scenario
all_exact_5,10,2024-02-27 04:00:00+00:00,2024-02-27 06:00:00+00:00,nearest_neighbor,5,5,0,1.0,0.0,0.0,55.95157169906435,60.52579968485277,0.6267166269999507,,,,,,,223806.28679625742,40350.53312323518,0.0,0.0,264156.8199194926,4000.0,666.6666666666666,0.0,0.0,VND_proxy_scenario
all_exact_5,10,2024-02-27 04:00:00+00:00,2024-02-27 06:00:00+00:00,clarke_wright,5,5,0,1.0,0.0,0.0,52.76041051891673,57.23675293307693,0.5673113310003828,,,,,,,211041.64207566692,38157.83528871795,0.0,0.0,249199.47736438486,4000.0,666.6666666666666,0.0,0.0,VND_proxy_scenario
all_exact_5,10,2024-02-27 04:00:00+00:00,2024-02-27 06:00:00+00:00,q_learning,5,5,0,1.0,0.0,0.0,55.95157169906435,60.52579968485277,0.0003444200001467,0.6256959570000618,1.718466367000019,2.862105823824648,192.0,0.05,cpu,223806.28679625742,40350.53312323518,0.0,0.0,264156.8199194926,4000.0,666.6666666666666,0.0,0.0,VND_proxy_scenario
all_exact_5,10,2024-02-27 04:00:00+00:00,2024-02-27 06:00:00+00:00,sarsa,5,5,0,1.0,0.0,0.0,55.95157169906435,60.52579968485277,0.0003988590001426,0.6256959570000618,1.675354280999727,2.862105823824648,193.0,0.05,cpu,223806.28679625742,40350.53312323518,0.0,0.0,264156.8199194926,4000.0,666.6666666666666,0.0,0.0,VND_proxy_scenario
all_exact_5,10,2024-02-27 04:00:00+00:00,2024-02-27 06:00:00+00:00,dqn,5,5,0,1.0,0.0,0.0,55.95157169906435,60.52579968485277,0.0012895549998575,0.6256959570000618,149.86399078700015,2.862105823824648,18821.0,0.05,cuda,223806.28679625742,40350.53312323518,0.0,0.0,264156.8199194926,4000.0,666.6666666666666,0.0,0.0,VND_proxy_scenario
all_exact_5,11,2024-03-08 02:00:00+00:00,2024-03-08 04:00:00+00:00,nearest_neighbor,5,5,0,1.0,0.0,0.0,42.29254167096016,48.06871199521044,2.189926533000289,,,,,,,169170.16668384065,32045.80799680696,0.0,0.0,201215.9746806476,4000.0,666.6666666666666,0.0,0.0,VND_proxy_scenario
all_exact_5,11,2024-03-08 02:00:00+00:00,2024-03-08 04:00:00+00:00,clarke_wright,5,5,0,1.0,0.0,0.0,39.50668736875995,44.4316497304279,2.2472553689999586,,,,,,,158026.7494750398,29621.099820285264,0.0,0.0,187647.84929532505,4000.0,666.6666666666666,0.0,0.0,VND_proxy_scenario
all_exact_5,11,2024-03-08 02:00:00+00:00,2024-03-08 04:00:00+00:00,q_learning,5,5,0,1.0,0.0,0.0,42.29254167096016,48.06871199521044,0.0003979529997195,2.1498588800000107,1.7955044489999636,2.865570227834641,213.0,0.05,cpu,169170.16668384065,32045.80799680696,0.0,0.0,201215.9746806476,4000.0,666.6666666666666,0.0,0.0,VND_proxy_scenario
all_exact_5,11,2024-03-08 02:00:00+00:00,2024-03-08 04:00:00+00:00,sarsa,5,5,0,1.0,0.0,0.0,42.29254167096016,48.06871199521044,0.0003480949999357,2.1498588800000107,1.7586743289998594,2.865570227834641,213.0,0.05,cpu,169170.16668384065,32045.80799680696,0.0,0.0,201215.9746806476,4000.0,666.6666666666666,0.0,0.0,VND_proxy_scenario
all_exact_5,11,2024-03-08 02:00:00+00:00,2024-03-08 04:00:00+00:00,dqn,5,5,0,1.0,0.0,0.0,42.29254167096016,48.06871199521044,0.0012558149996948,2.1498588800000107,144.56689922199985,2.865570227834641,18821.0,0.05,cuda,169170.16668384065,32045.80799680696,0.0,0.0,201215.9746806476,4000.0,666.6666666666666,0.0,0.0,VND_proxy_scenario
all_exact_5,12,2024-03-08 04:00:00+00:00,2024-03-08 06:00:00+00:00,nearest_neighbor,6,6,0,1.0,0.0,0.0,42.74995364225396,48.12339352071948,1.6852031890002763,,,,,,,170999.81456901584,32082.26234714632,0.0,0.0,203082.07691616216,4000.0,666.6666666666666,0.0,0.0,VND_proxy_scenario
all_exact_5,12,2024-03-08 04:00:00+00:00,2024-03-08 06:00:00+00:00,clarke_wright,6,6,0,1.0,0.0,0.0,40.277587306059374,44.85024231934668,1.6334469700000227,,,,,,,161110.3492242375,29900.161546231117,0.0,0.0,191010.51077046862,4000.0,666.6666666666666,0.0,0.0,VND_proxy_scenario
all_exact_5,12,2024-03-08 04:00:00+00:00,2024-03-08 06:00:00+00:00,q_learning,6,6,0,1.0,0.0,0.0,43.67052500238409,48.834164052389646,0.0004446399998414,1.713955261999672,2.105538138999691,4.214950363694138,591.0,0.05,cpu,174682.10000953634,32556.109368259764,0.0,0.0,207238.2093777961,4000.0,666.6666666666666,0.0,0.0,VND_proxy_scenario
all_exact_5,12,2024-03-08 04:00:00+00:00,2024-03-08 06:00:00+00:00,sarsa,6,6,0,1.0,0.0,0.0,43.67052500238409,48.834164052389646,0.0004185319999123,1.713955261999672,2.070290648000082,4.214950363694138,597.0,0.05,cpu,174682.10000953634,32556.109368259764,0.0,0.0,207238.2093777961,4000.0,666.6666666666666,0.0,0.0,VND_proxy_scenario
all_exact_5,12,2024-03-08 04:00:00+00:00,2024-03-08 06:00:00+00:00,dqn,6,6,0,1.0,0.0,0.0,43.67052500238409,48.834164052389646,0.0015117029997782,1.713955261999672,170.9399183270002,4.214950363694138,19206.0,0.05,cuda,174682.10000953634,32556.109368259764,0.0,0.0,207238.2093777961,4000.0,666.6666666666666,0.0,0.0,VND_proxy_scenario
all_exact_5,13,2024-03-18 02:00:00+00:00,2024-03-18 04:00:00+00:00,nearest_neighbor,6,6,0,1.0,0.0,0.0,64.52278254500737,67.42297333503042,1.646514776999993,,,,,,,258091.1301800295,44948.648890020275,0.0,0.0,303039.77907004976,4000.0,666.6666666666666,0.0,0.0,VND_proxy_scenario
all_exact_5,13,2024-03-18 02:00:00+00:00,2024-03-18 04:00:00+00:00,clarke_wright,6,6,0,1.0,0.0,0.0,61.70052425877053,64.97805314902631,1.6311639369996556,,,,,,,246802.09703508212,43318.70209935087,0.0,0.0,290120.799134433,4000.0,666.6666666666666,0.0,0.0,VND_proxy_scenario
all_exact_5,13,2024-03-18 02:00:00+00:00,2024-03-18 04:00:00+00:00,q_learning,6,6,0,1.0,0.0,0.0,64.52278254500737,67.42297333503042,0.0004812739998669,1.6615987750001295,2.160062829999788,2.18704237530206,593.0,0.05,cpu,258091.1301800295,44948.648890020275,0.0,0.0,303039.77907004976,4000.0,666.6666666666666,0.0,0.0,VND_proxy_scenario
all_exact_5,13,2024-03-18 02:00:00+00:00,2024-03-18 04:00:00+00:00,sarsa,6,6,0,1.0,0.0,0.0,65.6830192561137,69.22647191913494,0.0004601250002451,1.6615987750001295,2.048062840000057,1.8561108644253328,601.0,0.05,cpu,262732.0770244548,46150.981279423286,0.0,0.0,308883.05830387806,4000.0,666.6666666666666,0.0,0.0,VND_proxy_scenario
all_exact_5,13,2024-03-18 02:00:00+00:00,2024-03-18 04:00:00+00:00,dqn,6,6,0,1.0,0.0,0.0,64.52278254500737,67.42297333503042,0.0015592729996569,1.6615987750001295,182.9127275800001,2.18704237530206,19206.0,0.05,cuda,258091.1301800295,44948.648890020275,0.0,0.0,303039.77907004976,4000.0,666.6666666666666,0.0,0.0,VND_proxy_scenario
all_exact_5,14,2024-03-22 02:00:00+00:00,2024-03-22 04:00:00+00:00,nearest_neighbor,5,5,0,1.0,0.0,0.0,45.39983069477543,49.60557963802089,1.1125589830003264,,,,,,,181599.32277910173,33070.38642534726,0.0,0.0,214669.70920444897,4000.0,666.6666666666666,0.0,0.0,VND_proxy_scenario
all_exact_5,14,2024-03-22 02:00:00+00:00,2024-03-22 04:00:00+00:00,clarke_wright,5,5,0,1.0,0.0,0.0,44.83171378922722,49.39704493352272,1.09930633499971,,,,,,,179326.8551569089,32931.36328901515,0.0,0.0,212258.21844592405,4000.0,666.6666666666666,0.0,0.0,VND_proxy_scenario
all_exact_5,14,2024-03-22 02:00:00+00:00,2024-03-22 04:00:00+00:00,q_learning,5,5,0,1.0,0.0,0.0,45.39983069477543,49.60557963802089,0.000354218999746,1.1168457600001602,1.7658974459995989,3.083445286182504,185.0,0.05,cpu,181599.32277910173,33070.38642534726,0.0,0.0,214669.70920444897,4000.0,666.6666666666666,0.0,0.0,VND_proxy_scenario
all_exact_5,14,2024-03-22 02:00:00+00:00,2024-03-22 04:00:00+00:00,sarsa,5,5,0,1.0,0.0,0.0,45.39983069477543,49.60557963802089,0.0003637119998529,1.1168457600001602,1.7029374069998084,3.083445286182504,185.0,0.05,cpu,181599.32277910173,33070.38642534726,0.0,0.0,214669.70920444897,4000.0,666.6666666666666,0.0,0.0,VND_proxy_scenario
all_exact_5,14,2024-03-22 02:00:00+00:00,2024-03-22 04:00:00+00:00,dqn,5,5,0,1.0,0.0,0.0,45.39983069477543,49.60557963802089,0.0012577249999594,1.1168457600001602,143.7050818419998,3.083445286182504,18821.0,0.05,cuda,181599.32277910173,33070.38642534726,0.0,0.0,214669.70920444897,4000.0,666.6666666666666,0.0,0.0,VND_proxy_scenario
all_exact_5,15,2024-04-04 02:00:00+00:00,2024-04-04 04:00:00+00:00,nearest_neighbor,7,7,0,1.0,0.0,0.0,55.69986221098007,61.58692507180673,2.132664843999919,,,,,,,222799.44884392028,41057.95004787115,0.0,0.0,263857.3988917914,4000.0,666.6666666666666,0.0,0.0,VND_proxy_scenario
all_exact_5,15,2024-04-04 02:00:00+00:00,2024-04-04 04:00:00+00:00,clarke_wright,7,7,0,1.0,0.0,0.0,48.46753324182365,54.48538347365023,2.1999249640002745,,,,,,,193870.1329672946,36323.58898243349,0.0,0.0,230193.7219497281,4000.0,666.6666666666666,0.0,0.0,VND_proxy_scenario
all_exact_5,15,2024-04-04 02:00:00+00:00,2024-04-04 04:00:00+00:00,q_learning,7,7,0,1.0,0.0,0.0,48.46753324182365,54.48538347365023,0.0004742090000036,2.1514223110002604,2.5227534559999185,5.062976960928107,1026.0,0.05,cpu,193870.1329672946,36323.58898243349,0.0,0.0,230193.7219497281,4000.0,666.6666666666666,0.0,0.0,VND_proxy_scenario
all_exact_5,15,2024-04-04 02:00:00+00:00,2024-04-04 04:00:00+00:00,sarsa,7,7,0,1.0,0.0,0.0,55.69986221098007,61.58692507180673,0.0005233789997873,2.1514223110002604,2.4984983989998,4.791970820088849,1053.0,0.05,cpu,222799.44884392028,41057.95004787115,0.0,0.0,263857.3988917914,4000.0,666.6666666666666,0.0,0.0,VND_proxy_scenario
all_exact_5,15,2024-04-04 02:00:00+00:00,2024-04-04 04:00:00+00:00,dqn,7,7,0,1.0,0.0,0.0,50.42382465279572,55.634348397938126,0.0017734029997882,2.1514223110002604,210.1390697299994,5.17280951020692,19591.0,0.05,cuda,201695.2986111829,37089.56559862541,0.0,0.0,238784.8642098083,4000.0,666.6666666666666,0.0,0.0,VND_proxy_scenario
all_exact_5,16,2024-04-05 02:00:00+00:00,2024-04-05 04:00:00+00:00,nearest_neighbor,5,5,0,1.0,0.0,0.0,50.838655330615495,55.63750422711835,1.1001928439991389,,,,,,,203354.621322462,37091.669484745566,0.0,0.0,240446.29080720755,4000.0,666.6666666666666,0.0,0.0,VND_proxy_scenario
all_exact_5,16,2024-04-05 02:00:00+00:00,2024-04-05 04:00:00+00:00,clarke_wright,5,5,0,1.0,0.0,0.0,45.40230621886514,50.37719725342444,1.1094597490000524,,,,,,,181609.22487546058,33584.79816894962,0.0,0.0,215194.02304441022,4000.0,666.6666666666666,0.0,0.0,VND_proxy_scenario
all_exact_5,16,2024-04-05 02:00:00+00:00,2024-04-05 04:00:00+00:00,q_learning,5,5,0,1.0,0.0,0.0,50.838655330615495,55.63750422711835,0.0003928380001525,1.0994911930001765,1.7598308080005154,2.043219632237012,191.0,0.05,cpu,203354.621322462,37091.669484745566,0.0,0.0,240446.29080720755,4000.0,666.6666666666666,0.0,0.0,VND_proxy_scenario
all_exact_5,16,2024-04-05 02:00:00+00:00,2024-04-05 04:00:00+00:00,sarsa,5,5,0,1.0,0.0,0.0,50.838655330615495,55.63750422711835,0.0003575300006559,1.0994911930001765,1.711974103999637,2.043219632237012,191.0,0.05,cpu,203354.621322462,37091.669484745566,0.0,0.0,240446.29080720755,4000.0,666.6666666666666,0.0,0.0,VND_proxy_scenario
all_exact_5,16,2024-04-05 02:00:00+00:00,2024-04-05 04:00:00+00:00,dqn,5,5,0,1.0,0.0,0.0,50.838655330615495,55.63750422711835,0.0013133339998603,1.0994911930001765,140.7858940569995,2.043219632237012,18821.0,0.05,cuda,203354.621322462,37091.669484745566,0.0,0.0,240446.29080720755,4000.0,666.6666666666666,0.0,0.0,VND_proxy_scenario
all_exact_5,17,2024-04-10 04:00:00+00:00,2024-04-10 06:00:00+00:00,nearest_neighbor,5,5,0,1.0,0.0,0.0,46.26640599892636,50.86627268557288,0.054587545000686,,,,,,,185065.62399570545,33910.84845704858,0.0,0.0,218976.47245275404,4000.0,666.6666666666666,0.0,0.0,VND_proxy_scenario
all_exact_5,17,2024-04-10 04:00:00+00:00,2024-04-10 06:00:00+00:00,clarke_wright,5,5,0,1.0,0.0,0.0,42.90734830299646,47.53664819374252,0.0545376860000033,,,,,,,171629.39321198585,31691.098795828348,0.0,0.0,203320.4920078142,4000.0,666.6666666666666,0.0,0.0,VND_proxy_scenario
all_exact_5,17,2024-04-10 04:00:00+00:00,2024-04-10 06:00:00+00:00,q_learning,5,5,0,1.0,0.0,0.0,46.26640599892636,50.86627268557288,0.0004195350002191,0.0548591719998512,1.70773513200038,3.12761759139087,188.0,0.05,cpu,185065.62399570545,33910.84845704858,0.0,0.0,218976.47245275404,4000.0,666.6666666666666,0.0,0.0,VND_proxy_scenario
all_exact_5,17,2024-04-10 04:00:00+00:00,2024-04-10 06:00:00+00:00,sarsa,5,5,0,1.0,0.0,0.0,46.26640599892636,50.86627268557288,0.0003762710002774,0.0548591719998512,1.7003314280000268,3.12761759139087,182.0,0.05,cpu,185065.62399570545,33910.84845704858,0.0,0.0,218976.47245275404,4000.0,666.6666666666666,0.0,0.0,VND_proxy_scenario
all_exact_5,17,2024-04-10 04:00:00+00:00,2024-04-10 06:00:00+00:00,dqn,5,5,0,1.0,0.0,0.0,46.26640599892636,50.86627268557288,0.0050103149997084,0.0548591719998512,161.22519358700083,3.12761759139087,18821.0,0.05,cuda,185065.62399570545,33910.84845704858,0.0,0.0,218976.47245275404,4000.0,666.6666666666666,0.0,0.0,VND_proxy_scenario
all_exact_5,18,2024-04-19 04:00:00+00:00,2024-04-19 06:00:00+00:00,nearest_neighbor,5,5,0,1.0,0.0,0.0,31.142219349500685,35.3107340615728,1.206885087000046,,,,,,,124568.87739800275,23540.48937438187,0.0,0.0,148109.36677238462,4000.0,666.6666666666666,0.0,0.0,VND_proxy_scenario
all_exact_5,18,2024-04-19 04:00:00+00:00,2024-04-19 06:00:00+00:00,clarke_wright,5,5,0,1.0,0.0,0.0,28.7517556937737,32.81870081403279,1.1992733809993297,,,,,,,115007.0227750948,21879.133876021857,0.0,0.0,136886.15665111665,4000.0,666.6666666666666,0.0,0.0,VND_proxy_scenario
all_exact_5,18,2024-04-19 04:00:00+00:00,2024-04-19 06:00:00+00:00,q_learning,5,5,0,1.0,0.0,0.0,31.142219349500685,35.3107340615728,0.0003455949999988,1.1418702359997042,1.7239602190002188,4.5001207714524005,201.0,0.05,cpu,124568.87739800275,23540.48937438187,0.0,0.0,148109.36677238462,4000.0,666.6666666666666,0.0,0.0,VND_proxy_scenario
all_exact_5,18,2024-04-19 04:00:00+00:00,2024-04-19 06:00:00+00:00,sarsa,5,5,0,1.0,0.0,0.0,31.142219349500685,35.3107340615728,0.0003396499996597,1.1418702359997042,1.6738123989998712,4.4998469499938585,206.0,0.05,cpu,124568.87739800275,23540.48937438187,0.0,0.0,148109.36677238462,4000.0,666.6666666666666,0.0,0.0,VND_proxy_scenario
all_exact_5,18,2024-04-19 04:00:00+00:00,2024-04-19 06:00:00+00:00,dqn,5,5,0,1.0,0.0,0.0,31.142219349500685,35.3107340615728,0.0012716199998976,1.1418702359997042,140.524982293,4.499998295187669,18821.0,0.05,cuda,124568.87739800275,23540.48937438187,0.0,0.0,148109.36677238462,4000.0,666.6666666666666,0.0,0.0,VND_proxy_scenario
all_exact_5,19,2024-04-22 02:00:00+00:00,2024-04-22 04:00:00+00:00,nearest_neighbor,8,8,0,1.0,0.0,0.0,43.59640053210937,48.316837985532494,3.901848319999772,,,,,,,174385.6021284375,32211.225323688326,0.0,0.0,206596.8274521258,4000.0,666.6666666666666,0.0,0.0,VND_proxy_scenario
all_exact_5,19,2024-04-22 02:00:00+00:00,2024-04-22 04:00:00+00:00,clarke_wright,8,8,0,1.0,0.0,0.0,40.55478807856269,45.42206308234803,3.656971701999282,,,,,,,162219.15231425074,30281.37538823202,0.0,0.0,192500.52770248277,4000.0,666.6666666666666,0.0,0.0,VND_proxy_scenario
all_exact_5,19,2024-04-22 02:00:00+00:00,2024-04-22 04:00:00+00:00,q_learning,8,8,0,1.0,0.0,0.0,40.14388446952776,44.59204345468692,0.0005839559999003,3.917231706000166,2.881164173999423,6.957776911514855,1792.0,0.05,cpu,160575.53787811106,29728.02896979128,0.0,0.0,190303.56684790234,4000.0,666.6666666666666,0.0,0.0,VND_proxy_scenario
all_exact_5,19,2024-04-22 02:00:00+00:00,2024-04-22 04:00:00+00:00,sarsa,8,8,0,1.0,0.0,0.0,44.6000323169922,49.30608083977632,0.0005674570002156,3.917231706000166,2.877660979999746,6.6590353993770615,1851.0,0.05,cpu,178400.1292679688,32870.72055985088,0.0,0.0,211270.84982781968,4000.0,666.6666666666666,0.0,0.0,VND_proxy_scenario
all_exact_5,19,2024-04-22 02:00:00+00:00,2024-04-22 04:00:00+00:00,dqn,8,8,0,1.0,0.0,0.0,40.14388446952776,44.59204345468692,0.0117879140007062,3.917231706000166,313.2357828880004,6.957776911514855,19976.0,0.05,cuda,160575.53787811106,29728.02896979128,0.0,0.0,190303.56684790234,4000.0,666.6666666666666,0.0,0.0,VND_proxy_scenario
all_exact_5,20,2024-04-22 04:00:00+00:00,2024-04-22 06:00:00+00:00,nearest_neighbor,5,5,0,1.0,0.0,0.0,56.74263981033898,64.43846537033492,2.848766878000788,,,,,,,226970.55924135592,42958.97691355662,0.0,0.0,269929.53615491255,4000.0,666.6666666666666,0.0,0.0,VND_proxy_scenario
all_exact_5,20,2024-04-22 04:00:00+00:00,2024-04-22 06:00:00+00:00,clarke_wright,5,5,0,1.0,0.0,0.0,54.76748975468316,61.473446005619024,2.868582836999849,,,,,,,219069.95901873265,40982.29733707935,0.0,0.0,260052.25635581202,4000.0,666.6666666666666,0.0,0.0,VND_proxy_scenario
all_exact_5,20,2024-04-22 04:00:00+00:00,2024-04-22 06:00:00+00:00,q_learning,5,5,0,1.0,0.0,0.0,54.76748975468316,61.473446005619024,0.0003815479994955,2.958762697999191,1.8053176120001808,2.1872924624170373,205.0,0.05,cpu,219069.95901873265,40982.29733707935,0.0,0.0,260052.25635581202,4000.0,666.6666666666666,0.0,0.0,VND_proxy_scenario
all_exact_5,20,2024-04-22 04:00:00+00:00,2024-04-22 06:00:00+00:00,sarsa,5,5,0,1.0,0.0,0.0,54.76748975468316,61.473446005619024,0.0003541179994499,2.958762697999191,1.739702287,2.1872924624170373,208.0,0.05,cpu,219069.95901873265,40982.29733707935,0.0,0.0,260052.25635581202,4000.0,666.6666666666666,0.0,0.0,VND_proxy_scenario
all_exact_5,20,2024-04-22 04:00:00+00:00,2024-04-22 06:00:00+00:00,dqn,5,5,0,1.0,0.0,0.0,54.76748975468316,61.473446005619024,0.0013341169997147,2.958762697999191,165.04982047399972,2.1872924624170373,18821.0,0.05,cuda,219069.95901873265,40982.29733707935,0.0,0.0,260052.25635581202,4000.0,666.6666666666666,0.0,0.0,VND_proxy_scenario
all_exact_5,21,2024-04-23 02:00:00+00:00,2024-04-23 04:00:00+00:00,nearest_neighbor,8,8,0,1.0,0.0,0.0,41.490239340877245,47.69970868629707,2.7876903970000058,,,,,,,165960.957363509,31799.805790864713,0.0,0.0,197760.7631543737,4000.0,666.6666666666666,0.0,0.0,VND_proxy_scenario
all_exact_5,21,2024-04-23 02:00:00+00:00,2024-04-23 04:00:00+00:00,clarke_wright,8,8,0,1.0,0.0,0.0,47.03188922322078,53.27892043825429,2.629767310999341,,,,,,,188127.55689288312,35519.280292169526,0.0,0.0,223646.83718505263,4000.0,666.6666666666666,0.0,0.0,VND_proxy_scenario
all_exact_5,21,2024-04-23 02:00:00+00:00,2024-04-23 04:00:00+00:00,q_learning,8,8,0,1.0,0.0,0.0,41.490239340877245,47.69970868629707,0.0005865769999218,2.7535833309993905,2.8928279880001355,7.063029589715816,1937.0,0.05,cpu,165960.957363509,31799.805790864713,0.0,0.0,197760.7631543737,4000.0,666.6666666666666,0.0,0.0,VND_proxy_scenario
all_exact_5,21,2024-04-23 02:00:00+00:00,2024-04-23 04:00:00+00:00,sarsa,8,8,0,1.0,0.0,0.0,43.08066149693575,49.15015208445375,0.0005850749994351,2.7535833309993905,2.7890072869995493,6.861634639200707,1966.0,0.05,cpu,172322.645987743,32766.7680563025,0.0,0.0,205089.4140440455,4000.0,666.6666666666666,0.0,0.0,VND_proxy_scenario
all_exact_5,21,2024-04-23 02:00:00+00:00,2024-04-23 04:00:00+00:00,dqn,8,8,0,1.0,0.0,0.0,41.490239340877245,47.69970868629707,0.0056688019994908,2.7535833309993905,346.7027157619996,7.063029589715816,19976.0,0.05,cuda,165960.957363509,31799.805790864713,0.0,0.0,197760.7631543737,4000.0,666.6666666666666,0.0,0.0,VND_proxy_scenario
all_exact_5,22,2024-04-26 02:00:00+00:00,2024-04-26 04:00:00+00:00,nearest_neighbor,6,6,0,1.0,0.0,0.0,49.13847177240126,53.11262135267413,1.2667289089995393,,,,,,,196553.88708960504,35408.414235116084,0.0,0.0,231962.30132472113,4000.0,666.6666666666666,0.0,0.0,VND_proxy_scenario
all_exact_5,22,2024-04-26 02:00:00+00:00,2024-04-26 04:00:00+00:00,clarke_wright,6,6,0,1.0,0.0,0.0,45.09493733319142,48.89193424547039,1.1230345169997236,,,,,,,180379.74933276567,32594.62283031359,0.0,0.0,212974.37216307927,4000.0,666.6666666666666,0.0,0.0,VND_proxy_scenario
all_exact_5,22,2024-04-26 02:00:00+00:00,2024-04-26 04:00:00+00:00,q_learning,6,6,0,1.0,0.0,0.0,49.13847177240126,53.11262135267413,0.0004163270004937,1.1601942019997296,2.141580590000558,3.603212459431768,490.0,0.05,cpu,196553.88708960504,35408.414235116084,0.0,0.0,231962.30132472113,4000.0,666.6666666666666,0.0,0.0,VND_proxy_scenario
all_exact_5,22,2024-04-26 02:00:00+00:00,2024-04-26 04:00:00+00:00,sarsa,6,6,0,1.0,0.0,0.0,46.97321234974298,52.70575022422936,0.0004681890004576,1.1601942019997296,2.0937164000006305,3.3882293645939283,493.0,0.05,cpu,187892.8493989719,35137.16681615291,0.0,0.0,223030.0162151248,4000.0,666.6666666666666,0.0,0.0,VND_proxy_scenario
all_exact_5,22,2024-04-26 02:00:00+00:00,2024-04-26 04:00:00+00:00,dqn,6,6,0,1.0,0.0,0.0,49.13847177240126,53.11262135267413,0.0021875779993933,1.1601942019997296,218.22567466200053,3.603212459431768,19206.0,0.05,cuda,196553.88708960504,35408.414235116084,0.0,0.0,231962.30132472113,4000.0,666.6666666666666,0.0,0.0,VND_proxy_scenario
all_exact_5,23,2024-05-04 02:00:00+00:00,2024-05-04 04:00:00+00:00,nearest_neighbor,8,8,0,1.0,0.0,0.0,70.46718258793143,73.49802521797892,2.23865374900015,,,,,,,281868.7303517257,48998.68347865261,0.0,0.0,330867.4138303783,4000.0,666.6666666666666,0.0,0.0,VND_proxy_scenario
all_exact_5,23,2024-05-04 02:00:00+00:00,2024-05-04 04:00:00+00:00,clarke_wright,8,8,0,1.0,0.0,0.0,63.53839527330516,67.44135935437674,2.2246038590001262,,,,,,,254153.58109322065,44960.90623625116,0.0,0.0,299114.4873294718,4000.0,666.6666666666666,0.0,0.0,VND_proxy_scenario
all_exact_5,23,2024-05-04 02:00:00+00:00,2024-05-04 04:00:00+00:00,q_learning,8,8,0,1.0,0.0,0.0,63.0102330404169,66.54962628832085,0.0005580310007644,2.2148736059998555,2.910877442000128,4.843015223052589,2042.0,0.05,cpu,252040.9321616676,44366.41752554723,0.0,0.0,296407.3496872148,4000.0,666.6666666666666,0.0,0.0,VND_proxy_scenario
all_exact_5,23,2024-05-04 02:00:00+00:00,2024-05-04 04:00:00+00:00,sarsa,8,8,0,1.0,0.0,0.0,70.64544402612471,74.92106465168857,0.0005672990000675,2.2148736059998555,2.8513652790006745,4.453022489480124,2102.0,0.05,cpu,282581.77610449883,49947.376434459045,0.0,0.0,332529.1525389579,4000.0,666.6666666666666,0.0,0.0,VND_proxy_scenario
all_exact_5,23,2024-05-04 02:00:00+00:00,2024-05-04 04:00:00+00:00,dqn,8,8,0,1.0,0.0,0.0,63.0102330404169,66.54962628832085,0.0020254669998394,2.2148736059998555,302.6938214189995,4.843015223052589,19976.0,0.05,cuda,252040.9321616676,44366.41752554723,0.0,0.0,296407.3496872148,4000.0,666.6666666666666,0.0,0.0,VND_proxy_scenario
all_exact_5,24,2024-05-16 04:00:00+00:00,2024-05-16 06:00:00+00:00,nearest_neighbor,6,6,0,1.0,0.0,0.0,42.85867182334422,48.16126386268422,1.6777216229993428,,,,,,,171434.68729337686,32107.50924178948,0.0,0.0,203542.19653516635,4000.0,666.6666666666666,0.0,0.0,VND_proxy_scenario
all_exact_5,24,2024-05-16 04:00:00+00:00,2024-05-16 06:00:00+00:00,clarke_wright,6,6,0,1.0,0.0,0.0,42.85867182334422,48.16126386268422,1.66570039599992,,,,,,,171434.68729337686,32107.50924178948,0.0,0.0,203542.19653516635,4000.0,666.6666666666666,0.0,0.0,VND_proxy_scenario
all_exact_5,24,2024-05-16 04:00:00+00:00,2024-05-16 06:00:00+00:00,q_learning,6,6,0,1.0,0.0,0.0,42.85867182334422,48.16126386268422,0.0004757540000355,1.6015458140000192,2.1643456050005625,4.602636019272784,549.0,0.05,cpu,171434.68729337686,32107.50924178948,0.0,0.0,203542.19653516635,4000.0,666.6666666666666,0.0,0.0,VND_proxy_scenario
all_exact_5,24,2024-05-16 04:00:00+00:00,2024-05-16 06:00:00+00:00,sarsa,6,6,0,1.0,0.0,0.0,42.85867182334422,48.16126386268422,0.0004187599997749,1.6015458140000192,2.075767066000481,4.601124289995412,549.0,0.05,cpu,171434.68729337686,32107.50924178948,0.0,0.0,203542.19653516635,4000.0,666.6666666666666,0.0,0.0,VND_proxy_scenario
all_exact_5,24,2024-05-16 04:00:00+00:00,2024-05-16 06:00:00+00:00,dqn,6,6,0,1.0,0.0,0.0,42.85867182334422,48.16126386268422,0.0015688550001868,1.6015458140000192,237.17977088800035,4.599522380660454,19206.0,0.05,cuda,171434.68729337686,32107.50924178948,0.0,0.0,203542.19653516635,4000.0,666.6666666666666,0.0,0.0,VND_proxy_scenario
all_exact_5,25,2024-05-24 02:00:00+00:00,2024-05-24 04:00:00+00:00,nearest_neighbor,5,5,0,1.0,0.0,0.0,28.983287564107933,33.112566904582465,0.5596411199994691,,,,,,,115933.15025643173,22075.044603054976,0.0,0.0,138008.1948594867,4000.0,666.6666666666666,0.0,0.0,VND_proxy_scenario
all_exact_5,25,2024-05-24 02:00:00+00:00,2024-05-24 04:00:00+00:00,clarke_wright,5,5,0,1.0,0.0,0.0,26.91960981135569,30.56155776800467,0.5655622969998149,,,,,,,107678.43924542276,20374.371845336445,0.0,0.0,128052.8110907592,4000.0,666.6666666666666,0.0,0.0,VND_proxy_scenario
all_exact_5,25,2024-05-24 02:00:00+00:00,2024-05-24 04:00:00+00:00,q_learning,5,5,0,1.0,0.0,0.0,28.983287564107933,33.112566904582465,0.0003366749997439,0.5569412889999512,1.7057732479997867,4.283488054847242,190.0,0.05,cpu,115933.15025643173,22075.044603054976,0.0,0.0,138008.1948594867,4000.0,666.6666666666666,0.0,0.0,VND_proxy_scenario
all_exact_5,25,2024-05-24 02:00:00+00:00,2024-05-24 04:00:00+00:00,sarsa,5,5,0,1.0,0.0,0.0,28.983287564107933,33.112566904582465,0.0003423520001888,0.5569412889999512,1.6655630800005383,4.283488054847242,192.0,0.05,cpu,115933.15025643173,22075.044603054976,0.0,0.0,138008.1948594867,4000.0,666.6666666666666,0.0,0.0,VND_proxy_scenario
all_exact_5,25,2024-05-24 02:00:00+00:00,2024-05-24 04:00:00+00:00,dqn,5,5,0,1.0,0.0,0.0,28.983287564107933,33.112566904582465,0.0012534469997262,0.5569412889999512,98.22885426399988,4.283488054847242,18821.0,0.05,cuda,115933.15025643173,22075.044603054976,0.0,0.0,138008.1948594867,4000.0,666.6666666666666,0.0,0.0,VND_proxy_scenario
all_exact_5,26,2024-05-27 02:00:00+00:00,2024-05-27 04:00:00+00:00,nearest_neighbor,5,5,0,1.0,0.0,0.0,22.104358599307155,24.991667928591035,1.139735751000444,,,,,,,88417.43439722862,16661.11195239402,0.0,0.0,105078.54634962263,4000.0,666.6666666666666,0.0,0.0,VND_proxy_scenario
all_exact_5,26,2024-05-27 02:00:00+00:00,2024-05-27 04:00:00+00:00,clarke_wright,5,5,0,1.0,0.0,0.0,21.74361923948389,24.17821064725468,1.0687015460007387,,,,,,,86974.47695793556,16118.807098169786,0.0,0.0,103093.28405610535,4000.0,666.6666666666666,0.0,0.0,VND_proxy_scenario
all_exact_5,26,2024-05-27 02:00:00+00:00,2024-05-27 04:00:00+00:00,q_learning,5,5,0,1.0,0.0,0.0,22.104358599307155,24.991667928591035,0.0003497360003166,1.1281571029994666,1.7257963050005856,4.497174076325181,206.0,0.05,cpu,88417.43439722862,16661.11195239402,0.0,0.0,105078.54634962263,4000.0,666.6666666666666,0.0,0.0,VND_proxy_scenario
all_exact_5,26,2024-05-27 02:00:00+00:00,2024-05-27 04:00:00+00:00,sarsa,5,5,0,1.0,0.0,0.0,22.325162916035204,24.977066655117063,0.0003744659998119,1.1281571029994666,1.6744050490005975,4.37962631553812,206.0,0.05,cpu,89300.65166414081,16651.37777007804,0.0,0.0,105952.02943421886,4000.0,666.6666666666666,0.0,0.0,VND_proxy_scenario
all_exact_5,26,2024-05-27 02:00:00+00:00,2024-05-27 04:00:00+00:00,dqn,5,5,0,1.0,0.0,0.0,22.104358599307155,24.991667928591035,0.0012842559999626,1.1281571029994666,121.71933946199988,4.497174076325181,18821.0,0.05,cuda,88417.43439722862,16661.11195239402,0.0,0.0,105078.54634962263,4000.0,666.6666666666666,0.0,0.0,VND_proxy_scenario
all_exact_5,27,2024-05-27 04:00:00+00:00,2024-05-27 06:00:00+00:00,nearest_neighbor,5,5,0,1.0,0.0,0.0,61.5062412947393,61.93456930492727,2.5820407760002126,,,,,,,246024.96517895718,41289.712869951516,0.0,0.0,287314.6780489087,4000.0,666.6666666666666,0.0,0.0,VND_proxy_scenario
all_exact_5,27,2024-05-27 04:00:00+00:00,2024-05-27 06:00:00+00:00,clarke_wright,5,5,0,1.0,0.0,0.0,59.48353975419629,60.16734771242364,2.65632687300058,,,,,,,237934.15901678518,40111.565141615756,0.0,0.0,278045.72415840096,4000.0,666.6666666666666,0.0,0.0,VND_proxy_scenario
all_exact_5,27,2024-05-27 04:00:00+00:00,2024-05-27 06:00:00+00:00,q_learning,5,5,0,1.0,0.0,0.0,61.5062412947393,61.93456930492727,0.0003496319995974,2.6093155500002467,1.7626011530001051,2.128793010373582,214.0,0.05,cpu,246024.96517895718,41289.712869951516,0.0,0.0,287314.6780489087,4000.0,666.6666666666666,0.0,0.0,VND_proxy_scenario
all_exact_5,27,2024-05-27 04:00:00+00:00,2024-05-27 06:00:00+00:00,sarsa,5,5,0,1.0,0.0,0.0,60.73694482874838,61.12389539891036,0.0003473059996395,2.6093155500002467,1.765643660999558,2.072836215702143,219.0,0.05,cpu,242947.7793149935,40749.263599273574,0.0,0.0,283697.04291426705,4000.0,666.6666666666666,0.0,0.0,VND_proxy_scenario
all_exact_5,27,2024-05-27 04:00:00+00:00,2024-05-27 06:00:00+00:00,dqn,5,5,0,1.0,0.0,0.0,61.49808235755981,62.02275469098973,0.0050053550003212,2.6093155500002467,208.67513952399983,2.128496780035955,18821.0,0.05,cuda,245992.32943023925,41348.50312732648,0.0,0.0,287340.8325575657,4000.0,666.6666666666666,0.0,0.0,VND_proxy_scenario
all_exact_5,28,2024-05-27 06:00:00+00:00,2024-05-27 08:00:00+00:00,nearest_neighbor,6,6,0,1.0,0.0,0.0,53.52253064643472,58.6401498923029,2.784672163000323,,,,,,,214090.12258573886,39093.43326153527,0.0,0.0,253183.55584727414,4000.0,666.6666666666666,0.0,0.0,VND_proxy_scenario
all_exact_5,28,2024-05-27 06:00:00+00:00,2024-05-27 08:00:00+00:00,clarke_wright,6,6,0,1.0,0.0,0.0,53.143286260694346,58.671527984136254,2.885889932000282,,,,,,,212573.14504277738,39114.35198942417,0.0,0.0,251687.49703220156,4000.0,666.6666666666666,0.0,0.0,VND_proxy_scenario
all_exact_5,28,2024-05-27 06:00:00+00:00,2024-05-27 08:00:00+00:00,q_learning,6,6,0,1.0,0.0,0.0,52.1300054160638,57.235878305973,0.0004773279997607,2.8063144759998977,2.1787758430000395,4.101789323402522,563.0,0.05,cpu,208520.0216642552,38157.252203982,0.0,0.0,246677.27386823721,4000.0,666.6666666666666,0.0,0.0,VND_proxy_scenario
all_exact_5,28,2024-05-27 06:00:00+00:00,2024-05-27 08:00:00+00:00,sarsa,6,6,0,1.0,0.0,0.0,58.26924458970921,63.1156578018544,0.0004733300002044,2.8063144759998977,2.105972540000039,3.792116992198324,565.0,0.05,cpu,233076.97835883684,42077.10520123626,0.0,0.0,275154.0835600731,4000.0,666.6666666666666,0.0,0.0,VND_proxy_scenario
all_exact_5,28,2024-05-27 06:00:00+00:00,2024-05-27 08:00:00+00:00,dqn,6,6,0,1.0,0.0,0.0,53.52253064643472,58.6401498923029,0.0049918989998332,2.8063144759998977,279.4100700930003,4.170159281068865,19206.0,0.05,cuda,214090.12258573886,39093.43326153527,0.0,0.0,253183.55584727414,4000.0,666.6666666666666,0.0,0.0,VND_proxy_scenario
all_exact_5,29,2024-06-10 04:00:00+00:00,2024-06-10 06:00:00+00:00,nearest_neighbor,5,5,0,1.0,0.0,0.0,38.316835506337085,42.64905861310468,2.285949371999777,,,,,,,153267.34202534833,28432.705742069786,0.0,0.0,181700.04776741812,4000.0,666.6666666666666,0.0,0.0,VND_proxy_scenario
all_exact_5,29,2024-06-10 04:00:00+00:00,2024-06-10 06:00:00+00:00,clarke_wright,5,5,0,1.0,0.0,0.0,36.667796608039744,40.40488024416943,2.237747029000275,,,,,,,146671.18643215898,26936.58682944629,0.0,0.0,173607.77326160527,4000.0,666.6666666666666,0.0,0.0,VND_proxy_scenario
all_exact_5,29,2024-06-10 04:00:00+00:00,2024-06-10 06:00:00+00:00,q_learning,5,5,0,1.0,0.0,0.0,38.316835506337085,42.64905861310468,0.0004090810007255,2.238123082000129,1.809853267000108,3.6402399045907528,192.0,0.05,cpu,153267.34202534833,28432.705742069786,0.0,0.0,181700.04776741812,4000.0,666.6666666666666,0.0,0.0,VND_proxy_scenario
all_exact_5,29,2024-06-10 04:00:00+00:00,2024-06-10 06:00:00+00:00,sarsa,5,5,0,1.0,0.0,0.0,38.316835506337085,42.64905861310468,0.0004126410003664,2.238123082000129,1.767490256000201,3.6402399045907528,193.0,0.05,cpu,153267.34202534833,28432.705742069786,0.0,0.0,181700.04776741812,4000.0,666.6666666666666,0.0,0.0,VND_proxy_scenario
all_exact_5,29,2024-06-10 04:00:00+00:00,2024-06-10 06:00:00+00:00,dqn,5,5,0,1.0,0.0,0.0,38.316835506337085,42.64905861310468,0.0050439040005585,2.238123082000129,228.16728548099945,3.6402399045907528,18821.0,0.05,cuda,153267.34202534833,28432.705742069786,0.0,0.0,181700.04776741812,4000.0,666.6666666666666,0.0,0.0,VND_proxy_scenario
all_exact_5,30,2024-06-13 04:00:00+00:00,2024-06-13 06:00:00+00:00,nearest_neighbor,5,5,0,1.0,0.0,0.0,56.69767385118966,58.651239882176064,1.688163177000206,,,,,,,226790.69540475865,39100.82658811737,0.0,0.0,265891.521992876,4000.0,666.6666666666666,0.0,0.0,VND_proxy_scenario
all_exact_5,30,2024-06-13 04:00:00+00:00,2024-06-13 06:00:00+00:00,clarke_wright,5,5,0,1.0,0.0,0.0,54.65856262409752,58.17874945025648,1.658872670999699,,,,,,,218634.25049639007,38785.832966837654,0.0,0.0,257420.08346322773,4000.0,666.6666666666666,0.0,0.0,VND_proxy_scenario
all_exact_5,30,2024-06-13 04:00:00+00:00,2024-06-13 06:00:00+00:00,q_learning,5,5,0,1.0,0.0,0.0,62.04967012942586,62.96925627578448,0.000422332999733,1.7069779210005436,1.8148656220000705,1.3005901325502045,175.0,0.05,cpu,248198.68051770344,41979.50418385632,0.0,0.0,290178.1847015598,4000.0,666.6666666666666,0.0,0.0,VND_proxy_scenario
all_exact_5,30,2024-06-13 04:00:00+00:00,2024-06-13 06:00:00+00:00,sarsa,5,5,0,1.0,0.0,0.0,56.69767385118966,58.651239882176064,0.0003989529996033,1.7069779210005436,1.7455943690001732,1.287343232232395,175.0,0.05,cpu,226790.69540475865,39100.82658811737,0.0,0.0,265891.521992876,4000.0,666.6666666666666,0.0,0.0,VND_proxy_scenario
all_exact_5,30,2024-06-13 04:00:00+00:00,2024-06-13 06:00:00+00:00,dqn,5,5,0,1.0,0.0,0.0,62.04967012942586,62.96925627578448,0.0019448670000201,1.7069779210005436,227.46402399699943,1.3005901325502045,18821.0,0.05,cuda,248198.68051770344,41979.50418385632,0.0,0.0,290178.1847015598,4000.0,666.6666666666666,0.0,0.0,VND_proxy_scenario
all_exact_5,31,2024-06-14 02:00:00+00:00,2024-06-14 04:00:00+00:00,nearest_neighbor,8,8,0,1.0,0.0,0.0,51.21326317586882,55.750882243067394,3.289051486999597,,,,,,,204853.05270347526,37167.25482871159,0.0,0.0,242020.30753218685,4000.0,666.6666666666666,0.0,0.0,VND_proxy_scenario
all_exact_5,31,2024-06-14 02:00:00+00:00,2024-06-14 04:00:00+00:00,clarke_wright,8,8,0,1.0,0.0,0.0,47.78349627640165,52.72875160250359,3.2930565699998624,,,,,,,191133.9851056066,35152.501068335725,0.0,0.0,226286.48617394234,4000.0,666.6666666666666,0.0,0.0,VND_proxy_scenario
all_exact_5,31,2024-06-14 02:00:00+00:00,2024-06-14 04:00:00+00:00,q_learning,8,8,0,1.0,0.0,0.0,51.21326317586882,55.750882243067394,0.0006169990001581,3.2850403319998804,2.9592804120002256,6.218594031457833,1966.0,0.05,cpu,204853.05270347526,37167.25482871159,0.0,0.0,242020.30753218685,4000.0,666.6666666666666,0.0,0.0,VND_proxy_scenario
all_exact_5,31,2024-06-14 02:00:00+00:00,2024-06-14 04:00:00+00:00,sarsa,8,8,0,1.0,0.0,0.0,51.21326317586882,55.750882243067394,0.0005704280001737,3.2850403319998804,2.845752655999604,6.218423842882833,1926.0,0.05,cpu,204853.05270347526,37167.25482871159,0.0,0.0,242020.30753218685,4000.0,666.6666666666666,0.0,0.0,VND_proxy_scenario
all_exact_5,31,2024-06-14 02:00:00+00:00,2024-06-14 04:00:00+00:00,dqn,8,8,0,1.0,0.0,0.0,51.21326317586882,55.750882243067394,0.0056824309995135,3.2850403319998804,366.0152973659997,6.218423842882833,19976.0,0.05,cuda,204853.05270347526,37167.25482871159,0.0,0.0,242020.30753218685,4000.0,666.6666666666666,0.0,0.0,VND_proxy_scenario
all_exact_5,32,2024-06-19 02:00:00+00:00,2024-06-19 04:00:00+00:00,nearest_neighbor,5,5,0,1.0,0.0,0.0,30.64800606361119,34.62075749106991,2.243927275000715,,,,,,,122592.02425444477,23080.504994046605,0.0,0.0,145672.52924849137,4000.0,666.6666666666666,0.0,0.0,VND_proxy_scenario
all_exact_5,32,2024-06-19 02:00:00+00:00,2024-06-19 04:00:00+00:00,clarke_wright,5,5,0,1.0,0.0,0.0,30.60117492750036,34.89306315862689,2.229621432000385,,,,,,,122404.69971000144,23262.042105751258,0.0,0.0,145666.7418157527,4000.0,666.6666666666666,0.0,0.0,VND_proxy_scenario
all_exact_5,32,2024-06-19 02:00:00+00:00,2024-06-19 04:00:00+00:00,q_learning,5,5,0,1.0,0.0,0.0,30.64800606361119,34.62075749106991,0.0004050810002809,2.2348300519997792,1.8001595289997567,3.89387196494778,210.0,0.05,cpu,122592.02425444477,23080.504994046605,0.0,0.0,145672.52924849137,4000.0,666.6666666666666,0.0,0.0,VND_proxy_scenario
all_exact_5,32,2024-06-19 02:00:00+00:00,2024-06-19 04:00:00+00:00,sarsa,5,5,0,1.0,0.0,0.0,30.64800606361119,34.62075749106991,0.0003466220005066,2.2348300519997792,1.7722905430000535,3.89387196494778,210.0,0.05,cpu,122592.02425444477,23080.504994046605,0.0,0.0,145672.52924849137,4000.0,666.6666666666666,0.0,0.0,VND_proxy_scenario
all_exact_5,32,2024-06-19 02:00:00+00:00,2024-06-19 04:00:00+00:00,dqn,5,5,0,1.0,0.0,0.0,30.64800606361119,34.62075749106991,0.0060071689995311,2.2348300519997792,227.9827268659992,3.89387196494778,18821.0,0.05,cuda,122592.02425444477,23080.504994046605,0.0,0.0,145672.52924849137,4000.0,666.6666666666666,0.0,0.0,VND_proxy_scenario
all_exact_5,33,2024-06-19 04:00:00+00:00,2024-06-19 06:00:00+00:00,nearest_neighbor,10,10,0,1.0,0.0,0.0,54.12377572840138,61.002042811199246,5.626966806999917,,,,,,,216495.10291360551,40668.028540799496,0.0,0.0,257163.13145440503,4000.0,666.6666666666666,0.0,0.0,VND_proxy_scenario
all_exact_5,33,2024-06-19 04:00:00+00:00,2024-06-19 06:00:00+00:00,clarke_wright,10,10,0,1.0,0.0,0.0,50.70692099853257,57.48614645591985,5.536721697999383,,,,,,,202827.68399413026,38324.0976372799,0.0,0.0,241151.78163141015,4000.0,666.6666666666666,0.0,0.0,VND_proxy_scenario
all_exact_5,33,2024-06-19 04:00:00+00:00,2024-06-19 06:00:00+00:00,q_learning,10,10,0,1.0,0.0,0.0,52.22842121542272,59.19847987037357,0.0007130320009309,5.578101609999976,3.930474015000073,10.023993910231232,4074.0,0.05,cpu,208913.68486169088,39465.65324691571,0.0,0.0,248379.33810860658,4000.0,666.6666666666666,0.0,0.0,VND_proxy_scenario
all_exact_5,33,2024-06-19 04:00:00+00:00,2024-06-19 06:00:00+00:00,sarsa,10,10,0,1.0,0.0,0.0,55.30472425190665,63.348817814236426,0.0007588890002807,5.578101609999976,3.517440114999772,9.75782538916672,4194.0,0.05,cpu,221218.8970076266,42232.54520949095,0.0,0.0,263451.4422171175,4000.0,666.6666666666666,0.0,0.0,VND_proxy_scenario
all_exact_5,33,2024-06-19 04:00:00+00:00,2024-06-19 06:00:00+00:00,dqn,10,10,0,1.0,0.0,0.0,54.12377572840138,61.002042811199246,0.0066289409987803,5.578101609999976,493.9081398960007,9.950167570241335,20746.0,0.05,cuda,216495.10291360551,40668.028540799496,0.0,0.0,257163.13145440503,4000.0,666.6666666666666,0.0,0.0,VND_proxy_scenario
all_exact_5,34,2024-06-22 08:00:00+00:00,2024-06-22 10:00:00+00:00,nearest_neighbor,6,6,0,1.0,0.0,0.0,84.21689671959427,94.5279855035088,3.2849243780001416,,,,,,,336867.5868783771,63018.6570023392,0.0,0.0,399886.24388071627,4000.0,666.6666666666666,0.0,0.0,VND_proxy_scenario
all_exact_5,34,2024-06-22 08:00:00+00:00,2024-06-22 10:00:00+00:00,clarke_wright,6,6,0,1.0,0.0,0.0,77.44154398967947,87.37302135179851,3.284219266000946,,,,,,,309766.1759587179,58248.680901199004,0.0,0.0,368014.8568599169,4000.0,666.6666666666666,0.0,0.0,VND_proxy_scenario
all_exact_5,34,2024-06-22 08:00:00+00:00,2024-06-22 10:00:00+00:00,q_learning,6,6,0,1.0,0.0,0.0,76.83558504768314,84.5014823555805,0.0004167800016148,3.275311279001471,2.1942442119998304,2.0750485700332093,646.0,0.05,cpu,307342.34019073256,56334.321570387,0.0,0.0,363676.66176111955,4000.0,666.6666666666666,0.0,0.0,VND_proxy_scenario
all_exact_5,34,2024-06-22 08:00:00+00:00,2024-06-22 10:00:00+00:00,sarsa,6,6,0,1.0,0.0,0.0,76.83558504768314,84.5014823555805,0.0004347190006228,3.275311279001471,2.119047493000835,2.0750485700332093,668.0,0.05,cpu,307342.34019073256,56334.321570387,0.0,0.0,363676.66176111955,4000.0,666.6666666666666,0.0,0.0,VND_proxy_scenario
all_exact_5,34,2024-06-22 08:00:00+00:00,2024-06-22 10:00:00+00:00,dqn,6,6,0,1.0,0.0,0.0,76.83558504768314,84.5014823555805,0.0015980480002326,3.275311279001471,270.3891937399985,2.0750485700332093,19206.0,0.05,cuda,307342.34019073256,56334.321570387,0.0,0.0,363676.66176111955,4000.0,666.6666666666666,0.0,0.0,VND_proxy_scenario
all_exact_5,35,2024-06-25 02:00:00+00:00,2024-06-25 04:00:00+00:00,nearest_neighbor,9,9,0,1.0,0.0,0.0,50.89055907876424,56.63660809171955,3.874479829000848,,,,,,,203562.23631505697,37757.73872781303,0.0,0.0,241319.97504287,4000.0,666.6666666666666,0.0,0.0,VND_proxy_scenario
all_exact_5,35,2024-06-25 02:00:00+00:00,2024-06-25 04:00:00+00:00,clarke_wright,9,9,0,1.0,0.0,0.0,46.589851509280656,52.74509720004915,3.89981597500082,,,,,,,186359.40603712262,35163.3981333661,0.0,0.0,221522.80417048873,4000.0,666.6666666666666,0.0,0.0,VND_proxy_scenario
all_exact_5,35,2024-06-25 02:00:00+00:00,2024-06-25 04:00:00+00:00,q_learning,9,9,0,1.0,0.0,0.0,54.0881714690312,60.22241707676464,0.0006762969987903,3.863898978001089,3.374843212000997,8.09358563406648,2942.0,0.05,cpu,216352.6858761248,40148.27805117643,0.0,0.0,256500.96392730123,4000.0,666.6666666666666,0.0,0.0,VND_proxy_scenario
all_exact_5,35,2024-06-25 02:00:00+00:00,2024-06-25 04:00:00+00:00,sarsa,9,9,0,1.0,0.0,0.0,52.694406526533285,58.82843551140722,0.0006256550004763,3.863898978001089,3.2145507059995,7.975545005623781,2933.0,0.05,cpu,210777.62610613313,39218.95700760481,0.0,0.0,249996.58311373793,4000.0,666.6666666666666,0.0,0.0,VND_proxy_scenario
all_exact_5,35,2024-06-25 02:00:00+00:00,2024-06-25 04:00:00+00:00,dqn,9,9,0,1.0,0.0,0.0,50.89055907876424,56.63660809171955,0.002402832998996,3.863898978001089,432.3477796469997,8.424948488015696,20361.0,0.05,cuda,203562.23631505697,37757.73872781303,0.0,0.0,241319.97504287,4000.0,666.6666666666666,0.0,0.0,VND_proxy_scenario
all_exact_5,36,2024-06-26 02:00:00+00:00,2024-06-26 04:00:00+00:00,nearest_neighbor,5,5,0,1.0,0.0,0.0,30.288997881101373,31.52503926614864,1.15622186300061,,,,,,,121155.99152440549,21016.692844099092,0.0,0.0,142172.6843685046,4000.0,666.6666666666666,0.0,0.0,VND_proxy_scenario
all_exact_5,36,2024-06-26 02:00:00+00:00,2024-06-26 04:00:00+00:00,clarke_wright,5,5,0,1.0,0.0,0.0,29.873899537471647,31.27582696146768,1.1488807459991222,,,,,,,119495.59814988659,20850.551307645117,0.0,0.0,140346.1494575317,4000.0,666.6666666666666,0.0,0.0,VND_proxy_scenario
all_exact_5,36,2024-06-26 02:00:00+00:00,2024-06-26 04:00:00+00:00,q_learning,5,5,0,1.0,0.0,0.0,30.288997881101373,31.52503926614864,0.0003583899997465,1.146953516999929,1.7883673010001075,4.126340777220766,192.0,0.05,cpu,121155.99152440549,21016.692844099092,0.0,0.0,142172.6843685046,4000.0,666.6666666666666,0.0,0.0,VND_proxy_scenario
all_exact_5,36,2024-06-26 02:00:00+00:00,2024-06-26 04:00:00+00:00,sarsa,5,5,0,1.0,0.0,0.0,30.288997881101373,31.52503926614864,0.0004032750002807,1.146953516999929,1.7346953519991075,4.126340777220766,193.0,0.05,cpu,121155.99152440549,21016.692844099092,0.0,0.0,142172.6843685046,4000.0,666.6666666666666,0.0,0.0,VND_proxy_scenario
all_exact_5,36,2024-06-26 02:00:00+00:00,2024-06-26 04:00:00+00:00,dqn,5,5,0,1.0,0.0,0.0,30.288997881101373,31.52503926614864,0.0013060530000075,1.146953516999929,145.83391005500016,4.126340777220766,18821.0,0.05,cuda,121155.99152440549,21016.692844099092,0.0,0.0,142172.6843685046,4000.0,666.6666666666666,0.0,0.0,VND_proxy_scenario
all_exact_5,37,2024-06-26 04:00:00+00:00,2024-06-26 06:00:00+00:00,nearest_neighbor,5,5,0,1.0,0.0,0.0,34.42367785071482,36.99612760262214,1.6513518939991627,,,,,,,137694.71140285928,24664.08506841476,0.0,0.0,162358.79647127405,4000.0,666.6666666666666,0.0,0.0,VND_proxy_scenario
all_exact_5,37,2024-06-26 04:00:00+00:00,2024-06-26 06:00:00+00:00,clarke_wright,5,5,0,1.0,0.0,0.0,34.26725199845188,36.59165709670789,1.600652860999617,,,,,,,137069.00799380752,24394.438064471928,0.0,0.0,161463.44605827946,4000.0,666.6666666666666,0.0,0.0,VND_proxy_scenario
all_exact_5,37,2024-06-26 04:00:00+00:00,2024-06-26 06:00:00+00:00,q_learning,5,5,0,1.0,0.0,0.0,34.42367785071482,36.99612760262214,0.0003723190002347,1.6401381409996247,1.7470914119985537,4.086633231496437,198.0,0.05,cpu,137694.71140285928,24664.08506841476,0.0,0.0,162358.79647127405,4000.0,666.6666666666666,0.0,0.0,VND_proxy_scenario
all_exact_5,37,2024-06-26 04:00:00+00:00,2024-06-26 06:00:00+00:00,sarsa,5,5,0,1.0,0.0,0.0,34.42367785071482,36.99612760262214,0.0003771150004467,1.6401381409996247,1.7008989109999677,4.086633231496437,201.0,0.05,cpu,137694.71140285928,24664.08506841476,0.0,0.0,162358.79647127405,4000.0,666.6666666666666,0.0,0.0,VND_proxy_scenario
all_exact_5,37,2024-06-26 04:00:00+00:00,2024-06-26 06:00:00+00:00,dqn,5,5,0,1.0,0.0,0.0,34.42367785071482,36.99612760262214,0.0013006249992031,1.6401381409996247,100.562096312,4.086633231496437,18821.0,0.05,cuda,137694.71140285928,24664.08506841476,0.0,0.0,162358.79647127405,4000.0,666.6666666666666,0.0,0.0,VND_proxy_scenario
all_exact_5,38,2024-06-27 02:00:00+00:00,2024-06-27 04:00:00+00:00,nearest_neighbor,6,6,0,1.0,0.0,0.0,34.902882196432806,40.03232756677802,2.651025100998595,,,,,,,139611.52878573124,26688.218377852012,0.0,0.0,166299.74716358323,4000.0,666.6666666666666,0.0,0.0,VND_proxy_scenario
all_exact_5,38,2024-06-27 02:00:00+00:00,2024-06-27 04:00:00+00:00,clarke_wright,6,6,0,1.0,0.0,0.0,30.25962970280337,35.05010266331665,2.670012906999545,,,,,,,121038.51881121348,23366.735108877765,0.0,0.0,144405.25392009126,4000.0,666.6666666666666,0.0,0.0,VND_proxy_scenario
all_exact_5,38,2024-06-27 02:00:00+00:00,2024-06-27 04:00:00+00:00,q_learning,6,6,0,1.0,0.0,0.0,30.25962970280337,35.05010266331665,0.0004220760001771,2.6357955130006303,2.1495693100005155,5.4321480930228345,544.0,0.05,cpu,121038.51881121348,23366.735108877765,0.0,0.0,144405.25392009126,4000.0,666.6666666666666,0.0,0.0,VND_proxy_scenario
all_exact_5,38,2024-06-27 02:00:00+00:00,2024-06-27 04:00:00+00:00,sarsa,6,6,0,1.0,0.0,0.0,30.25962970280337,35.05010266331665,0.0004483049997361,2.6357955130006303,2.0756017389994668,5.4321480930228345,552.0,0.05,cpu,121038.51881121348,23366.735108877765,0.0,0.0,144405.25392009126,4000.0,666.6666666666666,0.0,0.0,VND_proxy_scenario
all_exact_5,38,2024-06-27 02:00:00+00:00,2024-06-27 04:00:00+00:00,dqn,6,6,0,1.0,0.0,0.0,30.25962970280337,35.05010266331665,0.0015111180000531,2.6357955130006303,126.0401970640014,5.4321480930228345,19206.0,0.05,cuda,121038.51881121348,23366.735108877765,0.0,0.0,144405.25392009126,4000.0,666.6666666666666,0.0,0.0,VND_proxy_scenario
all_exact_5,39,2024-06-28 02:00:00+00:00,2024-06-28 04:00:00+00:00,nearest_neighbor,6,6,0,1.0,0.0,0.0,51.31617546362011,51.40555124248597,2.6911869430005027,,,,,,,205264.70185448046,34270.36749499064,0.0,0.0,239535.0693494711,4000.0,666.6666666666666,0.0,0.0,VND_proxy_scenario
all_exact_5,39,2024-06-28 02:00:00+00:00,2024-06-28 04:00:00+00:00,clarke_wright,6,6,0,1.0,0.0,0.0,51.18803963976039,50.56361726881362,2.676827941000738,,,,,,,204752.15855904156,33709.07817920908,0.0,0.0,238461.23673825065,4000.0,666.6666666666666,0.0,0.0,VND_proxy_scenario
all_exact_5,39,2024-06-28 02:00:00+00:00,2024-06-28 04:00:00+00:00,q_learning,6,6,0,1.0,0.0,0.0,50.70432267427503,49.74982197483239,0.0004796230005013,2.66529299099966,2.1405872630002705,3.4395975481000787,569.0,0.05,cpu,202817.29069710014,33166.54798322159,0.0,0.0,235983.83868032173,4000.0,666.6666666666666,0.0,0.0,VND_proxy_scenario
all_exact_5,39,2024-06-28 02:00:00+00:00,2024-06-28 04:00:00+00:00,sarsa,6,6,0,1.0,0.0,0.0,50.70432267427503,49.74982197483239,0.0004413440001371,2.66529299099966,2.077343588000076,3.4395975481000787,572.0,0.05,cpu,202817.29069710014,33166.54798322159,0.0,0.0,235983.83868032173,4000.0,666.6666666666666,0.0,0.0,VND_proxy_scenario
all_exact_5,39,2024-06-28 02:00:00+00:00,2024-06-28 04:00:00+00:00,dqn,6,6,0,1.0,0.0,0.0,50.70432267427503,49.74982197483239,0.0015336119995481,2.66529299099966,148.20086655699924,3.4395975481000787,19206.0,0.05,cuda,202817.29069710014,33166.54798322159,0.0,0.0,235983.83868032173,4000.0,666.6666666666666,0.0,0.0,VND_proxy_scenario
all_exact_5,40,2024-06-28 04:00:00+00:00,2024-06-28 06:00:00+00:00,nearest_neighbor,5,5,0,1.0,0.0,0.0,39.98738802007367,42.04315174315723,2.6858504219999304,,,,,,,159949.5520802947,28028.767828771488,0.0,0.0,187978.3199090662,4000.0,666.6666666666666,0.0,0.0,VND_proxy_scenario
all_exact_5,40,2024-06-28 04:00:00+00:00,2024-06-28 06:00:00+00:00,clarke_wright,5,5,0,1.0,0.0,0.0,40.65400371673504,43.22327946732402,2.7112125680014287,,,,,,,162616.01486694015,28815.51964488268,0.0,0.0,191431.53451182283,4000.0,666.6666666666666,0.0,0.0,VND_proxy_scenario
all_exact_5,40,2024-06-28 04:00:00+00:00,2024-06-28 06:00:00+00:00,q_learning,5,5,0,1.0,0.0,0.0,39.98738802007367,42.04315174315723,0.0003498320002108,2.660481871000229,1.8046735730004,3.947812825284328,183.0,0.05,cpu,159949.5520802947,28028.767828771488,0.0,0.0,187978.3199090662,4000.0,666.6666666666666,0.0,0.0,VND_proxy_scenario
all_exact_5,40,2024-06-28 04:00:00+00:00,2024-06-28 06:00:00+00:00,sarsa,5,5,0,1.0,0.0,0.0,39.98738802007367,42.04315174315723,0.0003513730007398,2.660481871000229,1.719407577000311,3.947812825284328,185.0,0.05,cpu,159949.5520802947,28028.767828771488,0.0,0.0,187978.3199090662,4000.0,666.6666666666666,0.0,0.0,VND_proxy_scenario
all_exact_5,40,2024-06-28 04:00:00+00:00,2024-06-28 06:00:00+00:00,dqn,5,5,0,1.0,0.0,0.0,39.98738802007367,42.04315174315723,0.0012562749998323,2.660481871000229,98.85650339600032,3.947812825284328,18821.0,0.05,cuda,159949.5520802947,28028.767828771488,0.0,0.0,187978.3199090662,4000.0,666.6666666666666,0.0,0.0,VND_proxy_scenario
all_exact_5,41,2024-06-29 02:00:00+00:00,2024-06-29 04:00:00+00:00,nearest_neighbor,7,7,0,1.0,0.0,0.0,58.53368725145781,65.94661677827587,2.7028240649997315,,,,,,,234134.74900583125,43964.411185517245,0.0,0.0,278099.1601913485,4000.0,666.6666666666666,0.0,0.0,VND_proxy_scenario
all_exact_5,41,2024-06-29 02:00:00+00:00,2024-06-29 04:00:00+00:00,clarke_wright,7,7,0,1.0,0.0,0.0,52.22813568055077,59.5611133076714,2.7099255489993084,,,,,,,208912.5427222031,39707.40887178093,0.0,0.0,248619.95159398403,4000.0,666.6666666666666,0.0,0.0,VND_proxy_scenario
all_exact_5,41,2024-06-29 02:00:00+00:00,2024-06-29 04:00:00+00:00,q_learning,7,7,0,1.0,0.0,0.0,54.70558557610021,62.32722032965445,0.0004948069999954,2.656154104000961,2.5007860570003686,4.504694106219796,1176.0,0.05,cpu,218822.34230440084,41551.48021976963,0.0,0.0,260373.82252417048,4000.0,666.6666666666666,0.0,0.0,VND_proxy_scenario
all_exact_5,41,2024-06-29 02:00:00+00:00,2024-06-29 04:00:00+00:00,sarsa,7,7,0,1.0,0.0,0.0,58.53368725145781,65.94661677827587,0.0004768719991261,2.656154104000961,2.4047615400013456,4.296647524010929,1212.0,0.05,cpu,234134.74900583125,43964.411185517245,0.0,0.0,278099.1601913485,4000.0,666.6666666666666,0.0,0.0,VND_proxy_scenario
all_exact_5,41,2024-06-29 02:00:00+00:00,2024-06-29 04:00:00+00:00,dqn,7,7,0,1.0,0.0,0.0,54.70558557610021,62.32722032965445,0.0018376079988229,2.656154104000961,142.87623421100034,4.504694106219796,19591.0,0.05,cuda,218822.34230440084,41551.48021976963,0.0,0.0,260373.82252417048,4000.0,666.6666666666666,0.0,0.0,VND_proxy_scenario
all_exact_5,42,2024-07-01 02:00:00+00:00,2024-07-01 04:00:00+00:00,nearest_neighbor,6,6,0,1.0,0.0,0.0,41.826297444608215,44.16350112607742,1.6626592610009538,,,,,,,167305.18977843286,29442.33408405161,0.0,0.0,196747.52386248446,4000.0,666.6666666666666,0.0,0.0,VND_proxy_scenario
all_exact_5,42,2024-07-01 02:00:00+00:00,2024-07-01 04:00:00+00:00,clarke_wright,6,6,0,1.0,0.0,0.0,34.85581923059584,36.91728760122952,1.6108929340007307,,,,,,,139423.27692238337,24611.525067486346,0.0,0.0,164034.8019898697,4000.0,666.6666666666666,0.0,0.0,VND_proxy_scenario
all_exact_5,42,2024-07-01 02:00:00+00:00,2024-07-01 04:00:00+00:00,q_learning,6,6,0,1.0,0.0,0.0,35.187872743265146,37.84103448204581,0.0004307849994802,1.6672170740002912,2.150507069000014,4.739273511039331,541.0,0.05,cpu,140751.49097306057,25227.356321363874,0.0,0.0,165978.84729442446,4000.0,666.6666666666666,0.0,0.0,VND_proxy_scenario
all_exact_5,42,2024-07-01 02:00:00+00:00,2024-07-01 04:00:00+00:00,sarsa,6,6,0,1.0,0.0,0.0,41.826297444608215,44.16350112607742,0.000447806000011,1.6672170740002912,2.2210955989994545,4.286799244839444,538.0,0.05,cpu,167305.18977843286,29442.33408405161,0.0,0.0,196747.52386248446,4000.0,666.6666666666666,0.0,0.0,VND_proxy_scenario
all_exact_5,42,2024-07-01 02:00:00+00:00,2024-07-01 04:00:00+00:00,dqn,6,6,0,1.0,0.0,0.0,35.187872743265146,37.84103448204581,0.0015742710002086,1.6672170740002912,121.18591844799994,4.739273511039331,19206.0,0.05,cuda,140751.49097306057,25227.356321363874,0.0,0.0,165978.84729442446,4000.0,666.6666666666666,0.0,0.0,VND_proxy_scenario
all_exact_5,43,2024-07-01 04:00:00+00:00,2024-07-01 06:00:00+00:00,nearest_neighbor,10,10,0,1.0,0.0,0.0,50.587080060109166,53.03932779664969,3.2297356669987494,,,,,,,202348.32024043667,35359.551864433124,0.0,0.0,237707.8721048698,4000.0,666.6666666666666,0.0,0.0,VND_proxy_scenario
all_exact_5,43,2024-07-01 04:00:00+00:00,2024-07-01 06:00:00+00:00,clarke_wright,10,10,0,1.0,0.0,0.0,51.44357135314273,53.68622805858799,3.6695048120000138,,,,,,,205774.28541257093,35790.81870572532,0.0,0.0,241565.10411829624,4000.0,666.6666666666666,0.0,0.0,VND_proxy_scenario
all_exact_5,43,2024-07-01 04:00:00+00:00,2024-07-01 06:00:00+00:00,q_learning,10,10,0,1.0,0.0,0.0,62.57678347215936,65.79954908820726,0.0007070109986671,3.399206296000557,3.670515126999817,8.304374059126047,3617.0,0.05,cpu,250307.13388863744,43866.36605880484,0.0,0.0,294173.49994744227,4000.0,666.6666666666666,0.0,0.0,VND_proxy_scenario
all_exact_5,43,2024-07-01 04:00:00+00:00,2024-07-01 06:00:00+00:00,sarsa,10,10,0,1.0,0.0,0.0,57.36562807646942,60.73761079925908,0.0007060099997033,3.399206296000557,3.4858222549992206,9.242828953795428,3723.0,0.05,cpu,229462.5123058777,40491.74053283939,0.0,0.0,269954.2528387171,4000.0,666.6666666666666,0.0,0.0,VND_proxy_scenario
all_exact_5,43,2024-07-01 04:00:00+00:00,2024-07-01 06:00:00+00:00,dqn,10,10,0,1.0,0.0,0.0,50.97319801913228,53.00622733979003,0.0026188339998043,3.399206296000557,212.1745563379991,10.06053659530144,20746.0,0.05,cuda,203892.79207652912,35337.48489319335,0.0,0.0,239230.27696972247,4000.0,666.6666666666666,0.0,0.0,VND_proxy_scenario
all_exact_5,44,2024-07-01 06:00:00+00:00,2024-07-01 08:00:00+00:00,nearest_neighbor,6,6,0,1.0,0.0,0.0,45.763219597054,51.50420038922647,2.8729986070011364,,,,,,,183052.878388216,34336.13359281764,0.0,0.0,217389.01198103363,4000.0,666.6666666666666,0.0,0.0,VND_proxy_scenario
all_exact_5,44,2024-07-01 06:00:00+00:00,2024-07-01 08:00:00+00:00,clarke_wright,6,6,0,1.0,0.0,0.0,38.392747796075234,43.46167159336653,2.6892517949982,,,,,,,153570.99118430095,28974.44772891102,0.0,0.0,182545.43891321195,4000.0,666.6666666666666,0.0,0.0,VND_proxy_scenario
all_exact_5,44,2024-07-01 06:00:00+00:00,2024-07-01 08:00:00+00:00,q_learning,6,6,0,1.0,0.0,0.0,38.194799712103816,42.60810127198399,0.0004125460000068,2.838796658999854,2.1065011089995096,4.859601008517611,505.0,0.05,cpu,152779.19884841525,28405.400847989324,0.0,0.0,181184.5996964046,4000.0,666.6666666666666,0.0,0.0,VND_proxy_scenario
all_exact_5,44,2024-07-01 06:00:00+00:00,2024-07-01 08:00:00+00:00,sarsa,6,6,0,1.0,0.0,0.0,38.194799712103816,42.60810127198399,0.0004140440014452,2.838796658999854,2.0381443690002925,4.859601008517611,523.0,0.05,cpu,152779.19884841525,28405.400847989324,0.0,0.0,181184.5996964046,4000.0,666.6666666666666,0.0,0.0,VND_proxy_scenario
all_exact_5,44,2024-07-01 06:00:00+00:00,2024-07-01 08:00:00+00:00,dqn,6,6,0,1.0,0.0,0.0,38.194799712103816,42.60810127198399,0.0016109580010379,2.838796658999854,120.5872503720002,4.859601008517611,19206.0,0.05,cuda,152779.19884841525,28405.400847989324,0.0,0.0,181184.5996964046,4000.0,666.6666666666666,0.0,0.0,VND_proxy_scenario
all_exact_5,45,2024-07-04 02:00:00+00:00,2024-07-04 04:00:00+00:00,nearest_neighbor,9,9,0,1.0,0.0,0.0,60.54003915532682,65.06170396393873,3.233884872000999,,,,,,,242160.15662130728,43374.46930929248,0.0,0.0,285534.62593059975,4000.0,666.6666666666666,0.0,0.0,VND_proxy_scenario
all_exact_5,45,2024-07-04 02:00:00+00:00,2024-07-04 04:00:00+00:00,clarke_wright,9,9,0,1.0,0.0,0.0,60.45234609861484,64.0542535336158,3.3377300279989868,,,,,,,241809.38439445937,42702.835689077205,0.0,0.0,284512.2200835366,4000.0,666.6666666666666,0.0,0.0,VND_proxy_scenario
all_exact_5,45,2024-07-04 02:00:00+00:00,2024-07-04 04:00:00+00:00,q_learning,9,9,0,1.0,0.0,0.0,66.08609515201158,70.72573351611344,0.0006222030006028,3.347543120000409,3.292276303998733,6.901381929328566,3046.0,0.05,cpu,264344.3806080463,47150.48901074229,0.0,0.0,311494.8696187886,4000.0,666.6666666666666,0.0,0.0,VND_proxy_scenario
all_exact_5,45,2024-07-04 02:00:00+00:00,2024-07-04 04:00:00+00:00,sarsa,9,9,0,1.0,0.0,0.0,67.97659518455056,72.45144380582018,0.0006078370006434,3.347543120000409,3.1008306949988764,6.750540811331926,3082.0,0.05,cpu,271906.38073820225,48300.96253721345,0.0,0.0,320207.3432754157,4000.0,666.6666666666666,0.0,0.0,VND_proxy_scenario
all_exact_5,45,2024-07-04 02:00:00+00:00,2024-07-04 04:00:00+00:00,dqn,9,9,0,1.0,0.0,0.0,60.54003915532682,65.06170396393873,0.0023749379997752,3.347543120000409,220.7187489039989,7.402378371148009,20361.0,0.05,cuda,242160.15662130728,43374.46930929248,0.0,0.0,285534.62593059975,4000.0,666.6666666666666,0.0,0.0,VND_proxy_scenario
all_exact_5,46,2024-07-04 16:00:00+00:00,2024-07-04 18:00:00+00:00,nearest_neighbor,5,5,0,1.0,0.0,0.0,46.50305736070058,50.385668672481344,2.8836476569995284,,,,,,,186012.22944280232,33590.44578165423,0.0,0.0,219602.67522445653,4000.0,666.6666666666666,0.0,0.0,VND_proxy_scenario
all_exact_5,46,2024-07-04 16:00:00+00:00,2024-07-04 18:00:00+00:00,clarke_wright,5,5,0,1.0,0.0,0.0,41.79094091313982,45.80912273381484,2.912906153000222,,,,,,,167163.76365255928,30539.41515587656,0.0,0.0,197703.17880843586,4000.0,666.6666666666666,0.0,0.0,VND_proxy_scenario
all_exact_5,46,2024-07-04 16:00:00+00:00,2024-07-04 18:00:00+00:00,q_learning,5,5,0,1.0,0.0,0.0,46.50305736070058,50.385668672481344,0.0004306950013415,3.3218794979984523,1.8700745330006607,2.6145946523012444,190.0,0.05,cpu,186012.22944280232,33590.44578165423,0.0,0.0,219602.67522445653,4000.0,666.6666666666666,0.0,0.0,VND_proxy_scenario
all_exact_5,46,2024-07-04 16:00:00+00:00,2024-07-04 18:00:00+00:00,sarsa,5,5,0,1.0,0.0,0.0,46.50305736070058,50.385668672481344,0.0003858560012304,3.3218794979984523,1.810544420999577,2.6145946523012444,191.0,0.05,cpu,186012.22944280232,33590.44578165423,0.0,0.0,219602.67522445653,4000.0,666.6666666666666,0.0,0.0,VND_proxy_scenario
all_exact_5,46,2024-07-04 16:00:00+00:00,2024-07-04 18:00:00+00:00,dqn,5,5,0,1.0,0.0,0.0,46.50305736070058,50.385668672481344,0.0013297209989104,3.3218794979984523,136.58703661400068,2.6145946523012444,18821.0,0.05,cuda,186012.22944280232,33590.44578165423,0.0,0.0,219602.67522445653,4000.0,666.6666666666666,0.0,0.0,VND_proxy_scenario
all_exact_5,47,2024-07-05 02:00:00+00:00,2024-07-05 04:00:00+00:00,nearest_neighbor,6,6,0,1.0,0.0,0.0,51.192922228869,56.10242031866618,1.7873744420012372,,,,,,,204771.688915476,37401.61354577745,0.0,0.0,242173.30246125345,4000.0,666.6666666666666,0.0,0.0,VND_proxy_scenario
all_exact_5,47,2024-07-05 02:00:00+00:00,2024-07-05 04:00:00+00:00,clarke_wright,6,6,0,1.0,0.0,0.0,45.997134993107366,49.86236089294656,1.6906528899999105,,,,,,,183988.53997242945,33241.57392863104,0.0,0.0,217230.11390106048,4000.0,666.6666666666666,0.0,0.0,VND_proxy_scenario
all_exact_5,47,2024-07-05 02:00:00+00:00,2024-07-05 04:00:00+00:00,q_learning,6,6,0,1.0,0.0,0.0,45.74683987021815,49.92616228518485,0.0005111229984322,2.057285357999717,2.1312922979996074,3.8778169360640633,552.0,0.05,cpu,182987.3594808726,33284.10819012323,0.0,0.0,216271.46767099583,4000.0,666.6666666666666,0.0,0.0,VND_proxy_scenario
all_exact_5,47,2024-07-05 02:00:00+00:00,2024-07-05 04:00:00+00:00,sarsa,6,6,0,1.0,0.0,0.0,45.74683987021815,49.92616228518485,0.0004627889993571,2.057285357999717,2.082966646999921,3.8778169360640633,562.0,0.05,cpu,182987.3594808726,33284.10819012323,0.0,0.0,216271.46767099583,4000.0,666.6666666666666,0.0,0.0,VND_proxy_scenario
all_exact_5,47,2024-07-05 02:00:00+00:00,2024-07-05 04:00:00+00:00,dqn,6,6,0,1.0,0.0,0.0,45.74683987021815,49.92616228518485,0.001527480999357,2.057285357999717,169.1301432300006,3.8778169360640633,19206.0,0.05,cuda,182987.3594808726,33284.10819012323,0.0,0.0,216271.46767099583,4000.0,666.6666666666666,0.0,0.0,VND_proxy_scenario
all_exact_5,48,2024-07-05 04:00:00+00:00,2024-07-05 06:00:00+00:00,nearest_neighbor,7,7,0,1.0,0.0,0.0,61.208907316710274,68.16281736125819,2.4797735290012497,,,,,,,244835.6292668411,45441.87824083879,0.0,0.0,290277.50750767987,4000.0,666.6666666666666,0.0,0.0,VND_proxy_scenario
all_exact_5,48,2024-07-05 04:00:00+00:00,2024-07-05 06:00:00+00:00,clarke_wright,7,7,0,1.0,0.0,0.0,53.564862944305126,58.95951165261799,2.301743223000813,,,,,,,214259.4517772205,39306.341101745325,0.0,0.0,253565.79287896582,4000.0,666.6666666666666,0.0,0.0,VND_proxy_scenario
all_exact_5,48,2024-07-05 04:00:00+00:00,2024-07-05 06:00:00+00:00,q_learning,7,7,0,1.0,0.0,0.0,57.38801605230224,64.6121115451723,0.0005088180005259,2.496846983000069,2.481548350000594,4.383694030813944,1192.0,0.05,cpu,229552.06420920897,43074.74103011486,0.0,0.0,272626.8052393238,4000.0,666.6666666666666,0.0,0.0,VND_proxy_scenario
all_exact_5,48,2024-07-05 04:00:00+00:00,2024-07-05 06:00:00+00:00,sarsa,7,7,0,1.0,0.0,0.0,61.208907316710274,68.16281736125819,0.0004812300012417,2.496846983000069,2.397722154000803,4.451672395366401,1225.0,0.05,cpu,244835.6292668411,45441.87824083879,0.0,0.0,290277.50750767987,4000.0,666.6666666666666,0.0,0.0,VND_proxy_scenario
all_exact_5,48,2024-07-05 04:00:00+00:00,2024-07-05 06:00:00+00:00,dqn,7,7,0,1.0,0.0,0.0,61.208907316710274,68.16281736125819,0.0017950140008906,2.496846983000069,161.26088807299857,4.451672395366401,19591.0,0.05,cuda,244835.6292668411,45441.87824083879,0.0,0.0,290277.50750767987,4000.0,666.6666666666666,0.0,0.0,VND_proxy_scenario
all_exact_5,49,2024-07-06 02:00:00+00:00,2024-07-06 04:00:00+00:00,nearest_neighbor,7,7,0,1.0,0.0,0.0,82.1468057485646,88.68774157271501,2.319725447001474,,,,,,,328587.2229942584,59125.16104847667,0.0,0.0,387712.3840427351,4000.0,666.6666666666666,0.0,0.0,VND_proxy_scenario
all_exact_5,49,2024-07-06 02:00:00+00:00,2024-07-06 04:00:00+00:00,clarke_wright,7,7,0,1.0,0.0,0.0,70.0718587794058,77.04959416773605,2.293078725999294,,,,,,,280287.4351176232,51366.396111824026,0.0,0.0,331653.8312294472,4000.0,666.6666666666666,0.0,0.0,VND_proxy_scenario
all_exact_5,49,2024-07-06 02:00:00+00:00,2024-07-06 04:00:00+00:00,q_learning,7,7,0,1.0,0.0,0.0,72.30880462553077,79.11808851705827,0.0005279910001263,2.805000717000439,2.568596153001636,3.163380883978179,1249.0,0.05,cpu,289235.2185021231,52745.392344705506,0.0,0.0,341980.6108468286,4000.0,666.6666666666666,0.0,0.0,VND_proxy_scenario
all_exact_5,49,2024-07-06 02:00:00+00:00,2024-07-06 04:00:00+00:00,sarsa,7,7,0,1.0,0.0,0.0,78.99774573158886,85.20977484951028,0.0004971090002072,2.805000717000439,2.485863366000558,2.851271030384166,1331.0,0.05,cpu,315990.98292635544,56806.516566340186,0.0,0.0,372797.4994926956,4000.0,666.6666666666666,0.0,0.0,VND_proxy_scenario
all_exact_5,49,2024-07-06 02:00:00+00:00,2024-07-06 04:00:00+00:00,dqn,7,7,0,1.0,0.0,0.0,72.30880462553077,79.11808851705827,0.0017726030000631,2.805000717000439,168.2336109000007,3.163380883978179,19591.0,0.05,cuda,289235.2185021231,52745.392344705506,0.0,0.0,341980.6108468286,4000.0,666.6666666666666,0.0,0.0,VND_proxy_scenario
all_exact_5,50,2024-07-08 02:00:00+00:00,2024-07-08 04:00:00+00:00,nearest_neighbor,12,12,0,1.0,0.0,0.0,88.87238679766962,91.61163366451848,3.920730898000329,,,,,,,355489.5471906785,61074.422443012314,0.0,0.0,416563.9696336908,4000.0,666.6666666666666,0.0,0.0,VND_proxy_scenario
all_exact_5,50,2024-07-08 02:00:00+00:00,2024-07-08 04:00:00+00:00,clarke_wright,12,12,0,1.0,0.0,0.0,77.26639612628598,81.5206701420657,3.8676140539992048,,,,,,,309065.5845051439,54347.1134280438,0.0,0.0,363412.6979331877,4000.0,666.6666666666666,0.0,0.0,VND_proxy_scenario
all_exact_5,50,2024-07-08 02:00:00+00:00,2024-07-08 04:00:00+00:00,q_learning,12,12,0,1.0,0.0,0.0,95.43314459952347,100.0519242446196,0.0008425880005233,4.051915341000495,4.499463563999598,7.395464828469321,6927.0,0.05,cpu,381732.5783980939,66701.2828297464,0.0,0.0,448433.8612278403,4000.0,666.6666666666666,0.0,0.0,VND_proxy_scenario
all_exact_5,50,2024-07-08 02:00:00+00:00,2024-07-08 04:00:00+00:00,sarsa,12,12,0,1.0,0.0,0.0,86.08093144790375,90.44575704438034,0.0008327809991897,4.051915341000495,4.129020837999633,9.034837440157352,6863.0,0.05,cpu,344323.725791615,60297.17136292023,0.0,0.0,404620.8971545353,4000.0,666.6666666666666,0.0,0.0,VND_proxy_scenario
all_exact_5,50,2024-07-08 02:00:00+00:00,2024-07-08 04:00:00+00:00,dqn,12,12,0,1.0,0.0,0.0,84.74096102738245,89.78533442227068,0.0068245050006225,4.051915341000495,325.8493319400004,9.077254752699297,21516.0,0.05,cuda,338963.8441095298,59856.88961484712,0.0,0.0,398820.73372437694,4000.0,666.6666666666666,0.0,0.0,VND_proxy_scenario
all_exact_5,51,2024-07-09 02:00:00+00:00,2024-07-09 04:00:00+00:00,nearest_neighbor,6,6,0,1.0,0.0,0.0,47.44804535912963,48.37352166241624,1.9477871369999773,,,,,,,189792.18143651853,32249.014441610823,0.0,0.0,222041.19587812934,4000.0,666.6666666666666,0.0,0.0,VND_proxy_scenario
all_exact_5,51,2024-07-09 02:00:00+00:00,2024-07-09 04:00:00+00:00,clarke_wright,6,6,0,1.0,0.0,0.0,46.108487445828,46.36147583643349,1.7078147869997338,,,,,,,184433.94978331198,30907.650557622324,0.0,0.0,215341.6003409343,4000.0,666.6666666666666,0.0,0.0,VND_proxy_scenario
all_exact_5,51,2024-07-09 02:00:00+00:00,2024-07-09 04:00:00+00:00,q_learning,6,6,0,1.0,0.0,0.0,47.44804535912963,48.37352166241624,0.0004247199995006,1.9652478669995617,2.08899533100157,4.712865469567829,588.0,0.05,cpu,189792.18143651853,32249.014441610823,0.0,0.0,222041.19587812934,4000.0,666.6666666666666,0.0,0.0,VND_proxy_scenario
all_exact_5,51,2024-07-09 02:00:00+00:00,2024-07-09 04:00:00+00:00,sarsa,6,6,0,1.0,0.0,0.0,47.384920924712944,47.4720260199784,0.0004297029990993,1.9652478669995617,2.0602765509993333,4.517505646494405,594.0,0.05,cpu,189539.68369885176,31648.017346652265,0.0,0.0,221187.701045504,4000.0,666.6666666666666,0.0,0.0,VND_proxy_scenario
all_exact_5,51,2024-07-09 02:00:00+00:00,2024-07-09 04:00:00+00:00,dqn,6,6,0,1.0,0.0,0.0,47.44804535912963,48.37352166241624,0.0015391910001198,1.9652478669995617,144.19900715999938,4.712865469567829,19206.0,0.05,cuda,189792.18143651853,32249.014441610823,0.0,0.0,222041.19587812934,4000.0,666.6666666666666,0.0,0.0,VND_proxy_scenario
all_exact_5,52,2024-07-09 04:00:00+00:00,2024-07-09 06:00:00+00:00,nearest_neighbor,6,6,0,1.0,0.0,0.0,65.15474819600587,69.07487366712311,2.812400479999269,,,,,,,260618.9927840235,46049.915778082075,0.0,0.0,306668.90856210556,4000.0,666.6666666666666,0.0,0.0,VND_proxy_scenario
all_exact_5,52,2024-07-09 04:00:00+00:00,2024-07-09 06:00:00+00:00,clarke_wright,6,6,0,1.0,0.0,0.0,61.50515868454488,66.11738747954007,2.805064330001187,,,,,,,246020.63473817953,44078.25831969338,0.0,0.0,290098.8930578729,4000.0,666.6666666666666,0.0,0.0,VND_proxy_scenario
all_exact_5,52,2024-07-09 04:00:00+00:00,2024-07-09 06:00:00+00:00,q_learning,6,6,0,1.0,0.0,0.0,65.15474819600587,69.07487366712311,0.0004123450016777,3.497666811001181,2.133162481000909,3.658782651574033,579.0,0.05,cpu,260618.9927840235,46049.915778082075,0.0,0.0,306668.90856210556,4000.0,666.6666666666666,0.0,0.0,VND_proxy_scenario
all_exact_5,52,2024-07-09 04:00:00+00:00,2024-07-09 06:00:00+00:00,sarsa,6,6,0,1.0,0.0,0.0,65.15474819600587,69.07487366712311,0.0004349199989519,3.497666811001181,2.05404998800077,3.658782651574033,607.0,0.05,cpu,260618.9927840235,46049.915778082075,0.0,0.0,306668.90856210556,4000.0,666.6666666666666,0.0,0.0,VND_proxy_scenario
all_exact_5,52,2024-07-09 04:00:00+00:00,2024-07-09 06:00:00+00:00,dqn,6,6,0,1.0,0.0,0.0,65.15474819600587,69.07487366712311,0.0015742770010547,3.497666811001181,120.47808191900003,3.658782651574033,19206.0,0.05,cuda,260618.9927840235,46049.915778082075,0.0,0.0,306668.90856210556,4000.0,666.6666666666666,0.0,0.0,VND_proxy_scenario
all_exact_5,53,2024-07-09 16:00:00+00:00,2024-07-09 18:00:00+00:00,nearest_neighbor,5,5,0,1.0,0.0,0.0,67.32729507189842,74.79624810267259,2.7813105559998803,,,,,,,269309.1802875937,49864.16540178173,0.0,0.0,319173.3456893754,4000.0,666.6666666666666,0.0,0.0,VND_proxy_scenario
all_exact_5,53,2024-07-09 16:00:00+00:00,2024-07-09 18:00:00+00:00,clarke_wright,5,5,0,1.0,0.0,0.0,65.13829584464858,73.05912150999038,2.778181821000544,,,,,,,260553.18337859432,48706.08100666025,0.0,0.0,309259.2643852546,4000.0,666.6666666666666,0.0,0.0,VND_proxy_scenario
all_exact_5,53,2024-07-09 16:00:00+00:00,2024-07-09 18:00:00+00:00,q_learning,5,5,0,1.0,0.0,0.0,67.32729507189842,74.79624810267259,0.0003492489995551,3.0292043070003274,1.772302130000753,0.6805764857016143,215.0,0.05,cpu,269309.1802875937,49864.16540178173,0.0,0.0,319173.3456893754,4000.0,666.6666666666666,0.0,0.0,VND_proxy_scenario
all_exact_5,53,2024-07-09 16:00:00+00:00,2024-07-09 18:00:00+00:00,sarsa,5,5,0,1.0,0.0,0.0,67.32729507189842,74.79624810267259,0.000353288000042,3.0292043070003274,1.718508773999929,0.6805764857016143,214.0,0.05,cpu,269309.1802875937,49864.16540178173,0.0,0.0,319173.3456893754,4000.0,666.6666666666666,0.0,0.0,VND_proxy_scenario
all_exact_5,53,2024-07-09 16:00:00+00:00,2024-07-09 18:00:00+00:00,dqn,5,5,0,1.0,0.0,0.0,67.32729507189842,74.79624810267259,0.0012938439995195,3.0292043070003274,98.73513296199962,0.6805764857016143,18821.0,0.05,cuda,269309.1802875937,49864.16540178173,0.0,0.0,319173.3456893754,4000.0,666.6666666666666,0.0,0.0,VND_proxy_scenario
all_exact_5,54,2024-07-10 02:00:00+00:00,2024-07-10 04:00:00+00:00,nearest_neighbor,8,8,0,1.0,0.0,0.0,62.960049642184586,67.80629664537713,2.6842483399996127,,,,,,,251840.19856873836,45204.19776358475,0.0,0.0,297044.3963323231,4000.0,666.6666666666666,0.0,0.0,VND_proxy_scenario
all_exact_5,54,2024-07-10 02:00:00+00:00,2024-07-10 04:00:00+00:00,clarke_wright,8,8,0,1.0,0.0,0.0,58.524857962883736,62.07519215651189,2.840297210999779,,,,,,,234099.43185153496,41383.46143767459,0.0,0.0,275482.8932892096,4000.0,666.6666666666666,0.0,0.0,VND_proxy_scenario
all_exact_5,54,2024-07-10 02:00:00+00:00,2024-07-10 04:00:00+00:00,q_learning,8,8,0,1.0,0.0,0.0,61.36513900630459,65.93062667323498,0.0005944229997112,3.066382914001224,2.8679237679989456,5.694295738395048,2022.0,0.05,cpu,245460.55602521836,43953.751115489984,0.0,0.0,289414.3071407083,4000.0,666.6666666666666,0.0,0.0,VND_proxy_scenario
all_exact_5,54,2024-07-10 02:00:00+00:00,2024-07-10 04:00:00+00:00,sarsa,8,8,0,1.0,0.0,0.0,62.960049642184586,67.80629664537713,0.0005472979992191,3.066382914001224,2.7475835160003044,5.61344659401656,2040.0,0.05,cpu,251840.19856873836,45204.19776358475,0.0,0.0,297044.3963323231,4000.0,666.6666666666666,0.0,0.0,VND_proxy_scenario
all_exact_5,54,2024-07-10 02:00:00+00:00,2024-07-10 04:00:00+00:00,dqn,8,8,0,1.0,0.0,0.0,61.36513900630459,65.93062667323498,0.0020644380001613,3.066382914001224,165.23766162900029,5.694295738395048,19976.0,0.05,cuda,245460.55602521836,43953.751115489984,0.0,0.0,289414.3071407083,4000.0,666.6666666666666,0.0,0.0,VND_proxy_scenario
all_exact_5,55,2024-07-10 04:00:00+00:00,2024-07-10 06:00:00+00:00,nearest_neighbor,5,5,0,1.0,0.0,0.0,41.21796827425134,46.19438819652435,2.268160526000429,,,,,,,164871.87309700536,30796.258797682898,0.0,0.0,195668.13189468827,4000.0,666.6666666666666,0.0,0.0,VND_proxy_scenario
all_exact_5,55,2024-07-10 04:00:00+00:00,2024-07-10 06:00:00+00:00,clarke_wright,5,5,0,1.0,0.0,0.0,39.95620160699264,45.06665217484088,2.2432339240003785,,,,,,,159824.80642797056,30044.434783227254,0.0,0.0,189869.2412111978,4000.0,666.6666666666666,0.0,0.0,VND_proxy_scenario
all_exact_5,55,2024-07-10 04:00:00+00:00,2024-07-10 06:00:00+00:00,q_learning,5,5,0,1.0,0.0,0.0,41.21796827425134,46.19438819652435,0.0003412879996176,2.423968208999213,1.7452009389999148,3.221693270107401,185.0,0.05,cpu,164871.87309700536,30796.258797682898,0.0,0.0,195668.13189468827,4000.0,666.6666666666666,0.0,0.0,VND_proxy_scenario
all_exact_5,55,2024-07-10 04:00:00+00:00,2024-07-10 06:00:00+00:00,sarsa,5,5,0,1.0,0.0,0.0,41.21796827425134,46.19438819652435,0.000344671001585,2.423968208999213,1.6981076590000157,3.221693270107401,186.0,0.05,cpu,164871.87309700536,30796.258797682898,0.0,0.0,195668.13189468827,4000.0,666.6666666666666,0.0,0.0,VND_proxy_scenario
all_exact_5,55,2024-07-10 04:00:00+00:00,2024-07-10 06:00:00+00:00,dqn,5,5,0,1.0,0.0,0.0,41.21796827425134,46.19438819652435,0.0014801989982515,2.423968208999213,98.653875633001,3.221693270107401,18821.0,0.05,cuda,164871.87309700536,30796.258797682898,0.0,0.0,195668.13189468827,4000.0,666.6666666666666,0.0,0.0,VND_proxy_scenario
all_exact_5,56,2024-07-11 02:00:00+00:00,2024-07-11 04:00:00+00:00,nearest_neighbor,10,10,0,1.0,0.0,0.0,54.63378291800552,58.98499978103286,2.24126288700063,,,,,,,218535.13167202208,39323.33318735524,0.0,0.0,257858.4648593773,4000.0,666.6666666666666,0.0,0.0,VND_proxy_scenario
all_exact_5,56,2024-07-11 02:00:00+00:00,2024-07-11 04:00:00+00:00,clarke_wright,10,10,0,1.0,0.0,0.0,48.050358576746426,51.221863147695856,2.148481336998884,,,,,,,192201.4343069857,34147.90876513057,0.0,0.0,226349.34307211626,4000.0,666.6666666666666,0.0,0.0,VND_proxy_scenario
all_exact_5,56,2024-07-11 02:00:00+00:00,2024-07-11 04:00:00+00:00,q_learning,10,10,0,1.0,0.0,0.0,51.430382893078935,56.0232116578058,0.0007116830001905,2.5833207099985884,3.64859534199968,8.609963901301425,4046.0,0.05,cpu,205721.53157231575,37348.80777187053,0.0,0.0,243070.3393441863,4000.0,666.6666666666666,0.0,0.0,VND_proxy_scenario
all_exact_5,56,2024-07-11 02:00:00+00:00,2024-07-11 04:00:00+00:00,sarsa,10,10,0,1.0,0.0,0.0,56.0108435390689,59.97710619720897,0.0006845370007795,2.5833207099985884,3.4173070910001115,8.459657586664445,4065.0,0.05,cpu,224043.3741562756,39984.73746480598,0.0,0.0,264028.1116210816,4000.0,666.6666666666666,0.0,0.0,VND_proxy_scenario
all_exact_5,56,2024-07-11 02:00:00+00:00,2024-07-11 04:00:00+00:00,dqn,10,10,0,1.0,0.0,0.0,49.666446964740615,52.47454769887043,0.0025934370005415,5.690249517001575,245.7128467770017,9.42552546625558,20746.0,0.05,cuda,198665.78785896246,34983.03179924695,0.0,0.0,233648.8196582094,4000.0,666.6666666666666,0.0,0.0,VND_proxy_scenario
all_exact_5,57,2024-07-11 06:00:00+00:00,2024-07-11 08:00:00+00:00,nearest_neighbor,8,8,0,1.0,0.0,0.0,60.91474636228653,68.0685504989413,4.652523505001227,,,,,,,243658.9854491461,45379.033665960866,0.0,0.0,289038.01911510696,4000.0,666.6666666666666,0.0,0.0,VND_proxy_scenario
all_exact_5,57,2024-07-11 06:00:00+00:00,2024-07-11 08:00:00+00:00,clarke_wright,8,8,0,1.0,0.0,0.0,57.30341009027033,63.13867913125748,4.704611766999733,,,,,,,229213.64036108134,42092.45275417165,0.0,0.0,271306.093115253,4000.0,666.6666666666666,0.0,0.0,VND_proxy_scenario
all_exact_5,57,2024-07-11 06:00:00+00:00,2024-07-11 08:00:00+00:00,q_learning,8,8,0,1.0,0.0,0.0,57.7596632543625,63.37297132447043,0.0005518509988178,4.139769658999285,2.880926869000177,6.388239603973624,2141.0,0.05,cpu,231038.65301745,42248.64754964695,0.0,0.0,273287.300567097,4000.0,666.6666666666666,0.0,0.0,VND_proxy_scenario
all_exact_5,57,2024-07-11 06:00:00+00:00,2024-07-11 08:00:00+00:00,sarsa,8,8,0,1.0,0.0,0.0,57.7596632543625,63.37297132447043,0.0005511240015039,4.139769658999285,2.773608282001078,6.388239603973624,2181.0,0.05,cpu,231038.65301745,42248.64754964695,0.0,0.0,273287.300567097,4000.0,666.6666666666666,0.0,0.0,VND_proxy_scenario
all_exact_5,57,2024-07-11 06:00:00+00:00,2024-07-11 08:00:00+00:00,dqn,8,8,0,1.0,0.0,0.0,57.7596632543625,63.37297132447043,0.0020045620003656,4.139769658999285,196.50243460399903,6.388239603973624,19976.0,0.05,cuda,231038.65301745,42248.64754964695,0.0,0.0,273287.300567097,4000.0,666.6666666666666,0.0,0.0,VND_proxy_scenario
all_exact_5,58,2024-07-12 02:00:00+00:00,2024-07-12 04:00:00+00:00,nearest_neighbor,7,7,0,1.0,0.0,0.0,56.79558966383984,59.86994833153783,3.632594193000841,,,,,,,227182.35865535936,39913.29888769188,0.0,0.0,267095.65754305123,4000.0,666.6666666666666,0.0,0.0,VND_proxy_scenario
all_exact_5,58,2024-07-12 02:00:00+00:00,2024-07-12 04:00:00+00:00,clarke_wright,7,7,0,1.0,0.0,0.0,56.40696563287962,60.834473294930014,3.687572004999311,,,,,,,225627.86253151848,40556.31552995334,0.0,0.0,266184.1780614718,4000.0,666.6666666666666,0.0,0.0,VND_proxy_scenario
all_exact_5,58,2024-07-12 02:00:00+00:00,2024-07-12 04:00:00+00:00,q_learning,7,7,0,1.0,0.0,0.0,56.79558966383984,59.86994833153783,0.0004931980001856,3.6476205449998815,2.513685409001482,4.552058287217398,1293.0,0.05,cpu,227182.35865535936,39913.29888769188,0.0,0.0,267095.65754305123,4000.0,666.6666666666666,0.0,0.0,VND_proxy_scenario
all_exact_5,58,2024-07-12 02:00:00+00:00,2024-07-12 04:00:00+00:00,sarsa,7,7,0,1.0,0.0,0.0,56.79558966383984,59.86994833153783,0.0004748689989355,3.6476205449998815,2.45002238899906,4.552058287217398,1312.0,0.05,cpu,227182.35865535936,39913.29888769188,0.0,0.0,267095.65754305123,4000.0,666.6666666666666,0.0,0.0,VND_proxy_scenario
all_exact_5,58,2024-07-12 02:00:00+00:00,2024-07-12 04:00:00+00:00,dqn,7,7,0,1.0,0.0,0.0,56.79558966383984,59.86994833153783,0.0017616620007174,3.6476205449998815,143.35015809200013,4.552058287217398,19591.0,0.05,cuda,227182.35865535936,39913.29888769188,0.0,0.0,267095.65754305123,4000.0,666.6666666666666,0.0,0.0,VND_proxy_scenario
all_exact_5,59,2024-07-12 04:00:00+00:00,2024-07-12 06:00:00+00:00,nearest_neighbor,12,12,0,1.0,0.0,0.0,70.04588024997093,78.7352736628284,6.35792551600025,,,,,,,280183.52099988377,52490.1824418856,0.0,0.0,332673.70344176935,4000.0,666.6666666666666,0.0,0.0,VND_proxy_scenario
all_exact_5,59,2024-07-12 04:00:00+00:00,2024-07-12 06:00:00+00:00,clarke_wright,12,12,0,1.0,0.0,0.0,69.53788808233698,77.96904056163716,6.284263577001184,,,,,,,278151.55232934793,51979.36037442477,0.0,0.0,330130.9127037727,4000.0,666.6666666666666,0.0,0.0,VND_proxy_scenario
all_exact_5,59,2024-07-12 04:00:00+00:00,2024-07-12 06:00:00+00:00,q_learning,12,12,0,1.0,0.0,0.0,94.03808218874356,101.85365164468128,0.0008393690004595,6.34096524800043,4.578137616999811,9.53883886677385,6477.0,0.05,cpu,376152.32875497424,67902.43442978752,0.0,0.0,444054.76318476174,4000.0,666.6666666666666,0.0,0.0,VND_proxy_scenario
all_exact_5,59,2024-07-12 04:00:00+00:00,2024-07-12 06:00:00+00:00,sarsa,12,12,0,1.0,0.0,0.0,94.76125851442517,103.3077983525304,0.0008230229996115,6.34096524800043,4.106966151999586,8.80771985035235,6518.0,0.05,cpu,379045.03405770066,68871.86556835359,0.0,0.0,447916.8996260542,4000.0,666.6666666666666,0.0,0.0,VND_proxy_scenario
all_exact_5,59,2024-07-12 04:00:00+00:00,2024-07-12 06:00:00+00:00,dqn,12,12,0,1.0,0.0,0.0,77.19426327149651,86.08676547943836,0.0031911339992802,6.34096524800043,260.8074157280007,11.64635937504748,21516.0,0.05,cuda,308777.05308598606,57391.17698629223,0.0,0.0,366168.2300722783,4000.0,666.6666666666666,0.0,0.0,VND_proxy_scenario
all_exact_5,60,2024-07-13 02:00:00+00:00,2024-07-13 04:00:00+00:00,nearest_neighbor,15,15,0,1.0,0.0,0.0,93.59905556115534,102.76332377048524,6.804047203000664,,,,,,,374396.2222446214,68508.88251365682,0.0,0.0,442905.1047582782,4000.0,666.6666666666666,0.0,0.0,VND_proxy_scenario
all_exact_5,60,2024-07-13 02:00:00+00:00,2024-07-13 04:00:00+00:00,clarke_wright,15,15,0,1.0,0.0,0.0,86.26619403037363,94.8144707003542,6.699981215000662,,,,,,,345064.7761214945,63209.647133569466,0.0,0.0,408274.42325506394,4000.0,666.6666666666666,0.0,0.0,VND_proxy_scenario
all_exact_5,60,2024-07-13 02:00:00+00:00,2024-07-13 04:00:00+00:00,q_learning,15,15,0,1.0,0.0,0.0,93.07439345397536,101.97646587342372,0.0010536569989199,6.8359352569987095,5.735956754000654,11.353460333731388,10389.0,0.05,cpu,372297.5738159015,67984.31058228247,0.0,0.0,440281.88439818396,4000.0,666.6666666666666,0.0,0.0,VND_proxy_scenario
all_exact_5,60,2024-07-13 02:00:00+00:00,2024-07-13 04:00:00+00:00,sarsa,15,15,0,1.0,0.0,0.0,93.07439345397536,101.97646587342372,0.0011041189991374,6.8359352569987095,5.234865247999551,11.353460333731388,10436.0,0.05,cpu,372297.5738159015,67984.31058228247,0.0,0.0,440281.88439818396,4000.0,666.6666666666666,0.0,0.0,VND_proxy_scenario
all_exact_5,60,2024-07-13 02:00:00+00:00,2024-07-13 04:00:00+00:00,dqn,15,15,0,1.0,0.0,0.0,80.54714969600954,87.98816887990856,0.0040674290012248,6.8359352569987095,357.0815075720002,13.014962738547682,22671.0,0.05,cuda,322188.59878403816,58658.77925327237,0.0,0.0,380847.37803731055,4000.0,666.6666666666666,0.0,0.0,VND_proxy_scenario
all_exact_5,61,2024-07-15 02:00:00+00:00,2024-07-15 04:00:00+00:00,nearest_neighbor,14,14,0,1.0,0.0,0.0,91.94285588111588,99.26824089097111,6.197397702000671,,,,,,,367771.4235244635,66178.8272606474,0.0,0.0,433950.25078511087,4000.0,666.6666666666666,0.0,0.0,VND_proxy_scenario
all_exact_5,61,2024-07-15 02:00:00+00:00,2024-07-15 04:00:00+00:00,clarke_wright,14,14,0,1.0,0.0,0.0,78.46007910290382,83.97185037005923,6.332424827000068,,,,,,,313840.3164116153,55981.23358003949,0.0,0.0,369821.54999165476,4000.0,666.6666666666666,0.0,0.0,VND_proxy_scenario
all_exact_5,61,2024-07-15 02:00:00+00:00,2024-07-15 04:00:00+00:00,q_learning,14,14,0,1.0,0.0,0.0,87.58111472568461,95.68962788751784,0.001055433998772,6.208375786000033,5.426598386000478,10.907282852887834,11028.0,0.05,cpu,350324.45890273846,63793.08525834523,0.0,0.0,414117.5441610837,4000.0,666.6666666666666,0.0,0.0,VND_proxy_scenario
all_exact_5,61,2024-07-15 02:00:00+00:00,2024-07-15 04:00:00+00:00,sarsa,14,14,0,1.0,0.0,0.0,87.58111472568461,95.68962788751784,0.0010023879985965,6.208375786000033,5.02300300600109,10.907282852887834,11051.0,0.05,cpu,350324.45890273846,63793.08525834523,0.0,0.0,414117.5441610837,4000.0,666.6666666666666,0.0,0.0,VND_proxy_scenario
all_exact_5,61,2024-07-15 02:00:00+00:00,2024-07-15 04:00:00+00:00,dqn,14,14,0,1.0,0.0,0.0,81.31301130835362,88.31282253106932,0.0038413610000134,6.208375786000033,390.7676712379998,11.742323262670451,22286.0,0.05,cuda,325252.0452334145,58875.21502071287,0.0,0.0,384127.2602541274,4000.0,666.6666666666666,0.0,0.0,VND_proxy_scenario
all_exact_5,62,2024-07-15 04:00:00+00:00,2024-07-15 06:00:00+00:00,nearest_neighbor,12,11,1,0.9166666666666666,10.464877433333331,10.464877433333331,80.76871797707904,86.67524040111532,5.867617460999099,,,,,,,323074.87190831616,57783.49360074354,0.0,0.0,380858.3655090597,4000.0,666.6666666666666,0.0,0.0,VND_proxy_scenario
all_exact_5,62,2024-07-15 04:00:00+00:00,2024-07-15 06:00:00+00:00,clarke_wright,12,12,0,1.0,0.0,0.0,78.16394418415015,82.61204864476109,5.8272738690011465,,,,,,,312655.7767366006,55074.69909650739,0.0,0.0,367730.475833108,4000.0,666.6666666666666,0.0,0.0,VND_proxy_scenario
all_exact_5,62,2024-07-15 04:00:00+00:00,2024-07-15 06:00:00+00:00,q_learning,12,12,0,1.0,0.0,0.0,90.23599958967492,94.7125003523302,0.0008764890008023,5.708242128001075,4.609789747000832,9.68182176468838,6703.0,0.05,cpu,360943.99835869967,63141.66690155346,0.0,0.0,424085.6652602531,4000.0,666.6666666666666,0.0,0.0,VND_proxy_scenario
all_exact_5,62,2024-07-15 04:00:00+00:00,2024-07-15 06:00:00+00:00,sarsa,12,12,0,1.0,0.0,0.0,85.81039664659785,91.3069435270149,0.0009014650004246,5.708242128001075,4.1840314919991215,10.32066892470299,7016.0,0.05,cpu,343241.5865863914,60871.295684676596,0.0,0.0,404112.882271068,4000.0,666.6666666666666,0.0,0.0,VND_proxy_scenario
all_exact_5,62,2024-07-15 04:00:00+00:00,2024-07-15 06:00:00+00:00,dqn,12,12,0,1.0,0.0,0.0,79.67218993760609,84.23909296729217,0.0031732759998703,5.708242128001075,303.6962835009999,11.227813932010138,21516.0,0.05,cuda,318688.75975042436,56159.395311528104,0.0,0.0,374848.1550619525,4000.0,666.6666666666666,0.0,0.0,VND_proxy_scenario
all_exact_5,63,2024-07-16 02:00:00+00:00,2024-07-16 04:00:00+00:00,nearest_neighbor,13,13,0,1.0,0.0,0.0,98.45522711012886,108.78766716328558,4.734973259999606,,,,,,,393820.90844051546,72525.11144219038,0.0,0.0,466346.0198827058,4000.0,666.6666666666666,0.0,0.0,VND_proxy_scenario
all_exact_5,63,2024-07-16 02:00:00+00:00,2024-07-16 04:00:00+00:00,clarke_wright,13,13,0,1.0,0.0,0.0,81.14726753259079,90.79574971976682,4.64924808700016,,,,,,,324589.07013036316,60530.49981317788,0.0,0.0,385119.569943541,4000.0,666.6666666666666,0.0,0.0,VND_proxy_scenario
all_exact_5,63,2024-07-16 02:00:00+00:00,2024-07-16 04:00:00+00:00,q_learning,13,13,0,1.0,0.0,0.0,99.35245458242602,110.79165733720892,0.0009048739993886,4.169641480000792,4.8938605839994125,8.656529253502578,9437.0,0.05,cpu,397409.81832970405,73861.10489147261,0.0,0.0,471270.92322117666,4000.0,666.6666666666666,0.0,0.0,VND_proxy_scenario
all_exact_5,63,2024-07-16 02:00:00+00:00,2024-07-16 04:00:00+00:00,sarsa,13,13,0,1.0,0.0,0.0,98.19263013245964,105.9736526517399,0.0009457429987378,4.169641480000792,4.534604454000146,9.086945407741412,10050.0,0.05,cpu,392770.52052983857,70649.10176782659,0.0,0.0,463419.62229766516,4000.0,666.6666666666666,0.0,0.0,VND_proxy_scenario
all_exact_5,63,2024-07-16 02:00:00+00:00,2024-07-16 04:00:00+00:00,dqn,13,13,0,1.0,0.0,0.0,89.72632497956917,98.48379326846587,0.0034883230000559,4.169641480000792,284.923080509001,9.973915243457595,21901.0,0.05,cuda,358905.29991827667,65655.86217897724,0.0,0.0,424561.1620972539,4000.0,666.6666666666666,0.0,0.0,VND_proxy_scenario
all_exact_5,64,2024-07-16 04:00:00+00:00,2024-07-16 06:00:00+00:00,nearest_neighbor,8,8,0,1.0,0.0,0.0,48.47754644669236,52.08410639710772,3.1541974890005804,,,,,,,193910.18578676943,34722.737598071806,0.0,0.0,228632.92338484124,4000.0,666.6666666666666,0.0,0.0,VND_proxy_scenario
all_exact_5,64,2024-07-16 04:00:00+00:00,2024-07-16 06:00:00+00:00,clarke_wright,8,8,0,1.0,0.0,0.0,50.23678658890584,55.12240143742639,3.1961969260009937,,,,,,,200947.14635562335,36748.267624950924,0.0,0.0,237695.4139805743,4000.0,666.6666666666666,0.0,0.0,VND_proxy_scenario
all_exact_5,64,2024-07-16 04:00:00+00:00,2024-07-16 06:00:00+00:00,q_learning,8,8,0,1.0,0.0,0.0,48.47754644669236,52.08410639710772,0.000536641000508,3.127592172999357,2.8137984209988645,7.762301718368878,1859.0,0.05,cpu,193910.18578676943,34722.737598071806,0.0,0.0,228632.92338484124,4000.0,666.6666666666666,0.0,0.0,VND_proxy_scenario
all_exact_5,64,2024-07-16 04:00:00+00:00,2024-07-16 06:00:00+00:00,sarsa,8,8,0,1.0,0.0,0.0,48.47754644669236,52.08410639710772,0.0005284449998725,3.127592172999357,2.759283684001275,7.762301718368878,1857.0,0.05,cpu,193910.18578676943,34722.737598071806,0.0,0.0,228632.92338484124,4000.0,666.6666666666666,0.0,0.0,VND_proxy_scenario
all_exact_5,64,2024-07-16 04:00:00+00:00,2024-07-16 06:00:00+00:00,dqn,8,8,0,1.0,0.0,0.0,48.47754644669236,52.08410639710772,0.0020508670004346,3.127592172999357,165.8629343700013,7.762301718368878,19976.0,0.05,cuda,193910.18578676943,34722.737598071806,0.0,0.0,228632.92338484124,4000.0,666.6666666666666,0.0,0.0,VND_proxy_scenario
all_exact_5,65,2024-07-16 18:00:00+00:00,2024-07-16 20:00:00+00:00,nearest_neighbor,8,8,0,1.0,0.0,0.0,63.1653601367244,71.07032678616127,4.120835383999292,,,,,,,252661.44054689762,47380.217857440846,0.0,0.0,300041.65840433846,4000.0,666.6666666666666,0.0,0.0,VND_proxy_scenario
all_exact_5,65,2024-07-16 18:00:00+00:00,2024-07-16 20:00:00+00:00,clarke_wright,8,8,0,1.0,0.0,0.0,53.99881333679357,60.125105170822856,4.147784450999097,,,,,,,215995.25334717426,40083.403447215234,0.0,0.0,256078.6567943895,4000.0,666.6666666666666,0.0,0.0,VND_proxy_scenario
all_exact_5,65,2024-07-16 18:00:00+00:00,2024-07-16 20:00:00+00:00,q_learning,8,8,0,1.0,0.0,0.0,63.1653601367244,71.07032678616127,0.0005727320003643,4.168316835999576,2.891083881000668,5.038840443009665,1739.0,0.05,cpu,252661.44054689762,47380.217857440846,0.0,0.0,300041.65840433846,4000.0,666.6666666666666,0.0,0.0,VND_proxy_scenario
all_exact_5,65,2024-07-16 18:00:00+00:00,2024-07-16 20:00:00+00:00,sarsa,8,8,0,1.0,0.0,0.0,68.63159921201559,76.17878234777041,0.0005367110006773,4.168316835999576,2.7904712769995967,4.568524323408038,1781.0,0.05,cpu,274526.39684806234,50785.8548985136,0.0,0.0,325312.25174657593,4000.0,666.6666666666666,0.0,0.0,VND_proxy_scenario
all_exact_5,65,2024-07-16 18:00:00+00:00,2024-07-16 20:00:00+00:00,dqn,8,8,0,1.0,0.0,0.0,63.1653601367244,71.07032678616127,0.0020060560000274,4.168316835999576,165.3907486549997,5.038840443009665,19976.0,0.05,cuda,252661.44054689762,47380.217857440846,0.0,0.0,300041.65840433846,4000.0,666.6666666666666,0.0,0.0,VND_proxy_scenario
all_exact_5,66,2024-07-17 16:00:00+00:00,2024-07-17 18:00:00+00:00,nearest_neighbor,10,10,0,1.0,0.0,0.0,92.94483959237616,104.20204524992197,4.697898194999652,,,,,,,371779.3583695046,69468.03016661464,0.0,0.0,441247.38853611925,4000.0,666.6666666666666,0.0,0.0,VND_proxy_scenario
all_exact_5,66,2024-07-17 16:00:00+00:00,2024-07-17 18:00:00+00:00,clarke_wright,10,10,0,1.0,0.0,0.0,87.22997886948423,97.99230139119187,4.65558854200026,,,,,,,348919.9154779369,65328.20092746124,0.0,0.0,414248.1164053982,4000.0,666.6666666666666,0.0,0.0,VND_proxy_scenario
all_exact_5,66,2024-07-17 16:00:00+00:00,2024-07-17 18:00:00+00:00,q_learning,10,10,0,1.0,0.0,0.0,92.04800990076086,103.17251274656836,0.0006716190000588,4.756435379000322,3.716169765999439,4.900079432341868,4564.0,0.05,cpu,368192.03960304346,68781.6751643789,0.0,0.0,436973.71476742235,4000.0,666.6666666666666,0.0,0.0,VND_proxy_scenario
all_exact_5,66,2024-07-17 16:00:00+00:00,2024-07-17 18:00:00+00:00,sarsa,10,10,0,1.0,0.0,0.0,93.06463294685672,104.3636578237879,0.0006966229993849,4.756435379000322,3.413555679999263,4.761828446655527,5070.0,0.05,cpu,372258.53178742685,69575.77188252527,0.0,0.0,441834.3036699521,4000.0,666.6666666666666,0.0,0.0,VND_proxy_scenario
all_exact_5,66,2024-07-17 16:00:00+00:00,2024-07-17 18:00:00+00:00,dqn,10,10,0,1.0,0.0,0.0,92.94483959237616,104.20204524992197,0.002608915001474,4.756435379000322,226.49807738900017,4.937032350491189,20746.0,0.05,cuda,371779.3583695046,69468.03016661464,0.0,0.0,441247.38853611925,4000.0,666.6666666666666,0.0,0.0,VND_proxy_scenario
all_exact_5,67,2024-07-18 02:00:00+00:00,2024-07-18 04:00:00+00:00,nearest_neighbor,12,12,0,1.0,0.0,0.0,89.44347702892642,100.94066643279996,5.847748309999588,,,,,,,357773.9081157057,67293.77762186664,0.0,0.0,425067.6857375724,4000.0,666.6666666666666,0.0,0.0,VND_proxy_scenario
all_exact_5,67,2024-07-18 02:00:00+00:00,2024-07-18 04:00:00+00:00,clarke_wright,12,12,0,1.0,0.0,0.0,79.14233826556037,88.43410289774538,6.021306364000338,,,,,,,316569.35306224145,58956.06859849692,0.0,0.0,375525.42166073836,4000.0,666.6666666666666,0.0,0.0,VND_proxy_scenario
all_exact_5,67,2024-07-18 02:00:00+00:00,2024-07-18 04:00:00+00:00,q_learning,12,12,0,1.0,0.0,0.0,95.5243998871998,106.39790905235566,0.0008485529979225,5.767259314998228,4.587712461998308,8.683115473648067,6406.0,0.05,cpu,382097.5995487992,70931.9393682371,0.0,0.0,453029.5389170363,4000.0,666.6666666666666,0.0,0.0,VND_proxy_scenario
all_exact_5,67,2024-07-18 02:00:00+00:00,2024-07-18 04:00:00+00:00,sarsa,12,12,0,1.0,0.0,0.0,90.62068979099712,100.59423960668194,0.0008355290010513,5.767259314998228,4.15776493699741,9.085543012112865,6597.0,0.05,cpu,362482.75916398846,67062.82640445462,0.0,0.0,429545.58556844306,4000.0,666.6666666666666,0.0,0.0,VND_proxy_scenario
all_exact_5,67,2024-07-18 02:00:00+00:00,2024-07-18 04:00:00+00:00,dqn,12,12,0,1.0,0.0,0.0,85.0035041389642,96.23983871476284,0.0033770570007618,5.767259314998228,261.9748063360021,10.012887258813764,21516.0,0.05,cuda,340014.0165558568,64159.892476508554,0.0,0.0,404173.90903236537,4000.0,666.6666666666666,0.0,0.0,VND_proxy_scenario
all_exact_5,68,2024-07-18 04:00:00+00:00,2024-07-18 06:00:00+00:00,nearest_neighbor,6,6,0,1.0,0.0,0.0,80.28004038663042,88.64512177720837,3.21946503900108,,,,,,,321120.16154652165,59096.747851472246,0.0,0.0,380216.9093979939,4000.0,666.6666666666666,0.0,0.0,VND_proxy_scenario
all_exact_5,68,2024-07-18 04:00:00+00:00,2024-07-18 06:00:00+00:00,clarke_wright,6,6,0,1.0,0.0,0.0,70.5797307846578,78.12557710866109,3.179109086999233,,,,,,,282318.9231386312,52083.71807244072,0.0,0.0,334402.6412110719,4000.0,666.6666666666666,0.0,0.0,VND_proxy_scenario
all_exact_5,68,2024-07-18 04:00:00+00:00,2024-07-18 06:00:00+00:00,q_learning,6,6,0,1.0,0.0,0.0,80.28004038663042,88.64512177720837,0.0004431720008142,2.6957101810003223,2.119608316002996,0.9899503373894,590.0,0.05,cpu,321120.16154652165,59096.747851472246,0.0,0.0,380216.9093979939,4000.0,666.6666666666666,0.0,0.0,VND_proxy_scenario
all_exact_5,68,2024-07-18 04:00:00+00:00,2024-07-18 06:00:00+00:00,sarsa,6,6,0,1.0,0.0,0.0,80.28004038663042,88.64512177720837,0.0004114750008739,2.6957101810003223,2.0756405860011,0.9899503373894,596.0,0.05,cpu,321120.16154652165,59096.747851472246,0.0,0.0,380216.9093979939,4000.0,666.6666666666666,0.0,0.0,VND_proxy_scenario
all_exact_5,68,2024-07-18 04:00:00+00:00,2024-07-18 06:00:00+00:00,dqn,6,6,0,1.0,0.0,0.0,80.28004038663042,88.64512177720837,0.0015169040016189,2.6957101810003223,121.1821183480024,0.9899503373894,19206.0,0.05,cuda,321120.16154652165,59096.747851472246,0.0,0.0,380216.9093979939,4000.0,666.6666666666666,0.0,0.0,VND_proxy_scenario
all_exact_5,69,2024-07-19 02:00:00+00:00,2024-07-19 04:00:00+00:00,nearest_neighbor,11,11,0,1.0,0.0,0.0,70.058653899415,74.92129929601738,4.720605335998698,,,,,,,280234.61559766,49947.532864011584,0.0,0.0,330182.1484616716,4000.0,666.6666666666666,0.0,0.0,VND_proxy_scenario
all_exact_5,69,2024-07-19 02:00:00+00:00,2024-07-19 04:00:00+00:00,clarke_wright,11,11,0,1.0,0.0,0.0,73.68237105650597,77.19799475642064,4.798686774000089,,,,,,,294729.4842260239,51465.32983761376,0.0,0.0,346194.81406363763,4000.0,666.6666666666666,0.0,0.0,VND_proxy_scenario
all_exact_5,69,2024-07-19 02:00:00+00:00,2024-07-19 04:00:00+00:00,q_learning,11,11,0,1.0,0.0,0.0,75.11249348798064,79.31971912022163,0.0007974090003699,4.7300941350004,4.166217988000426,8.691007427426495,5330.0,0.05,cpu,300449.97395192255,52879.81274681442,0.0,0.0,353329.78669873695,4000.0,666.6666666666666,0.0,0.0,VND_proxy_scenario
all_exact_5,69,2024-07-19 02:00:00+00:00,2024-07-19 04:00:00+00:00,sarsa,11,11,0,1.0,0.0,0.0,80.12964109027847,85.09422760248701,0.0007680009985051,4.7300941350004,3.780125753000904,8.027481399400669,5457.0,0.05,cpu,320518.5643611139,56729.48506832467,0.0,0.0,377248.04942943854,4000.0,666.6666666666666,0.0,0.0,VND_proxy_scenario
all_exact_5,69,2024-07-19 02:00:00+00:00,2024-07-19 04:00:00+00:00,dqn,11,11,0,1.0,0.0,0.0,70.058653899415,74.92129929601738,0.0028802680026274,4.7300941350004,236.5231845870003,9.563219735917608,21131.0,0.05,cuda,280234.61559766,49947.532864011584,0.0,0.0,330182.1484616716,4000.0,666.6666666666666,0.0,0.0,VND_proxy_scenario
all_exact_5,70,2024-07-19 18:00:00+00:00,2024-07-19 20:00:00+00:00,nearest_neighbor,7,7,0,1.0,0.0,0.0,65.50274777982347,69.83216255879925,3.714111484998284,,,,,,,262010.99111929387,46554.7750391995,0.0,0.0,308565.76615849335,4000.0,666.6666666666666,0.0,0.0,VND_proxy_scenario
all_exact_5,70,2024-07-19 18:00:00+00:00,2024-07-19 20:00:00+00:00,clarke_wright,7,7,0,1.0,0.0,0.0,67.79517010369838,72.66478939273385,3.677282759999798,,,,,,,271180.68041479355,48443.19292848923,0.0,0.0,319623.8733432828,4000.0,666.6666666666666,0.0,0.0,VND_proxy_scenario
all_exact_5,70,2024-07-19 18:00:00+00:00,2024-07-19 20:00:00+00:00,q_learning,7,7,0,1.0,0.0,0.0,65.50274777982347,69.83216255879925,0.0004706750005425,3.645077848002984,2.471394028998475,3.608735898680752,1281.0,0.05,cpu,262010.99111929387,46554.7750391995,0.0,0.0,308565.76615849335,4000.0,666.6666666666666,0.0,0.0,VND_proxy_scenario
all_exact_5,70,2024-07-19 18:00:00+00:00,2024-07-19 20:00:00+00:00,sarsa,7,7,0,1.0,0.0,0.0,70.12844952145696,74.38196540146086,0.0004735920010716,3.645077848002984,2.430461634001404,3.174450122525672,1411.0,0.05,cpu,280513.79808582785,49587.97693430724,0.0,0.0,330101.7750201351,4000.0,666.6666666666666,0.0,0.0,VND_proxy_scenario
all_exact_5,70,2024-07-19 18:00:00+00:00,2024-07-19 20:00:00+00:00,dqn,7,7,0,1.0,0.0,0.0,65.50274777982347,69.83216255879925,0.0017751929990481,3.645077848002984,143.1412904610006,3.608735898680752,19591.0,0.05,cuda,262010.99111929387,46554.7750391995,0.0,0.0,308565.76615849335,4000.0,666.6666666666666,0.0,0.0,VND_proxy_scenario
all_exact_5,71,2024-07-20 02:00:00+00:00,2024-07-20 04:00:00+00:00,nearest_neighbor,10,10,0,1.0,0.0,0.0,90.51064780689684,97.5271564837782,4.801175546002924,,,,,,,362042.59122758737,65018.1043225188,0.0,0.0,427060.6955501062,4000.0,666.6666666666666,0.0,0.0,VND_proxy_scenario
all_exact_5,71,2024-07-20 02:00:00+00:00,2024-07-20 04:00:00+00:00,clarke_wright,10,10,0,1.0,0.0,0.0,85.44358810705167,92.5649978879918,4.713831562999985,,,,,,,341774.35242820665,61709.998591994525,0.0,0.0,403484.35102020117,4000.0,666.6666666666666,0.0,0.0,VND_proxy_scenario
all_exact_5,71,2024-07-20 02:00:00+00:00,2024-07-20 04:00:00+00:00,q_learning,10,10,0,1.0,0.0,0.0,89.98715183928755,97.16228110741474,0.0006679799989797,4.711965828999382,3.76950561600097,5.5697443539059,4164.0,0.05,cpu,359948.6073571502,64774.85407160982,0.0,0.0,424723.46142875997,4000.0,666.6666666666666,0.0,0.0,VND_proxy_scenario
all_exact_5,71,2024-07-20 02:00:00+00:00,2024-07-20 04:00:00+00:00,sarsa,10,10,0,1.0,0.0,0.0,93.10744940495036,101.34860709781252,0.0006806940000387,4.711965828999382,3.425820876000216,5.230341097982354,4608.0,0.05,cpu,372429.7976198014,67565.73806520834,0.0,0.0,439995.5356850098,4000.0,666.6666666666666,0.0,0.0,VND_proxy_scenario
all_exact_5,71,2024-07-20 02:00:00+00:00,2024-07-20 04:00:00+00:00,dqn,10,10,0,1.0,0.0,0.0,81.2866076214798,88.41330052914317,0.0027395600009185,4.711965828999382,212.94977445800032,6.335951839579078,20746.0,0.05,cuda,325146.43048591923,58942.20035276211,0.0,0.0,384088.63083868136,4000.0,666.6666666666666,0.0,0.0,VND_proxy_scenario
all_exact_5,72,2024-07-21 20:00:00+00:00,2024-07-21 22:00:00+00:00,nearest_neighbor,8,8,0,1.0,0.0,0.0,60.82510114621009,68.8089705854306,4.176275165002153,,,,,,,243300.40458484035,45872.647056953734,0.0,0.0,289173.0516417941,4000.0,666.6666666666666,0.0,0.0,VND_proxy_scenario
all_exact_5,72,2024-07-21 20:00:00+00:00,2024-07-21 22:00:00+00:00,clarke_wright,8,8,0,1.0,0.0,0.0,54.10222924331452,62.34539107413431,4.215476175999356,,,,,,,216408.91697325808,41563.59404942287,0.0,0.0,257972.51102268096,4000.0,666.6666666666666,0.0,0.0,VND_proxy_scenario
all_exact_5,72,2024-07-21 20:00:00+00:00,2024-07-21 22:00:00+00:00,q_learning,8,8,0,1.0,0.0,0.0,60.35445383542167,68.67425773424254,0.0005360779978218,4.214966618998005,2.884379726001498,5.135816655028469,1830.0,0.05,cpu,241417.81534168668,45782.83848949503,0.0,0.0,287200.6538311817,4000.0,666.6666666666666,0.0,0.0,VND_proxy_scenario
all_exact_5,72,2024-07-21 20:00:00+00:00,2024-07-21 22:00:00+00:00,sarsa,8,8,0,1.0,0.0,0.0,58.933637640221306,66.9662526900813,0.0005412830032582,4.214966618998005,2.757834215000912,5.098512735442643,1895.0,0.05,cpu,235734.55056088523,44644.1684600542,0.0,0.0,280378.71902093943,4000.0,666.6666666666666,0.0,0.0,VND_proxy_scenario
all_exact_5,72,2024-07-21 20:00:00+00:00,2024-07-21 22:00:00+00:00,dqn,8,8,0,1.0,0.0,0.0,58.76289826300501,66.87746950127601,0.0020194159988022,4.214966618998005,165.9059070229996,5.317907574726899,19976.0,0.05,cuda,235051.59305202006,44584.979667517335,0.0,0.0,279636.5727195374,4000.0,666.6666666666666,0.0,0.0,VND_proxy_scenario
all_exact_5,73,2024-07-22 02:00:00+00:00,2024-07-22 04:00:00+00:00,nearest_neighbor,8,8,0,1.0,0.0,0.0,104.29135865735005,110.27089494573124,3.7176926949978224,,,,,,,417165.4346294002,73513.92996382082,0.0,0.0,490679.364593221,4000.0,666.6666666666666,0.0,0.0,VND_proxy_scenario
all_exact_5,73,2024-07-22 02:00:00+00:00,2024-07-22 04:00:00+00:00,clarke_wright,8,8,0,1.0,0.0,0.0,89.63147605878511,97.6783667562352,3.663624245997198,,,,,,,358525.9042351404,65118.91117082347,0.0,0.0,423644.8154059639,4000.0,666.6666666666666,0.0,0.0,VND_proxy_scenario
all_exact_5,73,2024-07-22 02:00:00+00:00,2024-07-22 04:00:00+00:00,q_learning,8,8,0,1.0,0.0,0.0,97.42537569694878,104.0253079418418,0.0005592180023086,3.715059104000829,2.886045283998101,2.339711893908232,2390.0,0.05,cpu,389701.5027877951,69350.2052945612,0.0,0.0,459051.70808235626,4000.0,666.6666666666666,0.0,0.0,VND_proxy_scenario
all_exact_5,73,2024-07-22 02:00:00+00:00,2024-07-22 04:00:00+00:00,sarsa,8,8,0,1.0,0.0,0.0,100.65972283946162,109.37407323125552,0.0005460549982672,3.715059104000829,2.776738308999484,1.9710297836049528,2446.0,0.05,cpu,402638.8913578465,72916.04882083701,0.0,0.0,475554.9401786835,4000.0,666.6666666666666,0.0,0.0,VND_proxy_scenario
all_exact_5,73,2024-07-22 02:00:00+00:00,2024-07-22 04:00:00+00:00,dqn,8,8,0,1.0,0.0,0.0,98.3219070777196,106.76416159249356,0.0021157939991098,3.715059104000829,165.93122606200268,2.3041690383806945,19976.0,0.05,cuda,393287.6283108784,71176.10772832904,0.0,0.0,464463.73603920743,4000.0,666.6666666666666,0.0,0.0,VND_proxy_scenario
all_exact_5,74,2024-07-22 04:00:00+00:00,2024-07-22 06:00:00+00:00,nearest_neighbor,10,10,0,1.0,0.0,0.0,63.8751547421306,69.23742072616776,4.920269963997271,,,,,,,255500.61896852238,46158.280484111834,0.0,0.0,301658.8994526342,4000.0,666.6666666666666,0.0,0.0,VND_proxy_scenario
all_exact_5,74,2024-07-22 04:00:00+00:00,2024-07-22 06:00:00+00:00,clarke_wright,10,10,0,1.0,0.0,0.0,61.19331095664538,66.28244166236087,4.9859212529991055,,,,,,,244773.2438265815,44188.29444157391,0.0,0.0,288961.5382681554,4000.0,666.6666666666666,0.0,0.0,VND_proxy_scenario
all_exact_5,74,2024-07-22 04:00:00+00:00,2024-07-22 06:00:00+00:00,q_learning,10,10,0,1.0,0.0,0.0,66.75390289042721,71.63117132232901,0.0006706819985993,4.786842031997367,3.74507075099973,8.184903018987036,4053.0,0.05,cpu,267015.61156170885,47754.114214886,0.0,0.0,314769.72577659483,4000.0,666.6666666666666,0.0,0.0,VND_proxy_scenario
all_exact_5,74,2024-07-22 04:00:00+00:00,2024-07-22 06:00:00+00:00,sarsa,10,10,0,1.0,0.0,0.0,64.3421196775105,68.96712862440774,0.0006815970009483,4.786842031997367,3.4163332269999955,8.465287501402322,4165.0,0.05,cpu,257368.478710042,45978.085749605154,0.0,0.0,303346.56445964717,4000.0,666.6666666666666,0.0,0.0,VND_proxy_scenario
all_exact_5,74,2024-07-22 04:00:00+00:00,2024-07-22 06:00:00+00:00,dqn,10,10,0,1.0,0.0,0.0,63.8751547421306,69.23742072616776,0.0025589750002836,4.786842031997367,212.886755831998,9.087708460568502,20746.0,0.05,cuda,255500.61896852238,46158.280484111834,0.0,0.0,301658.8994526342,4000.0,666.6666666666666,0.0,0.0,VND_proxy_scenario
all_exact_5,75,2024-07-23 02:00:00+00:00,2024-07-23 04:00:00+00:00,nearest_neighbor,11,11,0,1.0,0.0,0.0,57.672752189970005,67.0052480036335,4.877673224000318,,,,,,,230691.00875988003,44670.165335755664,0.0,0.0,275361.1740956357,4000.0,666.6666666666666,0.0,0.0,VND_proxy_scenario
all_exact_5,75,2024-07-23 02:00:00+00:00,2024-07-23 04:00:00+00:00,clarke_wright,11,11,0,1.0,0.0,0.0,54.06654026694458,63.15720508691136,4.95155608800269,,,,,,,216266.1610677783,42104.80339127424,0.0,0.0,258370.96445905254,4000.0,666.6666666666666,0.0,0.0,VND_proxy_scenario
all_exact_5,75,2024-07-23 02:00:00+00:00,2024-07-23 04:00:00+00:00,q_learning,11,11,0,1.0,0.0,0.0,65.67856547858266,75.24035986932374,0.0007487360016966,4.184010515000409,4.136837366000691,9.253686533503402,5234.0,0.05,cpu,262714.2619143306,50160.23991288249,0.0,0.0,312874.5018272131,4000.0,666.6666666666666,0.0,0.0,VND_proxy_scenario
all_exact_5,75,2024-07-23 02:00:00+00:00,2024-07-23 04:00:00+00:00,sarsa,11,11,0,1.0,0.0,0.0,64.71706265940882,74.32767805614753,0.0007465300004696,4.184010515000409,3.7613151439982175,9.581868620709598,5471.0,0.05,cpu,258868.2506376353,49551.78537076502,0.0,0.0,308420.0360084003,4000.0,666.6666666666666,0.0,0.0,VND_proxy_scenario
all_exact_5,75,2024-07-23 02:00:00+00:00,2024-07-23 04:00:00+00:00,dqn,11,11,0,1.0,0.0,0.0,57.672752189970005,67.0052480036335,0.0037909940001554,4.184010515000409,241.243890728998,10.414510449794854,21131.0,0.05,cuda,230691.00875988003,44670.165335755664,0.0,0.0,275361.1740956357,4000.0,666.6666666666666,0.0,0.0,VND_proxy_scenario
all_exact_5,76,2024-07-23 04:00:00+00:00,2024-07-23 06:00:00+00:00,nearest_neighbor,5,5,0,1.0,0.0,0.0,44.58283941169836,49.70442339567765,0.0534261390021129,,,,,,,178331.35764679345,33136.2822637851,0.0,0.0,211467.63991057855,4000.0,666.6666666666666,0.0,0.0,VND_proxy_scenario
all_exact_5,76,2024-07-23 04:00:00+00:00,2024-07-23 06:00:00+00:00,clarke_wright,5,5,0,1.0,0.0,0.0,42.70670973088331,47.98190163220073,0.0576259529989329,,,,,,,170826.83892353324,31987.93442146715,0.0,0.0,202814.7733450004,4000.0,666.6666666666666,0.0,0.0,VND_proxy_scenario
all_exact_5,76,2024-07-23 04:00:00+00:00,2024-07-23 06:00:00+00:00,q_learning,5,5,0,1.0,0.0,0.0,44.58283941169836,49.70442339567765,0.0003320379983051,0.0540609189993119,1.6992720839989488,3.4720747044324,198.0,0.05,cpu,178331.35764679345,33136.2822637851,0.0,0.0,211467.63991057855,4000.0,666.6666666666666,0.0,0.0,VND_proxy_scenario
all_exact_5,76,2024-07-23 04:00:00+00:00,2024-07-23 06:00:00+00:00,sarsa,5,5,0,1.0,0.0,0.0,44.58283941169836,49.70442339567765,0.0003403949995117,0.0540609189993119,1.6724282949980989,3.4720747044324,198.0,0.05,cpu,178331.35764679345,33136.2822637851,0.0,0.0,211467.63991057855,4000.0,666.6666666666666,0.0,0.0,VND_proxy_scenario
all_exact_5,76,2024-07-23 04:00:00+00:00,2024-07-23 06:00:00+00:00,dqn,5,5,0,1.0,0.0,0.0,44.58283941169836,49.70442339567765,0.0012471989975892,0.0540609189993119,98.1782562469998,3.4720747044324,18821.0,0.05,cuda,178331.35764679345,33136.2822637851,0.0,0.0,211467.63991057855,4000.0,666.6666666666666,0.0,0.0,VND_proxy_scenario
all_exact_5,77,2024-07-23 16:00:00+00:00,2024-07-23 18:00:00+00:00,nearest_neighbor,6,6,0,1.0,0.0,0.0,86.27610183255018,91.27621586725668,2.136721396000212,,,,,,,345104.4073302007,60850.81057817112,0.0,0.0,405955.2179083718,4000.0,666.6666666666666,0.0,0.0,VND_proxy_scenario
all_exact_5,77,2024-07-23 16:00:00+00:00,2024-07-23 18:00:00+00:00,clarke_wright,6,6,0,1.0,0.0,0.0,80.32446387088558,86.1538262123417,2.21029578299931,,,,,,,321297.8554835423,57435.88414156113,0.0,0.0,378733.7396251034,4000.0,666.6666666666666,0.0,0.0,VND_proxy_scenario
all_exact_5,77,2024-07-23 16:00:00+00:00,2024-07-23 18:00:00+00:00,q_learning,6,6,0,1.0,0.0,0.0,81.24873985652653,87.97779882082065,0.0004022390021418,2.1027252029998635,2.107531426998321,0.5223199700089289,656.0,0.05,cpu,324994.9594261061,58651.8658805471,0.0,0.0,383646.8253066532,4000.0,666.6666666666666,0.0,0.0,VND_proxy_scenario
all_exact_5,77,2024-07-23 16:00:00+00:00,2024-07-23 18:00:00+00:00,sarsa,6,6,0,1.0,0.0,0.0,88.38688482717177,93.57024051256296,0.0004309180003474,2.1027252029998635,2.062372633998166,-0.1243024626337389,663.0,0.05,cpu,353547.5393086871,62380.16034170864,0.0,0.0,415927.6996503957,4000.0,666.6666666666666,0.0,0.0,VND_proxy_scenario
all_exact_5,77,2024-07-23 16:00:00+00:00,2024-07-23 18:00:00+00:00,dqn,6,6,0,1.0,0.0,0.0,81.24873985652653,87.97779882082065,0.0016971369987004,2.1027252029998635,120.1008001070004,0.5223199700089289,19206.0,0.05,cuda,324994.9594261061,58651.8658805471,0.0,0.0,383646.8253066532,4000.0,666.6666666666666,0.0,0.0,VND_proxy_scenario
all_exact_5,78,2024-07-24 02:00:00+00:00,2024-07-24 04:00:00+00:00,nearest_neighbor,13,13,0,1.0,0.0,0.0,85.82023664142942,89.49325567600464,5.6787452479984495,,,,,,,343280.9465657177,59662.17045066976,0.0,0.0,402943.11701638746,4000.0,666.6666666666666,0.0,0.0,VND_proxy_scenario
all_exact_5,78,2024-07-24 02:00:00+00:00,2024-07-24 04:00:00+00:00,clarke_wright,13,13,0,1.0,0.0,0.0,71.09647959609217,76.19196304549189,5.888589369998954,,,,,,,284385.91838436865,50794.64203032792,0.0,0.0,335180.5604146966,4000.0,666.6666666666666,0.0,0.0,VND_proxy_scenario
all_exact_5,78,2024-07-24 02:00:00+00:00,2024-07-24 04:00:00+00:00,q_learning,13,13,0,1.0,0.0,0.0,93.87464675754129,101.19056728567918,0.0009248440001101,5.775765255999431,4.961693378001655,9.635670849356362,8529.0,0.05,cpu,375498.58703016513,67460.37819045279,0.0,0.0,442958.96522061795,4000.0,666.6666666666666,0.0,0.0,VND_proxy_scenario
all_exact_5,78,2024-07-24 02:00:00+00:00,2024-07-24 04:00:00+00:00,sarsa,13,13,0,1.0,0.0,0.0,89.31700178364642,95.52666888634872,0.0009132189989031,5.775765255999431,4.489400118996855,10.522152213448871,9117.0,0.05,cpu,357268.0071345857,63684.445924232474,0.0,0.0,420952.4530588182,4000.0,666.6666666666666,0.0,0.0,VND_proxy_scenario
all_exact_5,78,2024-07-24 02:00:00+00:00,2024-07-24 04:00:00+00:00,dqn,13,13,0,1.0,0.0,0.0,73.54866876768966,77.9396363919025,0.0034304969994991,5.775765255999431,282.8042760249991,11.791548656476593,21901.0,0.05,cuda,294194.6750707587,51959.75759460166,0.0,0.0,346154.43266536033,4000.0,666.6666666666666,0.0,0.0,VND_proxy_scenario
all_exact_5,79,2024-07-24 04:00:00+00:00,2024-07-24 06:00:00+00:00,nearest_neighbor,6,6,0,1.0,0.0,0.0,68.89617457022385,73.05541258948634,2.611646508998092,,,,,,,275584.6982808954,48703.608392990885,0.0,0.0,324288.3066738863,4000.0,666.6666666666666,0.0,0.0,VND_proxy_scenario
all_exact_5,79,2024-07-24 04:00:00+00:00,2024-07-24 06:00:00+00:00,clarke_wright,6,6,0,1.0,0.0,0.0,68.51590674009852,72.94070332791567,2.641135822999786,,,,,,,274063.6269603941,48627.13555194378,0.0,0.0,322690.7625123379,4000.0,666.6666666666666,0.0,0.0,VND_proxy_scenario
all_exact_5,79,2024-07-24 04:00:00+00:00,2024-07-24 06:00:00+00:00,q_learning,6,6,0,1.0,0.0,0.0,63.13272360366817,66.8189187237381,0.0004416359988681,2.635131605999049,2.1368673100005253,2.65659499374201,598.0,0.05,cpu,252530.8944146727,44545.94581582539,0.0,0.0,297076.84023049806,4000.0,666.6666666666666,0.0,0.0,VND_proxy_scenario
all_exact_5,79,2024-07-24 04:00:00+00:00,2024-07-24 06:00:00+00:00,sarsa,6,6,0,1.0,0.0,0.0,63.13272360366817,66.8189187237381,0.0003932799991162,2.635131605999049,2.043338158000552,2.65659499374201,644.0,0.05,cpu,252530.8944146727,44545.94581582539,0.0,0.0,297076.84023049806,4000.0,666.6666666666666,0.0,0.0,VND_proxy_scenario
all_exact_5,79,2024-07-24 04:00:00+00:00,2024-07-24 06:00:00+00:00,dqn,6,6,0,1.0,0.0,0.0,63.13272360366817,66.8189187237381,0.0015049739995447,2.635131605999049,120.1081414850014,2.65659499374201,19206.0,0.05,cuda,252530.8944146727,44545.94581582539,0.0,0.0,297076.84023049806,4000.0,666.6666666666666,0.0,0.0,VND_proxy_scenario
all_exact_5,80,2024-07-25 02:00:00+00:00,2024-07-25 04:00:00+00:00,nearest_neighbor,10,10,0,1.0,0.0,0.0,90.10076586375976,97.96801499262956,4.761082886998338,,,,,,,360403.06345503905,65312.00999508637,0.0,0.0,425715.0734501254,4000.0,666.6666666666666,0.0,0.0,VND_proxy_scenario
all_exact_5,80,2024-07-25 02:00:00+00:00,2024-07-25 04:00:00+00:00,clarke_wright,10,10,0,1.0,0.0,0.0,73.57548249954708,80.06681451446137,5.255163480000192,,,,,,,294301.92999818834,53377.87634297425,0.0,0.0,347679.8063411626,4000.0,666.6666666666666,0.0,0.0,VND_proxy_scenario
all_exact_5,80,2024-07-25 02:00:00+00:00,2024-07-25 04:00:00+00:00,q_learning,10,10,0,1.0,0.0,0.0,90.10076586375976,97.96801499262956,0.0006872169979033,4.714674152000953,3.767737823000061,6.04913692742878,4251.0,0.05,cpu,360403.06345503905,65312.00999508637,0.0,0.0,425715.0734501254,4000.0,666.6666666666666,0.0,0.0,VND_proxy_scenario
all_exact_5,80,2024-07-25 02:00:00+00:00,2024-07-25 04:00:00+00:00,sarsa,10,10,0,1.0,0.0,0.0,78.04600412186848,85.27100239681062,0.0006838469998911,4.714674152000953,3.412017662998551,6.409597814652533,4320.0,0.05,cpu,312184.0164874739,56847.33493120707,0.0,0.0,369031.351418681,4000.0,666.6666666666666,0.0,0.0,VND_proxy_scenario
all_exact_5,80,2024-07-25 02:00:00+00:00,2024-07-25 04:00:00+00:00,dqn,10,10,0,1.0,0.0,0.0,78.67877192838354,86.42837619145507,0.0028119839989813,4.714674152000953,210.678554741,6.8292681042987535,20746.0,0.05,cuda,314715.0877135342,57618.91746097004,0.0,0.0,372334.00517450424,4000.0,666.6666666666666,0.0,0.0,VND_proxy_scenario
all_exact_5,81,2024-07-25 16:00:00+00:00,2024-07-25 18:00:00+00:00,nearest_neighbor,8,8,0,1.0,0.0,0.0,106.87493353835396,111.8092263402377,3.9826857869993546,,,,,,,427499.73415341583,74539.48422682512,0.0,0.0,502039.21838024096,4000.0,666.6666666666666,0.0,0.0,VND_proxy_scenario
all_exact_5,81,2024-07-25 16:00:00+00:00,2024-07-25 18:00:00+00:00,clarke_wright,8,8,0,1.0,0.0,0.0,84.39237367473993,90.24181875492458,3.6021979190009006,,,,,,,337569.4946989597,60161.21250328305,0.0,0.0,397730.70720224275,4000.0,666.6666666666666,0.0,0.0,VND_proxy_scenario
all_exact_5,81,2024-07-25 16:00:00+00:00,2024-07-25 18:00:00+00:00,q_learning,8,8,0,1.0,0.0,0.0,82.89249064700756,89.51863406620195,0.0005483389977598,3.888718328998948,2.874006640002335,2.635694202283643,2185.0,0.05,cpu,331569.96258803026,59679.089377467964,0.0,0.0,391249.05196549825,4000.0,666.6666666666666,0.0,0.0,VND_proxy_scenario
all_exact_5,81,2024-07-25 16:00:00+00:00,2024-07-25 18:00:00+00:00,sarsa,8,8,0,1.0,0.0,0.0,87.29227139237824,91.86614518808634,0.000531380999746,3.888718328998948,2.7634778959982214,2.4516742755809,2316.0,0.05,cpu,349169.085569513,61244.09679205756,0.0,0.0,410413.18236157054,4000.0,666.6666666666666,0.0,0.0,VND_proxy_scenario
all_exact_5,81,2024-07-25 16:00:00+00:00,2024-07-25 18:00:00+00:00,dqn,8,8,0,1.0,0.0,0.0,82.89249064700756,89.51863406620195,0.002018967999902,3.888718328998948,164.67496883000058,2.635694202283643,19976.0,0.05,cuda,331569.96258803026,59679.089377467964,0.0,0.0,391249.05196549825,4000.0,666.6666666666666,0.0,0.0,VND_proxy_scenario
all_exact_5,82,2024-07-26 02:00:00+00:00,2024-07-26 04:00:00+00:00,nearest_neighbor,10,10,0,1.0,0.0,0.0,78.15577787016929,82.82830300970112,3.443252895001933,,,,,,,312623.11148067715,55218.86867313407,0.0,0.0,367841.9801538112,4000.0,666.6666666666666,0.0,0.0,VND_proxy_scenario
all_exact_5,82,2024-07-26 02:00:00+00:00,2024-07-26 04:00:00+00:00,clarke_wright,10,10,0,1.0,0.0,0.0,70.05232244213877,75.0133789894868,3.1182523740026227,,,,,,,280209.2897685551,50008.919326324525,0.0,0.0,330218.2090948796,4000.0,666.6666666666666,0.0,0.0,VND_proxy_scenario
all_exact_5,82,2024-07-26 02:00:00+00:00,2024-07-26 04:00:00+00:00,q_learning,10,10,0,1.0,0.0,0.0,74.95328449845526,80.73332238335064,0.0006750889988325,3.5121819300002244,3.583210410997708,6.743975111454576,3799.0,0.05,cpu,299813.13799382106,53822.214922233754,0.0,0.0,353635.35291605484,4000.0,666.6666666666666,0.0,0.0,VND_proxy_scenario
all_exact_5,82,2024-07-26 02:00:00+00:00,2024-07-26 04:00:00+00:00,sarsa,10,10,0,1.0,0.0,0.0,74.42873719241966,79.86503115608907,0.0006783339995308,3.5121819300002244,3.4668046120023064,6.919711288878753,3821.0,0.05,cpu,297714.94876967865,53243.35410405938,0.0,0.0,350958.30287373805,4000.0,666.6666666666666,0.0,0.0,VND_proxy_scenario
all_exact_5,82,2024-07-26 02:00:00+00:00,2024-07-26 04:00:00+00:00,dqn,10,10,0,1.0,0.0,0.0,71.45311111269402,77.44489309798551,0.0026590890010993,3.5121819300002244,211.1847798859999,7.135546548667707,20746.0,0.05,cuda,285812.4444507761,51629.92873199034,0.0,0.0,337442.37318276643,4000.0,666.6666666666666,0.0,0.0,VND_proxy_scenario
all_exact_5,83,2024-07-26 08:00:00+00:00,2024-07-26 10:00:00+00:00,nearest_neighbor,5,5,0,1.0,0.0,0.0,37.00107985170376,41.12203757737505,2.129978203000064,,,,,,,148004.31940681502,27414.691718250033,0.0,0.0,175419.01112506504,4000.0,666.6666666666666,0.0,0.0,VND_proxy_scenario
all_exact_5,83,2024-07-26 08:00:00+00:00,2024-07-26 10:00:00+00:00,clarke_wright,5,5,0,1.0,0.0,0.0,36.88350695533119,41.043326603976126,2.3107644929987146,,,,,,,147534.02782132477,27362.217735984083,0.0,0.0,174896.24555730884,4000.0,666.6666666666666,0.0,0.0,VND_proxy_scenario
all_exact_5,83,2024-07-26 08:00:00+00:00,2024-07-26 10:00:00+00:00,q_learning,5,5,0,1.0,0.0,0.0,37.00107985170376,41.12203757737505,0.0003457740021985,2.248582099000487,1.7640421809992404,4.132194439950712,192.0,0.05,cpu,148004.31940681502,27414.691718250033,0.0,0.0,175419.01112506504,4000.0,666.6666666666666,0.0,0.0,VND_proxy_scenario
all_exact_5,83,2024-07-26 08:00:00+00:00,2024-07-26 10:00:00+00:00,sarsa,5,5,0,1.0,0.0,0.0,37.00107985170376,41.12203757737505,0.0003381290007382,2.248582099000487,1.6908055399981097,4.132194439950712,192.0,0.05,cpu,148004.31940681502,27414.691718250033,0.0,0.0,175419.01112506504,4000.0,666.6666666666666,0.0,0.0,VND_proxy_scenario
all_exact_5,83,2024-07-26 08:00:00+00:00,2024-07-26 10:00:00+00:00,dqn,5,5,0,1.0,0.0,0.0,37.00107985170376,41.12203757737505,0.0013229249998403,2.248582099000487,98.39294699299715,4.132194439950712,18821.0,0.05,cuda,148004.31940681502,27414.691718250033,0.0,0.0,175419.01112506504,4000.0,666.6666666666666,0.0,0.0,VND_proxy_scenario
all_exact_5,84,2024-07-26 14:00:00+00:00,2024-07-26 16:00:00+00:00,nearest_neighbor,5,5,0,1.0,0.0,0.0,64.74547668059289,69.09634740102497,2.888278751997859,,,,,,,258981.90672237155,46064.23160068331,0.0,0.0,305046.1383230549,4000.0,666.6666666666666,0.0,0.0,VND_proxy_scenario
all_exact_5,84,2024-07-26 14:00:00+00:00,2024-07-26 16:00:00+00:00,clarke_wright,5,5,0,1.0,0.0,0.0,56.812334250010736,60.21504725310001,2.66795146000004,,,,,,,227249.33700004296,40143.3648354,0.0,0.0,267392.701835443,4000.0,666.6666666666666,0.0,0.0,VND_proxy_scenario
all_exact_5,84,2024-07-26 14:00:00+00:00,2024-07-26 16:00:00+00:00,q_learning,5,5,0,1.0,0.0,0.0,64.74547668059289,69.09634740102497,0.0003379059999133,3.001986603001569,1.754713323000033,0.8392243378625202,208.0,0.05,cpu,258981.90672237155,46064.23160068331,0.0,0.0,305046.1383230549,4000.0,666.6666666666666,0.0,0.0,VND_proxy_scenario
all_exact_5,84,2024-07-26 14:00:00+00:00,2024-07-26 16:00:00+00:00,sarsa,5,5,0,1.0,0.0,0.0,64.74547668059289,69.09634740102497,0.0003521599974192,3.001986603001569,1.716216451000946,0.8392243378625202,210.0,0.05,cpu,258981.90672237155,46064.23160068331,0.0,0.0,305046.1383230549,4000.0,666.6666666666666,0.0,0.0,VND_proxy_scenario
all_exact_5,84,2024-07-26 14:00:00+00:00,2024-07-26 16:00:00+00:00,dqn,5,5,0,1.0,0.0,0.0,64.74547668059289,69.09634740102497,0.0012986600013391,3.001986603001569,99.15889606899871,0.8392243378625202,18821.0,0.05,cuda,258981.90672237155,46064.23160068331,0.0,0.0,305046.1383230549,4000.0,666.6666666666666,0.0,0.0,VND_proxy_scenario
all_exact_5,85,2024-07-29 04:00:00+00:00,2024-07-29 06:00:00+00:00,nearest_neighbor,16,16,0,1.0,0.0,0.0,99.77921836744936,108.05659751916969,7.259062747998541,,,,,,,399116.8734697974,72037.73167944646,0.0,0.0,471154.6051492439,4000.0,666.6666666666666,0.0,0.0,VND_proxy_scenario
all_exact_5,85,2024-07-29 04:00:00+00:00,2024-07-29 06:00:00+00:00,clarke_wright,16,16,0,1.0,0.0,0.0,93.04731511089813,101.01022564956062,7.16255123999872,,,,,,,372189.2604435925,67340.15043304041,0.0,0.0,439529.4108766329,4000.0,666.6666666666666,0.0,0.0,VND_proxy_scenario
all_exact_5,85,2024-07-29 04:00:00+00:00,2024-07-29 06:00:00+00:00,q_learning,16,16,0,1.0,0.0,0.0,122.55952919300007,131.36699314540957,0.0011255310018896,7.584724836000532,6.18089409499953,9.896167922652682,15519.0,0.05,cpu,490238.11677200027,87577.99543027303,0.0,0.0,577816.1122022733,4000.0,666.6666666666666,0.0,0.0,VND_proxy_scenario
all_exact_5,85,2024-07-29 04:00:00+00:00,2024-07-29 06:00:00+00:00,sarsa,16,16,0,1.0,0.0,0.0,118.26610634506926,127.39148981995108,0.0011208399992028,7.584724836000532,5.60995084300157,11.019591190808642,16876.0,0.05,cpu,473064.42538027704,84927.65987996738,0.0,0.0,557992.0852602444,4000.0,666.6666666666666,0.0,0.0,VND_proxy_scenario
all_exact_5,85,2024-07-29 04:00:00+00:00,2024-07-29 06:00:00+00:00,dqn,16,16,0,1.0,0.0,0.0,93.979443657786,101.891190173955,0.0044459020027716,7.584724836000532,360.6702002659986,13.38120125671332,23056.0,0.05,cuda,375917.774631144,67927.46011597,0.0,0.0,443845.234747114,4000.0,666.6666666666666,0.0,0.0,VND_proxy_scenario
all_exact_5,86,2024-07-30 16:00:00+00:00,2024-07-30 18:00:00+00:00,nearest_neighbor,7,7,0,1.0,0.0,0.0,77.03633371846425,87.42187253061516,3.75673723899672,,,,,,,308145.334873857,58281.24835374344,0.0,0.0,366426.58322760044,4000.0,666.6666666666666,0.0,0.0,VND_proxy_scenario
all_exact_5,86,2024-07-30 16:00:00+00:00,2024-07-30 18:00:00+00:00,clarke_wright,7,7,0,1.0,0.0,0.0,71.55403443022672,80.26299891509825,3.789081797000108,,,,,,,286216.1377209069,53508.66594339883,0.0,0.0,339724.8036643057,4000.0,666.6666666666666,0.0,0.0,VND_proxy_scenario
all_exact_5,86,2024-07-30 16:00:00+00:00,2024-07-30 18:00:00+00:00,q_learning,7,7,0,1.0,0.0,0.0,76.5091940770348,86.78198074474395,0.0004668130022764,3.9893625559998327,2.4855512289977924,2.584198129264713,1104.0,0.05,cpu,306036.7763081392,57854.653829829294,0.0,0.0,363891.4301379685,4000.0,666.6666666666666,0.0,0.0,VND_proxy_scenario
all_exact_5,86,2024-07-30 16:00:00+00:00,2024-07-30 18:00:00+00:00,sarsa,7,7,0,1.0,0.0,0.0,76.5091940770348,86.78198074474395,0.0004948220012011,3.9893625559998327,2.4226257170012104,2.584198129264713,1170.0,0.05,cpu,306036.7763081392,57854.653829829294,0.0,0.0,363891.4301379685,4000.0,666.6666666666666,0.0,0.0,VND_proxy_scenario
all_exact_5,86,2024-07-30 16:00:00+00:00,2024-07-30 18:00:00+00:00,dqn,7,7,0,1.0,0.0,0.0,74.3747593402998,84.09232609193424,0.0018755969977064,3.9893625559998327,142.28043566699853,2.681483097673584,19591.0,0.05,cuda,297499.0373611992,56061.55072795616,0.0,0.0,353560.5880891554,4000.0,666.6666666666666,0.0,0.0,VND_proxy_scenario
all_exact_5,87,2024-08-01 02:00:00+00:00,2024-08-01 04:00:00+00:00,nearest_neighbor,6,6,0,1.0,0.0,0.0,50.43098697773756,55.24492877269648,2.819161110997811,,,,,,,201723.94791095026,36829.952515130986,0.0,0.0,238553.90042608124,4000.0,666.6666666666666,0.0,0.0,VND_proxy_scenario
all_exact_5,87,2024-08-01 02:00:00+00:00,2024-08-01 04:00:00+00:00,clarke_wright,6,6,0,1.0,0.0,0.0,42.0111915560687,46.56910072796343,2.8249351209997258,,,,,,,168044.76622427482,31046.067151975618,0.0,0.0,199090.83337625043,4000.0,666.6666666666666,0.0,0.0,VND_proxy_scenario
all_exact_5,87,2024-08-01 02:00:00+00:00,2024-08-01 04:00:00+00:00,q_learning,6,6,0,1.0,0.0,0.0,44.86408565850161,49.42761963722239,0.0004051989999425,3.106937333999668,2.1054657059976307,3.998484744626571,521.0,0.05,cpu,179456.34263400643,32951.746424814926,0.0,0.0,212408.08905882135,4000.0,666.6666666666666,0.0,0.0,VND_proxy_scenario
all_exact_5,87,2024-08-01 02:00:00+00:00,2024-08-01 04:00:00+00:00,sarsa,6,6,0,1.0,0.0,0.0,44.86408565850161,49.42761963722239,0.0004048480004712,3.106937333999668,2.03997500100013,3.998484744626571,524.0,0.05,cpu,179456.34263400643,32951.746424814926,0.0,0.0,212408.08905882135,4000.0,666.6666666666666,0.0,0.0,VND_proxy_scenario
all_exact_5,87,2024-08-01 02:00:00+00:00,2024-08-01 04:00:00+00:00,dqn,6,6,0,1.0,0.0,0.0,44.86408565850161,49.42761963722239,0.0015211950012599,3.106937333999668,120.04628440099988,3.998484744626571,19206.0,0.05,cuda,179456.34263400643,32951.746424814926,0.0,0.0,212408.08905882135,4000.0,666.6666666666666,0.0,0.0,VND_proxy_scenario
all_exact_5,88,2024-08-02 08:00:00+00:00,2024-08-02 10:00:00+00:00,nearest_neighbor,6,6,0,1.0,0.0,0.0,51.640509269724646,52.86952198196688,1.6877763689990388,,,,,,,206562.03707889857,35246.34798797792,0.0,0.0,241808.38506687648,4000.0,666.6666666666666,0.0,0.0,VND_proxy_scenario
all_exact_5,88,2024-08-02 08:00:00+00:00,2024-08-02 10:00:00+00:00,clarke_wright,6,6,0,1.0,0.0,0.0,51.33667031385855,52.131896409838994,1.6916873739974108,,,,,,,205346.6812554342,34754.59760655933,0.0,0.0,240101.27886199352,4000.0,666.6666666666666,0.0,0.0,VND_proxy_scenario
all_exact_5,88,2024-08-02 08:00:00+00:00,2024-08-02 10:00:00+00:00,q_learning,6,6,0,1.0,0.0,0.0,51.640509269724646,52.86952198196688,0.0003969950012105,2.0308237969984475,2.08239206700091,4.118052063355525,588.0,0.05,cpu,206562.03707889857,35246.34798797792,0.0,0.0,241808.38506687648,4000.0,666.6666666666666,0.0,0.0,VND_proxy_scenario
all_exact_5,88,2024-08-02 08:00:00+00:00,2024-08-02 10:00:00+00:00,sarsa,6,6,0,1.0,0.0,0.0,51.640509269724646,52.86952198196688,0.0004002030000265,2.0308237969984475,2.026312253998185,4.118052063355525,589.0,0.05,cpu,206562.03707889857,35246.34798797792,0.0,0.0,241808.38506687648,4000.0,666.6666666666666,0.0,0.0,VND_proxy_scenario
all_exact_5,88,2024-08-02 08:00:00+00:00,2024-08-02 10:00:00+00:00,dqn,6,6,0,1.0,0.0,0.0,51.640509269724646,52.86952198196688,0.001484499000071,2.0308237969984475,119.81917927899848,4.118052063355525,19206.0,0.05,cuda,206562.03707889857,35246.34798797792,0.0,0.0,241808.38506687648,4000.0,666.6666666666666,0.0,0.0,VND_proxy_scenario
all_exact_5,89,2024-08-06 02:00:00+00:00,2024-08-06 04:00:00+00:00,nearest_neighbor,5,5,0,1.0,0.0,0.0,89.63894670949284,96.0281815019574,2.236666229000548,,,,,,,358555.78683797136,64018.7876679716,0.0,0.0,422574.574505943,4000.0,666.6666666666666,0.0,0.0,VND_proxy_scenario
all_exact_5,89,2024-08-06 02:00:00+00:00,2024-08-06 04:00:00+00:00,clarke_wright,5,5,0,1.0,0.0,0.0,69.34290834899868,74.31943917501965,2.212143470998853,,,,,,,277371.6333959947,49546.292783346435,0.0,0.0,326917.92617934116,4000.0,666.6666666666666,0.0,0.0,VND_proxy_scenario
all_exact_5,89,2024-08-06 02:00:00+00:00,2024-08-06 04:00:00+00:00,q_learning,5,5,0,1.0,0.0,0.0,74.25262177214267,79.50353770157585,0.000342442002875,2.5188227200014808,1.7406036550019053,0.4546312712632165,209.0,0.05,cpu,297010.4870885707,53002.35846771723,0.0,0.0,350012.84555628797,4000.0,666.6666666666666,0.0,0.0,VND_proxy_scenario
all_exact_5,89,2024-08-06 02:00:00+00:00,2024-08-06 04:00:00+00:00,sarsa,5,5,0,1.0,0.0,0.0,74.25262177214267,79.50353770157585,0.0003391530008229,2.5188227200014808,1.6890655200004403,0.4546312712632165,213.0,0.05,cpu,297010.4870885707,53002.35846771723,0.0,0.0,350012.84555628797,4000.0,666.6666666666666,0.0,0.0,VND_proxy_scenario
all_exact_5,89,2024-08-06 02:00:00+00:00,2024-08-06 04:00:00+00:00,dqn,5,5,0,1.0,0.0,0.0,74.25262177214267,79.50353770157585,0.0012937369974679,2.5188227200014808,98.49446966599862,0.4546312712632165,18821.0,0.05,cuda,297010.4870885707,53002.35846771723,0.0,0.0,350012.84555628797,4000.0,666.6666666666666,0.0,0.0,VND_proxy_scenario
all_exact_5,90,2024-08-06 04:00:00+00:00,2024-08-06 06:00:00+00:00,nearest_neighbor,13,10,3,0.7692307692307693,119.68251735,56.14768851666667,114.46025597413244,128.21145499483694,6.391819263000798,,,,,,,457841.02389652975,85474.30332989129,0.0,0.0,543315.3272264211,4000.0,666.6666666666666,0.0,0.0,VND_proxy_scenario
all_exact_5,90,2024-08-06 04:00:00+00:00,2024-08-06 06:00:00+00:00,clarke_wright,13,13,0,1.0,0.0,0.0,102.42658710007204,114.89711972243252,6.549139273000037,,,,,,,409706.34840028815,76598.07981495501,0.0,0.0,486304.42821524316,4000.0,666.6666666666666,0.0,0.0,VND_proxy_scenario
all_exact_5,90,2024-08-06 04:00:00+00:00,2024-08-06 06:00:00+00:00,q_learning,13,13,0,1.0,0.0,0.0,112.60608317689416,125.63159216714963,0.0008826529992802,6.8192685510002775,4.963381493002089,9.065956755152516,10383.0,0.05,cpu,450424.3327075766,83754.39477809976,0.0,0.0,534178.7274856764,4000.0,666.6666666666666,0.0,0.0,VND_proxy_scenario
all_exact_5,90,2024-08-06 04:00:00+00:00,2024-08-06 06:00:00+00:00,sarsa,13,13,0,1.0,0.0,0.0,110.04202905179294,124.00106057685302,0.0009198549996654,6.8192685510002775,4.465470650997304,9.31653454075844,10920.0,0.05,cpu,440168.11620717176,82667.37371790201,0.0,0.0,522835.48992507375,4000.0,666.6666666666666,0.0,0.0,VND_proxy_scenario
all_exact_5,90,2024-08-06 04:00:00+00:00,2024-08-06 06:00:00+00:00,dqn,13,13,0,1.0,0.0,0.0,104.46746246373624,117.3734687484856,0.0034858620019804,6.8192685510002775,282.94911550599863,9.80787748326734,21901.0,0.05,cuda,417869.849854945,78248.97916565706,0.0,0.0,496118.82902060205,4000.0,666.6666666666666,0.0,0.0,VND_proxy_scenario
all_exact_5,91,2024-08-07 02:00:00+00:00,2024-08-07 04:00:00+00:00,nearest_neighbor,8,8,0,1.0,0.0,0.0,70.24199157096288,77.6596540918113,3.697966984000232,,,,,,,280967.96628385154,51773.102727874204,0.0,0.0,332741.0690117257,4000.0,666.6666666666666,0.0,0.0,VND_proxy_scenario
all_exact_5,91,2024-08-07 02:00:00+00:00,2024-08-07 04:00:00+00:00,clarke_wright,8,8,0,1.0,0.0,0.0,68.38938901826927,74.30117628285451,3.867686870002217,,,,,,,273557.5560730771,49534.117521903005,0.0,0.0,323091.6735949801,4000.0,666.6666666666666,0.0,0.0,VND_proxy_scenario
all_exact_5,91,2024-08-07 02:00:00+00:00,2024-08-07 04:00:00+00:00,q_learning,8,8,0,1.0,0.0,0.0,69.10784179494365,76.11735694874503,0.0005530290000024,4.142706115002511,2.882137217999116,4.806032622381283,1931.0,0.05,cpu,276431.3671797746,50744.904632496684,0.0,0.0,327176.2718122713,4000.0,666.6666666666666,0.0,0.0,VND_proxy_scenario
all_exact_5,91,2024-08-07 02:00:00+00:00,2024-08-07 04:00:00+00:00,sarsa,8,8,0,1.0,0.0,0.0,68.42960255103898,75.9046458271865,0.000539447999472,4.142706115002511,2.762311177000811,4.730328179737078,2049.0,0.05,cpu,273718.41020415595,50603.09721812433,0.0,0.0,324321.50742228027,4000.0,666.6666666666666,0.0,0.0,VND_proxy_scenario
all_exact_5,91,2024-08-07 02:00:00+00:00,2024-08-07 04:00:00+00:00,dqn,8,8,0,1.0,0.0,0.0,69.10784179494365,76.11735694874503,0.0020649709986173,4.58356086600179,169.267567005998,4.806032622381283,19976.0,0.05,cuda,276431.3671797746,50744.904632496684,0.0,0.0,327176.2718122713,4000.0,666.6666666666666,0.0,0.0,VND_proxy_scenario
all_exact_5,92,2024-08-08 02:00:00+00:00,2024-08-08 04:00:00+00:00,nearest_neighbor,8,8,0,1.0,0.0,0.0,76.13798335396439,80.31322136719552,4.55936906900024,,,,,,,304551.93341585755,53542.147578130345,0.0,0.0,358094.0809939879,4000.0,666.6666666666666,0.0,0.0,VND_proxy_scenario
all_exact_5,92,2024-08-08 02:00:00+00:00,2024-08-08 04:00:00+00:00,clarke_wright,8,8,0,1.0,0.0,0.0,70.45600071250571,74.6400597327044,4.566034473002219,,,,,,,281824.00285002287,49760.03982180293,0.0,0.0,331584.0426718258,4000.0,666.6666666666666,0.0,0.0,VND_proxy_scenario
all_exact_5,92,2024-08-08 02:00:00+00:00,2024-08-08 04:00:00+00:00,q_learning,8,8,0,1.0,0.0,0.0,76.13798335396439,80.31322136719552,0.0005606599988823,4.09004943799664,2.8853802099984023,4.296541629890028,2079.0,0.05,cpu,304551.93341585755,53542.147578130345,0.0,0.0,358094.0809939879,4000.0,666.6666666666666,0.0,0.0,VND_proxy_scenario
all_exact_5,92,2024-08-08 02:00:00+00:00,2024-08-08 04:00:00+00:00,sarsa,8,8,0,1.0,0.0,0.0,76.13798335396439,80.31322136719552,0.0005514000004041,4.09004943799664,2.7984155289996124,4.296541629890028,2125.0,0.05,cpu,304551.93341585755,53542.147578130345,0.0,0.0,358094.0809939879,4000.0,666.6666666666666,0.0,0.0,VND_proxy_scenario
all_exact_5,92,2024-08-08 02:00:00+00:00,2024-08-08 04:00:00+00:00,dqn,8,8,0,1.0,0.0,0.0,71.24570286972505,75.84302231431234,0.0020074349995411,4.09004943799664,168.69296760400175,4.57461842321794,19976.0,0.05,cuda,284982.8114789002,50562.014876208224,0.0,0.0,335544.8263551084,4000.0,666.6666666666666,0.0,0.0,VND_proxy_scenario
all_exact_5,93,2024-08-08 06:00:00+00:00,2024-08-08 08:00:00+00:00,nearest_neighbor,7,6,1,0.8571428571428571,4.041008933333333,4.041008933333333,72.2095235638418,75.03904736093976,3.60317269799998,,,,,,,288838.0942553672,50026.03157395984,0.0,0.0,338864.12582932704,4000.0,666.6666666666666,0.0,0.0,VND_proxy_scenario
all_exact_5,93,2024-08-08 06:00:00+00:00,2024-08-08 08:00:00+00:00,clarke_wright,7,7,0,1.0,0.0,0.0,66.24561793114714,69.53637550326694,3.5850569480026024,,,,,,,264982.47172458854,46357.58366884462,0.0,0.0,311340.05539343314,4000.0,666.6666666666666,0.0,0.0,VND_proxy_scenario
all_exact_5,93,2024-08-08 06:00:00+00:00,2024-08-08 08:00:00+00:00,q_learning,7,7,0,1.0,0.0,0.0,66.72926716404157,69.16135679401641,0.0004793049993168,3.5885130560018297,2.522436649000156,4.685396063275858,1073.0,0.05,cpu,266917.0686561663,46107.57119601094,0.0,0.0,313024.63985217724,4000.0,666.6666666666666,0.0,0.0,VND_proxy_scenario
all_exact_5,93,2024-08-08 06:00:00+00:00,2024-08-08 08:00:00+00:00,sarsa,7,7,0,1.0,0.0,0.0,70.02449462639679,73.61862039058626,0.0004826589974982,3.5885130560018297,2.4206841359991813,3.743997900359216,1097.0,0.05,cpu,280097.97850558715,49079.08026039084,0.0,0.0,329177.05876597797,4000.0,666.6666666666666,0.0,0.0,VND_proxy_scenario
all_exact_5,93,2024-08-08 06:00:00+00:00,2024-08-08 08:00:00+00:00,dqn,7,7,0,1.0,0.0,0.0,66.72926716404157,69.16135679401641,0.0017627009983698,3.5885130560018297,141.53148581100322,4.685396063275858,19591.0,0.05,cuda,266917.0686561663,46107.57119601094,0.0,0.0,313024.63985217724,4000.0,666.6666666666666,0.0,0.0,VND_proxy_scenario
all_exact_5,94,2024-08-09 02:00:00+00:00,2024-08-09 04:00:00+00:00,nearest_neighbor,7,7,0,1.0,0.0,0.0,71.73836478500829,76.5180282402797,3.71454075499787,,,,,,,286953.45914003317,51012.018826853135,0.0,0.0,337965.4779668863,4000.0,666.6666666666666,0.0,0.0,VND_proxy_scenario
all_exact_5,94,2024-08-09 02:00:00+00:00,2024-08-09 04:00:00+00:00,clarke_wright,7,7,0,1.0,0.0,0.0,68.40854269518448,74.75487403509007,3.569684096000856,,,,,,,273634.17078073794,49836.582690060044,0.0,0.0,323470.75347079796,4000.0,666.6666666666666,0.0,0.0,VND_proxy_scenario
all_exact_5,94,2024-08-09 02:00:00+00:00,2024-08-09 04:00:00+00:00,q_learning,7,7,0,1.0,0.0,0.0,71.73836478500829,76.5180282402797,0.0004782609976246,3.6534491540005543,2.510842646999663,3.363153577821869,1096.0,0.05,cpu,286953.45914003317,51012.018826853135,0.0,0.0,337965.4779668863,4000.0,666.6666666666666,0.0,0.0,VND_proxy_scenario
all_exact_5,94,2024-08-09 02:00:00+00:00,2024-08-09 04:00:00+00:00,sarsa,7,7,0,1.0,0.0,0.0,71.73836478500829,76.5180282402797,0.0004687559994636,3.6534491540005543,2.431453851000697,3.363153577821869,1117.0,0.05,cpu,286953.45914003317,51012.018826853135,0.0,0.0,337965.4779668863,4000.0,666.6666666666666,0.0,0.0,VND_proxy_scenario
all_exact_5,94,2024-08-09 02:00:00+00:00,2024-08-09 04:00:00+00:00,dqn,7,7,0,1.0,0.0,0.0,71.73836478500829,76.5180282402797,0.0017818080013967,3.6534491540005543,141.15689745399868,3.363153577821869,19591.0,0.05,cuda,286953.45914003317,51012.018826853135,0.0,0.0,337965.4779668863,4000.0,666.6666666666666,0.0,0.0,VND_proxy_scenario
all_exact_5,95,2024-08-09 16:00:00+00:00,2024-08-09 18:00:00+00:00,nearest_neighbor,11,11,0,1.0,0.0,0.0,93.29073649761696,102.20314294521933,5.656305754000641,,,,,,,373162.94599046785,68135.42863014621,0.0,0.0,441298.37462061405,4000.0,666.6666666666666,0.0,0.0,VND_proxy_scenario
all_exact_5,95,2024-08-09 16:00:00+00:00,2024-08-09 18:00:00+00:00,clarke_wright,11,11,0,1.0,0.0,0.0,82.03856814152728,89.4461857014753,5.574857831001282,,,,,,,328154.27256610914,59630.7904676502,0.0,0.0,387785.06303375936,4000.0,666.6666666666666,0.0,0.0,VND_proxy_scenario
all_exact_5,95,2024-08-09 16:00:00+00:00,2024-08-09 18:00:00+00:00,q_learning,11,11,0,1.0,0.0,0.0,95.25641001557076,104.2158538838616,0.0008161519981513,5.641178874000616,4.202993045000767,5.852972876711414,6350.0,0.05,cpu,381025.6400622831,69477.2359225744,0.0,0.0,450502.8759848575,4000.0,666.6666666666666,0.0,0.0,VND_proxy_scenario
all_exact_5,95,2024-08-09 16:00:00+00:00,2024-08-09 18:00:00+00:00,sarsa,11,11,0,1.0,0.0,0.0,95.50348856134708,105.78516572259146,0.0007926759972178,5.641178874000616,3.851295943997684,5.915168932003235,6685.0,0.05,cpu,382013.95424538833,70523.44381506096,0.0,0.0,452537.3980604493,4000.0,666.6666666666666,0.0,0.0,VND_proxy_scenario
all_exact_5,95,2024-08-09 16:00:00+00:00,2024-08-09 18:00:00+00:00,dqn,11,11,0,1.0,0.0,0.0,79.41755539579651,87.8611947869182,0.0028259169994271,5.641178874000616,232.06743946699865,7.194766488658284,21131.0,0.05,cuda,317670.22158318607,58574.12985794547,0.0,0.0,376244.35144113156,4000.0,666.6666666666666,0.0,0.0,VND_proxy_scenario
all_exact_5,96,2024-08-10 04:00:00+00:00,2024-08-10 06:00:00+00:00,nearest_neighbor,11,11,0,1.0,0.0,0.0,90.45318355917875,98.13660788788128,5.208697285001108,,,,,,,361812.734236715,65424.40525858752,0.0,0.0,427237.1394953025,4000.0,666.6666666666666,0.0,0.0,VND_proxy_scenario
all_exact_5,96,2024-08-10 04:00:00+00:00,2024-08-10 06:00:00+00:00,clarke_wright,11,10,1,0.9090909090909092,22.173854366666667,22.173854366666667,89.51263188780398,96.3176968517332,5.084405378001975,,,,,,,358050.5275512159,64211.79790115546,0.0,0.0,422262.3254523714,4000.0,666.6666666666666,0.0,0.0,VND_proxy_scenario
all_exact_5,96,2024-08-10 04:00:00+00:00,2024-08-10 06:00:00+00:00,q_learning,11,11,0,1.0,0.0,0.0,99.60783883070904,107.34846314161491,0.0007461610002792,5.143839532996935,4.12687074600035,7.311796917621068,5569.0,0.05,cpu,398431.35532283614,71565.64209440994,0.0,0.0,469996.9974172461,4000.0,666.6666666666666,0.0,0.0,VND_proxy_scenario
all_exact_5,96,2024-08-10 04:00:00+00:00,2024-08-10 06:00:00+00:00,sarsa,11,11,0,1.0,0.0,0.0,101.1110989080627,109.60306905130436,0.0007479159976355,5.143839532996935,3.728197346001252,7.305862258326623,5919.0,0.05,cpu,404444.3956322508,73068.71270086957,0.0,0.0,477513.10833312036,4000.0,666.6666666666666,0.0,0.0,VND_proxy_scenario
all_exact_5,96,2024-08-10 04:00:00+00:00,2024-08-10 06:00:00+00:00,dqn,11,11,0,1.0,0.0,0.0,90.8817094428646,98.9745600962826,0.0028487550007412,5.143839532996935,234.0274554409989,8.406677328030446,21131.0,0.05,cuda,363526.83777145843,65983.0400641884,0.0,0.0,429509.87783564685,4000.0,666.6666666666666,0.0,0.0,VND_proxy_scenario
all_exact_5,97,2024-08-13 02:00:00+00:00,2024-08-13 04:00:00+00:00,nearest_neighbor,13,12,1,0.9230769230769232,28.92621365,28.92621365,119.15112383223293,130.30581186099812,5.679403054000431,,,,,,,476604.4953289317,86870.5412406654,0.0,0.0,563475.0365695971,4000.0,666.6666666666666,0.0,0.0,VND_proxy_scenario
all_exact_5,97,2024-08-13 02:00:00+00:00,2024-08-13 04:00:00+00:00,clarke_wright,13,12,1,0.9230769230769232,25.931049716666667,25.931049716666667,117.05912978534332,128.4378915927807,5.9354301350031164,,,,,,,468236.5191413733,85625.26106185379,0.0,0.0,553861.7802032271,4000.0,666.6666666666666,0.0,0.0,VND_proxy_scenario
all_exact_5,97,2024-08-13 02:00:00+00:00,2024-08-13 04:00:00+00:00,q_learning,13,13,0,1.0,0.0,0.0,121.78654115678172,135.6821717600606,0.0008981069986475,5.688740397999936,4.935338251998473,6.220378500706633,10573.0,0.05,cpu,487146.1646271269,90454.78117337373,0.0,0.0,577600.9458005006,4000.0,666.6666666666666,0.0,0.0,VND_proxy_scenario
all_exact_5,97,2024-08-13 02:00:00+00:00,2024-08-13 04:00:00+00:00,sarsa,13,11,2,0.8461538461538461,113.0487033,73.88090871666667,146.66044732686746,159.02424001190028,0.000902194999071,5.688740397999936,4.501182879001135,-6.817905078227734,12600.0,0.05,cpu,586641.7893074699,106016.1600079335,0.0,0.0,692657.9493154034,4000.0,666.6666666666666,0.0,0.0,VND_proxy_scenario
all_exact_5,97,2024-08-13 02:00:00+00:00,2024-08-13 04:00:00+00:00,dqn,13,13,0,1.0,0.0,0.0,118.83013727774036,130.43741087864137,0.0035146629998052,5.688740397999936,280.3089769299986,7.755125120500569,21901.0,0.05,cuda,475320.54911096144,86958.27391909424,0.0,0.0,562278.8230300557,4000.0,666.6666666666666,0.0,0.0,VND_proxy_scenario
all_exact_5,98,2024-08-14 02:00:00+00:00,2024-08-14 04:00:00+00:00,nearest_neighbor,5,5,0,1.0,0.0,0.0,38.2561663805996,44.61122958737181,2.60340487600115,,,,,,,153024.6655223984,29740.819724914538,0.0,0.0,182765.48524731293,4000.0,666.6666666666666,0.0,0.0,VND_proxy_scenario
all_exact_5,98,2024-08-14 02:00:00+00:00,2024-08-14 04:00:00+00:00,clarke_wright,5,5,0,1.0,0.0,0.0,38.2561663805996,44.61122958737181,2.5843862559995614,,,,,,,153024.6655223984,29740.819724914538,0.0,0.0,182765.48524731293,4000.0,666.6666666666666,0.0,0.0,VND_proxy_scenario
all_exact_5,98,2024-08-14 02:00:00+00:00,2024-08-14 04:00:00+00:00,q_learning,5,5,0,1.0,0.0,0.0,38.2561663805996,44.61122958737181,0.0003558520002115,2.6400981020015024,1.757241133000207,3.218925976994411,205.0,0.05,cpu,153024.6655223984,29740.819724914538,0.0,0.0,182765.48524731293,4000.0,666.6666666666666,0.0,0.0,VND_proxy_scenario
all_exact_5,98,2024-08-14 02:00:00+00:00,2024-08-14 04:00:00+00:00,sarsa,5,5,0,1.0,0.0,0.0,38.2561663805996,44.61122958737181,0.0003409700002521,2.6400981020015024,1.720857292999426,3.218925976994411,207.0,0.05,cpu,153024.6655223984,29740.819724914538,0.0,0.0,182765.48524731293,4000.0,666.6666666666666,0.0,0.0,VND_proxy_scenario
all_exact_5,98,2024-08-14 02:00:00+00:00,2024-08-14 04:00:00+00:00,dqn,5,5,0,1.0,0.0,0.0,38.2561663805996,44.61122958737181,0.0012438209996616,2.6400981020015024,97.63422350600013,3.218925976994411,18821.0,0.05,cuda,153024.6655223984,29740.819724914538,0.0,0.0,182765.48524731293,4000.0,666.6666666666666,0.0,0.0,VND_proxy_scenario
all_exact_5,99,2024-08-14 04:00:00+00:00,2024-08-14 06:00:00+00:00,nearest_neighbor,5,5,0,1.0,0.0,0.0,60.41391767168472,67.11728564347098,2.078443597001751,,,,,,,241655.6706867389,44744.85709564732,0.0,0.0,286400.5277823862,4000.0,666.6666666666666,0.0,0.0,VND_proxy_scenario
all_exact_5,99,2024-08-14 04:00:00+00:00,2024-08-14 06:00:00+00:00,clarke_wright,5,5,0,1.0,0.0,0.0,59.61571612299606,65.98079309586083,2.090164683999319,,,,,,,238462.86449198425,43987.19539724055,0.0,0.0,282450.0598892248,4000.0,666.6666666666666,0.0,0.0,VND_proxy_scenario
all_exact_5,99,2024-08-14 04:00:00+00:00,2024-08-14 06:00:00+00:00,q_learning,5,5,0,1.0,0.0,0.0,58.75921123335748,63.5776199825189,0.000346274999174,2.087599024998781,1.726317470001959,2.532951110757745,211.0,0.05,cpu,235036.84493342994,42385.079988345926,0.0,0.0,277421.9249217759,4000.0,666.6666666666666,0.0,0.0,VND_proxy_scenario
all_exact_5,99,2024-08-14 04:00:00+00:00,2024-08-14 06:00:00+00:00,sarsa,5,5,0,1.0,0.0,0.0,58.75921123335748,63.5776199825189,0.0003423249982006,2.087599024998781,1.7023552850005217,2.532951110757745,213.0,0.05,cpu,235036.84493342994,42385.079988345926,0.0,0.0,277421.9249217759,4000.0,666.6666666666666,0.0,0.0,VND_proxy_scenario
all_exact_5,99,2024-08-14 04:00:00+00:00,2024-08-14 06:00:00+00:00,dqn,5,5,0,1.0,0.0,0.0,58.75921123335748,63.5776199825189,0.001252823996765,2.087599024998781,98.63619675300288,2.532951110757745,18821.0,0.05,cuda,235036.84493342994,42385.079988345926,0.0,0.0,277421.9249217759,4000.0,666.6666666666666,0.0,0.0,VND_proxy_scenario
all_exact_5,100,2024-08-15 04:00:00+00:00,2024-08-15 06:00:00+00:00,nearest_neighbor,9,9,0,1.0,0.0,0.0,53.22487329846125,57.97769544062412,4.160132629000145,,,,,,,212899.493193845,38651.796960416075,0.0,0.0,251551.29015426108,4000.0,666.6666666666666,0.0,0.0,VND_proxy_scenario
all_exact_5,100,2024-08-15 04:00:00+00:00,2024-08-15 06:00:00+00:00,clarke_wright,9,9,0,1.0,0.0,0.0,50.78404235802432,55.68651974235343,4.200455985999724,,,,,,,203136.1694320973,37124.34649490229,0.0,0.0,240260.51592699956,4000.0,666.6666666666666,0.0,0.0,VND_proxy_scenario
all_exact_5,100,2024-08-15 04:00:00+00:00,2024-08-15 06:00:00+00:00,q_learning,9,9,0,1.0,0.0,0.0,55.66986459524316,60.72854261560755,0.0006082090003474,4.140004716002295,3.239360666000721,7.580684836583069,2812.0,0.05,cpu,222679.45838097265,40485.6950770717,0.0,0.0,263165.15345804434,4000.0,666.6666666666666,0.0,0.0,VND_proxy_scenario
all_exact_5,100,2024-08-15 04:00:00+00:00,2024-08-15 06:00:00+00:00,sarsa,9,9,0,1.0,0.0,0.0,61.40701413074766,67.01101311158853,0.0006127030028437,4.140004716002295,3.1424112699969555,6.834540012520683,2901.0,0.05,cpu,245628.05652299064,44674.00874105901,0.0,0.0,290302.0652640496,4000.0,666.6666666666666,0.0,0.0,VND_proxy_scenario
all_exact_5,100,2024-08-15 04:00:00+00:00,2024-08-15 06:00:00+00:00,dqn,9,9,0,1.0,0.0,0.0,53.22487329846125,57.97769544062412,0.0023000179971859,4.140004716002295,188.7196387000004,7.821327643024404,20361.0,0.05,cuda,212899.493193845,38651.796960416075,0.0,0.0,251551.29015426108,4000.0,666.6666666666666,0.0,0.0,VND_proxy_scenario
all_exact_5,101,2024-08-16 02:00:00+00:00,2024-08-16 04:00:00+00:00,nearest_neighbor,5,5,0,1.0,0.0,0.0,43.7927958990398,49.54593629830227,1.62243509900145,,,,,,,175171.18359615922,33030.62419886818,0.0,0.0,208201.8077950274,4000.0,666.6666666666666,0.0,0.0,VND_proxy_scenario
all_exact_5,101,2024-08-16 02:00:00+00:00,2024-08-16 04:00:00+00:00,clarke_wright,5,5,0,1.0,0.0,0.0,40.206503493680735,44.53354021048088,1.6102367980020065,,,,,,,160826.01397472294,29689.02680698725,0.0,0.0,190515.04078171018,4000.0,666.6666666666666,0.0,0.0,VND_proxy_scenario
all_exact_5,101,2024-08-16 02:00:00+00:00,2024-08-16 04:00:00+00:00,q_learning,5,5,0,1.0,0.0,0.0,43.7927958990398,49.54593629830227,0.0003361290000611,1.0820941259989922,1.7156399649975356,2.723580602484112,202.0,0.05,cpu,175171.18359615922,33030.62419886818,0.0,0.0,208201.8077950274,4000.0,666.6666666666666,0.0,0.0,VND_proxy_scenario
all_exact_5,101,2024-08-16 02:00:00+00:00,2024-08-16 04:00:00+00:00,sarsa,5,5,0,1.0,0.0,0.0,43.7927958990398,49.54593629830227,0.0003294050002295,1.0820941259989922,1.6626217750017531,2.723580602484112,203.0,0.05,cpu,175171.18359615922,33030.62419886818,0.0,0.0,208201.8077950274,4000.0,666.6666666666666,0.0,0.0,VND_proxy_scenario
all_exact_5,101,2024-08-16 02:00:00+00:00,2024-08-16 04:00:00+00:00,dqn,5,5,0,1.0,0.0,0.0,43.7927958990398,49.54593629830227,0.0012563140007841,1.0820941259989922,97.72099091400014,2.723580602484112,18821.0,0.05,cuda,175171.18359615922,33030.62419886818,0.0,0.0,208201.8077950274,4000.0,666.6666666666666,0.0,0.0,VND_proxy_scenario
all_exact_5,102,2024-08-16 04:00:00+00:00,2024-08-16 06:00:00+00:00,nearest_neighbor,7,7,0,1.0,0.0,0.0,77.7412794028988,82.89784027656674,2.627288881001732,,,,,,,310965.1176115952,55265.22685104449,0.0,0.0,366230.3444626397,4000.0,666.6666666666666,0.0,0.0,VND_proxy_scenario
all_exact_5,102,2024-08-16 04:00:00+00:00,2024-08-16 06:00:00+00:00,clarke_wright,7,5,2,0.7142857142857143,24.77722758333333,18.57028303333333,78.98654311244692,84.29270043033775,2.6494114989982336,,,,,,,315946.1724497877,56195.13362022516,0.0,0.0,372141.30607001286,4000.0,666.6666666666666,0.0,0.0,VND_proxy_scenario
all_exact_5,102,2024-08-16 04:00:00+00:00,2024-08-16 06:00:00+00:00,q_learning,7,7,0,1.0,0.0,0.0,77.7412794028988,82.89784027656674,0.0004759879993798,2.643557167000836,2.492484690999845,4.364994870811065,1393.0,0.05,cpu,310965.1176115952,55265.22685104449,0.0,0.0,366230.3444626397,4000.0,666.6666666666666,0.0,0.0,VND_proxy_scenario
all_exact_5,102,2024-08-16 04:00:00+00:00,2024-08-16 06:00:00+00:00,sarsa,7,7,0,1.0,0.0,0.0,77.7412794028988,82.89784027656674,0.0004666829991037,2.643557167000836,2.383936480000557,4.364994870811065,1445.0,0.05,cpu,310965.1176115952,55265.22685104449,0.0,0.0,366230.3444626397,4000.0,666.6666666666666,0.0,0.0,VND_proxy_scenario
all_exact_5,102,2024-08-16 04:00:00+00:00,2024-08-16 06:00:00+00:00,dqn,7,7,0,1.0,0.0,0.0,77.7412794028988,82.89784027656674,0.0017737849993864,2.643557167000836,141.2654792100002,4.364994870811065,19591.0,0.05,cuda,310965.1176115952,55265.22685104449,0.0,0.0,366230.3444626397,4000.0,666.6666666666666,0.0,0.0,VND_proxy_scenario
all_exact_5,103,2024-08-17 02:00:00+00:00,2024-08-17 04:00:00+00:00,nearest_neighbor,6,6,0,1.0,0.0,0.0,34.63601597457345,40.10783513437043,2.166453500998614,,,,,,,138544.06389829383,26738.556756246955,0.0,0.0,165282.62065454078,4000.0,666.6666666666666,0.0,0.0,VND_proxy_scenario
all_exact_5,103,2024-08-17 02:00:00+00:00,2024-08-17 04:00:00+00:00,clarke_wright,6,6,0,1.0,0.0,0.0,34.63601597457345,40.10783513437043,2.126920570997754,,,,,,,138544.06389829383,26738.556756246955,0.0,0.0,165282.62065454078,4000.0,666.6666666666666,0.0,0.0,VND_proxy_scenario
all_exact_5,103,2024-08-17 02:00:00+00:00,2024-08-17 04:00:00+00:00,q_learning,6,6,0,1.0,0.0,0.0,34.63601597457345,40.10783513437043,0.0004167820006841,2.1255767160000687,2.0989844180003274,4.991954589580449,530.0,0.05,cpu,138544.06389829383,26738.556756246955,0.0,0.0,165282.62065454078,4000.0,666.6666666666666,0.0,0.0,VND_proxy_scenario
all_exact_5,103,2024-08-17 02:00:00+00:00,2024-08-17 04:00:00+00:00,sarsa,6,6,0,1.0,0.0,0.0,34.63601597457345,40.10783513437043,0.0004053299999213,2.1255767160000687,2.0504268660006346,4.991954589580449,557.0,0.05,cpu,138544.06389829383,26738.556756246955,0.0,0.0,165282.62065454078,4000.0,666.6666666666666,0.0,0.0,VND_proxy_scenario
all_exact_5,103,2024-08-17 02:00:00+00:00,2024-08-17 04:00:00+00:00,dqn,6,6,0,1.0,0.0,0.0,34.63601597457345,40.10783513437043,0.001506918000814,2.1255767160000687,119.10844917100258,4.991954589580449,19206.0,0.05,cuda,138544.06389829383,26738.556756246955,0.0,0.0,165282.62065454078,4000.0,666.6666666666666,0.0,0.0,VND_proxy_scenario
all_exact_5,104,2024-08-17 04:00:00+00:00,2024-08-17 06:00:00+00:00,nearest_neighbor,8,8,0,1.0,0.0,0.0,100.74790205582106,105.37570501821295,3.604613643998164,,,,,,,402991.60822328425,70250.47001214196,0.0,0.0,473242.0782354262,4000.0,666.6666666666666,0.0,0.0,VND_proxy_scenario
all_exact_5,104,2024-08-17 04:00:00+00:00,2024-08-17 06:00:00+00:00,clarke_wright,8,8,0,1.0,0.0,0.0,96.933122343698,99.1821029826826,3.6802188029978415,,,,,,,387732.489374792,66121.40198845507,0.0,0.0,453853.89136324706,4000.0,666.6666666666666,0.0,0.0,VND_proxy_scenario
all_exact_5,104,2024-08-17 04:00:00+00:00,2024-08-17 06:00:00+00:00,q_learning,8,8,0,1.0,0.0,0.0,98.58452982358484,101.63111859391776,0.0005476859987538,3.645203729000059,2.86183427099968,2.7832572608910624,2100.0,0.05,cpu,394338.1192943394,67754.07906261184,0.0,0.0,462092.19835695124,4000.0,666.6666666666666,0.0,0.0,VND_proxy_scenario
all_exact_5,104,2024-08-17 04:00:00+00:00,2024-08-17 06:00:00+00:00,sarsa,8,8,0,1.0,0.0,0.0,107.43944747991658,112.16630113929902,0.0005397040004027,3.645203729000059,2.7738429870005348,1.708650137789975,2230.0,0.05,cpu,429757.7899196663,74777.53409286602,0.0,0.0,504535.3240125323,4000.0,666.6666666666666,0.0,0.0,VND_proxy_scenario
all_exact_5,104,2024-08-17 04:00:00+00:00,2024-08-17 06:00:00+00:00,dqn,8,8,0,1.0,0.0,0.0,98.58452982358484,101.63111859391776,0.0021662740000465,3.645203729000059,163.32420879700294,2.7832572608910624,19976.0,0.05,cuda,394338.1192943394,67754.07906261184,0.0,0.0,462092.19835695124,4000.0,666.6666666666666,0.0,0.0,VND_proxy_scenario
all_exact_5,105,2024-08-19 04:00:00+00:00,2024-08-19 06:00:00+00:00,nearest_neighbor,12,12,0,1.0,0.0,0.0,91.32516631062504,98.0600942528962,6.155121068000881,,,,,,,365300.66524250014,65373.396168597465,0.0,0.0,430674.0614110976,4000.0,666.6666666666666,0.0,0.0,VND_proxy_scenario
all_exact_5,105,2024-08-19 04:00:00+00:00,2024-08-19 06:00:00+00:00,clarke_wright,12,10,2,0.8333333333333334,91.89625258333334,52.61746053333333,80.89548171931808,87.6155476776672,6.097772893001093,,,,,,,323581.9268772723,58410.365118444795,0.0,0.0,381992.2919957171,4000.0,666.6666666666666,0.0,0.0,VND_proxy_scenario
all_exact_5,105,2024-08-19 04:00:00+00:00,2024-08-19 06:00:00+00:00,q_learning,12,12,0,1.0,0.0,0.0,100.37053958296887,109.29381278387748,0.0008265590004157,6.151959683000314,4.646451667998917,7.601721980257156,7667.0,0.05,cpu,401482.1583318755,72862.54185591832,0.0,0.0,474344.7001877938,4000.0,666.6666666666666,0.0,0.0,VND_proxy_scenario
all_exact_5,105,2024-08-19 04:00:00+00:00,2024-08-19 06:00:00+00:00,sarsa,12,12,0,1.0,0.0,0.0,93.96546453229683,101.36716531538522,0.0008312840000144,6.151959683000314,4.107716279999295,8.548697458478092,7903.0,0.05,cpu,375861.8581291873,67578.11021025681,0.0,0.0,443439.96833944414,4000.0,666.6666666666666,0.0,0.0,VND_proxy_scenario
all_exact_5,105,2024-08-19 04:00:00+00:00,2024-08-19 06:00:00+00:00,dqn,12,12,0,1.0,0.0,0.0,82.46884578804872,88.93458557574134,0.0031310550002672,6.151959683000314,255.8523750400018,9.965970697524112,21516.0,0.05,cuda,329875.3831521949,59289.72371716089,0.0,0.0,389165.1068693558,4000.0,666.6666666666666,0.0,0.0,VND_proxy_scenario
all_exact_5,106,2024-08-20 04:00:00+00:00,2024-08-20 06:00:00+00:00,nearest_neighbor,10,9,1,0.9,32.94140816666667,32.94140816666667,112.44615645517032,122.76839265606772,4.12942807500076,,,,,,,449784.6258206813,81845.59510404515,0.0,0.0,531630.2209247265,4000.0,666.6666666666666,0.0,0.0,VND_proxy_scenario
all_exact_5,106,2024-08-20 04:00:00+00:00,2024-08-20 06:00:00+00:00,clarke_wright,10,9,1,0.9,0.8191931333333333,0.8191931333333333,85.2690864720945,92.20197656346102,4.11486720099856,,,,,,,341076.345888378,61467.98437564068,0.0,0.0,402544.3302640187,4000.0,666.6666666666666,0.0,0.0,VND_proxy_scenario
all_exact_5,106,2024-08-20 04:00:00+00:00,2024-08-20 06:00:00+00:00,q_learning,10,10,0,1.0,0.0,0.0,96.82665391117908,104.27925826799095,0.0007098899986885,4.112583040998288,3.748889783000777,6.411580538361853,5017.0,0.05,cpu,387306.6156447163,69519.50551199396,0.0,0.0,456826.12115671026,4000.0,666.6666666666666,0.0,0.0,VND_proxy_scenario
all_exact_5,106,2024-08-20 04:00:00+00:00,2024-08-20 06:00:00+00:00,sarsa,10,10,0,1.0,0.0,0.0,91.7556654992253,99.87808693200036,0.0006770299987692,4.112583040998288,3.393865267000365,6.068614944248979,5491.0,0.05,cpu,367022.6619969012,66585.39128800023,0.0,0.0,433608.0532849014,4000.0,666.6666666666666,0.0,0.0,VND_proxy_scenario
all_exact_5,106,2024-08-20 04:00:00+00:00,2024-08-20 06:00:00+00:00,dqn,10,10,0,1.0,0.0,0.0,84.43202029639373,92.16849201647982,0.0025759039999684,4.112583040998288,209.67804213499767,6.441409411536074,20746.0,0.05,cuda,337728.08118557493,61445.66134431987,0.0,0.0,399173.7425298948,4000.0,666.6666666666666,0.0,0.0,VND_proxy_scenario
all_exact_5,107,2024-08-21 02:00:00+00:00,2024-08-21 04:00:00+00:00,nearest_neighbor,7,7,0,1.0,0.0,0.0,81.36833258818322,86.02155406457845,2.1219122299989976,,,,,,,325473.3303527329,57347.702709718964,0.0,0.0,382821.03306245187,4000.0,666.6666666666666,0.0,0.0,VND_proxy_scenario
all_exact_5,107,2024-08-21 02:00:00+00:00,2024-08-21 04:00:00+00:00,clarke_wright,7,7,0,1.0,0.0,0.0,80.96110717114678,85.37937710558204,2.0882216620011604,,,,,,,323844.4286845871,56919.58473705469,0.0,0.0,380764.01342164184,4000.0,666.6666666666666,0.0,0.0,VND_proxy_scenario
all_exact_5,107,2024-08-21 02:00:00+00:00,2024-08-21 04:00:00+00:00,q_learning,7,7,0,1.0,0.0,0.0,81.36833258818322,86.02155406457845,0.000480623999465,2.088332604998868,2.458562550000352,2.69135915168565,1325.0,0.05,cpu,325473.3303527329,57347.702709718964,0.0,0.0,382821.03306245187,4000.0,666.6666666666666,0.0,0.0,VND_proxy_scenario
all_exact_5,107,2024-08-21 02:00:00+00:00,2024-08-21 04:00:00+00:00,sarsa,7,7,0,1.0,0.0,0.0,81.36833258818322,86.02155406457845,0.0004635669974959,2.088332604998868,2.385479222000868,2.69135915168565,1399.0,0.05,cpu,325473.3303527329,57347.702709718964,0.0,0.0,382821.03306245187,4000.0,666.6666666666666,0.0,0.0,VND_proxy_scenario
all_exact_5,107,2024-08-21 02:00:00+00:00,2024-08-21 04:00:00+00:00,dqn,7,7,0,1.0,0.0,0.0,81.36833258818322,86.02155406457845,0.0017315289987891,2.088332604998868,141.1860066520021,2.69135915168565,19591.0,0.05,cuda,325473.3303527329,57347.702709718964,0.0,0.0,382821.03306245187,4000.0,666.6666666666666,0.0,0.0,VND_proxy_scenario
all_exact_5,108,2024-08-22 04:00:00+00:00,2024-08-22 06:00:00+00:00,nearest_neighbor,9,9,0,1.0,0.0,0.0,76.20160113835155,77.90627309811858,4.131839292000223,,,,,,,304806.4045534062,51937.515398745716,0.0,0.0,356743.9199521519,4000.0,666.6666666666666,0.0,0.0,VND_proxy_scenario
all_exact_5,108,2024-08-22 04:00:00+00:00,2024-08-22 06:00:00+00:00,clarke_wright,9,9,0,1.0,0.0,0.0,66.44980942958763,68.68954788045068,4.193986854999821,,,,,,,265799.23771835055,45793.03192030045,0.0,0.0,311592.269638651,4000.0,666.6666666666666,0.0,0.0,VND_proxy_scenario
all_exact_5,108,2024-08-22 04:00:00+00:00,2024-08-22 06:00:00+00:00,q_learning,9,9,0,1.0,0.0,0.0,72.16144536946469,74.24287460483622,0.0006260899972403,4.208299293000891,3.297172053000395,6.510528260971042,3120.0,0.05,cpu,288645.7814778587,49495.249736557475,0.0,0.0,338141.0312144162,4000.0,666.6666666666666,0.0,0.0,VND_proxy_scenario
all_exact_5,108,2024-08-22 04:00:00+00:00,2024-08-22 06:00:00+00:00,sarsa,9,9,0,1.0,0.0,0.0,75.98999656777977,78.22026975340358,0.0006131289992481,4.208299293000891,3.1065127750007377,6.174908380671038,3247.0,0.05,cpu,303959.9862711191,52146.84650226905,0.0,0.0,356106.83277338813,4000.0,666.6666666666666,0.0,0.0,VND_proxy_scenario
all_exact_5,108,2024-08-22 04:00:00+00:00,2024-08-22 06:00:00+00:00,dqn,9,9,0,1.0,0.0,0.0,68.33864531218306,70.59962590411878,0.0022703389986418,4.208299293000891,186.37842554300005,6.547790081512591,20361.0,0.05,cuda,273354.5812487322,47066.417269412515,0.0,0.0,320420.9985181447,4000.0,666.6666666666666,0.0,0.0,VND_proxy_scenario
