delivery_id,latitude,longitude,dbscan_label,is_noise
64d1bcb2a2a8ec9990ba219b,10.7957735,106.7193655,0,False
64c4c52b553721daabdbad9b,10.7714067,106.6879051,0,False
64c4c52b553721daabdbae31,10.8073855,106.6906521,0,False
64c4c52b553721daabdbadaf,10.8048952,106.7185804,0,False
654cfce5480368a817f6a525,10.79349,106.684656,0,False
6564a248f262a21f35ea7830,10.7787117,106.67968,0,False
6561ff98f262a21f35ea6128,10.7679888,106.6114941,0,False
65112357452644c9037c541d,10.7534138,106.6802515,0,False
64c4c52b553721daabdbadb6,10.834384,106.6096285,0,False
64fc08dca8ab4a4e94bfe6e4,10.8072739,106.6906306,0,False
64c4c52b553721daabdbadd2,10.7973992,106.6875083,0,False
64c4c52b553721daabdbae52,10.7890314,106.7003604,0,False
656354d7f262a21f35ea6933,10.8124605,106.758967,0,False
64e975f2d54ea638bcb4a7a6,10.7873516,106.6549048,0,False
655bac3b6334442d4839d983,10.7901566,106.607188,0,False
65636b83f262a21f35ea6afe,10.9401507,106.8653556,-1,True
64dc5dcbfe6290c33ef75b80,10.7611129,106.6650937,0,False
64f7031a061258eb78b2b4ba,10.7678061,106.6916195,0,False
64d3c3cd3b7d73ae156b1c7b,10.7607797,106.6911755,0,False
6502acfb39a237688acc490a,10.788795,106.7001109,0,False
651f68d988d44bf7e0792689,10.8781481,106.6712333,0,False
64c4c52b553721daabdbadbd,10.8172226,106.7178907,0,False
64c4c52b553721daabdbae37,10.807141,106.6905869,0,False
65250b1e16fc92ef78cca694,10.814743,106.711504,0,False
655d5fea6334442d4839ed75,10.7474206,106.7229941,0,False
64e0a19bbdd1b2d3e85f75b2,10.7520848,106.7271295,0,False
6556d53b6a0125b9d7ba1578,10.8065156,106.6665042,0,False
64e9acd1d54ea638bcb4aa01,10.8285309,106.7322752,0,False
65127c50452644c9037c64d1,10.766799,106.648284,0,False
650189c8f181bf03ea1aa306,10.7898654,106.7444188,0,False
6544bb2d00df48c3e9c2c851,10.761394,106.6821834,0,False
65964bcd7ef10f912879f4b3,10.7523209,106.624485,0,False
658a529857fb10f190e1124b,10.7640762,106.6139999,0,False
65b7289d624c8e2168d067d8,10.7077169,106.7332669,0,False
65a3dc1a12c52b180d74a658,10.7940527,106.718425,0,False
650a6f7725b0bb2f15f660f2,10.843648,106.6569947,0,False
64c4c52b553721daabdbadbf,10.7921371,106.7181972,0,False
651a4257322d5c0cf180c210,10.8043081,106.6395497,0,False
6566f954852af0bbec46d5d8,10.787193,106.6984661,0,False
6544510a198243e83613742d,10.7479706,106.6775615,0,False
65445795198243e83613764a,10.7366051,106.7333003,0,False
64c4c52b553721daabdbadd4,10.8159332,106.8246832,0,False
64c4c52b553721daabdbae27,10.7912803,106.6617395,0,False
64dc552bfe6290c33ef759f6,10.8435364,106.6613344,0,False
64f025fdd54ea638bcb4bcae,10.7710171,106.6777298,0,False
64c4c52b553721daabdbae3d,10.7854496,106.7641189,0,False
65013d95f181bf03ea1a9483,10.754099,106.6073216,0,False
651bab653d40ccc43b67110b,10.7573188,106.6534161,0,False
6503363139a237688acc4e60,10.7563308,106.6655039,0,False
65302358c417268785e45f79,10.767742,106.6696766,0,False
64c4c52b553721daabdbae3f,10.7558905,106.6752054,0,False
65635465f262a21f35ea6908,10.7445317,106.6731217,0,False
650d09d650fdce3fe1b0fdff,10.7563308,106.6655039,0,False
652f6baf4271b1bef68fac3d,10.7973992,106.6875083,0,False
64e6c6dad54ea638bcb49283,10.8227198,106.6179845,0,False
650f30c6452644c9037c34f6,10.7607797,106.6911755,0,False
64f06bf9d54ea638bcb4c791,10.7884216,106.7200668,0,False
64c4c52b553721daabdbae30,10.788795,106.7001109,0,False
6576b8638bd4b73dac11b258,10.809008,106.6710872,0,False
64dc5cbdfe6290c33ef75b21,10.7714067,106.6879051,0,False
64e6d688d54ea638bcb493f6,10.7834127,106.6734994,0,False
653a07228ca97e4c0c4e5e4c,10.7883879,106.7427143,0,False
65570d7e6a0125b9d7ba1e14,10.8189978,106.6074985,0,False
658d4ed446151b63c19d4ca9,10.7607797,106.6911755,0,False
65816075a5083abd7195b224,10.788795,106.7001109,0,False
659f511e60879d9d855a5f88,10.7452249,106.6294873,0,False
65ade6e04f40997642655e37,10.8618393,106.6109574,0,False
65add8184f40997642655a48,10.8546468,106.6623935,0,False
64c4c52b553721daabdbaddc,10.732309,106.653734,0,False
65559b0f6a0125b9d7ba0232,10.79349,106.684656,0,False
64e2dc6ebdd1b2d3e85f7984,10.8327179,106.6808319,0,False
64c8a204e6da5a9aaea66e79,10.7623646,106.7018716,0,False
650a500a25b0bb2f15f65ca9,10.6977431,106.7358344,0,False
6550da05b2fe9632df0d388d,10.7479706,106.6775615,0,False
650fe009452644c9037c3d5a,10.8326966,106.7145263,0,False
652e33affb4ed6645c995b78,10.7899255,106.7083473,0,False
652781be9f3a817aaf29683f,10.8043081,106.6395497,0,False
64c4c52b553721daabdbad93,10.8298645,106.6382244,0,False
64c4c52b553721daabdbadb1,10.752519,106.6798239,0,False
64c4c52b553721daabdbadb8,10.8464269,106.6463227,0,False
64e6d622d54ea638bcb49345,10.7721793,106.678874,0,False
655a04f46334442d4839c586,10.742008,106.637648,0,False
6550da70b2fe9632df0d38c8,10.6991959,106.73629,0,False
651fa57988d44bf7e0792b61,10.7970892,106.6407932,0,False
6520c691edc6e7ed93cbe01f,10.8773,106.59724,0,False
64c4c52b553721daabdbad9f,10.7734495,106.6818081,0,False
64c4c52b553721daabdbad94,10.7418526,106.6699966,0,False
65368358577c64ad5684656e,10.7667923,106.6214121,0,False
64c4c52b553721daabdbadb2,10.7947506,106.7219896,0,False
64c4c52b553721daabdbae3a,10.7611129,106.6650937,0,False
64c4c52b553721daabdbad9a,10.7505405,106.6802213,0,False
653682ec577c64ad568464d5,10.7544228,106.6294253,0,False
65557efa6a0125b9d7b9fdba,10.7914062,106.695906,0,False
650181a5f181bf03ea1aa0b4,10.779541,106.6819225,0,False
6566feaf852af0bbec46d718,10.7559866,106.7085708,0,False
651d0298a9c2631ec9e10030,10.7973992,106.6875083,0,False
65445168198243e836137441,10.7640762,106.6139999,0,False
64f969a7350c8fe15b47a5c7,10.7792488,106.6893402,0,False
65409d628f5664f27d7c67ee,10.7973992,106.6875083,0,False
655c60e06334442d4839e211,10.7994167,106.6408167,0,False
659e57127c145e4379be8dd7,10.7434464,106.7331899,0,False
65012afaf181bf03ea1a92bd,10.873642,106.6043129,0,False
650a4d9725b0bb2f15f65c5f,10.7311289,106.7169339,0,False
64c4c52b553721daabdbadab,10.7563308,106.6655039,0,False
6566d5fe1a3e7cdd80c6522e,10.7833667,106.6759867,0,False
64dcb07bfe6290c33ef75ed2,10.7434464,106.7331899,0,False
652f85c14271b1bef68fb2fa,10.8165808,106.7057876,0,False
65636072f262a21f35ea6a5d,10.7737353,106.7063559,0,False
652d1b6ffb4ed6645c99523e,10.7678061,106.6916195,0,False
654d1296480368a817f6a731,10.8327561,106.5607305,-1,True
6507d9d139a237688acc6c69,10.7614746,106.6913513,0,False
652790629f3a817aaf296c36,10.7745934,106.6761193,0,False
64f7fe55061258eb78b2beaf,10.7703949,106.6531005,0,False
650e733eb1c0f38fbf611d2e,10.8252614,106.7233142,0,False
64eca5fcd54ea638bcb4b1cf,10.7430801,106.6683677,0,False
6554467909f80bbb53257887,10.7878414,106.5810811,0,False
64e04bcb4bd4fa0ee0dd524c,10.7430801,106.6683677,0,False
650a6f0025b0bb2f15f660ba,10.7809408,106.6233165,0,False
650bea5ed9e53014149e83a0,10.7443771,106.6731397,0,False
64e33b11bdd1b2d3e85f8357,10.7426605,106.7257766,0,False
6530ff3697e822e6c88e6dda,10.8029861,106.6817404,0,False
64db3c49ea5bee232b6af31f,10.788795,106.7001109,0,False
650339a039a237688acc4e8e,10.7678061,106.6916195,0,False
655441fa09f80bbb5325774d,10.7969666,106.711097,0,False
65127f4a452644c9037c6518,10.7306671,106.6330617,0,False
655a36486334442d4839c8c8,10.8618393,106.6109574,0,False
65685162852af0bbec46dd92,10.7610329,106.7105413,0,False
64c4c52b553721daabdbadcd,10.824011,106.6396947,0,False
653370fa97e822e6c88e881f,10.7573188,106.6534161,0,False
651af178800f3e2419387ab5,10.7439252,106.6455268,0,False
6550dab0b2fe9632df0d38d6,10.8124605,106.758967,0,False
64c4c52b553721daabdbae3c,10.7990924,106.6887944,0,False
6584fb6057fb10f190e0fb59,10.8398607,106.646702,0,False
6597bb83927203f4f8ac9023,10.8237986,106.6323194,0,False
6597becb927203f4f8ac9097,10.788795,106.7001109,0,False
65a10ef012c52b180d7498ea,10.8332392,106.7589293,0,False
65a7c1929539e97b16261c90,10.7973992,106.6875083,0,False
65b224fbf2e993f3dfe85049,10.7430717,106.6683233,0,False
64c4c52b553721daabdbada0,10.7615149,106.6836159,0,False
6537b6108ca97e4c0c4e4790,10.8124605,106.758967,0,False
65180225322d5c0cf180ba76,10.7678061,106.6916195,0,False
64c4c52b553721daabdbae1b,10.7854496,106.7641189,0,False
64c4c52b553721daabdbadd1,10.7973992,106.6875083,0,False
6551a69ab2fe9632df0d5171,10.8207446,106.7072919,0,False
65606d07f262a21f35ea4923,10.761394,106.6821834,0,False
6530aebf97e822e6c88e63a1,10.7366051,106.7333003,0,False
64ed5a74d54ea638bcb4b407,10.8160586,106.7010047,0,False
651a7ff6800f3e2419386f7f,10.7721332,106.6971249,0,False
64c8a2afe6da5a9aaea66ea3,10.7625472,106.7020561,0,False
64d9922fcc7fc4cd66943bd5,10.789809,106.697235,0,False
64c4c52b553721daabdbae4d,10.7732402,106.6820005,0,False
6520eac3edc6e7ed93cbe21f,10.7713571,106.6794019,0,False
65603abb6334442d4839ffaa,10.80111,106.6838052,0,False
64c4c52b553721daabdbadc1,10.7740479,106.6670386,0,False
6523d46716fc92ef78cc9480,10.8103877,106.7099875,0,False
64c4c52b553721daabdbae18,10.7826173,106.6958574,0,False
6530c75097e822e6c88e686e,10.7544228,106.6294253,0,False
64c4c52b553721daabdbae2e,10.7662148,106.6627274,0,False
64feb8bfa8ab4a4e94bff680,10.7728282,106.654728,0,False
652f7e794271b1bef68fb1f1,10.8345257,106.6801497,0,False
6501e4c176b40276cd2cff44,10.7549856,106.7083967,0,False
65055eac39a237688acc6045,10.8160586,106.7010047,0,False
6589a5e357fb10f190e10dac,10.8158722,106.8247491,0,False
65850ad757fb10f190e0fc2e,10.7973992,106.6875083,0,False
6595345ec93fc5b0ee38c9c4,10.7969666,106.711097,0,False
6579ba8088830ad31f11aac4,10.8398607,106.646702,0,False
659391a982e4f564d2329c04,10.8018492,106.7362259,0,False
65b7278d624c8e2168d06701,10.782501,106.704381,0,False
65b081701bce2f41362e0c2e,10.7687259,106.6993567,0,False
651a42f1322d5c0cf180c25d,10.7362865,106.6159716,0,False
64e2dc05bdd1b2d3e85f790b,10.7734985,106.6686672,0,False
64c4c52b553721daabdbadb9,10.8159332,106.8246832,0,False
64cfae10d97c6216cdaa2743,10.8042506,106.7092221,0,False
64c4c52b553721daabdbade2,10.788795,106.7001109,0,False
64c4c52b553721daabdbae1e,10.7420686,106.6934482,0,False
6523914416fc92ef78cc894c,10.7970892,106.6407932,0,False
65308d15c417268785e460e4,10.8669557,106.6179041,0,False
64ca1cfb7c56bad8f892b378,10.7534138,106.6802515,0,False
655706556a0125b9d7ba1d3b,10.761394,106.6821834,0,False
652d2099fb4ed6645c99528c,10.8734086,106.6217853,0,False
650178d3f181bf03ea1a9d9f,10.7844162,106.6500139,0,False
64cb3e2fbc14fb4a0231373b,10.8339324,106.6894751,0,False
64c4c52b553721daabdbae26,10.8049846,106.6980797,0,False
6514f42f9ac8e87ef9415b0f,10.758248,106.6739961,0,False
6524f69816fc92ef78cca34b,10.7605667,106.6455865,0,False
6522873506af5c02eb339730,10.7698542,106.6844616,0,False
64c4c52b553721daabdbae24,10.740584,106.651947,0,False
64c4c52b553721daabdbae14,10.7892379,106.7028718,0,False
64c4c52b553721daabdbadee,10.6818,106.6499,-1,True
654f032afbd947d1ba51b68f,10.8125734,106.7585499,0,False
6501c837f181bf03ea1aa9c6,10.7796725,106.6815795,0,False
64c4c52b553721daabdbadea,10.7611129,106.6650937,0,False
64c4c52b553721daabdbae28,10.7634732,106.6906607,0,False
64c4c52b553721daabdbade0,10.7559899,106.7085835,0,False
64e84137d54ea638bcb4a116,10.7678061,106.6916195,0,False
652e3e9efb4ed6645c995c7e,10.8073299,106.6841561,0,False
64c4c52b553721daabdbade9,10.7721793,106.678874,0,False
65685062852af0bbec46dd6f,10.7901566,106.607188,0,False
64c4c52b553721daabdbae16,10.7436368,106.73321,0,False
65802dd401273c09fae0106a,10.8398607,106.646702,0,False
65a74cb19539e97b1626187d,10.7947934,106.6907788,0,False
65210439edc6e7ed93cbe5ac,10.7713394,106.6938312,0,False
650d16e250fdce3fe1b10012,10.7611129,106.6650937,0,False
650bfdbed9e53014149e8568,10.7833862,106.6758849,0,False
64f70713061258eb78b2b69f,10.7942292,106.7360159,0,False
64faade2e3ba32dbf7039613,10.7172241,106.6998256,0,False
64ffc19f1680ceedb2876eb2,10.8380585,106.8440609,0,False
64c4c52b553721daabdbaded,10.77405,106.689003,0,False
651d0b8ba9c2631ec9e10198,10.8062657,106.6861592,0,False
6554acdc09f80bbb53258cf4,10.7434464,106.7331899,0,False
64c4c52b553721daabdbaddd,10.8237431,106.704504,0,False
64c4c52b553721daabdbad98,10.7728508,106.6994869,0,False
6523a5cd16fc92ef78cc8cad,10.7938766,106.6931074,0,False
64cface4d97c6216cdaa26ac,10.7672125,106.699736,0,False
653b94947941accd28f99767,10.8169226,106.7872996,0,False
64c4c52b553721daabdbae35,10.8034262,106.6885919,0,False
64f026a6d54ea638bcb4bd32,10.7973992,106.6875083,0,False
64c4c52b553721daabdbade4,10.7719808,106.6046598,0,False
64c4c52b553721daabdbae2c,10.7563308,106.6655039,0,False
64c4c52b553721daabdbad99,10.7940138,106.6839723,0,False
64c4c52b553721daabdbae4f,10.7822404,106.6918671,0,False
6540f7828f5664f27d7c6cb5,10.8124605,106.758967,0,False
64c4c52b553721daabdbadb7,10.770707,106.700266,0,False
64e96049d54ea638bcb4a594,10.7862968,106.6926603,0,False
65740fba12e961a55ca02a50,10.8398607,106.646702,0,False
65102b87452644c9037c4b51,10.8048659,106.7485573,0,False
64df0c72212447b4203bddc2,10.7973992,106.6875083,0,False
6582d59557fb10f190e0f226,10.7861023,106.6242171,0,False
65b6697b2853ec33a9a3a85f,10.7922614,106.6191813,0,False
64c4c52b553721daabdbada3,10.8239354,106.7753692,0,False
64c4c52b553721daabdbae42,10.7970892,106.6407932,0,False
64d9b0f2cc7fc4cd66943cc0,10.7919083,106.730492,0,False
64c4c52b553721daabdbada1,10.8610098,106.6100775,0,False
64c4c52b553721daabdbadfd,10.807251,106.6906418,0,False
64d06d8fd97c6216cdaa2b8f,10.8225264,106.6923795,0,False
64c4c52b553721daabdbade7,10.7980035,106.7516167,0,False
64c4c52b553721daabdbadf9,10.790062,106.7096315,0,False
653673ce97e822e6c88e98fe,10.7487717,106.7033794,0,False
64c4c52b553721daabdbae40,10.7832666,106.6758429,0,False
64c4c52b553721daabdbae1c,10.8127595,106.6667345,0,False
64c4c52b553721daabdbae39,10.7436368,106.73321,0,False
6565cc0ff262a21f35ea81f1,10.8175607,106.6932991,0,False
64c4c52b553721daabdbae0e,10.7418526,106.6699966,0,False
64c9315f42731e8d62088403,10.7430801,106.6683652,0,False
64c4c52b553721daabdbae44,10.7392411,106.6130821,0,False
65125ea5452644c9037c6177,10.7774949,106.6312058,0,False
652d1da7fb4ed6645c99525d,10.7634732,106.6906607,0,False
64c4c52b553721daabdbae10,10.821672,106.7034008,0,False
64ddbbec808368aa1ed78d9a,10.7728246,106.6812047,0,False
64c4c52b553721daabdbae0c,10.7534138,106.6802515,0,False
650d2eee50fdce3fe1b10436,10.821813,106.684871,0,False
652f6b274271b1bef68fac2b,10.7849172,106.6081615,0,False
64c8a670e6da5a9aaea66fc5,10.7531509,106.6717757,0,False
64c4c52b553721daabdbadaa,10.8072815,106.6906416,0,False
65291679c57198e078778099,10.762559,106.62974,0,False
64c4c52b553721daabdbae17,10.790062,106.7096315,0,False
64c4c52b553721daabdbae2d,10.6647076,106.5711937,-1,True
650f360e452644c9037c350c,10.8454816,106.645544,0,False
64c4c52b553721daabdbae12,10.8078485,106.7045119,0,False
650c272bd547002b39c74506,10.7487259,106.7034635,0,False
6514f5069ac8e87ef9415b56,10.75811,106.6737529,0,False
64c4c52b553721daabdbae48,10.8016022,106.7942758,0,False
65277b589f3a817aaf29670a,10.778017,106.64371,0,False
64c4c52b553721daabdbae04,10.7564174,106.6769139,0,False
6554451009f80bbb53257848,10.7964026,106.6584901,0,False
6554ac9109f80bbb53258cdc,10.8058688,106.6438673,0,False
64fadb86e3ba32dbf7039a08,10.7951077,106.6436047,0,False
658c4b9f46151b63c19d3f7a,10.8124605,106.758967,0,False
657c5273d2d36e2d3741d8d2,10.7086731,106.7330205,0,False
6589798e57fb10f190e10bff,10.7086731,106.7330205,0,False
65a600909539e97b16261367,10.7445779,106.6733296,0,False
65b894e75804904ade2edac5,10.7721793,106.678874,0,False
65b72b44624c8e2168d0695d,10.851283,106.6449441,0,False
64c4c52b553721daabdbadc9,10.8072357,106.6906071,0,False
64c4c52b553721daabdbae0d,10.7558905,106.6752054,0,False
653f4a3b09fa7bc8f50138c9,10.7866091,106.7282438,0,False
650441b339a237688acc5c91,10.7607797,106.6911755,0,False
64c4c52b553721daabdbadce,10.808275,106.6732258,0,False
64c4c52b553721daabdbad95,10.8072815,106.6906193,0,False
64c4c52b553721daabdbade3,10.7883633,106.5532511,-1,True
64c4c52b553721daabdbae32,10.7611129,106.6650937,0,False
64dae0b07a2b374485fc2aa0,10.789809,106.697235,0,False
651bb49a3d40ccc43b67132d,10.7833252,106.6759803,0,False
652f6a9a4271b1bef68fab7e,10.767742,106.6696766,0,False
654322f8c3d975fe7dbe3a22,10.8121948,106.6203309,0,False
6560b4e4f262a21f35ea4f4f,10.7855225,106.7640925,0,False
64c4c52b553721daabdbae3e,10.7563308,106.6655039,0,False
652287c606af5c02eb33976f,10.7731932,106.6402458,0,False
64c4c52b553721daabdbadeb,10.763916,106.675548,0,False
655a04496334442d4839c502,10.726985,106.7122767,0,False
6550da30b2fe9632df0d389f,10.7366051,106.7333003,0,False
64c4c52b553721daabdbadba,10.7799149,106.6618226,0,False
64c4c52b553721daabdbae4c,10.8090969,106.6725611,0,False
65686859852af0bbec46df52,10.7443768,106.6734016,0,False
64cb793424a2974115b26527,10.763165,106.646501,0,False
653e58a809fa7bc8f5013371,10.8020701,106.6548634,0,False
64c4c52b553721daabdbae03,10.8073855,106.6906521,0,False
64c4c52b553721daabdbae25,10.8076427,106.6810199,0,False
64c4c52b553721daabdbae45,10.7883633,106.5532511,-1,True
65178a6e322d5c0cf180b701,10.8784533,106.7216943,0,False
651aa8bd800f3e24193873f6,10.7844162,106.6500139,0,False
64c4c52b553721daabdbade8,10.7538642,106.7053699,0,False
6564a0dcf262a21f35ea7790,10.7086731,106.7330205,0,False
64e9c7d5d54ea638bcb4ac8b,10.7374457,106.5959429,0,False
64c4c52b553721daabdbada2,10.7611129,106.6650937,0,False
6556d5a96a0125b9d7ba1685,10.7257976,106.6333152,0,False
64c4c52b553721daabdbae21,10.7533045,106.6057301,0,False
651a6dc6322d5c0cf180d31f,10.7443924,106.6459707,0,False
657bb019f20b51302c7dc80b,10.8124605,106.758967,0,False
658c4d8a46151b63c19d400b,10.7436838,106.707996,0,False
6585a1a157fb10f190e1009a,10.8079842,106.6740235,0,False
65ad2e414f4099764265559f,10.7940929,106.6379946,0,False
65b7037f2853ec33a9a3ab83,10.8355854,106.8076749,0,False
65b7494d624c8e2168d072f9,10.8139426,106.7190135,0,False
659f50cc60879d9d855a5f76,10.7805737,106.702134,0,False
65ade6904f40997642655e0e,10.7969666,106.711097,0,False
65a4e45c12c52b180d74b013,10.7901566,106.607188,0,False
64c4c52b553721daabdbad9e,10.7913229,106.6518118,0,False
64c4c52b553721daabdbae02,10.8257323,106.6343834,0,False
64d5fc41d708e9dbe89375f9,10.8041811,106.6928016,0,False
64c787f3e6da5a9aaea66b18,10.7434464,106.7331899,0,False
64fadfcce3ba32dbf7039b6d,10.7678061,106.6916195,0,False
64ec1495d54ea638bcb4b03e,10.8017336,106.7481101,0,False
6501c60cf181bf03ea1aa97f,10.814743,106.711504,0,False
6532a61897e822e6c88e839a,10.7431344,106.6847099,0,False
64f6b2832c51260331e70266,10.8294373,106.804804,0,False
64c4c52b553721daabdbadb3,10.8033394,106.6862529,0,False
654506dc00df48c3e9c2cf3a,10.7833862,106.6758849,0,False
655878d64c450e5d893bfd97,10.8327562,106.6342552,0,False
6560c240f262a21f35ea50b6,10.754138,106.7060598,0,False
65618b0df262a21f35ea5a2d,10.7703949,106.6531005,0,False
64ce242b34b7486f81d47227,10.821672,106.7034008,0,False
65166875322d5c0cf180ab1f,10.7758331,106.6874564,0,False
64c4c52b553721daabdbadf0,10.7696946,106.6187748,0,False
65352c5497e822e6c88e9023,10.7434464,106.7331899,0,False
65167e50322d5c0cf180b08e,10.7756569,106.705578,0,False
651694a2322d5c0cf180b254,10.7968033,106.6536687,0,False
64c4c52b553721daabdbadd3,10.7587549,106.6850262,0,False
64c4c52b553721daabdbadd7,10.7634732,106.6906607,0,False
64c4c52b553721daabdbae1d,10.7922593,106.6981492,0,False
64c4c52b553721daabdbadc0,10.7937543,106.7178513,0,False
64c4c52b553721daabdbadb0,10.7390173,106.7003627,0,False
64c4c52b553721daabdbadd9,10.7563308,106.6655039,0,False
64c4c52b553721daabdbade6,10.7973992,106.6875083,0,False
65424888c3d975fe7dbe32e3,10.8089557,106.7128678,0,False
651a4745322d5c0cf180c327,10.7902159,106.673198,0,False
658a417a57fb10f190e10f4a,10.7382567,106.6442717,0,False
65aa0ca2c6210fb8fd1aa529,10.7882928,106.7033801,0,False
65b1f545f2e993f3dfe84d78,10.7531382,106.6286886,0,False
64c4c52b553721daabdbae54,10.7412334,106.7332943,0,False
64e83179d54ea638bcb49f25,10.7563308,106.6655039,0,False
64c4c52b553721daabdbadb4,10.780174,106.663385,0,False
64c4c52b553721daabdbadae,10.7830831,106.6720777,0,False
64d37708d44fb648be8f2ca4,10.7697571,106.6860528,0,False
6507be0d39a237688acc68ca,10.7379331,106.6442184,0,False
6539d93b8ca97e4c0c4e5bab,10.8618393,106.6109574,0,False
64c4c52b553721daabdbae49,10.788795,106.7001109,0,False
650c4ee2d547002b39c746f5,10.8056127,106.6967852,0,False
64c4c52b553721daabdbadf6,10.7607797,106.6911755,0,False
64c4c52b553721daabdbae19,10.8073855,106.6906521,0,False
6531f48697e822e6c88e7b15,10.7946779,106.6634222,0,False
653ccfbebf08f60a7200336e,10.7678061,106.6916195,0,False
6550db54b2fe9632df0d3953,10.7086731,106.7330205,0,False
655eeb226334442d4839f66b,10.8503,106.6826697,0,False
652f70244271b1bef68fada7,10.7611129,106.6650937,0,False
6513c895452644c9037c7be6,10.7567597,106.6224417,0,False
64e86888d54ea638bcb4a2df,10.7611129,106.6650937,0,False
652783c99f3a817aaf2968e4,10.8073196,106.6905847,0,False
653bed090da17b92bd8baf42,10.7883879,106.7427143,0,False
655b33496334442d4839d3fa,10.7678061,106.6916195,0,False
6532b9d597e822e6c88e8456,10.7991369,106.6679551,0,False
6525170216fc92ef78cca7d7,10.7462692,106.6621015,0,False
655c628b6334442d4839e260,10.8337167,106.6244017,0,False
650a6ceb25b0bb2f15f65ffd,10.7534741,106.6051424,0,False
64fec5eea8ab4a4e94bffd88,10.792612,106.691154,0,False
64fecd0aa8ab4a4e94c000aa,10.7890054,106.6897142,0,False
64e9ac11d54ea638bcb4a973,10.8076284,106.7057042,0,False
64c4c52b553721daabdbad96,10.7957098,106.7161731,0,False
651a4129322d5c0cf180c1eb,10.8265968,106.6358376,0,False
64c4c52b553721daabdbae06,10.7505405,106.6802213,0,False
64c4c52b553721daabdbae01,10.8129559,106.7101728,0,False
657a746a88830ad31f11ae0b,10.815885,106.719364,0,False
6581540da5083abd7195b15c,10.7434464,106.7331899,0,False
65b86e635804904ade2ed4a4,10.82225,106.7037233,0,False
65b494073c0096cac1ea2690,10.7513377,106.6657154,0,False
65a8ec19c6210fb8fd1a9983,10.7940527,106.718425,0,False
64c4c52b553721daabdbae47,10.790062,106.7096315,0,False
655c872e6334442d4839e699,10.8149386,106.666953,0,False
64c4c52b553721daabdbadd5,10.7607797,106.6911755,0,False
65118538452644c9037c5a38,10.7241659,106.6136452,0,False
65543ff609f80bbb532576a1,10.8005306,106.6385826,0,False
64f02712d54ea638bcb4bde6,10.7563308,106.6655039,0,False
64f7026c061258eb78b2b48f,10.7678604,106.6916904,0,False
655a05986334442d4839c617,10.7279067,106.7122937,0,False
64c4c52b553721daabdbadd0,10.8298874,106.6384366,0,False
64c8badb986a0959a53901be,10.7596504,106.6734853,0,False
64e2dbb9bdd1b2d3e85f7889,10.775851,106.6874423,0,False
64c4c52b553721daabdbae23,10.7608606,106.6911646,0,False
6530b04d97e822e6c88e6444,10.7973371,106.6644143,0,False
65445fe6198243e836137840,10.7800879,106.6435149,0,False
64d9b1a4cc7fc4cd66943d0f,10.7721793,106.678874,0,False
6521c4f306af5c02eb339384,10.7607797,106.6911755,0,False
64c4c52b553721daabdbadbe,10.8339324,106.6894751,0,False
64ffe4e01680ceedb28772c9,10.7888454,106.6343688,0,False
64c4c52b553721daabdbadad,10.770707,106.700266,0,False
64c4c52b553721daabdbae34,10.7980035,106.7516167,0,False
64c4c52b553721daabdbae1f,10.8445411,106.6436976,0,False
65608c3ef262a21f35ea4ca3,10.7879424,106.6287226,0,False
6502d81039a237688acc4d04,10.6977431,106.7358344,0,False
6574375a12e961a55ca02c69,10.7445495,106.5840914,0,False
65422bdd8f5664f27d7c71f3,10.778862,106.6058394,0,False
64c4c52b553721daabdbadda,10.808275,106.6732258,0,False
6582fd7657fb10f190e0f383,10.7086731,106.7330205,0,False
657efc8301273c09fae00af3,10.8659261,106.7373498,0,False
657723b16c7512b40dd4da1b,10.8079842,106.6740235,0,False
657bf1f50874f51590317a09,10.8595757,106.623298,0,False
65a0c841cbdcf2dab653d953,10.690418,106.7027559,-1,True
65b73287624c8e2168d06b86,10.7436203,106.7070843,0,False
65b724ec624c8e2168d06423,10.7379331,106.6442184,0,False
64c4c52b553721daabdbadac,10.7665242,106.6861057,0,False
651be53aa9c2631ec9e0f74c,10.814743,106.711504,0,False
6522865306af5c02eb339682,10.748453,106.6782727,0,False
64ca25ee7c56bad8f892b4fc,10.7644345,106.6879574,0,False
6524f72016fc92ef78cca375,10.760535,106.645539,0,False
64d9b144cc7fc4cd66943cfb,10.7634732,106.6906607,0,False
64c4c52b553721daabdbae50,10.7890314,106.7003604,0,False
64c4c52b553721daabdbae53,10.7824067,106.6907694,0,False
6507b22e39a237688acc6728,10.7566324,106.6763749,0,False
64eedc4dd54ea638bcb4b644,10.7873516,106.6549048,0,False
65263644d7babb76e24f01dd,10.8115387,106.6193447,0,False
64c4c52b553721daabdbae4e,10.7505405,106.6802213,0,False
64c4c52b553721daabdbae00,10.776813,106.628359,0,False
651a484a322d5c0cf180c361,10.6977431,106.7358344,0,False
651f828a88d44bf7e0792796,10.7379331,106.6442184,0,False
64e6dfbdd54ea638bcb496f6,10.8469554,106.7543798,0,False
64c4c52b553721daabdbadc7,10.8073425,106.6905481,0,False
65464c5200df48c3e9c2da9f,10.7449402,106.6834598,0,False
65372fe0577c64ad56846b26,10.8072717,106.6906244,0,False
64c4c52b553721daabdbadfe,10.7719808,106.6046598,0,False
65114401452644c9037c560e,10.7678061,106.6916195,0,False
659e19abd56a6b4e86e2a7c8,10.7413092,106.6863136,0,False
6580fb4201273c09fae0133c,10.7781233,106.6640573,0,False
659e18dcd56a6b4e86e2a739,10.7615149,106.6836159,0,False
659f518f60879d9d855a5f9b,10.7572976,106.6296484,0,False
65b4cbbf9e91084effb9e947,10.7718716,106.6861984,0,False
64c4c52b553721daabdbae08,10.7112133,106.7044973,0,False
65544cf109f80bbb53257ef3,10.7640762,106.6139999,0,False
6538f2978ca97e4c0c4e57e2,10.790611,106.6476069,0,False
64c4c52b553721daabdbae11,10.8121033,106.6248414,0,False
6554cefc09f80bbb5325939d,10.744609,106.6731384,0,False
650d6d25b1c0f38fbf6118ec,10.7257248,106.6249251,0,False
6522be8206af5c02eb339a45,10.7634529,106.6132392,0,False
6527fff05787b2d74c947d0d,10.7459946,106.677502,0,False
6513c8fb452644c9037c7c23,10.794259,106.6468904,0,False
64c4c52b553721daabdbadd6,10.7869256,106.801873,0,False
654bcf212a27777be2862ce6,10.7524872,106.7205384,0,False
65050d7439a237688acc5de5,10.8114033,106.7113526,0,False
65581e204c450e5d893bf6a4,10.8493807,106.6648167,0,False
65559ab06a0125b9d7ba0183,10.8323364,106.5674347,-1,True
64c4c52b553721daabdbad9c,10.7228596,106.6086053,0,False
6516678b322d5c0cf180aab9,10.7580194,106.7000109,0,False
653b93827941accd28f99680,10.6991959,106.73629,0,False
64cdc8bc34b7486f81d46f72,10.8252614,106.7233142,0,False
653cd0a5bf08f60a7200343b,10.814743,106.711504,0,False
654f89beb2fe9632df0d2eaa,10.7066243,106.6196159,0,False
6573f4b312e961a55ca026f6,10.8618393,106.6109574,0,False
65596cfc4c450e5d893c04cc,10.7430717,106.6683233,0,False
658978eb57fb10f190e10afc,10.6991959,106.73629,0,False
658f789934efef1b6dc36217,10.8114662,106.6972855,0,False
6580fa7c01273c09fae0129c,10.7654638,106.6629498,0,False
658ccc6b46151b63c19d40e1,10.8398607,106.646702,0,False
6594c275c93fc5b0ee38c516,10.7973992,106.6875083,0,False
65a25dab12c52b180d74a11d,10.7321182,106.6141314,0,False
65b3297df2e993f3dfe859bb,10.8124605,106.758967,0,False
65b86df65804904ade2ed43e,10.8565543,106.6475004,0,False
65aa1296c6210fb8fd1aa633,10.8529061,106.768694,0,False
65ae326e4f4099764265698c,10.7413092,106.6863136,0,False
6522854206af5c02eb33963b,10.7697983,106.6846861,0,False
64c4c52b553721daabdbae56,10.8282835,106.6109673,0,False
64c4c52b553721daabdbadc2,10.763916,106.675548,0,False
64c4c52b553721daabdbae46,10.7473123,106.6970996,0,False
64d5aa8f0eeda711d66fe681,10.743103,106.6684056,0,False
65127fcf452644c9037c6581,10.7434464,106.7331899,0,False
64c4c52b553721daabdbae55,10.7568199,106.7173648,0,False
64c4c52b553721daabdbae51,10.8585057,106.6231889,0,False
64feb707a8ab4a4e94bff5ce,10.7999649,106.6420102,0,False
64c4c52b553721daabdbae33,10.7807226,106.6637531,0,False
64c4c52b553721daabdbae38,10.7611129,106.6650937,0,False
6528dd8ec57198e078777bb7,10.7587365,106.6767663,0,False
6523a9db16fc92ef78cc8d44,10.807251,106.6906396,0,False
654f06d2fbd947d1ba51b7d4,10.7608606,106.6911646,0,False
64c4c52b553721daabdbae22,10.80647,106.8232065,0,False
64c4c52b553721daabdbae09,10.7561334,106.6237544,0,False
64c4c52b553721daabdbae0f,10.8237431,106.704504,0,False
65150c809ac8e87ef94160d0,10.8072052,106.6906342,0,False
6552f8366bdff319bfbdafad,10.7426453,106.7267709,0,False
64fadc3fe3ba32dbf7039a1d,10.7611129,106.6650937,0,False
64c4c52b553721daabdbadfb,10.7697863,106.6187575,0,False
6531069c97e822e6c88e6e4a,10.7559866,106.7085708,0,False
656035e46334442d4839ff06,10.7808321,106.6547437,0,False
64c4c52b553721daabdbae4a,10.7453566,106.584388,0,False
652377db06af5c02eb33a3a1,10.7434464,106.7331899,0,False
64c4c52b553721daabdbad97,10.8119278,106.711819,0,False
64e2e079bdd1b2d3e85f7a62,10.748243,106.7000955,0,False
6528e0c3c57198e078777c50,10.7534741,106.6051424,0,False
651fb0dc88d44bf7e0793116,10.8049908,106.6865703,0,False
655d60506334442d4839eda3,10.7382567,106.6442717,0,False
650fbe59452644c9037c3a5a,10.8806268,106.6305037,0,False
659ddbc0d56a6b4e86e2a417,10.8398607,106.646702,0,False
657944729b6741ad23d8641c,10.7998998,106.7124642,0,False
658cedf946151b63c19d4433,10.7717866,106.6861363,0,False
6577221f6c7512b40dd4d96e,10.8447532,106.7988722,0,False
658d033146151b63c19d46e8,10.8618393,106.6109574,0,False
657944039b6741ad23d86350,10.7998998,106.7124642,0,False
65b09cbdd90939ea567323e4,10.852588,106.654083,0,False
65b3757ef2e993f3dfe86087,10.779874,106.6706151,0,False
65ad3ae24f40997642655610,10.7973371,106.6644143,0,False
65b6681c2853ec33a9a3a819,10.7626059,106.6178205,0,False
65b693212853ec33a9a3a8cd,10.7559866,106.7085708,0,False
65b696ff2853ec33a9a3a9fc,10.7890867,106.6759565,0,False
64c4c52b553721daabdbaddf,10.7434464,106.7331899,0,False
65166bd6322d5c0cf180ac3c,10.775998,106.687491,0,False
64c4c52b553721daabdbae07,10.7534138,106.6802515,0,False
65210658edc6e7ed93cbe5d9,10.7440262,106.6731681,0,False
650bac8dd9e53014149e7f8b,10.7578369,106.6595211,0,False
64c4c52b553721daabdbae36,10.763916,106.675548,0,False
650134c9f181bf03ea1a93c4,10.7893906,106.7445294,0,False
64c4c52b553721daabdbadbc,10.7208737,106.701922,0,False
64d07a7a0b29ee5d076efd12,10.7957735,106.7193655,0,False
6511a98b452644c9037c5ab5,10.814743,106.711504,0,False
65352d6897e822e6c88e90c6,10.7866091,106.7282438,0,False
64c4c52b553721daabdbadc8,10.7434464,106.7331899,0,False
64c4c52b553721daabdbadc3,10.7611129,106.6650937,0,False
6556be0a6a0125b9d7ba1249,10.7086731,106.7330205,0,False
64c4c52b553721daabdbae2a,10.8385882,106.8313604,0,False
64c4c52b553721daabdbae3b,10.7728246,106.6812047,0,False
64d3b28fd44fb648be8f2ec3,10.7563308,106.6655039,0,False
650d233b50fdce3fe1b1021f,10.7624638,106.6161097,0,False
64c4c52b553721daabdbadf2,10.760994,106.63824,0,False
6530af2997e822e6c88e63b5,10.7457047,106.6407167,0,False
64c4c52b553721daabdbad92,10.7973992,106.6875083,0,False
6573f45a12e961a55ca026cd,10.7973992,106.6875083,0,False
654620c700df48c3e9c2d484,10.8158722,106.8247491,0,False
64c4c52b553721daabdbadbb,10.7980035,106.7516167,0,False
64e9612dd54ea638bcb4a5c6,10.7952896,106.7074202,0,False
65802e6901273c09fae0109d,10.8079842,106.6740235,0,False
65b32a18f2e993f3dfe85a66,10.8398607,106.646702,0,False
65b65d4b2853ec33a9a3a7ac,10.757623,106.644263,0,False
65bb1ab156d4f5d21ff841dd,10.8043235,106.6382394,0,False
65bb248856d4f5d21ff849dd,10.7753482,106.6832263,0,False
65b8b1fe5804904ade2ee052,10.8636892,106.6135934,0,False
65b9c3f25804904ade2eeb11,10.7611129,106.6650937,0,False
65bb19f456d4f5d21ff841a4,10.7779823,106.6800095,0,False
65bb1c4b56d4f5d21ff842cb,10.7701586,106.6882704,0,False
65bb1d7b56d4f5d21ff84496,10.8380476,106.6302413,0,False
65bc4acee5fd84b5ca81d3e9,10.7595938,106.6790285,0,False
65bc4d20e5fd84b5ca81d5a1,10.7513377,106.6657154,0,False
65c02ea336006e25edcd3db9,10.7686209,106.6682658,0,False
65c19539dcd755b0ef5a5611,10.8329966,106.5936785,0,False
65d2b9ec347c9179ee9be731,10.8284348,106.7031302,0,False
65c1aad2dcd755b0ef5a5b9d,10.7537544,106.645045,0,False
65bb5c9ee7c73caad5aa8d68,10.761809,106.6871019,0,False
65bb92cae7c73caad5aa9736,10.7889153,106.7680538,0,False
65bb94a4e7c73caad5aa98ed,10.84021,106.67031,0,False
65bc73d1e5fd84b5ca81dd10,10.780987,106.6984947,0,False
65d02e66f08445c628eacdbf,10.7718716,106.6861984,0,False
65c07f42282472f3b268d402,10.8061822,106.6666893,0,False
65c1b86e428b469dc45f7008,10.808902,106.7784804,0,False
65d2da90347c9179ee9bf023,10.844165,106.6663393,0,False
65b9bf3d5804904ade2ee9fb,10.8398607,106.646702,0,False
65ba50245804904ade2f01de,10.7764558,106.6317668,0,False
65bee209573936e36a309b27,10.7865605,106.6030555,0,False
65bc4b9ce5fd84b5ca81d49f,10.7595938,106.6790285,0,False
65b909c75804904ade2ee606,10.8441125,106.7407742,0,False
65bb93d3e7c73caad5aa9782,10.7566324,106.6763749,0,False
65c11d78dcd755b0ef5a5202,10.7969666,106.711097,0,False
65c1c920623505b48dfc3f98,10.7700203,106.6513397,0,False
65d028f6f08445c628eacc3d,10.780519,106.6383909,0,False
65cd9584f08445c628eaabbb,10.7077169,106.7332669,0,False
65d074a3347c9179ee9bd466,10.7973992,106.6875083,0,False
65c1b6d0428b469dc45f6ea5,10.8572779,106.7245584,0,False
65c2043850a7e3eb060aaf67,10.7430142,106.6817655,0,False
65c080b2282472f3b268d4d2,10.8045118,106.7290565,0,False
65bc72c4e5fd84b5ca81dc23,10.7687353,106.6786136,0,False
65c1fc0e50a7e3eb060aadfc,10.7626059,106.6178205,0,False
65bf3a33573936e36a30a265,10.7882928,106.7033801,0,False
65c1b8f1428b469dc45f7424,10.7670099,106.6493368,0,False
65c1a9c2dcd755b0ef5a59f6,10.7538642,106.7053699,0,False
65bc4c88e5fd84b5ca81d56b,10.7366051,106.7333003,0,False
65b9be075804904ade2ee98b,10.7686209,106.6682658,0,False
65b9c5865804904ade2eec0d,10.8030446,106.7295339,0,False
65bc4f0be5fd84b5ca81d6c3,10.7718716,106.6861984,0,False
65bc77aae5fd84b5ca81df98,10.7737308,106.7272505,0,False
65bdad04573936e36a308c52,10.7535583,106.6803901,0,False
65c09641282472f3b268dea3,10.7558656,106.6367635,0,False
65c0c350282472f3b268e9b0,10.8618393,106.6109574,0,False
65c1fc6750a7e3eb060aae40,10.7678061,106.6916195,0,False
65d2c000347c9179ee9be87d,10.844165,106.6663393,0,False
65ba19735804904ade2efa45,10.8312865,106.6352356,0,False
65bc495ee5fd84b5ca81d33c,10.7686209,106.6682658,0,False
65bc7416e5fd84b5ca81dd97,10.8019171,106.6522494,0,False
65bee38e573936e36a309ba5,10.8034323,106.6784487,0,False
65bb4d89e7c73caad5aa8b91,10.7931149,106.639837,0,False
65c1dcc850a7e3eb060aa693,10.7941515,106.7047726,0,False
65bc735ee5fd84b5ca81dc7f,10.8076808,106.6826805,0,False
65bf2bf2573936e36a309e91,10.753254,106.6413649,0,False
65bded25573936e36a309530,10.8261898,106.7223835,0,False
65d19d1c347c9179ee9be096,10.8323364,106.5674347,-1,True
65c094a0282472f3b268dd48,10.788795,106.7001109,0,False
65d0428a347c9179ee9bd005,10.7686209,106.6682658,0,False
65bc7281e5fd84b5ca81dbcb,10.7726825,106.6936312,0,False
65c05b4d36006e25edcd4e90,10.7618783,106.6828098,0,False
65c1b8b3428b469dc45f72e6,10.7919381,106.7457236,0,False
65ceddf8f08445c628eabbc8,10.8746794,106.6119273,0,False
65d2bd0b347c9179ee9be7c5,10.844165,106.6663393,0,False
65c066ba36006e25edcd53d5,10.8457595,106.7245182,0,False
65bc4e2ce5fd84b5ca81d688,10.7392483,106.6785711,0,False
65bf285b573936e36a309e01,10.800429,106.66258,0,False
65bb1bf656d4f5d21ff84295,10.7951999,106.7327976,0,False
65bb0ef956d4f5d21ff8403c,10.7671103,106.6901569,0,False
65d02943f08445c628eacc92,10.7686209,106.6682658,0,False
65d08487347c9179ee9bd7b3,10.7380853,106.6792506,0,False
65bf2ca0573936e36a309fed,10.813544,106.6848143,0,False
65bca7650000d952180d849d,10.753254,106.6413649,0,False
65c045b136006e25edcd4219,10.79132,106.6277028,0,False
65d2eb7e347c9179ee9bf8eb,10.8775848,106.8016196,0,False
65c1ab3cdcd755b0ef5a5d71,10.7849781,106.659377,0,False
65c1d89a50a7e3eb060aa4fb,10.8169816,106.7747274,0,False
65d1b857347c9179ee9be222,10.844165,106.6663393,0,False
65bcaf880000d952180d8714,10.770707,106.700266,0,False
65bb1b8556d4f5d21ff84231,10.818876,106.6336083,0,False
65bb22d556d4f5d21ff848c3,10.8302749,106.6189626,0,False
65bcd1340000d952180d8c64,10.8000073,106.6466388,0,False
65c1097edcd755b0ef5a4e1d,10.844165,106.6663393,0,False
65cecb1ef08445c628eab9b0,10.844165,106.6663393,0,False
65cee4a5f08445c628eabc58,10.7855857,106.6010269,0,False
65d2d121347c9179ee9bee95,10.844165,106.6663393,0,False
65bf2bde573936e36a309e7e,10.8114662,106.6972855,0,False
65c0605536006e25edcd521a,10.7566035,106.7024815,0,False
65c1d56650a7e3eb060aa2e3,10.8414516,106.8217559,0,False
65cd972cf08445c628eaada1,10.7513377,106.6657154,0,False
65c0530336006e25edcd4a66,10.8529719,106.6097115,0,False
65bf2b97573936e36a309e57,10.7799149,106.6618226,0,False
65ba37385804904ade2efd7c,10.8037387,106.6670959,0,False
65bc9bdf0000d952180d807f,10.8391547,106.6803105,0,False
65b9bea25804904ade2ee9b1,10.8124605,106.758967,0,False
65b9c08f5804904ade2eea89,10.7601344,106.6574423,0,False
65b9d69a5804904ade2ef175,10.7479262,106.6368353,0,False
65bb1e6a56d4f5d21ff845b3,10.7484414,106.6097075,0,False
65c05bfa36006e25edcd4fc0,10.7675194,106.6961721,0,False
65cd952ef08445c628eaab8d,10.8124605,106.758967,0,False
65cd9673f08445c628eaad02,10.7507438,106.6783844,0,False
65c02f0e36006e25edcd3dda,10.7077169,106.7332669,0,False
65c0748a282472f3b268d0e1,10.9028304,106.5534031,-1,True
65bb1d4b56d4f5d21ff843ad,10.7608037,106.6813982,0,False
65c061c336006e25edcd5283,10.7392483,106.6785711,0,False
65db6532357791dc78663562,10.844165,106.6663393,0,False
65d701c8f37384db2e795832,10.7366051,106.7333003,0,False
65d3f8bdc2399371767b090e,10.7649519,106.692988,0,False
65d43bbe9ad6745b97ca9960,10.7208688,106.7020676,0,False
65d6d4e4f37384db2e794ea0,10.8470989,106.6525916,0,False
65d74727f37384db2e79607c,10.844165,106.6663393,0,False
65d41adbc2399371767b1415,10.7077169,106.7332669,0,False
65d5af899ad6745b97cac0d7,10.7389136,106.6586233,0,False
65d96963357791dc78662496,10.780519,106.6383909,0,False
65d5711a9ad6745b97caabea,10.7718716,106.6861984,0,False
65d8c888357791dc78661d55,10.844165,106.6663393,0,False
65d831e3f37384db2e7969b0,10.7703949,106.6531005,0,False
65d8676df37384db2e79714b,10.7898265,106.6565119,0,False
65d5b8979ad6745b97cac2d5,10.7989,106.689601,0,False
65d3091ac2399371767af97c,10.8380171,106.6353509,0,False
65d8c7a8357791dc78661d1c,10.844165,106.6663393,0,False
65d70473f37384db2e795a0a,10.852588,106.654083,0,False
65d41a14c2399371767b12bc,10.844165,106.6663393,0,False
65d6c10df37384db2e794657,10.776876,106.628365,0,False
65d8c80a357791dc78661d3e,10.844165,106.6663393,0,False
65d81bf2f37384db2e7966c7,10.7077169,106.7332669,0,False
65d4680d9ad6745b97caa363,10.7833991,106.6210004,0,False
65d5e1265d0a0b79aab0d44d,10.844165,106.6663393,0,False
65d6c0daf37384db2e7945ec,10.776876,106.628365,0,False
65d55c289ad6745b97caa917,10.844165,106.6663393,0,False
65d570b79ad6745b97caabab,10.8124605,106.758967,0,False
65d5e13a5d0a0b79aab0d465,10.844165,106.6663393,0,False
65d4165ac2399371767b0efc,10.8398607,106.646702,0,False
65d6ad5cf37384db2e7943a4,10.7434464,106.7331899,0,False
65dc6b7ea5c5198209d1d766,10.8226139,106.6306385,0,False
65d968c3357791dc7866242b,10.776876,106.628365,0,False
65db5404357791dc786634c3,10.844165,106.6663393,0,False
65d35744c2399371767b0005,10.844165,106.6663393,0,False
65d30429c2399371767af8b3,10.768077,106.5951817,0,False
65d8681ff37384db2e797203,10.7928032,106.7053,0,False
65d5e0fd5d0a0b79aab0d426,10.844165,106.6663393,0,False
65d575cd9ad6745b97cab228,10.790204,106.7539787,0,False
65d74705f37384db2e796060,10.844165,106.6663393,0,False
65d3fc4dc2399371767b0afa,10.8714105,106.6831864,0,False
65dc06b6357791dc78663a87,10.7731709,106.7525623,0,False
65d419d1c2399371767b1281,10.7587555,106.6622208,0,False
65d5744e9ad6745b97caae33,10.7917902,106.6999067,0,False
65db5416357791dc786634db,10.844165,106.6663393,0,False
65d3f83ac2399371767b077b,10.8635046,106.6134023,0,False
65d96994357791dc786624cd,10.7476715,106.6907841,0,False
65d746caf37384db2e796045,10.844165,106.6663393,0,False
65d571a19ad6745b97caac25,10.7392483,106.6785711,0,False
65d6c77bf37384db2e7948a7,10.7595938,106.6790285,0,False
65d31da7c2399371767afbf7,10.8395511,106.6337353,0,False
65d41a7ac2399371767b13e9,10.7476715,106.6907841,0,False
65d6cc23f37384db2e794b9b,10.7507438,106.6783844,0,False
65d5a4c69ad6745b97cabdaa,10.7740848,106.6665616,0,False
65dcc434b660cdbe797f6005,10.844165,106.6663393,0,False
65d81bc1f37384db2e796690,10.7718716,106.6861984,0,False
65d8c899357791dc78661d72,10.844165,106.6663393,0,False
65dd5f27b660cdbe797f6d9d,10.7077169,106.7332669,0,False
65deace89422b0c6cdad04b1,10.8124605,106.758967,0,False
65debd4eb695ce690730f6fa,10.772482,106.797429,-1,True
65e699dc625b5f3a104a1b1e,10.7587555,106.6622208,0,False
65dcc47cb660cdbe797f6030,10.844165,106.6663393,0,False
65e69817625b5f3a104a190a,10.7718716,106.6861984,0,False
65deb678b695ce690730f45e,10.7732998,106.668644,0,False
65e8010d33f89d12f1cd2364,10.8189515,106.6376155,0,False
65ee8f729d4d9618852edc39,10.8435893,106.6674247,0,False
65ebeb8ac95b44438437df2e,10.7944793,106.6575492,0,False
65efd2dedfdb6cd659fca797,10.8435893,106.6674247,0,False
65edec139d4d9618852ed09b,10.8158722,106.8247491,0,False
65e1555cf632619df9c15c3b,10.7718716,106.6861984,0,False
65dd5ff5b660cdbe797f6f1b,10.7499526,106.6365678,0,False
65e0237a939521e6c87d020d,10.8018492,106.7362259,0,False
65e7fca433f89d12f1cd1f83,10.7686209,106.6682658,0,False
65dff0c72b62031dc4562dd1,10.7754461,106.7038779,0,False
65e04c95939521e6c87d0fd3,10.8078943,106.6656346,0,False
65efd205dfdb6cd659fca619,10.7718716,106.6861984,0,False
65ee7f239d4d9618852ed93c,10.7434464,106.7331899,0,False
65efd417dfdb6cd659fca875,10.7370076,106.7044554,0,False
65ea84538fecdc6abd0fef24,10.7663831,106.6814539,0,False
65f00839dfdb6cd659fcb467,10.830262,106.730161,0,False
65df0a8940d7e93bed717d0b,10.839909,106.7329778,0,False
65e56be0625b5f3a104a06f0,10.7883616,106.6991972,0,False
65e7149aa25037fcea42ad17,10.844165,106.6663393,0,False
65efef53dfdb6cd659fcae94,10.8276717,106.7029371,0,False
65de9fe29422b0c6cdad0278,10.816533,106.6893508,0,False
65dead1c9422b0c6cdad04f9,10.7718716,106.6861984,0,False
65e05458939521e6c87d13c2,10.790704,106.7201741,0,False
65e7fdc233f89d12f1cd2089,10.7476715,106.6907841,0,False
65eaa63a8fecdc6abd0ffbf2,10.7595938,106.6790285,0,False
65eaa93d8fecdc6abd0ffe3a,10.81517,106.7111437,0,False
65eff15edfdb6cd659fcb053,10.8704859,106.7175692,0,False
65ebd387c95b44438437d8d2,10.7704021,106.6838419,0,False
65e2e6cc625b5f3a1049e95f,10.7168092,106.7039138,0,False
65e5d6c3625b5f3a104a13da,10.6930643,106.6562966,-1,True
65e69a26625b5f3a104a1b48,10.7379331,106.6442184,0,False
65e1be97a332384ead88e655,10.844165,106.6663393,0,False
65eae9d62a6a160ae89536fb,10.843983,106.6480544,0,False
65e9db238fecdc6abd0fea07,10.8229449,106.6894824,0,False
65ebd41ac95b44438437d945,10.7081508,106.7327608,0,False
65ea87e18fecdc6abd0ff0b8,10.871701,106.6547479,0,False
65e994b1219f5827eaef3df3,10.8771448,106.8006198,0,False
65ebd669c95b44438437da18,10.780519,106.6383909,0,False
65dd4cd2b660cdbe797f6965,10.7611129,106.6650937,0,False
65dd5ef3b660cdbe797f6d73,10.7392483,106.6785711,0,False
65de8dae9422b0c6cdad0006,10.7208688,106.7020676,0,False
65e69970625b5f3a104a1ad2,10.7809408,106.6233165,0,False
65e2b631a332384ead88ef82,10.7920386,106.6786231,0,False
65ded09140d7e93bed7174de,10.844165,106.6663393,0,False
65dd40e3b660cdbe797f6518,10.8101359,106.6693973,0,False
65ea88d38fecdc6abd0ff1de,10.776876,106.628365,0,False
65dd368fb660cdbe797f6314,10.771706,106.6808522,0,False
65e03718939521e6c87d0732,10.8117689,106.691842,0,False
65ea7f3f8fecdc6abd0fee07,10.8435893,106.6674247,0,False
65e2f130625b5f3a1049ec3c,10.7718694,106.6076404,0,False
65e495d6625b5f3a1049fd36,10.8714105,106.6831864,0,False
65e7c90633f89d12f1cd1934,10.8636892,106.6135934,0,False
65eff08ddfdb6cd659fcafbf,10.8318767,106.6989784,0,False
65ee6a1b9d4d9618852ed3d5,10.8465301,106.8367888,0,False
65eff699dfdb6cd659fcb1e0,10.7481918,106.6824078,0,False
65ea900f8fecdc6abd0ff58c,10.8435893,106.6674247,0,False
65ec067cc95b44438437e848,10.7946614,106.7449456,0,False
65eec8fd9d4d9618852ee24a,10.7729786,106.6700467,0,False
65e56c3a625b5f3a104a08c1,10.843983,106.6480544,0,False
65e57cfe625b5f3a104a0bfc,10.7381595,106.6792039,0,False
65e935e6219f5827eaef31b2,10.7392483,106.6785711,0,False
65ebdc9cc95b44438437db73,10.7718716,106.6861984,0,False
65e1beb3a332384ead88e66d,10.844165,106.6663393,0,False
65dfe5da2b62031dc4562af7,10.8226912,106.6294297,0,False
65e7fcee33f89d12f1cd1fcc,10.7077169,106.7332669,0,False
65dfe5962b62031dc4562943,10.7331241,106.7287666,0,False
65e2d8dd625b5f3a1049e793,10.8386602,106.6298036,0,False
65e97bd6219f5827eaef39f5,10.776876,106.628365,0,False
65eaa0c38fecdc6abd0ff954,10.8435893,106.6674247,0,False
65e2b54da332384ead88ee36,10.7365983,106.7334646,0,False
65e155eff632619df9c15c89,10.780519,106.6383909,0,False
65dd79f2e167fc53154863a3,10.844165,106.6663393,0,False
65e2f17e625b5f3a1049edf3,10.8300687,106.727858,0,False
65e93575219f5827eaef316e,10.8124605,106.758967,0,False
65eaa0b18fecdc6abd0ff93c,10.8435893,106.6674247,0,False
65e7146ea25037fcea42acfa,10.844165,106.6663393,0,False
65ea88498fecdc6abd0ff12a,10.782501,106.704381,0,False
65e15a38f632619df9c15d8d,10.7077169,106.7332669,0,False
65dd602fb660cdbe797f6f33,10.7685975,106.6682524,0,False
65e934f9219f5827eaef30b8,10.7432706,106.683875,0,False
65e15630f632619df9c15cd2,10.7686209,106.6682658,0,False
65efd2efdfdb6cd659fca7b2,10.8435893,106.6674247,0,False
65eaa6b28fecdc6abd0ffc7d,10.7365983,106.7334646,0,False
65f7b6f7b0848ea5814211f2,10.8386602,106.6298036,0,False
65fbbc4ce794149410fe98a0,10.8636892,106.6135934,0,False
6604f16cf034f46ed299636a,10.8435893,106.6674247,0,False
66011a1a4aa86edeaa72c1c1,10.7434464,106.7331899,0,False
66023d694aa86edeaa72cd95,10.7476715,106.6907841,0,False
65f523fdbeb0eb838920a83a,10.780519,106.6383909,0,False
65fa586be794149410fe742a,10.7786526,106.6688418,0,False
65fcf529424ff7c6f1fb6df0,10.7082352,106.7328669,0,False
65fcf561424ff7c6f1fb6e0c,10.7513377,106.6657154,0,False
6602aa3a4aa86edeaa72db7f,10.735154,106.7308939,0,False
65fceb0a424ff7c6f1fb6b8d,10.7454813,106.665963,0,False
6603df824aa86edeaa72f308,10.7371699,106.6699733,0,False
65fe4da25e424e204233ab7d,10.780519,106.6383909,0,False
6604ee0cf034f46ed2996113,10.7595938,106.6790285,0,False
65f129bbdfdb6cd659fcc53b,10.8435893,106.6674247,0,False
65f27ba7beb0eb83892062a1,10.7932291,106.7076679,0,False
65fa827be794149410fe8198,10.8119278,106.711819,0,False
6600ffaf4aa86edeaa72bcb5,10.8370469,106.6561907,0,False
65fe59fb5e424e204233adff,10.8435893,106.6674247,0,False
6600efb74aa86edeaa72b972,10.7943804,106.6222772,0,False
65fe81214aa86edeaa72a736,10.852588,106.654083,0,False
66027cac4aa86edeaa72d772,10.7539175,106.7053208,0,False
660145424aa86edeaa72c849,10.8114662,106.6972855,0,False
65fd2442424ff7c6f1fb79d4,10.8540614,106.6516287,0,False
6600fbc24aa86edeaa72bad8,10.776876,106.628365,0,False
65f275c2beb0eb8389205ffc,10.7379331,106.6442184,0,False
65f3cd63beb0eb8389208f1d,10.7917902,106.6999067,0,False
65f3bd1fbeb0eb8389208274,10.7718716,106.6861984,0,False
65f11cc0dfdb6cd659fcc243,10.7389136,106.6586233,0,False
65f27106beb0eb8389205e68,10.7082352,106.7328669,0,False
65f47516beb0eb8389209dc1,10.8435893,106.6674247,0,False
65fa814ce794149410fe7f56,10.7969154,106.7121906,0,False
65fd0c8b424ff7c6f1fb7559,10.9356609,106.5217692,-1,True
65fe4d295e424e204233ab69,10.7718716,106.6861984,0,False
6604ee54f034f46ed299612a,10.7809408,106.6233165,0,False
65f27655beb0eb8389206059,10.7432706,106.683875,0,False
65f3ba55beb0eb838920805f,10.7595938,106.6790285,0,False
65f55eaebeb0eb838920b5b7,10.7619955,106.6870256,0,False
65fcf825424ff7c6f1fb6fca,10.7379331,106.6442184,0,False
65fd5c31424ff7c6f1fb8024,10.839909,106.7329778,0,False
65f96eaf04647c70b759d5df,10.8435893,106.6674247,0,False
65f510c5beb0eb838920a246,10.776876,106.628365,0,False
66038cf04aa86edeaa72e48e,10.7718716,106.6861984,0,False
6603b25b4aa86edeaa72ed4b,10.7969666,106.711097,0,False
6600eeac4aa86edeaa72b928,10.7082352,106.7328669,0,False
65fd69ff424ff7c6f1fb8220,10.8642907,106.6227668,0,False
6603b1974aa86edeaa72ed39,10.7568045,106.6620507,0,False
65f7b4f3b0848ea581421016,10.852588,106.654083,0,False
65f29af5beb0eb8389206af7,10.7566035,106.7024815,0,False
65f29d21beb0eb8389206bc4,10.7430717,106.6683233,0,False
65f54f9fbeb0eb838920b140,10.7951999,106.7327976,0,False
65f2bed2beb0eb83892072fc,10.8041934,106.707745,0,False
660381b14aa86edeaa72dfff,10.8435893,106.6674247,0,False
6604e50ef034f46ed2995f12,10.7082352,106.7328669,0,False
65f7ba5fb0848ea581421433,10.7082352,106.7328669,0,False
65f29dacbeb0eb8389206d82,10.80678,106.648363,0,False
65fba32ce794149410fe954c,10.8435893,106.6674247,0,False
66038f074aa86edeaa72e524,10.7379331,106.6442184,0,False
65fb1192e794149410fe924b,10.8435893,106.6674247,0,False
65fdafae5e424e204233a7a8,10.7091578,106.5998448,0,False
6604c6b2f034f46ed29956d5,10.8650447,106.7307634,0,False
65fa7fdee794149410fe7ed6,10.7809408,106.6233165,0,False
65f901258a47c192661d455a,10.8043856,106.6416221,0,False
6600eda14aa86edeaa72b8d8,10.782501,106.704381,0,False
65fbc16ce794149410fe9b08,10.7611129,106.6650937,0,False
65f96ec904647c70b759d5fa,10.8435893,106.6674247,0,False
65f906008a47c192661d4763,10.7956671,106.6613102,0,False
65f7baabb0848ea58142146d,10.8435893,106.6674247,0,False
65f129cddfdb6cd659fcc556,10.8435893,106.6674247,0,False
65f3101cbeb0eb8389207c56,10.8040056,106.6813024,0,False
65f72730b0848ea5814209c5,10.7752896,106.6735169,0,False
65f7b536b0848ea58142104b,10.7718716,106.6861984,0,False
6604e4cff034f46ed2995f04,10.8124605,106.758967,0,False
66011a854aa86edeaa72c1d3,10.8014712,106.6416118,0,False
6603b1314aa86edeaa72ec75,10.7091578,106.5998448,0,False
65f29a7ebeb0eb8389206a95,10.7718716,106.6861984,0,False
65f685adb0848ea58142026d,10.8618393,106.6109574,0,False
65f7e7c013ed362bc71d5cb0,10.7559838,106.7038542,0,False
65fa5915e794149410fe74e3,10.8398607,106.646702,0,False
65f2e3cdbeb0eb8389207a81,10.8435893,106.6674247,0,False
65fa56e3e794149410fe70f7,10.7718716,106.6861984,0,False
65fa57b4e794149410fe7286,10.7515523,106.6986905,0,False
65fbd25be794149410fea134,10.7727751,106.5836303,0,False
6602559e4aa86edeaa72d0a6,10.8041736,106.7076985,0,False
66038a224aa86edeaa72e3da,10.7932291,106.7076679,0,False
65f52276beb0eb838920a7a7,10.844087,106.767859,0,False
65f552f5beb0eb838920b27d,10.7986229,106.70017,0,False
65f7b4a1b0848ea581420ff5,10.8124605,106.758967,0,False
65fcf4ec424ff7c6f1fb6db6,10.776876,106.628365,0,False
6600feda4aa86edeaa72bb7f,10.8435893,106.6674247,0,False
6602423f4aa86edeaa72ce85,10.7404509,106.6981492,0,False
65f3eaa0beb0eb83892093ed,10.7476715,106.6907841,0,False
65fa81f5e794149410fe7f6b,10.7721793,106.678874,0,False
65fe6fef4aa86edeaa72a3d7,10.7209622,106.6230114,0,False
66023d984aa86edeaa72cda3,10.7686209,106.6682658,0,False
65fe5a0d5e424e204233ae1a,10.8435893,106.6674247,0,False
65f5526abeb0eb838920b1b5,10.7671103,106.6901569,0,False
65f54fc6beb0eb838920b162,10.8321361,106.6783726,0,False
65f8fe87a9fb32ac00ecb621,10.8589313,106.6306391,0,False
6600ee464aa86edeaa72b8f0,10.7808424,106.702319,0,False
6602c32a4aa86edeaa72dd96,10.7437375,106.6143482,0,False
65fe786d4aa86edeaa72a64f,10.8429923,106.6523616,0,False
66023d3f4aa86edeaa72cd84,10.776876,106.628365,0,False
65f2e3dcbeb0eb8389207a9c,10.8435893,106.6674247,0,False
65f3c31bbeb0eb83892085bd,10.7686209,106.6682658,0,False
65f1d9698863f9257ab689fd,10.81517,106.7111437,0,False
65f27063beb0eb8389205d8d,10.7487501,106.7006861,0,False
6604d84ef034f46ed2995bfb,10.8435893,106.6674247,0,False
65fd5517424ff7c6f1fb7fb4,10.788795,106.7001109,0,False
6603b10f4aa86edeaa72ec61,10.7689214,106.680431,0,False
66078b6094281ab778cf22f5,10.776876,106.628365,0,False
660e136dad7887547b68a1ba,10.8492467,106.5985645,0,False
660f6ce41a314e877693f7d7,10.7082352,106.7328669,0,False
660a5f109f40c96003320a71,10.6621018,106.5689036,-1,True
660a65949f40c96003320c21,10.7795183,106.6693038,0,False
660fd4bc1a314e877694111f,10.7898265,106.6565119,0,False
6618b22e29cc074b1011bc14,10.8435893,106.6674247,0,False
66160c78671f03014130eb14,10.879666,106.6275403,0,False
6622193ba3fe6575ec765f9c,10.8578157,106.6400267,0,False
6625d726a43812eb5bf90b9d,10.7082352,106.7328669,0,False
6625d7dba43812eb5bf90bed,10.789609,106.7299288,0,False
6625daa0a43812eb5bf90f24,10.7385869,106.7180129,0,False
66288744dcd77c2b73bb0a4a,10.8435893,106.6674247,0,False
662b3a15f9a546b0b87b8bb7,10.7882928,106.7033801,0,False
662b95ebf9a546b0b87ba29e,10.786414,106.677868,0,False
662c8204f9a546b0b87baec8,10.7397283,106.6358594,0,False
662f1d58171c0a4bf686ca8b,10.7401542,106.6785084,0,False
66345daac797695760aed6f6,10.7716134,106.6865374,0,False
66346008c797695760aed8cb,10.7634529,106.6132392,0,False
6635adfec797695760aeee13,10.7228536,106.7416486,0,False
66379f1827df1863216a4ff7,10.7541156,106.6814002,0,False
6639874dfd49f746f21634b6,10.7203798,106.7033471,0,False
663c3a3b568ce211f484c4e0,10.7461122,106.6376773,0,False
663ee68c06ec360644a08cfa,10.7716134,106.6865374,0,False
664ac5bbf02edf975f7d15c4,10.7294742,106.6802929,0,False
66540faae847739e08b3d2f2,10.803883,106.624072,0,False
66541fc4e847739e08b3dec7,10.8625122,106.803857,0,False
66542ed5e847739e08b3e472,10.7660067,106.6355086,0,False
6655611ee847739e08b40b5a,10.8435893,106.6674247,0,False
665a9770a7b31f62c9efb105,10.7496697,106.6509839,0,False
66618927b6fcee74f065fe54,10.8618393,106.6109574,0,False
660a56209f40c96003320732,10.7293119,106.706115,0,False
660e157fad7887547b68a214,10.7884938,106.7194096,0,False
6610da0e3245d81de46de407,10.9356509,106.5218363,-1,True
661f3b471e5919e9a46618ab,10.7767827,106.6547571,0,False
661c9f4c2f0e077a3cd4b408,10.8139056,106.7102348,0,False
6621fbbaa3fe6575ec765180,10.8435893,106.6674247,0,False
6625f5d2a43812eb5bf91d4f,10.8119278,106.711819,0,False
66274e43b0f768b2bd2920b2,10.740643,106.6423669,0,False
66308ecbc32acc762d93020e,10.8003172,106.6924832,0,False
663c3ad8568ce211f484c50d,10.7716134,106.6865374,0,False
663dc06706ec360644a0585f,10.8578157,106.6400267,0,False
6640512a06ec360644a0aa2a,10.7541945,106.6169169,0,False
6642fc7d66a8ee5966e4a601,10.7568677,106.6687151,0,False
6642fd4966a8ee5966e4a973,10.7666799,106.6749505,0,False
66432458161c864aa93da279,10.8570445,106.7575904,0,False
664593338941c947243a255c,10.7478056,106.728784,0,False
664836d8deaf302836f9052e,10.8435893,106.6674247,0,False
66500a31f1a792c552f59fb1,10.8099062,106.6924406,0,False
66540619e847739e08b3d19a,10.789991,106.6278167,0,False
665951c8a7b31f62c9ef91e0,10.7661527,106.6752183,0,False
665e9bb201dc922c142facfb,10.7510475,106.6963753,0,False
6663e6f74716c9653e9f2ad2,10.8775848,106.8016196,0,False
666691e8bb9619f5c265af1e,10.7710372,106.6681462,0,False
660631a7ffe33e797a000ad4,10.7808424,106.702319,0,False
660a33299f40c9600331ff06,10.7322542,106.6866982,0,False
660f69be1a314e877693f6b4,10.7432706,106.683875,0,False
660b9460a899dbe83ee3cc2c,10.7844162,106.6500139,0,False
660a32279f40c9600331feaa,10.7718716,106.6861984,0,False
66111e0737ac03251285bbd2,10.8479551,106.778289,0,False
6618a85629cc074b1011b7b5,10.7808424,106.702319,0,False
661e13e51e5919e9a4660657,10.8586829,106.6522357,0,False
6621e371a3fe6575ec764558,10.7774045,106.602537,0,False
66249882e50fbe05cb192190,10.7317197,106.7317881,0,False
6625ed7ca43812eb5bf91a3e,10.7361563,106.7020188,0,False
66272963c2c1f60803bb776a,10.7343413,106.65353,0,False
6627cdea153384b96e07ef75,10.8747233,106.7383108,0,False
662f1cb7171c0a4bf686ca66,10.7716134,106.6865374,0,False
6635b50cc797695760aef2db,10.690418,106.7027559,-1,True
6639d11c4b21333c3fe0f15e,10.7698739,106.6937679,0,False
6641e8054f35b460f5c59b08,10.8389932,106.7335652,0,False
66482cdcdeaf302836f9047d,10.7835832,106.6825035,0,False
664c0f668eb333e641dd3b94,10.7974174,106.7047906,0,False
665002b7f1a792c552f59ec0,10.7716134,106.6865374,0,False
6651597c57490476b49b3f08,10.8207659,106.6752415,0,False
6654305de847739e08b3e4af,10.836008,106.663041,0,False
6657e6f31d1005721568de35,10.7975449,106.729164,0,False
665ea078313c7144f2e2f3be,10.8435893,106.6674247,0,False
6665f199a2f5f7dbd94b8bda,10.739438,106.710816,0,False
660540128721848d7d1e714b,10.8050951,106.5895874,0,False
660cd9912587af2758f420d6,10.8435893,106.6674247,0,False
660d1e7b13dac364c002abc7,10.81517,106.7111437,0,False
661de6953eeac8266fef18dd,10.7716134,106.6865374,0,False
6618a75429cc074b1011b72c,10.7401542,106.6785084,0,False
6621fbd9a3fe6575ec7651a2,10.8435893,106.6674247,0,False
6623856d049514259ec1d0f4,10.788413,106.659413,0,False
662a1245f9a546b0b87b7844,10.852588,106.654083,0,False
66332ee405c5313b7bcb0063,10.8435893,106.6674247,0,False
663c38ce568ce211f484c4b5,10.7721793,106.678874,0,False
663f03c706ec360644a0946b,10.8068738,106.6447327,0,False
6642e5ab3ed44ab105716343,10.7907313,106.6453525,0,False
66443fec3927e085f37f057b,10.8435893,106.6674247,0,False
664465fc3927e085f37f0b4a,10.770707,106.700266,0,False
6645aa3f8941c947243a32ca,10.7854945,106.6986609,0,False
664abe0ef02edf975f7d12ff,10.7082352,106.7328669,0,False
664c0f0d8eb333e641dd3b67,10.7595938,106.6790285,0,False
664c1fdb8eb333e641dd3f1f,10.7787922,106.7495365,0,False
664ef47e9e88bb2afc1c7eea,10.7409665,106.6976655,0,False
6653fca0e847739e08b3cf9a,10.7805087,106.7031031,0,False
6654004de847739e08b3d00d,10.8019171,106.6522494,0,False
66556764e847739e08b40c09,10.7787491,106.7452131,0,False
66573d091d1005721568dc9d,10.7818368,106.6416182,0,False
665842bb0e654f117a074329,10.8051543,106.6469383,0,False
66600fc6313c7144f2e31292,10.8812497,106.6775565,0,False
6662c486d99ce7d1749c4cb7,10.7890149,106.7026,0,False
660b7a1c13a981ad30f9b33e,10.7397283,106.6358594,0,False
660a21269f40c9600331f9d7,10.8435893,106.6674247,0,False
660e126cad7887547b68a193,10.7932291,106.7076679,0,False
660e3131ad7887547b68ab71,10.7712908,106.6630609,0,False
660fa6cb1a314e8776940945,10.7833903,106.671488,0,False
661611a7671f03014130ec31,10.7082352,106.7328669,0,False
661f6f8320d956274e41a820,10.7666039,106.7259151,0,False
661ca29d4448979e7ec72659,10.7082352,106.7328669,0,False
6614ae71671f03014130d25b,10.7504148,106.7322215,0,False
66235a44049514259ec1c7ad,10.7686209,106.6682658,0,False
66274b8db0f768b2bd291fdf,10.7566324,106.6763749,0,False
6629cdf1f9a546b0b87b6732,10.8475784,106.7489197,0,False
6629dc43f9a546b0b87b67fc,10.777377,106.6657327,0,False
6629e600f9a546b0b87b6bbd,10.7808424,106.702319,0,False
662b5ff6f9a546b0b87b9dec,10.8285047,106.8131986,0,False
6638610bfe25ee4a2ae2e04d,10.789609,106.7299288,0,False
663da77306ec360644a055c7,10.8435893,106.6674247,0,False
663ee51b06ec360644a08ca6,10.7082352,106.7328669,0,False
66418d3b4ea8a18adf2e6d46,10.776876,106.628365,0,False
66458f038941c947243a2134,10.7724691,106.7031129,0,False
6647116af2216d6afffc64ca,10.7666799,106.6749505,0,False
664a2bc1f02edf975f7d0e2b,10.7434464,106.7331899,0,False
66574be91d1005721568dd38,10.7896907,106.7010269,0,False
665809790e654f117a072e9a,10.8707702,106.8097234,0,False
665ad5c94dccad40775bf809,10.873642,106.6043129,0,False
665d3ffd4d5788b4c93a4518,10.7311638,106.7070098,0,False
660e0febad7887547b689ff1,10.776876,106.628365,0,False
6604fced8721848d7d1e663c,10.7721793,106.678874,0,False
661397365cbb0f299624b812,10.8395467,106.8342996,0,False
661632ee671f03014130fd14,10.8640557,106.6380923,0,False
663098cac32acc762d9308af,10.7082352,106.7328669,0,False
6635aeecc797695760aeee7e,10.776876,106.628365,0,False
663ee5bc06ec360644a08cb6,10.7327928,106.6772325,0,False
66443fd93927e085f37f056e,10.8435893,106.6674247,0,False
6645900a8941c947243a21b3,10.740643,106.6423669,0,False
664703aaf2216d6afffc626b,10.7568677,106.6687151,0,False
664ad996f02edf975f7d1b40,10.8139056,106.7102348,0,False
664c0fde8eb333e641dd3bb8,10.7805087,106.7031031,0,False
664c5c6c59add87bce2b45c3,10.7919658,106.7032741,0,False
665002eef1a792c552f59ece,10.7805087,106.7031031,0,False
665421b1e847739e08b3df76,10.7361827,106.7016998,0,False
66544154e847739e08b3ee2c,10.7958559,106.6668727,0,False
665ab4df4dccad40775bf0fc,10.7324548,106.7315176,0,False
665bef5fa3c51343938f4ead,10.8051543,106.6469383,0,False
665d488f4d5788b4c93a4b24,10.7595938,106.6790285,0,False
665fd4ac313c7144f2e30274,10.748588,106.6173777,0,False
66668e28bb9619f5c265adfd,10.7717737,106.7037347,0,False
660f9c001a314e87769403d9,10.7161084,106.740039,0,False
66063000ffe33e797a000a31,10.7718716,106.6861984,0,False
6607af7c94281ab778cf2be9,10.6919737,106.6427286,-1,True
66120a1c86184d1320acb217,10.7964839,106.667317,0,False
66137a8f5cbb0f299624a9c4,10.7361827,106.7016998,0,False
6616115f671f03014130ec08,10.776876,106.628365,0,False
6621edf6a3fe6575ec764d5f,10.7535583,106.6803901,0,False
66234118a1b0ba838dc358ce,10.7809408,106.6233165,0,False
6625d3bea43812eb5bf90972,10.7893622,106.689155,0,False
662b2309f9a546b0b87b8518,10.7716134,106.6865374,0,False
662b2356f9a546b0b87b853c,10.7808424,106.702319,0,False
662b2419f9a546b0b87b8576,10.802945,106.7315265,0,False
662c7810f9a546b0b87babaf,10.7678914,106.6918981,0,False
66331596c32acc762d931ef4,10.7854945,106.6986609,0,False
6635ae79c797695760aeee4a,10.7595938,106.6790285,0,False
663c3a6a568ce211f484c4ec,10.7595938,106.6790285,0,False
6642cf3b3ed44ab105716138,10.7082352,106.7328669,0,False
6643ba243927e085f37f0053,10.7969666,106.711097,0,False
664465663927e085f37f0b2d,10.8019171,106.6522494,0,False
664590798941c947243a23e0,10.740643,106.6423669,0,False
665045cdc25ba0d6279008b8,10.8447612,106.657861,0,False
6651ad8d51b65f7673682587,10.8160854,106.7069184,0,False
66542764e847739e08b3e0cb,10.7879564,106.7528647,0,False
6656b3b0969b363c710534be,10.7082352,106.7328669,0,False
666003cf313c7144f2e30f05,10.8435893,106.6674247,0,False
66614483bb3e3dca3a51f08c,10.8021884,106.6398992,0,False
6663ef634716c9653e9f2b88,10.8134985,106.6324691,0,False
6663f1ac4716c9653e9f2c5a,10.8139056,106.7102348,0,False
66665f98bb9619f5c265a305,10.7856029,106.7525943,0,False
660f8d661a314e877693ffea,10.8389494,106.833948,0,False
6610cbdd3245d81de46de2c8,10.790489,106.663151,0,False
661ca3214448979e7ec726ce,10.7874607,106.6556831,0,False
661a2b06eb14a3260be9c18e,10.7757104,106.7529738,0,False
6618b91e29cc074b1011c23d,10.8042169,106.7907303,0,False
6619c807eb14a3260be9bb89,10.7349781,106.6541458,0,False
661e13471e5919e9a4660638,10.8618393,106.6109574,0,False
6620a9c8a3fe6575ec763816,10.8435893,106.6674247,0,False
662215fda3fe6575ec765e94,10.7752896,106.6735169,0,False
6625db46a43812eb5bf90fbe,10.777377,106.6657327,0,False
6625e6b1a43812eb5bf91506,10.8130362,106.590076,0,False
66272914c2c1f60803bb774f,10.7638539,106.6820865,0,False
662a130ef9a546b0b87b7856,10.7311347,106.6755435,0,False
66324dd4c32acc762d931963,10.791267,106.6603306,0,False
6635ae39c797695760aeee38,10.7082352,106.7328669,0,False
66390e82fd49f746f21633a9,10.7952219,106.7217912,0,False
663d76ae06ec360644a04b16,10.727565,106.6488494,0,False
663f03f706ec360644a0947b,10.7697624,106.6834144,0,False
663f044806ec360644a09489,10.7132258,106.6108374,0,False
66418d054ea8a18adf2e6d36,10.7809408,106.6233165,0,False
6642cf0b3ed44ab105716122,10.7595938,106.6790285,0,False
664b1149f5e0d9f993257d10,10.7482643,106.6168394,0,False
6650279fb48362251a600aee,10.808275,106.6732258,0,False
665036bdb48362251a600ff3,10.7873504,106.6795148,0,False
66540f38e847739e08b3d2ab,10.8014917,106.6262555,0,False
665440ece847739e08b3ee07,10.8451526,106.6639243,0,False
66553cfde847739e08b400a2,10.7970441,106.7111048,0,False
665d1c814d5788b4c93a3e48,10.8435893,106.6674247,0,False
665d40324d5788b4c93a4523,10.7082352,106.7328669,0,False
665e96a501dc922c142faac6,10.7879564,106.7528647,0,False
665ff1a5313c7144f2e309b1,10.8404224,106.6388352,0,False
6663d27a4716c9653e9f288c,10.8139056,106.7102348,0,False
66655e67a2f5f7dbd94b87c4,10.7475172,106.6199958,0,False
6607c81a9f40c9600331ecf7,10.7409896,106.6714278,0,False
660ce3872587af2758f421cc,10.7543698,106.6700508,0,False
660e13e1ad7887547b68a1d1,10.7539175,106.7053208,0,False
660e3173052ab0dd7679955b,10.8632316,106.6132232,0,False
66163ab5671f030141310273,10.7434464,106.7331899,0,False
6614b610671f03014130d2e7,10.8435893,106.6674247,0,False
6614f184671f03014130de75,10.794222,106.678788,0,False
661e86691e5919e9a4661110,10.7999807,106.6513286,0,False
661f58e34cc234b019c8943b,10.863668,106.8081286,0,False
662217e5a3fe6575ec765f31,10.788795,106.7001109,0,False
6627267bef04768365889566,10.8398607,106.646702,0,False
66272f38c2c1f60803bb799e,10.8529477,106.6594589,0,False
6627316e5226afdd3cfed6f1,10.8435893,106.6674247,0,False
6629db0ff9a546b0b87b67d0,10.7654638,106.6629498,0,False
662bc2cef9a546b0b87ba4af,10.8578157,106.6400267,0,False
6635ae96c797695760aeee5e,10.8541855,106.7569464,0,False
6635afc4c797695760aeeef2,10.7311638,106.7070098,0,False
6645799c3927e085f37f169c,10.7716134,106.6865374,0,False
6645a93b8941c947243a32c0,10.7541156,106.6814002,0,False
664abe3cf02edf975f7d1315,10.7808424,106.702319,0,False
664afc0bf5e0d9f993257838,10.8091992,106.7319181,0,False
664c39d159add87bce2b3973,10.7970441,106.7111048,0,False
6654077ae847739e08b3d1f4,10.8076774,106.6649916,0,False
6657f4d41d1005721568df2c,10.7595938,106.6790285,0,False
665940dea7b31f62c9ef8e6a,10.7842223,106.6944479,0,False
665af77e9fa9dd4533c9e730,10.7721793,106.678874,0,False
6662d9cad99ce7d1749c4fb1,10.8033564,106.7414359,0,False
66667aa0bb9619f5c265aab7,10.7666799,106.6749505,0,False
66668f29bb9619f5c265ae63,10.8028159,106.7353967,0,False
6606302fffe33e797a000a4b,10.7432706,106.683875,0,False
660d26f713dac364c002acca,10.7712908,106.6630609,0,False
661611e7671f03014130ed5d,10.7539175,106.7053208,0,False
661766a8caabc708e5d0f49a,10.8435893,106.6674247,0,False
6619c861eb14a3260be9bb98,10.7864511,106.7102441,0,False
66160024671f03014130e879,10.8435893,106.6674247,0,False
66209519a6fafd497076ee15,10.776876,106.628365,0,False
6621e421a3fe6575ec764592,10.7379331,106.6442184,0,False
6625d9f0a43812eb5bf90eb2,10.7618105,106.6951639,0,False
662725d2ef04768365889544,10.7595938,106.6790285,0,False
6628875ddcd77c2b73bb0a5d,10.8435893,106.6674247,0,False
6635b13cc797695760aef218,10.7406113,106.7270604,0,False
6635cfa5c797695760af0502,10.7476389,106.653263,0,False
6638618efe25ee4a2ae2e072,10.7379331,106.6442184,0,False
663d649f06ec360644a04a52,10.7541156,106.6814002,0,False
6641aee24f35b460f5c58bb8,10.7527139,106.6091961,0,False
66456ffb3927e085f37f1558,10.7018766,106.7207112,0,False
664accf9f02edf975f7d1829,10.7361563,106.7020188,0,False
664af6edf5e0d9f993257526,10.8091992,106.7319181,0,False
664b0f4bf5e0d9f9932579d9,10.8063311,106.5584213,-1,True
665024a8b48362251a600aa3,10.8068432,106.7149381,0,False
6654366de847739e08b3e942,10.7568677,106.6687151,0,False
665834a00e654f117a074093,10.7767968,106.7045013,0,False
6659417da7b31f62c9ef8e96,10.7205786,106.727141,0,False
66667727bb9619f5c265a85a,10.8031899,106.7458882,0,False
6607525394281ab778cf1ddf,10.7495244,106.7187416,0,False
660fa0901a314e877694070d,10.852588,106.654083,0,False
661368e55cbb0f299624a294,10.7718716,106.6861984,0,False
66136a705cbb0f299624a2e8,10.789609,106.7299288,0,False
66163bb2671f0301413102ad,10.7611129,106.6650937,0,False
6621e3a2a3fe6575ec76456e,10.7082352,106.7328669,0,False
66234362a1b0ba838dc35b1a,10.7311638,106.7070098,0,False
6624b702e50fbe05cb19242d,10.7774045,106.602537,0,False
6625f59ca43812eb5bf91d37,10.7434464,106.7331899,0,False
6627261aef04768365889556,10.7716134,106.6865374,0,False
66274e29b0f768b2bd2920a5,10.740643,106.6423669,0,False
6628b1fca56d05656a3613c6,10.753315,106.7037578,0,False
662f1e37171c0a4bf686cadb,10.7675194,106.6961721,0,False
6638779dfe25ee4a2ae2e8c1,10.7988296,106.6964793,0,False
6639bf234b21333c3fe0f020,10.78873,106.7337587,0,False
663c6df406ec360644a03d14,10.7367662,106.640655,0,False
663c888b06ec360644a03f5f,10.8181868,106.6326852,0,False
66418cc14ea8a18adf2e6d28,10.7774045,106.602537,0,False
6642d80b3ed44ab105716256,10.7975449,106.729164,0,False
664572f33927e085f37f15b2,10.8396001,106.6312614,0,False
6647192cf2216d6afffc6699,10.7241746,106.708918,0,False
664876d8fdbbe39c0c4c249b,10.8031509,106.6822806,0,False
66489432765eaeee9356f634,10.7382315,106.6197436,0,False
6655612de847739e08b40b67,10.8435893,106.6674247,0,False
66596683a7b31f62c9ef9986,10.8783822,106.5761967,0,False
6661453cbb3e3dca3a51f1be,10.8166108,106.6785669,0,False
6663f91d4716c9653e9f2f56,10.7233593,106.619621,0,False
660a326d9f40c9600331febd,10.7082352,106.7328669,0,False
660f69791a314e877693f6a4,10.8398607,106.646702,0,False
6610db233245d81de46de448,10.7944302,106.6925408,0,False
661f839520d956274e41ac95,10.8686068,106.5914867,0,False
661369095cbb0f299624a2a2,10.7808424,106.702319,0,False
661cccd24448979e7ec737e5,10.8298476,106.6885332,0,False
661f3b881e5919e9a46618c1,10.7595938,106.6790285,0,False
6611372800fbfee76205d49a,10.7411455,106.6314158,0,False
6618a82329cc074b1011b785,10.7401542,106.6785084,0,False
662224c0a3fe6575ec76640c,10.814743,106.711504,0,False
66234275a1b0ba838dc35a18,10.7774732,106.6025219,0,False
662729a4c2c1f60803bb77aa,10.7461122,106.6376773,0,False
6628e55df9a546b0b87b57c5,10.7611129,106.6650937,0,False
6628e5a7f9a546b0b87b57de,10.7969154,106.7121906,0,False
662b9f9df9a546b0b87ba304,10.8058808,106.7163711,0,False
663086eac32acc762d92ff90,10.7913781,106.7281293,0,False
663860ccfe25ee4a2ae2e03b,10.7566035,106.7024815,0,False
6639e51055c0e2fca8db4f5d,10.8235956,106.7608146,0,False
663d770b06ec360644a04b21,10.8610327,106.6319921,0,False
6641db014f35b460f5c59952,10.8281452,106.7296469,0,False
66458f4f8941c947243a216a,10.740643,106.6423669,0,False
6645a8eb8941c947243a3298,10.788795,106.7001109,0,False
6647013ef2216d6afffc6238,10.79349,106.684656,0,False
664c397759add87bce2b394d,10.7970441,106.7111048,0,False
6650031df1a792c552f59edb,10.7595938,106.6790285,0,False
6650166ef1a792c552f5a75e,10.7082352,106.7328669,0,False
66554c70e847739e08b40873,10.7578646,106.6595131,0,False
66581f6f0e654f117a073c7b,10.8189268,106.6979435,0,False
665936caa7b31f62c9ef8c55,10.7938166,106.6791825,0,False
665942d6a7b31f62c9ef8f92,10.8282666,106.7295085,0,False
665aca0c4dccad40775bf4d8,10.7913902,106.5785013,0,False
665c482fa3c51343938f50b7,10.7914535,106.7227974,0,False
665fef96313c7144f2e3091b,10.789609,106.7299288,0,False
660e2934ad7887547b68a6ec,10.8464789,106.6634068,0,False
660526fc8721848d7d1e6e49,10.9062441,106.5983292,-1,True
660faa7c1a314e8776940a55,10.8435893,106.6674247,0,False
66177158caabc708e5d0f6c1,10.7678061,106.6916195,0,False
6616110a671f03014130ebd4,10.7718716,106.6861984,0,False
661f3ac61e5919e9a4661887,10.8433362,106.7309429,0,False
6625efd9a43812eb5bf91aa1,10.7444871,106.7160309,0,False
6629b97bf9a546b0b87b63dc,10.7910521,106.6902947,0,False
662b2455f9a546b0b87b8586,10.7082352,106.7328669,0,False
662b2608f9a546b0b87b861f,10.7448687,106.7090671,0,False
662bc1d0f9a546b0b87ba470,10.8714105,106.6831864,0,False
662f18a3171c0a4bf686c9fa,10.8435893,106.6674247,0,False
66332efa05c5313b7bcb0070,10.8435893,106.6674247,0,False
66345e4ac797695760aed71f,10.7675194,106.6961721,0,False
6636ffbd27df1863216a4cd0,10.878138,106.744103,0,False
66379ec227df1863216a4fdb,10.7434464,106.7331899,0,False
6639aa874b21333c3fe0eb72,10.7082352,106.7328669,0,False
6642f7c666a8ee5966e4a595,10.690418,106.7027559,-1,True
6648748bfdbbe39c0c4c2439,10.7532619,106.6954429,0,False
66487849fdbbe39c0c4c251e,10.8118082,106.6697054,0,False
664b0feef5e0d9f9932579ea,10.7739172,106.6278638,0,False
664b109ff5e0d9f993257cb1,10.8187606,106.7766134,0,False
664c1f8f8eb333e641dd3f0d,10.7688673,106.6684271,0,False
664f20289e88bb2afc1c8248,10.7558097,106.6211305,0,False
664ffdc5f1a792c552f59cf6,10.8435893,106.6674247,0,False
6654270be847739e08b3e09d,10.8435893,106.6674247,0,False
66595576a7b31f62c9ef93c9,10.8435893,106.6674247,0,False
665ea069313c7144f2e2f3af,10.8435893,106.6674247,0,False
665fef2d313c7144f2e308f7,10.7805087,106.7031031,0,False
666670d1bb9619f5c265a589,10.7168841,106.7335187,0,False
66668733bb9619f5c265ada3,10.8435893,106.6674247,0,False
660e3837052ab0dd76799d30,10.8435893,106.6674247,0,False
660f8d021a314e877693ffd9,10.8041736,106.7076985,0,False
660f739e1a314e877693fa1e,10.7686209,106.6682658,0,False
6614b621671f03014130d2f9,10.8435893,106.6674247,0,False
6618a70029cc074b1011b6fe,10.7718716,106.6861984,0,False
661e8bd11e5919e9a4661136,10.7799149,106.6618226,0,False
661de7023eeac8266fef18fc,10.7808424,106.702319,0,False
6612a78a90aebfbd96539c88,10.8020394,106.7095821,0,False
661610d4671f03014130ebc6,10.7379331,106.6442184,0,False
6618daa629cc074b1011c889,10.7655161,106.6946954,0,False
661935e329cc074b1011d0c2,10.7916853,106.6272114,0,False
661ca2614448979e7ec72643,10.7463953,106.6376819,0,False
66221851a3fe6575ec765f4c,10.8615824,106.6113871,0,False
6625d98ca43812eb5bf90e4e,10.7675194,106.6961721,0,False
66274e58b0f768b2bd2920bf,10.740643,106.6423669,0,False
662865f6dcd77c2b73bb059e,10.8139056,106.7102348,0,False
663092f3c32acc762d9303fa,10.781374,106.706288,0,False
663dfa2706ec360644a060d5,10.7344957,106.6337586,0,False
663ebb7706ec360644a088e2,10.7496697,106.6509839,0,False
6653fb7ae847739e08b3cf7e,10.7595938,106.6790285,0,False
6653ffc4e847739e08b3d003,10.7680576,106.6456289,0,False
665442c5e847739e08b3ee9a,10.8026943,106.7423685,0,False
66595564a7b31f62c9ef93ba,10.8435893,106.6674247,0,False
665a92f3a7b31f62c9efb0c5,10.8435893,106.6674247,0,False
665d357c4d5788b4c93a408b,10.7826416,106.7008659,0,False
666347ec4716c9653e9f2675,10.7494963,106.6549897,0,False
6663f1104716c9653e9f2c47,10.8248022,106.7257247,0,False
66664b69a2f5f7dbd94b8c0d,10.7434464,106.7331899,0,False
66667778bb9619f5c265a86c,10.7717123,106.7050306,0,False
66078bb294281ab778cf2305,10.780519,106.6383909,0,False
660a4d099f40c9600332055a,10.830262,106.730161,0,False
660f69f01a314e877693f6c2,10.7808424,106.702319,0,False
660e1183ad7887547b68a025,10.7718716,106.6861984,0,False
6618b98129cc074b1011c25f,10.7386671,106.6795786,0,False
6621e700a3fe6575ec764699,10.802945,106.7315265,0,False
6621fbcaa3fe6575ec765191,10.8435893,106.6674247,0,False
66255f40a43812eb5bf8fdfe,10.7721793,106.678874,0,False
66274e80b0f768b2bd2920ea,10.740643,106.6423669,0,False
662b24a4f9a546b0b87b85bc,10.7379331,106.6442184,0,False
662f1cfa171c0a4bf686ca79,10.7808424,106.702319,0,False
6635aeabc797695760aeee6c,10.7808424,106.702319,0,False
663a531f0177448c5e3f9ab7,10.7424154,106.6730102,0,False
663dc53506ec360644a058e7,10.7901021,106.6223398,0,False
664c859659add87bce2b4712,10.8021884,106.6398992,0,False
664d7bc059add87bce2b510c,10.7730913,106.7260108,0,False
6653fea7e847739e08b3cfc7,10.7641544,106.6783533,0,False
6657f8ca1d1005721568e48b,10.7703949,106.6531005,0,False
665ac8854dccad40775bf489,10.7550862,106.6900213,0,False
665ac90f4dccad40775bf499,10.7890545,106.7711066,0,False
665d35224d5788b4c93a405b,10.7547143,106.6662969,0,False
665f3325313c7144f2e30067,10.7529752,106.6530208,0,False
665f4a9c313c7144f2e300ad,10.7510475,106.6963753,0,False
66669a79bb9619f5c265b184,10.7661527,106.6752183,0,False
660e11e7ad7887547b68a172,10.7595938,106.6790285,0,False
66076f7c94281ab778cf1f6d,10.7559866,106.7085708,0,False
660b8e32a899dbe83ee3cac1,10.7497696,106.6580985,0,False
6610f9f837ac03251285b518,10.8127566,106.7286632,0,False
66137c3a5cbb0f299624abdc,10.7361827,106.7016998,0,False
661889e929cc074b1011b577,10.7566324,106.6763749,0,False
6621edcba3fe6575ec764d52,10.7864511,106.7102441,0,False
6625d863a43812eb5bf90c09,10.7566035,106.7024815,0,False
662b27cbf9a546b0b87b86d8,10.8435893,106.6674247,0,False
662e3ac5171c0a4bf686c4c0,10.7983296,106.7133249,0,False
66305f69c32acc762d92f9c5,10.7676698,106.6706391,0,False
6635c9d1c797695760af00c2,10.7623807,106.6667789,0,False
663dfa8806ec360644a060e1,10.7787522,106.746685,0,False
664579fd3927e085f37f16b8,10.7675194,106.6961721,0,False
66459ca58941c947243a2dea,10.8435893,106.6674247,0,False
664d827559add87bce2b5248,10.7717737,106.7037347,0,False
66544404e847739e08b3ef68,10.7621024,106.6600997,0,False
665eb8f6313c7144f2e2f9e6,10.7510475,106.6963753,0,False
665fd315313c7144f2e30247,10.7568677,106.6687151,0,False
666023f4313c7144f2e319e4,10.7764249,106.6381451,0,False
6667b310d59cdeec42f6cd17,10.794833,106.695129,0,False
6667d207644186407443e273,10.7709251,106.6950398,0,False
666824e25816dbf964d0e967,10.7721278,106.607301,0,False
6668892640e6637797080fac,10.7321567,106.6175591,0,False
666912b640e6637797081105,10.745832,106.691911,0,False
6669138d40e6637797081134,10.8435893,106.6674247,0,False
6669486f40e6637797081986,10.7975449,106.729164,0,False
666948ad40e663779708199a,10.7666799,106.6749505,0,False
666950dd40e6637797081a4e,10.7957429,106.6585799,0,False
6669606c40e6637797081e90,10.809008,106.6710872,0,False
6669616040e6637797082257,10.8088689,106.6711297,0,False
6669622e40e6637797082271,10.7935216,106.7308195,0,False
666962ff40e66377970823ab,10.8041736,106.7076985,0,False
66698b1b40e6637797082eab,10.7941807,106.7116346,0,False
666a701bfb1f6edb969c8958,10.7595938,106.6790285,0,False
666a7068fb1f6edb969c896d,10.7082352,106.7328669,0,False
666a70b0fb1f6edb969c8989,10.8036411,106.7486049,0,False
666a7c890ad530bd2452d580,10.7820915,106.6926325,0,False
666a8a09f212d56dfc377d1d,10.79703,106.6140856,0,False
666a8f6df212d56dfc377da9,10.8435893,106.6674247,0,False
666a9b27f212d56dfc378229,10.8398607,106.646702,0,False
666ab2e7a9f5a1c8d3a99175,10.7935606,106.7125964,0,False
666ab9e6a9f5a1c8d3a9997b,10.7910587,106.7010889,0,False
666bac693058481f4e26738a,10.6919737,106.6427286,-1,True
666bad153058481f4e26739a,10.7634529,106.6132392,0,False
666bb8c63058481f4e267456,10.7405267,106.6787759,0,False
666bb9113058481f4e267460,10.7327928,106.6772325,0,False
666bb9403058481f4e267475,10.7401542,106.6785084,0,False
666bb9993058481f4e26748d,10.7809408,106.6233165,0,False
666bbab83058481f4e2674f9,10.7676698,106.6706391,0,False
666bbbf83058481f4e2675d7,10.7311638,106.7070098,0,False
666bca3d3058481f4e267910,10.8041103,106.7337265,0,False
666bd0493058481f4e267973,10.7082352,106.7328669,0,False
666bf883be73767ef8e0bf6d,10.8600867,106.6705096,0,False
666c118f0faf59e257a3d439,10.8494163,106.6646693,0,False
666c135c5eeef68a9d24bade,10.8389932,106.7335652,0,False
666ceac4c86b5b19e300786d,10.7864511,106.7102441,0,False
666ceaecc86b5b19e3007879,10.7496697,106.6509839,0,False
666d0160c86b5b19e3007b81,10.748453,106.6782727,0,False
666d023dc86b5b19e3007bae,10.7623807,106.6667789,0,False
666d2296c86b5b19e30084ea,10.8435893,106.6674247,0,False
666d3c9fc86b5b19e3008b13,10.7746878,106.5855817,0,False
666d46b5c86b5b19e3008ef9,10.8017503,106.7133169,0,False
666faa49c86b5b19e3009907,10.7716134,106.6865374,0,False
666faa90c86b5b19e3009912,10.7327928,106.6772325,0,False
666fab39c86b5b19e300991e,10.7946738,106.7089404,0,False
666faccfc86b5b19e30099ae,10.792501,106.688895,0,False
666fb6e1c86b5b19e3009acf,10.8435893,106.6674247,0,False
666fc018c86b5b19e300a2b7,10.7537544,106.645045,0,False
666fe7e9c86b5b19e300b019,10.7434464,106.7331899,0,False
666fea82c86b5b19e300b07b,10.7970441,106.7111048,0,False
6670fa0fc86b5b19e300b95b,10.7745905,106.6046251,0,False
667100cbc86b5b19e300ba07,10.8435893,106.6674247,0,False
66710771c86b5b19e300bc39,10.7215243,106.7427686,0,False
667107f9c86b5b19e300bc45,10.8539463,106.7013868,-1,True
667108cfc86b5b19e300bc74,10.8096284,106.8580349,-1,True
66712ac6c86b5b19e300c159,10.7767968,106.7045013,0,False
66714926c86b5b19e300c9fe,10.8031899,106.7458882,0,False
66714965c86b5b19e300ca3a,10.8282666,106.7295085,0,False
667153e7db29c940517793a6,10.865741,106.727853,0,False
66717fd4db29c9405177a559,10.8158722,106.8247491,0,False
66718deadb29c9405177a58b,10.7935093,106.7130106,0,False
66719126db29c9405177a5c9,10.7884341,106.7182882,0,False
66724feedb29c9405177aa31,10.7595938,106.6790285,0,False
667253abdb29c9405177aa98,10.7561489,106.6918671,0,False
667254eddb29c9405177aaad,10.7302339,106.6503703,0,False
667255c9db29c9405177aafa,10.8154898,106.7070632,0,False
667256eddb29c9405177ab42,10.807203,106.7001186,0,False
6672586ddb29c9405177ab7a,10.797303,106.7027978,0,False
66725bfcdb29c9405177ad6c,10.7269957,106.6452189,0,False
66725caddb29c9405177ae4c,10.7531731,106.6412356,0,False
66725f41db29c9405177ae97,10.7772141,106.6906191,0,False
66726021db29c9405177aecf,10.7905034,106.6844681,0,False
6672652adb29c9405177b1be,10.7478154,106.6774094,0,False
667266fcdb29c9405177b24d,10.7993008,106.6704924,0,False
6672673adb29c9405177b2b8,10.7182248,106.6195479,0,False
667267a4db29c9405177b309,10.741456,106.6093795,0,False
66726bf7db29c9405177b879,10.7990584,106.6962077,0,False
6672798f0ca937e5a31f9bb9,10.8655297,106.5850643,0,False
6672910604d9ab66fb5c24c5,10.8435893,106.6674247,0,False
6672a1af04d9ab66fb5c27db,10.8022839,106.6158704,0,False
6673a22104d9ab66fb5c364f,10.8370085,106.7640933,0,False
6673a28d04d9ab66fb5c366e,10.803883,106.624072,0,False
6673a31704d9ab66fb5c36ae,10.7568677,106.6687151,0,False
6673aac704d9ab66fb5c37a9,10.7269275,106.6726219,0,False
6673ba3204d9ab66fb5c38ce,10.7661527,106.6752183,0,False
6673d59904d9ab66fb5c427c,10.7282439,106.7347862,0,False
6673d7b704d9ab66fb5c42f3,10.8435893,106.6674247,0,False
6673e00504d9ab66fb5c481f,10.7936188,106.7080929,0,False
6673f4ed04d9ab66fb5c4e0e,10.7788844,106.6468513,0,False
6674ebee4ec08f3598113e61,10.7082352,106.7328669,0,False
6674ed474ec08f3598113e95,10.7727439,106.699873,0,False
6674ee314ec08f3598113ec6,10.8043873,106.6115597,0,False
6674f9af4ec08f3598113ff6,10.7632355,106.7833069,0,False
6675022c4ec08f35981140cd,10.688666,106.5845828,1,False
6675106e4ec08f3598114229,10.877247,106.7335192,0,False
667516444ec08f359811451e,10.8800522,106.7654705,-1,True
667524804ec08f3598115039,10.8014917,106.6262555,0,False
66753d654ec08f35981157c3,10.8479544,106.7708396,0,False
667541394ec08f3598115c75,10.8639491,106.6673522,0,False
667637c18caccc69cb7438d3,10.7864511,106.7102441,0,False
667638098caccc69cb7438e1,10.7496697,106.6509839,0,False
667686e88caccc69cb744d08,10.8122472,106.6296381,0,False
66768ff88caccc69cb744dd8,10.8237584,106.7201329,0,False
667690638caccc69cb744e04,10.892674,106.6906898,-1,True
667690c08caccc69cb744e15,10.7789037,106.6344609,0,False
667691a18caccc69cb744e25,10.7081933,106.6935376,0,False
6676929e8caccc69cb744e64,10.8083603,106.5701781,0,False
6676a4978caccc69cb744ff1,10.7611242,106.6650888,0,False
6677e8248caccc69cb74631f,10.7742759,106.6385365,0,False
667868ec686ba46d64f04439,10.8079681,106.7035355,0,False
6678db98686ba46d64f0454c,10.688666,106.5845828,1,False
6678f033686ba46d64f04a8f,10.8023264,106.735724,0,False
6678f3b1686ba46d64f04b17,10.7667672,106.6039283,0,False
6678f425686ba46d64f04b34,10.7328225,106.6443176,0,False
667911fb686ba46d64f05c79,10.7873516,106.6851766,0,False
66791807686ba46d64f05ecc,10.8435893,106.6674247,0,False
66793cae686ba46d64f063fd,10.771706,106.6808522,0,False
66798295686ba46d64f06b5d,10.761615,106.6575041,0,False
667a1761686ba46d64f06bf1,10.7980927,106.6616105,0,False
667a2cb1686ba46d64f07108,10.805496,106.71132,0,False
667a2d6e686ba46d64f0715b,10.7643239,106.7073484,0,False
667a2dcd686ba46d64f071b4,10.8203743,106.6756502,0,False
667a2e1b686ba46d64f071d6,10.7328225,106.6443176,0,False
667a2e57686ba46d64f071df,10.8398607,106.646702,0,False
667a36e9686ba46d64f073ae,10.8370638,106.6712839,0,False
667a3751686ba46d64f075aa,10.7716134,106.6865374,0,False
667a3a16686ba46d64f07767,10.7540704,106.6689917,0,False
667a3d63686ba46d64f077e4,10.8316931,106.6755053,0,False
667a4515686ba46d64f079a6,10.7666799,106.6749505,0,False
667a45c6686ba46d64f07a0e,10.7604995,106.6810019,0,False
667a5c08686ba46d64f09388,10.7823703,106.6819061,0,False
667a7002c892dd969db14347,10.7793561,106.6204191,0,False
667a7bf410954652d951e3c1,10.8028159,106.7353967,0,False
667a8b4610954652d951e7aa,10.7761794,106.6772445,0,False
667b859f10954652d951fa74,10.7327928,106.6772325,0,False
667b867b10954652d951fa83,10.8163461,106.7114149,0,False
667b86ec10954652d951fab2,10.753199,106.6713103,0,False
667b875810954652d951fabe,10.7311638,106.7070098,0,False
667b878e10954652d951fac7,10.7595938,106.6790285,0,False
667b938910954652d951fb9e,10.7082352,106.7328669,0,False
667b950410954652d951fbe5,10.7328225,106.6443176,0,False
667b995a10954652d9520077,10.7683009,106.673066,0,False
667ba53310954652d95204f2,10.730434,106.705566,0,False
667ba5b110954652d95206f6,10.7661527,106.6752183,0,False
667bafe410954652d95219a9,10.8435893,106.6674247,0,False
667bf22010954652d952228e,10.792501,106.688895,0,False
667cd7819032761dca47f1e8,10.7491374,106.6531464,0,False
667cd87c9032761dca47f1f7,10.7795868,106.6276337,0,False
667cd9dd76e2a509f1fe6704,10.7818137,106.6846908,0,False
667cdaf02e9c1f20aef45fbf,10.750244,106.7197667,0,False
667cdc35b75567ef80a853b2,10.7629051,106.6515948,0,False
667cddfb8aefa3bb48facb1a,10.7680576,106.6456289,0,False
667ceefa8aefa3bb48facffe,10.797969,106.6911029,0,False
667cf3368aefa3bb48fad0f7,10.8435893,106.6674247,0,False
667d08748aefa3bb48fad95f,10.7779958,106.6994657,0,False
667d99f1dd2eeb6747e1e7e7,10.7227184,106.6167684,0,False
667d9b0ddd2eeb6747e1e7fe,10.7215574,106.6168707,0,False
667e0b6d71cb973c54679251,10.7768961,106.7515739,0,False
667e153271cb973c5467936e,10.7779958,106.6994657,0,False
667e237371cb973c546797cf,10.7269275,106.6726219,0,False
667e246f71cb973c54679a43,10.7317089,106.7289746,0,False
667e28cf71cb973c54679d97,10.7661527,106.6752183,0,False
667e32e071cb973c54679f3a,10.8499236,106.7529832,0,False
667e339171cb973c54679f68,10.757101,106.6923505,0,False
667e34a771cb973c54679f90,10.8487026,106.7470109,0,False
667e369071cb973c5467a002,10.7783803,106.6909861,0,False
667e37d971cb973c5467a039,10.7549068,106.6940829,0,False
667e385c71cb973c5467a055,10.7230157,106.7360169,0,False
667e426671cb973c5467a492,10.7271683,106.696346,0,False
667e49a571cb973c5467aa63,10.8091992,106.7319181,0,False
667e56d571cb973c5467b199,10.8018536,106.7493055,0,False
667e625b71cb973c5467b27f,10.7882928,106.7033801,0,False
667e769971cb973c5467bc2b,10.7903595,106.6780078,0,False
667e8d5771cb973c5467bec8,10.8036346,106.6664144,0,False
667e961871cb973c5467bf35,10.8016022,106.7942758,0,False
667f51002d58011d21e76bb2,10.7864511,106.7102441,0,False
667f59952d58011d21e76c15,10.7721793,106.678874,0,False
667f7c142d58011d21e76dc7,10.7434464,106.7331899,0,False
667f7c322d58011d21e76dd0,10.788795,106.7001109,0,False
667f7e1c2d58011d21e76e7d,10.7949711,106.6429347,0,False
667f82d82d58011d21e7701e,10.740835,106.7006655,0,False
667f85552d58011d21e770b9,10.8890278,106.6472333,0,False
667f859f2d58011d21e770ce,10.805496,106.71132,0,False
667f86362d58011d21e770dc,10.8434884,106.6542517,0,False
667f9c6c2d58011d21e77948,10.7156074,106.7409947,0,False
667f9d402d58011d21e77990,10.8825925,106.6320233,0,False
667fac7b2d58011d21e77b6b,10.7490717,106.6078338,0,False
667fbc182d58011d21e780fa,10.7483855,106.619236,0,False
6680c42f2d58011d21e790c9,10.7543549,106.6700571,0,False
6680c4ba2d58011d21e790d7,10.768953,106.6658242,0,False
66821fdc2d58011d21e79557,10.7595938,106.6790285,0,False
6682227f2d58011d21e798a9,10.7302339,106.6503703,0,False
6682230e2d58011d21e7991d,10.7082352,106.7328669,0,False
668223fc2d58011d21e79c86,10.7904389,106.6846735,0,False
668225af2d58011d21e7a021,10.7736106,106.6857739,0,False
668226ae2d58011d21e7a344,10.7313151,106.7178108,0,False
66822ba72d58011d21e7a42a,10.7908899,106.6766836,0,False
66822c652d58011d21e7a472,10.8203743,106.6756502,0,False
66822ce72d58011d21e7a763,10.7596899,106.6463624,0,False
668234122d58011d21e7a901,10.7719839,106.7043912,0,False
668234d12d58011d21e7a9cc,10.7716134,106.6865374,0,False
668235b32d58011d21e7aa40,10.7938166,106.6791825,0,False
668236172d58011d21e7ab06,10.7661527,106.6752183,0,False
668236912d58011d21e7ab5f,10.8263146,106.7624205,0,False
66823c462d58011d21e7ac2a,10.7492645,106.6323761,0,False
668241842d58011d21e7ad9c,10.7660519,106.7027534,0,False
668253072d58011d21e7bbff,10.7687259,106.6993567,0,False
668253462d58011d21e7bee1,10.7805087,106.7031031,0,False
668253e92d58011d21e7c1c2,10.7384913,106.7041018,0,False
668257192d58011d21e7c5d6,10.8030089,106.6470703,0,False
6682575c2d58011d21e7c8b5,10.6949047,106.6811048,-1,True
668257ea2d58011d21e7c909,10.7784915,106.6677229,0,False
668280692d58011d21e7d909,10.7773362,106.5736441,0,False
668376312d58011d21e7e3ba,10.7863202,106.6639531,0,False
6683770a2d58011d21e7e6bb,10.8031163,106.6288907,0,False
668377c12d58011d21e7e6db,10.8418503,106.6667109,0,False
668379742d58011d21e7e80e,10.7572347,106.6561216,0,False
66837e3c2d58011d21e7e90e,10.7734508,106.6972625,0,False
66837f7f2d58011d21e7e948,10.7716134,106.6865374,0,False
668391402d58011d21e7eb8d,10.7500391,106.6885697,0,False
668394272d58011d21e7ec2c,10.7975449,106.729164,0,False
6683b9042d58011d21e7f399,10.7169375,106.702138,0,False
6683bb2c2d58011d21e7f3e2,10.7717737,106.7037347,0,False
6683cdac2d58011d21e7f67b,10.7703145,106.6940996,0,False
66840c2c2d58011d21e7f8b6,10.8552306,106.6088906,0,False
66840d112d58011d21e7f8bf,10.7704507,106.7021189,0,False
66840dc42d58011d21e7f8c8,10.780987,106.6984947,0,False
6684cf222d58011d21e80467,10.7490504,106.7241363,0,False
6684cfa12d58011d21e80482,10.8489465,106.6623646,0,False
6684d0772d58011d21e804b4,10.7946395,106.7114638,0,False
6684e4052d58011d21e811a7,10.7768152,106.7535605,0,False
6685017a2d58011d21e818f3,10.7618105,106.6951639,0,False
668508ee2d58011d21e81ef6,10.7902229,106.691778,0,False
66851a1f2d58011d21e82091,10.8435893,106.6674247,0,False
66851d6e2d58011d21e820c8,10.833501,106.6872103,0,False
6685ff211f621b3aa7a515f7,10.8531828,106.811581,0,False
668605aa1f621b3aa7a5163b,10.8018536,106.7493055,0,False
66860c011f621b3aa7a516c0,10.7806672,106.6547012,0,False
66860c651f621b3aa7a519a9,10.8499236,106.7529832,0,False
66860cb71f621b3aa7a519cf,10.776876,106.628365,0,False
668611a31f621b3aa7a52110,10.7346517,106.7014649,0,False
6686141c1f621b3aa7a52147,10.8001422,106.6497963,0,False
6686177e1f621b3aa7a52450,10.745484,106.6659726,0,False
668618611f621b3aa7a52476,10.7784107,106.6727474,0,False
668618da1f621b3aa7a52496,10.751278,106.6239887,0,False
668620aa1f621b3aa7a528cd,10.7595938,106.6790285,0,False
66862b391f621b3aa7a52de1,10.7549068,106.6940829,0,False
668638c61f621b3aa7a53871,10.8969398,106.8350273,-1,True
66863a1f1f621b3aa7a538a9,10.7799345,106.6859291,0,False
668647661f621b3aa7a53c9e,10.7952934,106.7845026,0,False
668647cc1f621b3aa7a53ca7,10.688666,106.5845828,1,False
66865c131f621b3aa7a54138,10.8618393,106.6109574,0,False
6686c7191f621b3aa7a54f66,10.8252239,106.7344369,0,False
6686c7d51f621b3aa7a54fcc,10.8347771,106.7308259,0,False
6686c87b1f621b3aa7a55032,10.8090168,106.6710911,0,False
6686c8fa1f621b3aa7a55098,10.8159492,106.6899036,0,False
6686c9a31f621b3aa7a55122,10.7935041,106.6249435,0,False
6687635a1f621b3aa7a55288,10.791645,106.699966,0,False
66876ad51f621b3aa7a5571e,10.8154898,106.7070632,0,False
66876c391f621b3aa7a55a80,10.8370638,106.6712839,0,False
66876d2d1f621b3aa7a55ace,10.8542524,106.6274136,0,False
66876ec21f621b3aa7a55e00,10.7371699,106.6699733,0,False
66876f571f621b3aa7a55e41,10.7784868,106.6753363,0,False
6687710b1f621b3aa7a5619b,10.7082352,106.7328669,0,False
668772901f621b3aa7a564b4,10.7398895,106.6280712,0,False
668773b31f621b3aa7a56523,10.8014917,106.6262555,0,False
668778291f621b3aa7a568a7,10.7767968,106.7045013,0,False
66877b1b1f621b3aa7a56a2d,10.7568677,106.6687151,0,False
6687853a44978b72e31ad1ab,10.7959781,106.7063675,0,False
6687879a44978b72e31ad5fa,10.7979079,106.6000742,0,False
668793438145f17f37638fd4,10.8641918,106.6675071,0,False
668793618145f17f37639020,10.797645,106.7305267,0,False
6687a4ef8145f17f376398c2,10.7419348,106.6258971,0,False
6687c8ac8145f17f3763a9a7,10.7723556,106.6534564,0,False
66889608ff27bc1a834de1f5,10.8091992,106.7319181,0,False
6688ae4fff27bc1a834de2e9,10.7952934,106.7845026,0,False
6688af6eff27bc1a834de314,10.8395316,106.8343647,0,False
6688b2e0ff27bc1a834de421,10.7716134,106.6865374,0,False
6688b319ff27bc1a834de439,10.780519,106.6383909,0,False
6688b3cbff27bc1a834de76f,10.7867421,106.710601,0,False
6688b44dff27bc1a834de77d,10.8499236,106.7529832,0,False
6688b510ff27bc1a834de7b1,10.7443813,106.6196325,0,False
6688dce1ff27bc1a834df6e6,10.8435893,106.6674247,0,False
6688e15bff27bc1a834df7f7,10.8045133,106.6278417,0,False
6688eed0ff27bc1a834dfa37,10.7568036,106.7046138,0,False
6688f3fbff27bc1a834dfabc,10.7560959,106.6624143,0,False
6688fceeff27bc1a834dfe03,10.7535583,106.6803901,0,False
66890539ff27bc1a834e0061,10.8074308,106.6976007,0,False
668ace07ca82dc65928fe62f,10.7832035,106.6578521,0,False
668b409aca82dc65928fe683,10.8531828,106.811581,0,False
668b4b32ca82dc65928fe9d1,10.7825236,106.7191028,0,False
668b53aeca82dc65928fea3c,10.8041076,106.7337064,0,False
668b53ccca82dc65928fea43,10.8143685,106.7283586,0,False
668b5bdeca82dc65928feb64,10.7595938,106.6790285,0,False
668b5c28ca82dc65928fee7e,10.8499236,106.7529832,0,False
668b5c68ca82dc65928ff183,10.7311638,106.7070098,0,False
668b5ca0ca82dc65928ff18c,10.8398607,106.646702,0,False
668b5d03ca82dc65928ff48d,10.7572347,106.6561216,0,False
668b5f50ca82dc65928ff707,10.7182248,106.6195479,0,False
668b6051ca82dc65928ffa0e,10.7955138,106.6923799,0,False
668b60f1ca82dc65928ffa28,10.7797082,106.7251455,0,False
668b631dca82dc65928ffb50,10.7944879,106.6968939,0,False
668b6454ca82dc65928ffbdd,10.7504178,106.6804395,0,False
668b64f6ca82dc65928ffc00,10.8336432,106.7293238,0,False
668b703eca82dc6592900073,10.7809408,106.6233165,0,False
668b90a6ca82dc6592901168,10.7568677,106.6687151,0,False
668bacc2ca82dc659290165d,10.7949554,106.6516552,0,False
668bbbd6ca82dc6592901c85,10.7434464,106.7331899,0,False
668c06eaca82dc65929022a8,10.7703998,106.7731342,0,False
668c0928ca82dc65929022b6,10.7226782,106.7302825,0,False
668c0a3cca82dc65929022bf,10.8251692,106.6205765,0,False
668c0b4aca82dc65929022d0,10.8265287,106.5933333,0,False
668c11b5ca82dc65929023a0,10.8073003,106.75366,0,False
668c9952ca82dc6592902598,10.7498778,106.638905,0,False
668c9a5dca82dc65929025bd,10.827765,106.67962,0,False
668c9a8eca82dc65929025cb,10.8313433,106.675859,0,False
668cab2cca82dc65929029df,10.8203654,106.6756552,0,False
668cabe7ca82dc6592902cfe,10.8499236,106.7529832,0,False
668cb102ca82dc659290318a,10.7243124,106.7245669,0,False
668cb1a1ca82dc659290319c,10.7715668,106.70503,0,False
668cb5d1ca82dc6592903396,10.761339,106.67153,0,False
668cb615ca82dc65929033d8,10.7595938,106.6790285,0,False
668cb808ca82dc6592903760,10.843567,106.8406101,0,False
668cb8e9ca82dc659290378c,10.7338894,106.6463024,0,False
668cba05ca82dc65929037ad,10.8372374,106.8313915,0,False
668cbc02ca82dc659290385d,10.8004415,106.7071704,0,False
668cd7b3ca82dc6592904789,10.7727583,106.678597,0,False
668ce165ca82dc6592905241,10.8282666,106.7295085,0,False
668ce965ca82dc6592905654,10.7954277,106.8081417,0,False
668d063fca82dc6592906836,10.8345589,106.7057363,0,False
668d5efcfa7cccdc55984ec3,10.7614135,106.5920026,0,False
668d6182fa7cccdc55984f44,10.804308,106.5844364,0,False
668d6419fa7cccdc55984f59,10.6485646,106.7274641,-1,True
668d648afa7cccdc55984f62,10.7506347,106.6801727,0,False
668d78e3fa7cccdc55984f74,10.7499053,106.6296667,0,False
668de4ddfa7cccdc55984ff9,10.8018536,106.7493055,0,False
668de562fa7cccdc5598501b,10.8404333,106.7290817,0,False
668df432fa7cccdc55985237,10.7568677,106.6687151,0,False
668df9e6fa7cccdc55985361,10.8499236,106.7529832,0,False
668dfc38fa7cccdc55985735,10.756963,106.631594,0,False
668dfcd4fa7cccdc5598577c,10.8158293,106.7105413,0,False
668dfddcfa7cccdc55985806,10.7394759,106.6556706,0,False
668dfe77fa7cccdc55985842,10.7322263,106.6791084,0,False
668dff22fa7cccdc55985888,10.8026967,106.6091927,0,False
668e071ffa7cccdc5598596e,10.7610329,106.7105413,0,False
668e080efa7cccdc559859bd,10.7983296,106.7133249,0,False
668e13e6fa7cccdc55985cc2,10.8435893,106.6674247,0,False
668e1a74fa7cccdc55986376,10.8230988,106.6994123,0,False
668e1d3dfa7cccdc55986436,10.7559293,106.6456418,0,False
668e2026fa7cccdc559865e2,10.7456079,106.7006088,0,False
668e2488fa7cccdc559868b3,10.756963,106.631594,0,False
668e2fe9fa7cccdc55986e2e,10.7238835,106.7149179,0,False
668e43a3fa7cccdc5598761b,10.7666799,106.6749505,0,False
668e4830fa7cccdc55987931,10.8381776,106.8300639,0,False
668ec8a7fa7cccdc55988786,10.7703949,106.6531005,0,False
668f4c0dfa7cccdc55988876,10.751278,106.6239887,0,False
668f4ccafa7cccdc55988882,10.7385971,106.6684101,0,False
668f4e07fa7cccdc559888bc,10.7374691,106.6666539,0,False
668f4ea0fa7cccdc559888e5,10.730434,106.705566,0,False
668f4ea4fa7cccdc559888ee,10.7601344,106.6574423,0,False
668f517ffa7cccdc55988c73,10.7932291,106.7076679,0,False
668f5215fa7cccdc55988c9e,10.7456079,106.7006088,0,False
668f528ffa7cccdc55988cb6,10.7490504,106.7241363,0,False
668f52c7fa7cccdc55988cc6,10.7082352,106.7328669,0,False
668f5365fa7cccdc55989079,10.763442,106.705061,0,False
668f5c78f50a1c6b75382d5e,10.7313151,106.7178108,0,False
668f5e62f50a1c6b75382d97,10.7643678,106.6822875,0,False
668f757ff50a1c6b75383b32,10.7823384,106.7604737,0,False
668f7637f50a1c6b75383b44,10.7692724,106.607121,0,False
668f76ecf50a1c6b75383b62,10.7933313,106.7295192,0,False
668f7a76f50a1c6b75383f20,10.8059841,106.6440028,0,False
668f7ee7f50a1c6b75384294,10.8014917,106.6262555,0,False
668f7f70f50a1c6b753845e4,10.7937462,106.6158072,0,False
668f7febf50a1c6b75384964,10.753585,106.703046,0,False
668f80fcf50a1c6b75384cf0,10.7292877,106.7058828,0,False
668fb3e0f50a1c6b75385cc9,10.7623807,106.6667789,0,False
66901c3ff50a1c6b7538634e,10.8581516,106.7570403,0,False
66901c86f50a1c6b75386357,10.7825484,106.704898,0,False
66901d49f50a1c6b75386360,10.7850398,106.7481416,0,False
66908cf0f50a1c6b75386462,10.7378646,106.7302486,0,False
669097e0f50a1c6b753865b5,10.8036411,106.7486049,0,False
6690a3e3f50a1c6b75386904,10.8643865,106.7206542,0,False
6690a6c9f50a1c6b7538696f,10.8499236,106.7529832,0,False
6690a829f50a1c6b75386cd2,10.7781233,106.6640573,0,False
6690a86ef50a1c6b75387013,10.789609,106.7299288,0,False
6690a937f50a1c6b75387372,10.735839,106.648358,0,False
6690aa21f50a1c6b753873ec,10.7346517,106.7014649,0,False
6690aabff50a1c6b753874b1,10.8160586,106.7010047,0,False
6690ab3bf50a1c6b75387500,10.7581998,106.6796346,0,False
6690ac34f50a1c6b75387594,10.7994475,106.6893863,0,False
6690acd3f50a1c6b753875d3,10.761996,106.707744,0,False
6690ad4af50a1c6b753875ef,10.7236702,106.735566,0,False
6690ae39f50a1c6b75387604,10.7593303,106.6532449,0,False
6690aed9f50a1c6b75387620,10.7727583,106.678597,0,False
6690aee7f50a1c6b75387967,10.8091992,106.7319181,0,False
6690af64f50a1c6b753879af,10.8149296,106.672405,0,False
6690b3d7f50a1c6b75387bfd,10.7711644,106.6022354,0,False
6690bb8cf50a1c6b753880b4,10.7549068,106.6940829,0,False
6690c07bf50a1c6b753886b4,10.8203654,106.6756552,0,False
6690cde9f50a1c6b75389015,10.745658,106.6863384,0,False
6690d151f50a1c6b7538916e,10.7902229,106.691778,0,False
6690d2d7f50a1c6b753891ff,10.7609895,106.6897446,0,False
6690f3e090b466288b77395c,10.8595984,106.8112872,0,False
6690f45490b466288b773970,10.8074308,106.6976007,0,False
6691081090b466288b7742b6,10.7772695,106.7126754,0,False
66917045407172f67458f141,10.8350168,106.7665202,0,False
6691ee35407172f67458f318,10.7716134,106.6865374,0,False
6691eec3407172f67458f66a,10.7587245,106.6837029,0,False
6691f28f407172f67458f6e4,10.7683009,106.673066,0,False
6691f3c3407172f67458fa49,10.8014917,106.6262555,0,False
6691f52e407172f67458fdf8,10.8381938,106.6017477,0,False
6691f563407172f67458fe02,10.7951906,106.6633816,0,False
6691f5c8407172f67458fe0f,10.7720543,106.656435,0,False
6691f629407172f67458fe62,10.7909167,106.6716078,0,False
6691f697407172f67458fe70,10.7815014,106.6296,0,False
6691f6cc407172f67458fe89,10.7786823,106.6636601,0,False
6691f730407172f67459020f,10.8449788,106.6500627,0,False
6691f8a2407172f674590285,10.8499236,106.7529832,0,False
6691f934407172f6745905e3,10.8204837,106.7788366,0,False
6691f95f407172f674590606,10.7856993,106.6511768,0,False
6691f9d6407172f674590660,10.7320514,106.7080562,0,False
66920432407172f674590d29,10.7297013,106.6308236,0,False
6692064b407172f674590d89,10.780519,106.6383909,0,False
66921341407172f674591a1a,10.8435893,106.6674247,0,False
66921cf1d54b84ac2ddaf73b,10.7969154,106.7121906,0,False
66923660d54b84ac2ddafe28,10.7540704,106.6689917,0,False
66923fafd54b84ac2ddb00fb,10.7784868,106.6753363,0,False
6693c6f1d54b84ac2ddb1ada,10.7721746,106.7241103,0,False
66947d8ed54b84ac2ddb1bc4,10.7952219,106.7217912,0,False
66948161d54b84ac2ddb1c0a,10.8477089,106.7784912,0,False
669486afd54b84ac2ddb1ca7,10.8036411,106.7486049,0,False
6694908ed54b84ac2ddb1f81,10.7391833,106.7090326,0,False
66949129d54b84ac2ddb2078,10.6896877,106.741881,0,False
669491a1d54b84ac2ddb2081,10.7986042,106.6671951,0,False
6694926fd54b84ac2ddb20b3,10.7559452,106.6571156,0,False
669492bfd54b84ac2ddb20c3,10.7717737,106.7037347,0,False
669492ced54b84ac2ddb20ca,10.8499236,106.7529832,0,False
669492d6d54b84ac2ddb242b,10.8378582,106.7285747,0,False
66949386d54b84ac2ddb24df,10.7595938,106.6790285,0,False
669493f1d54b84ac2ddb2842,10.7736106,106.6857739,0,False
669493f6d54b84ac2ddb2ba1,10.777824,106.6801643,0,False
66949521d54b84ac2ddb2c9b,10.8618807,106.7395997,0,False
66949b27d54b84ac2ddb32ed,10.7368173,106.710691,0,False
66949b75d54b84ac2ddb330c,10.7677375,106.6031359,0,False
6694a133d54b84ac2ddb34c7,10.7975449,106.729164,0,False
6694a27fd54b84ac2ddb3882,10.7661527,106.6752183,0,False
6694a2e1d54b84ac2ddb38b3,10.7661527,106.6752183,0,False
6694a2f6d54b84ac2ddb38ba,10.7720556,106.6712608,0,False
6694a3b3d54b84ac2ddb3c92,10.7937705,106.6044131,0,False
6694a434d54b84ac2ddb3ccf,10.7581252,106.6756848,0,False
6694a5ead54b84ac2ddb3dfd,10.8267723,106.6016775,0,False
6694a748d54b84ac2ddb3e2d,10.7254319,106.7091576,0,False
6694a906d54b84ac2ddb3fbc,10.7292212,106.6234267,0,False
6694a9ccd54b84ac2ddb402b,10.7769166,106.6450762,0,False
6694aa74d54b84ac2ddb4115,10.78556,106.7002119,0,False
6694aabbd54b84ac2ddb413a,10.688666,106.5845828,1,False
6694bcb4d54b84ac2ddb49cc,10.8261952,106.7031301,0,False
6694c66e0dfd3df4a629ee02,10.7673202,106.6704481,0,False
6694e5e30dfd3df4a629fc4e,10.7720757,106.6940379,0,False
6694e7600dfd3df4a629fd6a,10.8154898,106.7070632,0,False
6694f2ca0dfd3df4a62a03bc,10.7567235,106.7044309,0,False
6695e16854401ab379783b63,10.769595,106.6923717,0,False
6695e1fc54401ab379783b6e,10.6897242,106.5874765,1,False
6695e49c54401ab379783bb5,10.7580525,106.662048,0,False
6695e51754401ab379783bbe,10.8682171,106.6283488,0,False
6695e5a054401ab379783bc9,10.7711644,106.6022354,0,False
6695e62254401ab379783bef,10.8766817,106.6262667,0,False
6695eb7354401ab379783c3e,10.7716134,106.6865374,0,False
6695ebdc54401ab379783fdf,10.8203654,106.6756552,0,False
6695ed2454401ab3797843f5,10.8014917,106.6262555,0,False
6695ee4854401ab37978481f,10.759695,106.64693,0,False
6695ef1754401ab379784834,10.7388503,106.7068231,0,False
6695ef8354401ab379784857,10.7327928,106.6772325,0,False
6695f00354401ab379784871,10.7374691,106.6666539,0,False
6695f06854401ab37978488e,10.7767968,106.7045013,0,False
6695f08a54401ab3797848bf,10.7698542,106.6844616,0,False
6695f0af54401ab37978491a,10.8028159,106.7353967,0,False
6695f0d054401ab379784948,10.7500391,106.6885697,0,False
6695f38a54401ab379784b94,10.7785765,106.6307306,0,False
6695fd5054401ab379784e5d,10.8336432,106.7293238,0,False
6695fe5754401ab379784ec1,10.8091992,106.7319181,0,False
6695fe9b54401ab379784ed4,10.8091992,106.7319181,0,False
669621c66d35576f41422988,10.7632355,106.7833069,0,False
6696351b6d35576f41422dbb,10.7328225,106.6443176,0,False
669636516d35576f41422e04,10.7889017,106.6453583,0,False
669638af6d35576f41422e7b,10.7702266,106.690537,0,False
6696681ac7250ec426d88905,10.7337833,106.70663,0,False
6696b104c7250ec426d89997,10.726655,106.7117284,0,False
6696b387c7250ec426d899a0,10.8038452,106.7427656,0,False
6696b4d6c7250ec426d89a31,10.7976761,106.7036112,0,False
6696b597c7250ec426d89a42,10.7799345,106.6859291,0,False
6696b6e1c7250ec426d89a4b,10.7896375,106.6951777,0,False
6696b7e6c7250ec426d89adc,10.8561766,106.7232948,0,False
6696b907c7250ec426d89ae5,10.7950348,106.7363975,0,False
6696ba77c7250ec426d89aee,10.7551003,106.5971526,0,False
6696bb32c7250ec426d89af7,10.8182198,106.7049669,0,False
6696bc45c7250ec426d89b88,10.7684837,106.6853651,0,False
6696bd0ec7250ec426d89b91,10.7903605,106.666173,0,False
66972fa1c7250ec426d8a8f6,10.8435893,106.6674247,0,False
669773e7c7250ec426d8bea5,10.8586055,106.6726864,0,False
6697857bc7250ec426d8c2d7,10.8385785,106.831859,0,False
66978cb1c7250ec426d8c356,10.7568036,106.7046138,0,False
6697f42fc7250ec426d8ce8f,10.8223717,106.6177902,0,False
6697f672c7250ec426d8ce98,10.7518839,106.6840763,0,False
6697f83bc7250ec426d8cea5,10.8734395,106.8070335,0,False
6697fa2fc7250ec426d8cf3b,10.8424714,106.841458,0,False
6697fb29c7250ec426d8cf44,10.8149525,106.7769575,0,False
6697fbc8c7250ec426d8cf4d,10.777824,106.6801643,0,False
6697fcdec7250ec426d8cf56,10.7757021,106.6679082,0,False
6697fdd2c7250ec426d8cfec,10.779534,106.612262,0,False
6697ff69c7250ec426d8d082,10.8570063,106.6665196,0,False
66980075c7250ec426d8d08b,10.7890374,106.7135654,0,False
66980c97c7250ec426d8d13a,10.8598412,106.789799,0,False
66987deec7250ec426d8d51f,10.7572347,106.6561216,0,False
66987ed9c7250ec426d8d543,10.7182248,106.6195479,0,False
66987f26c7250ec426d8d8d1,10.7568036,106.7046138,0,False
6698804cc7250ec426d8d913,10.791353,106.6489236,0,False
6698819ec7250ec426d8dcfc,10.7849993,106.6667162,0,False
66988296c7250ec426d8e0b4,10.8267564,106.6911057,0,False
66988324c7250ec426d8e0c8,10.8701502,106.6548292,0,False
669883b2c7250ec426d8e0d2,10.745484,106.6659726,0,False
669884d8c7250ec426d8e12a,10.7170981,106.7435183,0,False
66988a97c7250ec426d8e2b0,10.724166,106.602246,0,False
66988b01c7250ec426d8e2bd,10.7580525,106.662048,0,False
66988bdec7250ec426d8e2f7,10.7300758,106.6306383,0,False
66989c47c7250ec426d8e7ea,10.7082352,106.7328669,0,False
66989ef7c7250ec426d8ec2b,10.7866016,106.7104056,0,False
66989f7ac7250ec426d8ec97,10.808465,106.7046633,0,False
6698a53bc7250ec426d8f5fc,10.8435893,106.6674247,0,False
6698a6c8c7250ec426d8f6d5,10.8282514,106.7031724,0,False
6698a9cfc7250ec426d8f9a6,10.843567,106.8406101,0,False
6698b69ac7250ec426d8ff7d,10.850604,106.655394,0,False
6698bf2ec7250ec426d90373,10.7676698,106.6706391,0,False
6698e1e9c7250ec426d91a79,10.770707,106.700266,0,False
66994c58c7250ec426d9260f,10.7773362,106.5736441,0,False
6699b878c7250ec426d92636,10.724166,106.602246,0,False
6699d3ccc7250ec426d9288f,10.776876,106.628365,0,False
6699d4cec7250ec426d92c4d,10.7306687,106.6558977,0,False
6699d4d1c7250ec426d92c54,10.8040096,106.6817267,0,False
6699d51fc7250ec426d92e50,10.7595938,106.6790285,0,False
6699d580c7250ec426d93221,10.7579749,106.6814369,0,False
6699d5f2c7250ec426d934f3,10.7434464,106.7331899,0,False
6699d657c7250ec426d934fd,10.7217883,106.7288713,0,False
6699d707c7250ec426d93589,10.8048835,106.6920341,0,False
6699d732c7250ec426d93591,10.7751847,106.6339205,0,False
6699dbc4c7250ec426d939c8,10.7701664,106.7868143,0,False
6699dcaec7250ec426d939dd,10.8499236,106.7529832,0,False
6699eba3c7250ec426d9432a,10.8070979,106.6755265,0,False
6699f392c7250ec426d9499a,10.8016179,106.6848942,0,False
669a0b89c7250ec426d95e6b,10.764016,106.6421065,0,False
669a3628c7250ec426d96a85,10.8008062,106.6305464,0,False
669aac06c7250ec426d96ea0,10.7712997,106.6493891,0,False
669aad30c7250ec426d96ea9,10.8668762,106.6653746,0,False
669aaf05c7250ec426d96eb2,10.8365457,106.7557621,0,False
669ab220c7250ec426d96ec5,10.854762,106.808023,0,False
669ab30fc7250ec426d96f6a,10.8026106,106.6410913,0,False
669ab431c7250ec426d96f73,10.8004615,106.6388704,0,False
669ab596c7250ec426d96f7c,10.7686058,106.6399288,0,False
669b2bd8c7250ec426d97784,10.7963213,106.6740723,0,False
669b2de9c7250ec426d977cf,10.7961182,106.6484153,0,False
669b2f46c7250ec426d9782e,10.780519,106.6383909,0,False
669b3033c7250ec426d97bf1,10.7313151,106.7178108,0,False
669b30b2c7250ec426d97fa4,10.7727583,106.678597,0,False
669b318cc7250ec426d983a7,10.8323352,106.6728029,0,False
669b3249c7250ec426d9840b,10.7292702,106.6424051,0,False
669b329fc7250ec426d98434,10.8372374,106.8313915,0,False
669b347cc7250ec426d984fd,10.7361508,106.6684412,0,False
669b3571c7250ec426d98692,10.7650288,106.6857462,0,False
669b3861c7250ec426d98833,10.7600713,106.7031042,0,False
669b38f7c7250ec426d98be1,10.8029216,106.698578,0,False
669b4921c7250ec426d99207,10.8043,106.7148,0,False
669b6419c7250ec426d99a4e,10.8389932,106.7335652,0,False
669b78cec7250ec426d9a075,10.7950302,106.5941404,0,False
669b80afc7250ec426d9aa4c,10.8758255,106.809226,0,False
669b862bc7250ec426d9ab12,10.8114662,106.6972855,0,False
669d117dc7250ec426d9c8cc,10.7694118,106.6819732,0,False
669d1209c7250ec426d9c8d5,10.8318724,106.6435476,0,False
669d6692c7250ec426d9c978,10.826536,106.5936658,0,False
669d679dc7250ec426d9c981,10.8171624,106.6868903,0,False
669d68dec7250ec426d9c98a,10.7675141,106.7013112,0,False
669d69dbc7250ec426d9c993,10.7768828,106.7051341,0,False
669d6ac7c7250ec426d9c99c,10.7547816,106.6825141,0,False
669d6baec7250ec426d9c9a5,10.8655554,106.6630665,0,False
669d6c35c7250ec426d9c9ae,10.8305737,106.6430268,0,False
669d6d63c7250ec426d9c9b7,10.73174,106.7373315,0,False
669d6e61c7250ec426d9c9c0,10.8111911,106.6978404,0,False
669d6f47c7250ec426d9c9c9,10.7217704,106.7428377,0,False
669db3dec7250ec426d9ca09,10.796224,106.784861,0,False
669dc9aec7250ec426d9d1fe,10.7510475,106.6963753,0,False
669dcd0ec7250ec426d9d29c,10.8313433,106.675859,0,False
669dce9dc7250ec426d9d312,10.7813048,106.7377084,0,False
669dd080c7250ec426d9d379,10.8021884,106.6398992,0,False
669dd4bfc7250ec426d9d45c,10.8395316,106.8343647,0,False
669dd6e2c7250ec426d9d676,10.8157623,106.6977587,0,False
669dd72bc7250ec426d9d692,10.7082352,106.7328669,0,False
669dd885c7250ec426d9d754,10.8265335,106.5944178,0,False
669ddde8c7250ec426d9d96d,10.8189972,106.6914786,0,False
669ddeb6c7250ec426d9da1a,10.77243,106.7264428,0,False
669ddf84c7250ec426d9da50,10.7297013,106.6308236,0,False
669de086c7250ec426d9db0d,10.776648,106.690657,0,False
669de13ec7250ec426d9db24,10.7732061,106.6126763,0,False
669de6b6c7250ec426d9de35,10.7677077,106.6439139,0,False
669de96ac7250ec426d9e048,10.7717737,106.7037347,0,False
669de9f6c7250ec426d9e0d7,10.7448392,106.6485764,0,False
669deb4dc7250ec426d9e1f7,10.7605312,106.6981493,0,False
669df050c7250ec426d9e3ba,10.8196058,106.7624372,0,False
669dfa44c7250ec426d9e91a,10.7640583,106.7822033,0,False
669e1b66c7250ec426d9f8b5,10.7203798,106.7033471,0,False
669e869bc7250ec426da126a,10.7820429,106.7365135,0,False
669e878fc7250ec426da129b,10.7609895,106.6897446,0,False
669f0ff4c7250ec426da1380,10.8029287,106.6656657,0,False
669f18f0c7250ec426da13ff,10.730434,106.705566,0,False
669f18fcc7250ec426da1406,10.7840599,106.7026315,0,False
669f1959c7250ec426da1416,10.7767968,106.7045013,0,False
669f1a9ec7250ec426da144a,10.8435893,106.6674247,0,False
669f1b7fc7250ec426da145f,10.7654638,106.6629498,0,False
669f1c06c7250ec426da1813,10.7728246,106.6812047,0,False
669f1c5fc7250ec426da1bc3,10.7855186,106.6042525,0,False
669f1d91c7250ec426da1f81,10.836056,106.6390901,0,False
669f1e12c7250ec426da1f92,10.750878,106.6147973,0,False
669f1e6bc7250ec426da1f9d,10.761339,106.67153,0,False
669f2d22c7250ec426da2287,10.7716134,106.6865374,0,False
669f2ddac7250ec426da2643,10.7388503,106.7068231,0,False
669f32b1c7250ec426da26d9,10.7581998,106.6796346,0,False
669f338cc7250ec426da26ec,10.8381938,106.6017477,0,False
669f376bc7250ec426da2855,10.8267723,106.6016775,0,False
669f5509c7250ec426da311c,10.8403618,106.8368782,0,False
669fc80ec7250ec426da4219,10.6968118,106.7363287,0,False
669fd116c7250ec426da4264,10.8141216,106.6951782,0,False
669fe180c7250ec426da4287,10.8334392,106.7726158,0,False
669fe4acc7250ec426da4298,10.8277458,106.6149043,0,False
669fe7d5c7250ec426da42a1,10.73174,106.7373315,0,False
669fe89ac7250ec426da42aa,10.854762,106.808023,0,False
669feb05c7250ec426da42b3,10.7788233,106.6884617,0,False
669fec44c7250ec426da42bc,10.8726367,106.581175,0,False
669ff2c4c7250ec426da42c5,10.6901172,106.6544081,-1,True
669ff3bbc7250ec426da42ce,10.7309565,106.624547,0,False
669ffbeac7250ec426da4384,10.7630936,106.6462545,0,False
66a05074c7250ec426da43ac,10.8449788,106.6500627,0,False
66a066f0c7250ec426da458a,10.78556,106.7002119,0,False
66a067b6c7250ec426da4949,10.8138824,106.6887002,0,False
66a06867c7250ec426da497b,10.8423462,106.7903348,0,False
66a0689ac7250ec426da498a,10.7293573,106.7233855,0,False
66a06949c7250ec426da4995,10.7919283,106.6983947,0,False
66a06bb9c7250ec426da49c6,10.8050081,106.6325201,0,False
66a06c21c7250ec426da4a41,10.7561489,106.6918671,0,False
66a06c8ac7250ec426da4a6b,10.746122,106.689867,0,False
66a06d2cc7250ec426da4e5f,10.7392371,106.7024351,0,False
66a06d68c7250ec426da4e6c,10.7595938,106.6790285,0,False
66a06e0cc7250ec426da5247,10.7447452,106.643529,0,False
66a06e6bc7250ec426da526b,10.8154898,106.7070632,0,False
66a071ccc7250ec426da53fc,10.7568677,106.6687151,0,False
66a086044131ebe6bf0187d3,10.7271257,106.733947,0,False
66a086624131ebe6bf01882c,10.8595984,106.8112872,0,False
66a08d5e4131ebe6bf018bf4,10.8435893,106.6674247,0,False
66a091ec4131ebe6bf018d24,10.8370638,106.6712839,0,False
66a093544131ebe6bf018d36,10.8312525,106.705541,0,False
66a096ed4131ebe6bf018ee4,10.8602918,106.6701755,0,False
66a0abf94131ebe6bf01a3b4,10.7890149,106.7026,0,False
66a11b544131ebe6bf01c847,10.7952151,106.6419237,0,False
66a11e0f4131ebe6bf01c864,10.7891169,106.678004,0,False
66a141e54131ebe6bf01c907,10.8500765,106.6510621,0,False
66a19acf4131ebe6bf01c93c,10.7793572,106.6760445,0,False
66a1bd074131ebe6bf01cb9f,10.7550369,106.6583778,0,False
66a1be134131ebe6bf01cfbc,10.7894205,106.6393604,0,False
66a1bed14131ebe6bf01d00a,10.732205,106.7389217,0,False
66a1bf404131ebe6bf01d018,10.8825649,106.5987704,0,False
66a1bf976badf0453bda8fce,10.7685805,106.7126926,0,False
66a1bf9c4131ebe6bf01d02b,10.7595938,106.6790285,0,False
66a1c0214131ebe6bf01d430,10.7407743,106.7049668,0,False
66a1c3494131ebe6bf01d4c2,10.7526657,106.6073912,0,False
66a1c4544131ebe6bf01d4ec,10.7702934,106.6748459,0,False
66a1cc0c4131ebe6bf01d674,10.7987635,106.6606013,0,False
66a1cf094131ebe6bf01d76f,10.7751283,106.6872783,0,False
66a1d9b86badf0453bda907b,10.8435893,106.6674247,0,False
66a1db7b6badf0453bda90b4,10.7568036,106.7046138,0,False
66a1dd364131ebe6bf01debd,10.7645812,106.6928287,0,False
66a201698e4a1d9c6936b33c,10.7661527,106.6752183,0,False
66a277760183a7b440089be8,10.8277685,106.7262235,0,False
66a279fa0183a7b440089bf4,10.7770254,106.704242,0,False
66a285b60183a7b440089c43,10.8595841,106.8370349,0,False
66a289030183a7b440089c73,10.8091479,106.6726964,0,False
66a289740183a7b440089d39,10.7104903,106.7035316,0,False
66a289e40183a7b440089d42,10.8223717,106.6177902,0,False
66a28a540183a7b440089d4b,10.792479,106.6817465,0,False
66a28afe0183a7b440089d54,10.7306572,106.7213436,0,False
66a30b450183a7b44008a065,10.791369,106.69732,0,False
66a3167d0183a7b44008a322,10.7331017,106.6431133,0,False
66a316e20183a7b44008a339,10.7549068,106.6940829,0,False
66a318be0183a7b44008a7c7,10.7688404,106.6689382,0,False
66a319a60183a7b44008acff,10.7987635,106.6606013,0,False
66a31a890183a7b44008adb5,10.8350635,106.7736155,0,False
66a31b120183a7b44008adef,10.7716134,106.6865374,0,False
66a31bd80183a7b44008b247,10.7720757,106.6940379,0,False
66a31c240183a7b44008b2e3,10.7082352,106.7328669,0,False
66a31d090183a7b44008b6e9,10.7547252,106.6514563,0,False
66a352b10183a7b44008ce47,10.8369833,106.6755955,0,False
66a359260183a7b44008cfd7,10.76568,106.68714,0,False
66a35a110183a7b44008cffe,10.7702607,106.6932967,0,False
66a35a1d0183a7b44008d009,10.8036214,106.7269839,0,False
66a361896badf0453bda95d8,10.8435893,106.6674247,0,False
66a36cad0183a7b44008de53,10.7688673,106.6684271,0,False
66a3c12b0183a7b44008ee8d,10.8777303,106.7690256,-1,True
66a3c1d10183a7b44008eea7,10.7445565,106.6287499,0,False
66a3c22e0183a7b44008ef8e,10.8032137,106.7402703,0,False
66a3c2d80183a7b44008efa0,10.8401369,106.6735559,0,False
66a3c3930183a7b44008efaf,10.7707894,106.6765227,0,False
66a3c8ab0183a7b44008f181,10.8462233,106.6162316,0,False
66a4763f0183a7b44008f4d9,10.8186368,106.6766675,0,False
66a49c3d0183a7b44008fe1c,10.731525,106.7059767,0,False
66a49c770183a7b44008fe25,10.8028159,106.7353967,0,False
66a6fe210183a7b440091546,10.7640583,106.7822033,0,False
66a7144d0183a7b440091626,10.7669792,106.7039794,0,False
66a7180d0183a7b440091ab6,10.7784163,106.7474361,0,False
66a719bd0183a7b440091bb2,10.8077796,106.6702148,0,False
66a71af30183a7b440091cba,10.7169375,106.702138,0,False
66a71c0c0183a7b440091cca,10.8750283,106.5972383,0,False
66a71d2b0183a7b440091cda,10.8173795,106.6919846,0,False
66a71ea50183a7b440091d16,10.814472,106.6711705,0,False
66a71fa10183a7b440091d2c,10.8091992,106.7319181,0,False
66a71fd90183a7b440091d3a,10.8091992,106.7319181,0,False
66a71fdc0183a7b440091d41,10.7689225,106.6945664,0,False
66a720806badf0453bda9a2b,10.8435893,106.6674247,0,False
66a721b20183a7b440091d88,10.7108769,106.7032967,0,False
66a7226b0183a7b440091da7,10.7917263,106.7164727,0,False
66a723330183a7b440091dec,10.7374039,106.6142755,0,False
66a724150183a7b440091f8c,10.770375,106.687592,0,False
66a72c690183a7b440092245,10.8307206,106.7184998,0,False
66a74aae0183a7b440092a26,10.7432388,106.7362812,0,False
66a750090183a7b440092fd9,10.7193305,106.7270949,0,False
66a75cf90183a7b440093838,10.7688673,106.6684271,0,False
66a760020183a7b440093956,10.7787491,106.7452131,0,False
66a760240183a7b440093964,10.7568677,106.6687151,0,False
66a76f350183a7b440093d4c,10.7424154,106.6730102,0,False
66a84e800183a7b440094f52,10.7525946,106.6111442,0,False
66a852360183a7b440094f97,10.8041076,106.7337064,0,False
66a8716f0183a7b440095165,10.80192,106.7356428,0,False
66a882e80183a7b440095a54,10.807182,106.6642589,0,False
66a89d1e0183a7b440095f63,10.7666799,106.6749505,0,False
66a8a8c36badf0453bda9cc9,10.8008062,106.6305464,0,False
66a90d297e3bd50e54fe8f09,10.752582,106.6719562,0,False
66a90ecb7e3bd50e54fe8f14,10.7700625,106.7417961,0,False
66a910217e3bd50e54fe8f1d,10.8001494,106.6788131,0,False
66a912287e3bd50e54fe8f26,10.8401791,106.6683812,0,False
66a913e67e3bd50e54fe8f2f,10.8152156,106.7868445,0,False
66a9152c7e3bd50e54fe8f46,10.7723754,106.6696478,0,False
66a915c97e3bd50e54fe8f4f,10.736568,106.655829,0,False
66a916a77e3bd50e54fe8f58,10.8131678,106.7049255,0,False
66a996877e3bd50e54fe90d7,10.7784262,106.7138974,0,False
66a9ae686badf0453bdaa0d4,10.8435893,106.6674247,0,False
66a9c1c57e3bd50e54fe9802,10.7656007,106.6768347,0,False
66a9ca5f7e3bd50e54fe9930,10.7661527,106.6752183,0,False
66a9cc7c58b703a0100ab3ad,10.7619235,106.6951394,0,False
66a9d2ad7e3bd50e54fe9a6f,10.8029462,106.6424948,0,False
66a9de677e3bd50e54fe9b8d,10.7661527,106.6752183,0,False
66a9e0b87e3bd50e54fe9bb4,10.7698358,106.6965224,0,False
66aa1f147e3bd50e54fea232,10.7787818,106.6841668,0,False
66aa24527e3bd50e54fea26c,10.7884341,106.7182882,0,False
66aa66af7e3bd50e54fea6ad,10.8066181,106.7301213,0,False
66aaf3567e3bd50e54fea8df,10.8033564,106.7414359,0,False
66aaf5197e3bd50e54fea915,10.7839192,106.6964333,0,False
66aaf6597e3bd50e54feaa3e,10.7557658,106.6776451,0,False
66aaf8dc7e3bd50e54feaa6a,10.7741575,106.601979,0,False
66aaf9577e3bd50e54feab5d,10.7722709,106.6948897,0,False
66aafc1e7e3bd50e54feac85,10.7975449,106.729164,0,False
66ab092d7e3bd50e54feb472,10.791645,106.699966,0,False
66ab4f657e3bd50e54fec0b7,10.8249693,106.7280973,0,False
66ab510e7e3bd50e54fec11a,10.7559866,106.7085708,0,False
66ab516d7e3bd50e54fec125,10.7954446,106.7443362,0,False
66ac55bb41dd95a0cd9713c9,10.7868147,106.6961415,0,False
66ac582b41dd95a0cd9713f3,10.847519,106.7799889,0,False
66ac588941dd95a0cd9714e9,10.7815014,106.6296,0,False
66ac5bd941dd95a0cd971588,10.8307206,106.7184998,0,False
66ac5c9c41dd95a0cd9715b7,10.8029462,106.6424948,0,False
66ac5f0741dd95a0cd971634,10.7951906,106.6633816,0,False
66ac8a4f41dd95a0cd9719db,10.7881861,106.6307725,0,False
66ac8c2c41dd95a0cd971a52,10.7960299,106.6058411,0,False
66ac9d9441dd95a0cd971c16,10.7698358,106.6965224,0,False
66ac9dcf41dd95a0cd971c27,10.7661527,106.6752183,0,False
66ac9dff41dd95a0cd971c33,10.688666,106.5845828,1,False
66ac9e2541dd95a0cd971c3e,10.8028159,106.7353967,0,False
66ac9e3941dd95a0cd971c45,10.7231764,106.6244251,0,False
66acab0a41dd95a0cd9720c0,10.8023264,106.735724,0,False
66adab323860c2916226ff7a,10.8435893,106.6674247,0,False
66adaba141dd95a0cd97346a,10.7611242,106.6650888,0,False
66adb98041dd95a0cd9735a4,10.7535583,106.6803901,0,False
66adbd243860c2916227007c,10.7434464,106.7331899,0,False
66ade03f3860c291622700aa,10.7902229,106.691778,0,False
66adeea441dd95a0cd973fa0,10.7351134,106.6912568,0,False
66adf3943860c291622700ed,10.7802908,106.7231283,0,False
66b04fac5555d7d11c91bba5,10.8618393,106.6109574,0,False
66b08f1b41dd95a0cd976183,10.7836778,106.6915504,0,False
66b0a3fa41dd95a0cd976283,10.7757605,106.6880289,0,False
66b0a77741dd95a0cd9766d2,10.805676,106.693947,0,False
66b189f641dd95a0cd976b84,10.7316967,106.731575,0,False
66b19ab241dd95a0cd976ca4,10.8372374,106.8313915,0,False
66b19d2941dd95a0cd976d23,10.7741051,106.668781,0,False
66b19dbe41dd95a0cd976d7a,10.8055765,106.7043752,0,False
66b19f6d41dd95a0cd976e2b,10.7472517,106.6138054,0,False
66b1a12a41dd95a0cd976eec,10.7278783,106.6251536,0,False
66b1a22241dd95a0cd976f21,10.8911294,106.6422191,0,False
66b1a2f041dd95a0cd9772cb,10.7294157,106.6250248,0,False
66b1a3a841dd95a0cd977312,10.7653054,106.6664064,0,False
66b1ac0c41dd95a0cd9774ae,10.7468852,106.681071,0,False
66b1ad7b41dd95a0cd9774fb,10.7860746,106.6187538,0,False
66b1add041dd95a0cd97754b,10.7580525,106.662048,0,False
66b1adfc41dd95a0cd977570,10.8274745,106.7727908,0,False
66b1aedf41dd95a0cd97757d,10.8443822,106.8369581,0,False
66b1aef78bafc7aafe84102c,10.788795,106.7001109,0,False
66b1af828bafc7aafe84104f,10.7902229,106.691778,0,False
66b1afe941dd95a0cd9776fe,10.8249979,106.7281385,0,False
66b1b07141dd95a0cd977755,10.7425328,106.7284139,0,False
66b1c5aa41dd95a0cd978603,10.8182198,106.7049669,0,False
66b1c6db41dd95a0cd978787,10.7408401,106.6374558,0,False
66b1ce5341dd95a0cd97896b,10.7971061,106.6869001,0,False
66b2e1a441dd95a0cd979ea1,10.7717737,106.7037347,0,False
66b2e38841dd95a0cd979ecb,10.7932544,106.6688183,0,False
66b2e4c241dd95a0cd97ad47,10.7997941,106.6706465,0,False
66b2e6c77cb3f11298e313c5,10.7871357,106.7675469,0,False
66b2e7807cb3f11298e313d1,10.7947886,106.7446421,0,False
66b2ec357cb3f11298e31524,10.7892821,106.6631699,0,False
66b2ecaa7cb3f11298e31553,10.7701999,106.6385711,0,False
66b2ed167cb3f11298e31657,10.8661646,106.8408731,0,False
66b303997cb3f11298e31c45,10.7918886,106.6415611,0,False
66b304517cb3f11298e31cd3,10.6897242,106.5874765,1,False
66b30ae38bafc7aafe8412e7,10.8435893,106.6674247,0,False
66b30af87cb3f11298e3221f,10.8128232,106.6186637,0,False
66b31f1e7cb3f11298e326bc,10.7732157,106.605197,0,False
66b345497cb3f11298e33298,10.7193305,106.7270949,0,False
66b345f67cb3f11298e335cd,10.7279208,106.7088845,0,False
66b34bae7cb3f11298e3364a,10.740158,106.6844606,0,False
66b363cf7cb3f11298e33ae3,10.769351,106.69718,0,False
66b372297cb3f11298e33aee,10.73513,106.5459406,-1,True
66b42f430f42ac1ad11ca1e4,10.8435893,106.6674247,0,False
66b433587cb3f11298e33d66,10.784016,106.6996878,0,False
66b434b37cb3f11298e33d8d,10.8312525,106.705541,0,False
66b4354d7cb3f11298e33dbd,10.8431671,106.6746239,0,False
66b43b797cb3f11298e33e32,10.7605927,106.6063707,0,False
66b441337cb3f11298e33e7d,10.7662256,106.6130705,0,False
66b441737cb3f11298e34269,10.7082352,106.7328669,0,False
66b442417cb3f11298e3468b,10.8511024,106.7519492,0,False
66b4432e7cb3f11298e3469e,10.7543788,106.6919534,0,False
66b4438b7cb3f11298e346a9,10.7601344,106.6574423,0,False
66b4447b7cb3f11298e34b81,10.893009,106.6829746,-1,True
66b4564c7cb3f11298e34ff7,10.8267551,106.6908739,0,False
66b45f0e0f42ac1ad11ca340,10.8259766,106.6206885,0,False
66b460207cb3f11298e35196,10.7318784,106.7062895,0,False
66b461ed0f42ac1ad11ca378,10.7721793,106.678874,0,False
66b4689a7cb3f11298e3543e,10.7692109,106.6950268,0,False
66b46a517cb3f11298e35463,10.8487026,106.7470109,0,False
66b46d6a7cb3f11298e35520,10.7798932,106.6772248,0,False
66b471827cb3f11298e3566f,10.7318569,106.6318474,0,False
66b49dff7cb3f11298e36c26,10.724166,106.602246,0,False
66b4bee97cb3f11298e36f40,10.8529159,106.7961967,0,False
66b588377cb3f11298e37782,10.8189972,106.6914786,0,False
66b589047cb3f11298e37790,10.7959781,106.7063675,0,False
66b58b477cb3f11298e37b88,10.7469617,106.6375433,0,False
66b58bed7cb3f11298e37b91,10.778576,106.6803922,0,False
66b58c807cb3f11298e37ba1,10.7989078,106.8131135,0,False
66b58e557cb3f11298e37bcd,10.7297683,106.6577883,0,False
66b58edf7cb3f11298e37bea,10.8122165,106.6284721,0,False
66b5a06d7cb3f11298e37fc0,10.796109,106.6998222,0,False
66b5af1a7cb3f11298e38448,10.735839,106.648358,0,False
66b5af8b7cb3f11298e38476,10.7589583,106.6233583,0,False
66b5b4447cb3f11298e3863c,10.7593765,106.6666734,0,False
66b62fa57cb3f11298e39c47,10.7864224,106.7000489,0,False
66b635d17cb3f11298e39dc5,10.796267,106.6542326,0,False
66b642c07cb3f11298e39dd6,10.7868324,106.6359735,0,False
66b643c27cb3f11298e39ddf,10.8029296,106.6133323,0,False
66b6446f7cb3f11298e39dea,10.740659,106.7198934,0,False
66b64a7c7cb3f11298e39df4,10.8033564,106.7414359,0,False
66b64d3e7cb3f11298e39dff,10.830456,106.6370922,0,False
66b64f327cb3f11298e39e19,10.7302016,106.6547821,0,False
66b650677cb3f11298e39e23,10.8187481,106.7620415,0,False
66b651fe7cb3f11298e39e2e,10.730647,106.6119187,0,False
66b652f37cb3f11298e39e3a,10.7526245,106.5858213,0,False
66b653c97cb3f11298e39e46,10.7408272,106.6881992,0,False
66b6562f7cb3f11298e39e50,10.796267,106.6542326,0,False
66b6d24b7cb3f11298e3aaec,10.7354802,106.6698507,0,False
66b6e2677cb3f11298e3ad85,10.7385869,106.7180129,0,False
66b6e72e0f42ac1ad11caa1e,10.8435893,106.6674247,0,False
66b6e7367cb3f11298e3aee8,10.7389136,106.6586233,0,False
66b6e87c7cb3f11298e3b2e3,10.8195448,106.7030761,0,False
66b6e98a7cb3f11298e3b31f,10.8169251,106.6980431,0,False
66b6ea627cb3f11298e3b33c,10.7851027,106.6803658,0,False
66b6eb687cb3f11298e3b379,10.7745414,106.6783877,0,False
66b6ecff7cb3f11298e3b484,10.7856993,106.6511768,0,False
66b6ed487cb3f11298e3b495,10.7716134,106.6865374,0,False
66b6edad7cb3f11298e3b88f,10.6911518,106.7381311,0,False
66b6f52b7cb3f11298e3be60,10.748762,106.6823432,0,False
66b6f6ea7cb3f11298e3bee6,10.85317,106.8115259,0,False
66b717c37cb3f11298e3cc38,10.8602918,106.6701755,0,False
66b734f77cb3f11298e3e840,10.7802908,106.7231283,0,False
66b743d67cb3f11298e3e917,10.7902229,106.691778,0,False
66b8a7147cb3f11298e3f5a0,10.8171349,106.7303988,0,False
66b97eec7cb3f11298e3fb87,10.7947225,106.7415361,0,False
66b980d87cb3f11298e3fbbd,10.7986342,106.7060875,0,False
66b981fc7cb3f11298e4002a,10.8281725,106.7137519,0,False
66b98d867cb3f11298e40187,10.7082352,106.7328669,0,False
66b9adb10f42ac1ad11caf84,10.7962205,106.7231993,0,False
66b9c05c7cb3f11298e40e11,10.8028159,106.7353967,0,False
66b9ceea0f42ac1ad11cafd7,10.7773362,106.5736441,0,False
66ba1c0d7cb3f11298e41fe7,10.8093062,106.6276759,0,False
66bab4a67cb3f11298e42097,10.7606335,106.6983835,0,False
66bac1527cb3f11298e42891,10.8269739,106.6397243,0,False
66bac56a7cb3f11298e428ce,10.842435,106.8402207,0,False
66bac5c77cb3f11298e428d8,10.8145947,106.7328396,0,False
66bac9d07cb3f11298e42924,10.7156074,106.7409947,0,False
66baca4e7cb3f11298e42933,10.7906767,106.7092859,0,False
66bacada7cb3f11298e42940,10.8282514,106.7031724,0,False
66bacbac7cb3f11298e42d69,10.7944879,106.6968939,0,False
66bacd9f7cb3f11298e42d90,10.6912974,106.6548235,-1,True
66bacf3c7cb3f11298e42da7,10.7610054,106.6300855,0,False
66bacfa37cb3f11298e42db0,10.8189972,106.6914786,0,False
66bacfe87cb3f11298e42dc0,10.7786823,106.6636601,0,False
66bad1820f42ac1ad11cb212,10.8435893,106.6674247,0,False
66bad1d17cb3f11298e431e9,10.7844972,106.7467409,0,False
66bb348f0f42ac1ad11cb2c2,10.8249979,106.7281385,0,False
66bc21097cb3f11298e44c2c,10.8093679,106.683626,0,False
66bc281c7cb3f11298e44c8f,10.7648467,106.6310259,0,False
66bc28757cb3f11298e44cb3,10.8239114,106.637224,0,False
66bc295e7cb3f11298e4516d,10.776889,106.601054,0,False
66bc2b8f0f42ac1ad11cb354,10.8174016,106.6139382,0,False
66bc2be07cb3f11298e45800,10.7863202,106.6639531,0,False
66bc2d797cb3f11298e45c95,10.7596375,106.5965759,0,False
66bc2e787cb3f11298e460d6,10.7607159,106.638882,0,False
66bc33f97cb3f11298e46180,10.6911518,106.7381311,0,False
66bc34ba7cb3f11298e465ae,10.8158293,106.7105413,0,False
66bc494d7cb3f11298e46f2f,10.8301561,106.689707,0,False
66bc564e7cb3f11298e47113,10.7423974,106.6451605,0,False
66bd5ba59973faa9d132d9a8,10.8019171,106.6522494,0,False
66bd6a930f42ac1ad11cb585,10.8435893,106.6674247,0,False
66bd760a9973faa9d132dafd,10.7905433,106.6970552,0,False
66bd79b49973faa9d132db37,10.752582,106.6719562,0,False
66bd7a7d9973faa9d132db48,10.7677946,106.6918029,0,False
66bd7e119973faa9d132deee,10.7539794,106.6674672,0,False
66bd7f869973faa9d132e02c,10.7742168,106.6683836,0,False
66bd82039973faa9d132e085,10.8421864,106.67008,0,False
66bd83809973faa9d132e145,10.7427014,106.6447237,0,False
66bd845e9973faa9d132e28d,10.8516877,106.6715937,0,False
66bd84639973faa9d132e294,10.7294157,106.6250248,0,False
66bd87e29973faa9d132e88c,10.7661527,106.6752183,0,False
66bd881e9973faa9d132e8a2,10.7661527,106.6752183,0,False
66bd88859973faa9d132e8ae,10.7975449,106.729164,0,False
66bdf85d9973faa9d132f89d,10.7610054,106.6300855,0,False
66be094c9973faa9d132fba1,10.8487183,106.7469049,0,False
66be3bc69973faa9d132fccf,10.7510475,106.6963753,0,False
66bebbf19973faa9d132fda9,10.8022727,106.7217094,0,False
66bebc4c9973faa9d132fdb9,10.7463022,106.6377599,0,False
66bebf9a0f42ac1ad11cb88f,10.8435893,106.6674247,0,False
66bece979973faa9d133011a,10.7717737,106.7037347,0,False
66beceaa9973faa9d1330129,10.8203654,106.6756552,0,False
66becef59973faa9d1330567,10.7346397,106.7015884,0,False
66becf759973faa9d13305c9,10.7407146,106.6373204,0,False
66becfcd9973faa9d13305d6,10.8487026,106.7470109,0,False
66bed32d9973faa9d1330946,10.8531188,106.8115618,0,False
66bed8099a1d4579e8b418ae,10.8143685,106.7283586,0,False
66bed9c29973faa9d1330b38,10.83874,106.6663545,0,False
66bedd8b9973faa9d133108c,10.7311367,106.6131051,0,False
66bf21bb9a1d4579e8b41994,10.7902229,106.691778,0,False
66bf24069a1d4579e8b419db,10.8249979,106.7281385,0,False
66c010009a1d4579e8b41a25,10.7833288,106.6759039,0,False
66c011989a1d4579e8b41a47,10.7833288,106.6759039,0,False
66c018f69973faa9d133306f,10.7872051,106.6831691,0,False
66c01a199973faa9d1333382,10.7510475,106.6963753,0,False
66c01f179973faa9d13334f0,10.7607159,106.638882,0,False
66c01f789973faa9d1333500,10.771592,106.6003468,0,False
66c024a59973faa9d133364b,10.8171004,106.6763842,0,False
66c025749973faa9d133368b,10.8590058,106.8146502,0,False
66c0262d9973faa9d133369d,10.8042804,106.6983199,0,False
66c0283b9973faa9d1333b5a,10.7534513,106.6771692,0,False
66c029be9973faa9d1333cb1,10.7068341,106.6529238,-1,True
66c02bf29973faa9d1333cfd,10.7082352,106.7328669,0,False
66c02e6e9973faa9d13345c7,10.7521051,106.5915285,0,False
66c0355b9973faa9d1334b1b,10.8529159,106.7961967,0,False
66c1e45f9973faa9d1336344,10.8052825,106.6652402,0,False
66c1e45f9973faa9d133634b,10.7782929,106.6614848,0,False
66c215b89973faa9d133650c,10.7318224,106.7316103,0,False
66c2a32c9973faa9d1336658,10.7624123,106.6990176,0,False
66c2b5d59973faa9d1336975,10.8434884,106.6542517,0,False
66c2b6a59973faa9d1336d9b,10.8117373,106.6002064,0,False
66c2b7b79973faa9d1336dbf,10.7374519,106.6135195,0,False
66c2c3709973faa9d1336fc7,10.7767968,106.7045013,0,False
66c2ca139973faa9d133719d,10.8154898,106.7070632,0,False
66c2ce269973faa9d13372ce,10.8372374,106.8313915,0,False
66c2d0629973faa9d1337371,10.7400235,106.7004676,0,False
66c2d11f9973faa9d13377cb,10.797429,106.7196697,0,False
66c2d3759973faa9d1337c4f,10.7593765,106.6666734,0,False
66c2d4a29973faa9d1337c89,10.8216883,106.6239477,0,False
66c2d5c29973faa9d1337d26,10.8375719,106.8328903,0,False
66c2d67a9973faa9d1337da8,10.807407,106.6649353,0,False
66c2d7239973faa9d1337de8,10.8594365,106.7629648,0,False
66c2d8139973faa9d1337ec3,10.8505434,106.7894822,0,False
66c2d8699973faa9d133800e,10.802144,106.651067,0,False
66c2f3b39973faa9d13386ba,10.8407759,106.8070269,0,False
66c3e5939a1d4579e8b42194,10.8237106,106.7255078,0,False
66c413b6dc29bcc583b5c0ed,10.8246711,106.7206532,0,False
66c414a8dc29bcc583b5c0f8,10.8071425,106.7185742,0,False
66c41747dc29bcc583b5c176,10.8307024,106.5661754,-1,True
66c417efdc29bcc583b5c18e,10.7463953,106.6376819,0,False
66c4192eb8e7077ed0127de5,10.7613489,106.647301,0,False
66c419bbb8e7077ed0127e21,10.8306028,106.7044949,0,False
66c421a1b8e7077ed0127f50,10.788876,106.7155603,0,False
66c421dfb8e7077ed0127f92,10.7318784,106.7062895,0,False
66c42231b8e7077ed012804c,10.8560564,106.75334,0,False
66c4231bb8e7077ed0128247,10.8573917,106.666613,0,False
66c42b85b8e7077ed01284d1,10.8113982,106.7331677,0,False
66c42dd0b8e7077ed0128560,10.7639209,106.6924602,0,False
66c4385ab8e7077ed01289b6,10.7880487,106.6531932,0,False
66c44fc09a1d4579e8b423aa,10.7902229,106.691778,0,False
66c48f48b8e7077ed0129779,10.7549242,106.6088802,0,False
66c48f67b8e7077ed012997b,10.73513,106.5459406,-1,True
66c4a6d59a1d4579e8b424a6,10.8585057,106.6231889,0,False
66c54daab8e7077ed0129cc0,10.7359413,106.729572,0,False
66c56085b8e7077ed012a017,10.7534302,106.5918487,0,False
66c560d4b8e7077ed012a439,10.8312525,106.705541,0,False
66c5610cb8e7077ed012a442,10.7082352,106.7328669,0,False
66c561bdb8e7077ed012a892,10.7707586,106.6535246,0,False
66c56230b8e7077ed012a89d,10.8583657,106.7776188,0,False
66c565189a1d4579e8b42598,10.8435893,106.6674247,0,False
66c56658b8e7077ed012a9c0,10.84486,106.7751738,0,False
66c567deb8e7077ed012ab18,10.8028159,106.7353967,0,False
66c56999b8e7077ed012ab2e,10.8267723,106.6016775,0,False
66c56bf1b8e7077ed012acd2,10.688666,106.5845828,1,False
66c585fbb8e7077ed012b2ba,10.8274929,106.7028654,0,False
66c59874b8e7077ed012bb9d,10.8618393,106.6109574,0,False
66c59935b8e7077ed012bc53,10.7889268,106.8085858,-1,True
66c6034bb8e7077ed012ce2c,10.8077646,106.7101418,0,False
66c6bb92b8e7077ed012d2db,10.8364353,106.6038461,0,False
66c6bd81b8e7077ed012d31e,10.7245458,106.7084682,0,False
66c6be20b8e7077ed012d785,10.8436427,106.6372931,0,False
66c6beaab8e7077ed012d794,10.8561257,106.6414713,0,False
66c6c95db8e7077ed012d9cd,10.7679136,106.7001873,0,False
66c6ca63b8e7077ed012d9d7,10.8343187,106.6341845,0,False
66c6ccb7b8e7077ed012db51,10.8468221,106.7699433,0,False
66c6cde3b8e7077ed012db6a,10.7683452,106.7003719,0,False
66c6cfb99a1d4579e8b42a95,10.7721793,106.678874,0,False
66c6d490b8e7077ed012dc89,10.8350168,106.7665202,0,False
66c6d54ca67b5bb62058ace3,10.8435893,106.6674247,0,False
66c6d553b8e7077ed012dd9f,10.7987511,106.7200341,0,False
66c6fe01b8e7077ed012e57d,10.8203479,106.7593277,0,False
66c72db4b8e7077ed012e9e2,10.7510475,106.6963753,0,False
66c7425eb8e7077ed012ecd2,10.8018536,106.7493055,0,False
66c7d687b8e7077ed012f0cd,10.7779164,106.6912334,0,False
66c7f0d6b8e7077ed012f155,10.8094391,106.7938169,0,False
66c7fa33b8e7077ed012f1fa,10.8004095,106.5930057,0,False
66c81019b8e7077ed012f79b,10.7688986,106.5939563,0,False
66c810b3b8e7077ed012fbf5,10.7396671,106.6272768,0,False
66c816dab8e7077ed012fc33,10.7535583,106.6803901,0,False
66c81df7b8e7077ed012fd2f,10.8023264,106.735724,0,False
