wave_start,wave_end,wave_size,changed_orders,unchanged_orders,changed_order_ratio,mean_rank_change,max_rank_change,mean_spearman,min_spearman,max_spearman
2024-06-13 04:00:00+00:00,2024-06-13 05:00:00+00:00,4,4,0,1.0,1.75,3.0,0.26666666666666666,-0.39999999999999997,1.0
2024-07-11 06:00:00+00:00,2024-07-11 07:00:00+00:00,8,6,2,0.75,2.0,3.0,0.7380952380952381,0.4761904761904762,1.0
2024-08-15 04:00:00+00:00,2024-08-15 05:00:00+00:00,9,5,4,0.5555555555555556,1.1111111111111112,3.0,0.9083333333333333,0.8166666666666667,1.0
2024-07-05 04:00:00+00:00,2024-07-05 05:00:00+00:00,5,3,2,0.6,0.8,2.0,0.85,0.7,0.9999999999999999
2024-04-23 03:00:00+00:00,2024-04-23 04:00:00+00:00,8,3,5,0.375,0.5,2.0,0.9642857142857144,0.9285714285714287,1.0
2024-07-29 04:00:00+00:00,2024-07-29 05:00:00+00:00,12,3,9,0.25,0.3333333333333333,2.0,0.9895104895104896,0.9790209790209792,1.0
2023-08-06 14:00:00+00:00,2023-08-06 15:00:00+00:00,2,2,0,1.0,1.0,1.0,0.0,-0.9999999999999999,0.9999999999999999
2024-03-27 02:00:00+00:00,2024-03-27 03:00:00+00:00,2,2,0,1.0,1.0,1.0,0.0,-0.9999999999999999,0.9999999999999999
2024-05-16 05:00:00+00:00,2024-05-16 06:00:00+00:00,2,2,0,1.0,1.0,1.0,0.0,-0.9999999999999999,0.9999999999999999
2024-06-28 01:00:00+00:00,2024-06-28 02:00:00+00:00,2,2,0,1.0,1.0,1.0,0.0,-0.9999999999999999,0.9999999999999999
2024-06-28 10:00:00+00:00,2024-06-28 11:00:00+00:00,2,2,0,1.0,1.0,1.0,0.0,-0.9999999999999999,0.9999999999999999
2024-07-04 04:00:00+00:00,2024-07-04 05:00:00+00:00,2,2,0,1.0,1.0,1.0,0.0,-0.9999999999999999,0.9999999999999999
2024-07-04 06:00:00+00:00,2024-07-04 07:00:00+00:00,2,2,0,1.0,1.0,1.0,-0.3333333333333333,-0.9999999999999999,0.9999999999999999
2024-08-23 02:00:00+00:00,2024-08-23 03:00:00+00:00,2,2,0,1.0,1.0,1.0,0.0,-0.9999999999999999,0.9999999999999999
2024-07-08 02:00:00+00:00,2024-07-08 03:00:00+00:00,3,2,1,0.6666666666666666,0.6666666666666666,1.0,0.75,0.5,1.0
2024-02-27 04:00:00+00:00,2024-02-27 05:00:00+00:00,4,2,2,0.5,0.5,1.0,0.8999999999999999,0.7999999999999999,1.0
2024-07-24 05:00:00+00:00,2024-07-24 06:00:00+00:00,4,2,2,0.5,0.5,1.0,0.8999999999999999,0.7999999999999999,1.0
2024-08-17 03:00:00+00:00,2024-08-17 04:00:00+00:00,4,2,2,0.5,0.5,1.0,0.8999999999999999,0.7999999999999999,1.0
2024-03-08 03:00:00+00:00,2024-03-08 04:00:00+00:00,5,2,3,0.4,0.4,1.0,0.9499999999999998,0.8999999999999998,0.9999999999999999
2024-07-15 03:00:00+00:00,2024-07-15 04:00:00+00:00,12,2,10,0.16666666666666666,0.16666666666666666,1.0,0.9965034965034966,0.9930069930069931,1.0
2023-05-11 04:00:00+00:00,2023-05-11 05:00:00+00:00,2,0,2,0.0,0.0,0.0,0.9999999999999999,0.9999999999999999,0.9999999999999999
2023-05-12 15:00:00+00:00,2023-05-12 16:00:00+00:00,2,0,2,0.0,0.0,0.0,0.9999999999999999,0.9999999999999999,0.9999999999999999
2023-05-13 10:00:00+00:00,2023-05-13 11:00:00+00:00,2,0,2,0.0,0.0,0.0,0.9999999999999999,0.9999999999999999,0.9999999999999999
2023-05-18 14:00:00+00:00,2023-05-18 15:00:00+00:00,2,0,2,0.0,0.0,0.0,0.9999999999999999,0.9999999999999999,0.9999999999999999
2023-05-19 04:00:00+00:00,2023-05-19 05:00:00+00:00,2,0,2,0.0,0.0,0.0,0.9999999999999999,0.9999999999999999,0.9999999999999999
2023-05-20 08:00:00+00:00,2023-05-20 09:00:00+00:00,2,0,2,0.0,0.0,0.0,0.9999999999999999,0.9999999999999999,0.9999999999999999
2023-05-22 04:00:00+00:00,2023-05-22 05:00:00+00:00,2,0,2,0.0,0.0,0.0,0.9999999999999999,0.9999999999999999,0.9999999999999999
2023-05-22 16:00:00+00:00,2023-05-22 17:00:00+00:00,2,0,2,0.0,0.0,0.0,0.9999999999999999,0.9999999999999999,0.9999999999999999
2023-05-26 00:00:00+00:00,2023-05-26 01:00:00+00:00,2,0,2,0.0,0.0,0.0,0.9999999999999999,0.9999999999999999,0.9999999999999999
2023-05-31 05:00:00+00:00,2023-05-31 06:00:00+00:00,2,0,2,0.0,0.0,0.0,0.9999999999999999,0.9999999999999999,0.9999999999999999
2023-06-04 07:00:00+00:00,2023-06-04 08:00:00+00:00,2,0,2,0.0,0.0,0.0,0.9999999999999999,0.9999999999999999,0.9999999999999999
2023-06-06 08:00:00+00:00,2023-06-06 09:00:00+00:00,2,0,2,0.0,0.0,0.0,0.9999999999999999,0.9999999999999999,0.9999999999999999
2023-06-06 13:00:00+00:00,2023-06-06 14:00:00+00:00,2,0,2,0.0,0.0,0.0,0.9999999999999999,0.9999999999999999,0.9999999999999999
2023-06-07 03:00:00+00:00,2023-06-07 04:00:00+00:00,2,0,2,0.0,0.0,0.0,0.9999999999999999,0.9999999999999999,0.9999999999999999
2023-06-12 05:00:00+00:00,2023-06-12 06:00:00+00:00,2,0,2,0.0,0.0,0.0,0.9999999999999999,0.9999999999999999,0.9999999999999999
2023-06-20 05:00:00+00:00,2023-06-20 06:00:00+00:00,2,0,2,0.0,0.0,0.0,0.9999999999999999,0.9999999999999999,0.9999999999999999
2023-06-23 06:00:00+00:00,2023-06-23 07:00:00+00:00,2,0,2,0.0,0.0,0.0,0.9999999999999999,0.9999999999999999,0.9999999999999999
2023-06-28 13:00:00+00:00,2023-06-28 14:00:00+00:00,2,0,2,0.0,0.0,0.0,0.9999999999999999,0.9999999999999999,0.9999999999999999
2023-06-30 04:00:00+00:00,2023-06-30 05:00:00+00:00,2,0,2,0.0,0.0,0.0,0.9999999999999999,0.9999999999999999,0.9999999999999999
2023-07-03 07:00:00+00:00,2023-07-03 08:00:00+00:00,2,0,2,0.0,0.0,0.0,0.9999999999999999,0.9999999999999999,0.9999999999999999
2023-07-11 08:00:00+00:00,2023-07-11 09:00:00+00:00,2,0,2,0.0,0.0,0.0,0.9999999999999999,0.9999999999999999,0.9999999999999999
2023-07-15 05:00:00+00:00,2023-07-15 06:00:00+00:00,2,0,2,0.0,0.0,0.0,0.9999999999999999,0.9999999999999999,0.9999999999999999
2023-07-18 17:00:00+00:00,2023-07-18 18:00:00+00:00,2,0,2,0.0,0.0,0.0,0.9999999999999999,0.9999999999999999,0.9999999999999999
2023-07-20 04:00:00+00:00,2023-07-20 05:00:00+00:00,2,0,2,0.0,0.0,0.0,0.9999999999999999,0.9999999999999999,0.9999999999999999
2023-07-20 09:00:00+00:00,2023-07-20 10:00:00+00:00,2,0,2,0.0,0.0,0.0,0.9999999999999999,0.9999999999999999,0.9999999999999999
2023-07-24 06:00:00+00:00,2023-07-24 07:00:00+00:00,2,0,2,0.0,0.0,0.0,0.9999999999999999,0.9999999999999999,0.9999999999999999
2023-07-25 01:00:00+00:00,2023-07-25 02:00:00+00:00,2,0,2,0.0,0.0,0.0,0.9999999999999999,0.9999999999999999,0.9999999999999999
2023-07-26 03:00:00+00:00,2023-07-26 04:00:00+00:00,2,0,2,0.0,0.0,0.0,0.9999999999999999,0.9999999999999999,0.9999999999999999
2023-07-29 04:00:00+00:00,2023-07-29 05:00:00+00:00,2,0,2,0.0,0.0,0.0,0.9999999999999999,0.9999999999999999,0.9999999999999999
2023-07-29 06:00:00+00:00,2023-07-29 07:00:00+00:00,2,0,2,0.0,0.0,0.0,0.9999999999999999,0.9999999999999999,0.9999999999999999
2023-08-02 09:00:00+00:00,2023-08-02 10:00:00+00:00,2,0,2,0.0,0.0,0.0,0.9999999999999999,0.9999999999999999,0.9999999999999999
2023-08-16 05:00:00+00:00,2023-08-16 06:00:00+00:00,2,0,2,0.0,0.0,0.0,0.9999999999999999,0.9999999999999999,0.9999999999999999
2023-08-26 02:00:00+00:00,2023-08-26 03:00:00+00:00,2,0,2,0.0,0.0,0.0,0.9999999999999999,0.9999999999999999,0.9999999999999999
2023-08-26 07:00:00+00:00,2023-08-26 08:00:00+00:00,2,0,2,0.0,0.0,0.0,0.9999999999999999,0.9999999999999999,0.9999999999999999
2023-09-11 06:00:00+00:00,2023-09-11 07:00:00+00:00,2,0,2,0.0,0.0,0.0,0.9999999999999999,0.9999999999999999,0.9999999999999999
2023-09-13 04:00:00+00:00,2023-09-13 05:00:00+00:00,2,0,2,0.0,0.0,0.0,0.9999999999999999,0.9999999999999999,0.9999999999999999
2023-09-13 14:00:00+00:00,2023-09-13 15:00:00+00:00,2,0,2,0.0,0.0,0.0,0.9999999999999999,0.9999999999999999,0.9999999999999999
2023-09-14 16:00:00+00:00,2023-09-14 17:00:00+00:00,2,0,2,0.0,0.0,0.0,0.9999999999999999,0.9999999999999999,0.9999999999999999
2023-09-20 01:00:00+00:00,2023-09-20 02:00:00+00:00,2,0,2,0.0,0.0,0.0,0.9999999999999999,0.9999999999999999,0.9999999999999999
2023-09-20 04:00:00+00:00,2023-09-20 05:00:00+00:00,2,0,2,0.0,0.0,0.0,0.9999999999999999,0.9999999999999999,0.9999999999999999
2023-09-27 06:00:00+00:00,2023-09-27 07:00:00+00:00,2,0,2,0.0,0.0,0.0,0.9999999999999999,0.9999999999999999,0.9999999999999999
2023-09-28 03:00:00+00:00,2023-09-28 04:00:00+00:00,2,0,2,0.0,0.0,0.0,0.9999999999999999,0.9999999999999999,0.9999999999999999
2023-09-29 06:00:00+00:00,2023-09-29 07:00:00+00:00,2,0,2,0.0,0.0,0.0,0.9999999999999999,0.9999999999999999,0.9999999999999999
2023-10-02 04:00:00+00:00,2023-10-02 05:00:00+00:00,5,0,5,0.0,0.0,0.0,0.9999999999999999,0.9999999999999999,0.9999999999999999
2023-10-04 06:00:00+00:00,2023-10-04 07:00:00+00:00,2,0,2,0.0,0.0,0.0,0.9999999999999999,0.9999999999999999,0.9999999999999999
2023-10-07 07:00:00+00:00,2023-10-07 08:00:00+00:00,2,0,2,0.0,0.0,0.0,0.9999999999999999,0.9999999999999999,0.9999999999999999
2023-10-09 07:00:00+00:00,2023-10-09 08:00:00+00:00,2,0,2,0.0,0.0,0.0,0.9999999999999999,0.9999999999999999,0.9999999999999999
2023-10-10 07:00:00+00:00,2023-10-10 08:00:00+00:00,2,0,2,0.0,0.0,0.0,0.9999999999999999,0.9999999999999999,0.9999999999999999
2023-10-12 05:00:00+00:00,2023-10-12 06:00:00+00:00,2,0,2,0.0,0.0,0.0,0.9999999999999999,0.9999999999999999,0.9999999999999999
2023-10-13 06:00:00+00:00,2023-10-13 07:00:00+00:00,2,0,2,0.0,0.0,0.0,0.9999999999999999,0.9999999999999999,0.9999999999999999
2023-10-17 07:00:00+00:00,2023-10-17 08:00:00+00:00,2,0,2,0.0,0.0,0.0,0.9999999999999999,0.9999999999999999,0.9999999999999999
2023-10-19 10:00:00+00:00,2023-10-19 11:00:00+00:00,2,0,2,0.0,0.0,0.0,0.9999999999999999,0.9999999999999999,0.9999999999999999
2023-10-22 14:00:00+00:00,2023-10-22 15:00:00+00:00,2,0,2,0.0,0.0,0.0,0.9999999999999999,0.9999999999999999,0.9999999999999999
2023-10-23 14:00:00+00:00,2023-10-23 15:00:00+00:00,2,0,2,0.0,0.0,0.0,0.9999999999999999,0.9999999999999999,0.9999999999999999
2023-10-27 10:00:00+00:00,2023-10-27 11:00:00+00:00,2,0,2,0.0,0.0,0.0,0.9999999999999999,0.9999999999999999,0.9999999999999999
2023-10-28 09:00:00+00:00,2023-10-28 10:00:00+00:00,2,0,2,0.0,0.0,0.0,0.9999999999999999,0.9999999999999999,0.9999999999999999
2023-11-03 01:00:00+00:00,2023-11-03 02:00:00+00:00,2,0,2,0.0,0.0,0.0,0.9999999999999999,0.9999999999999999,0.9999999999999999
2023-11-03 02:00:00+00:00,2023-11-03 03:00:00+00:00,2,0,2,0.0,0.0,0.0,0.9999999999999999,0.9999999999999999,0.9999999999999999
2023-11-11 04:00:00+00:00,2023-11-11 05:00:00+00:00,2,0,2,0.0,0.0,0.0,0.9999999999999999,0.9999999999999999,0.9999999999999999
2023-11-12 13:00:00+00:00,2023-11-12 14:00:00+00:00,2,0,2,0.0,0.0,0.0,0.9999999999999999,0.9999999999999999,0.9999999999999999
2023-11-15 03:00:00+00:00,2023-11-15 04:00:00+00:00,2,0,2,0.0,0.0,0.0,0.9999999999999999,0.9999999999999999,0.9999999999999999
2023-11-15 11:00:00+00:00,2023-11-15 12:00:00+00:00,2,0,2,0.0,0.0,0.0,0.9999999999999999,0.9999999999999999,0.9999999999999999
2023-11-16 04:00:00+00:00,2023-11-16 05:00:00+00:00,2,0,2,0.0,0.0,0.0,0.9999999999999999,0.9999999999999999,0.9999999999999999
2023-11-17 02:00:00+00:00,2023-11-17 03:00:00+00:00,2,0,2,0.0,0.0,0.0,0.9999999999999999,0.9999999999999999,0.9999999999999999
2023-11-17 06:00:00+00:00,2023-11-17 07:00:00+00:00,2,0,2,0.0,0.0,0.0,0.9999999999999999,0.9999999999999999,0.9999999999999999
2023-11-21 07:00:00+00:00,2023-11-21 08:00:00+00:00,2,0,2,0.0,0.0,0.0,0.9999999999999999,0.9999999999999999,0.9999999999999999
2023-11-22 01:00:00+00:00,2023-11-22 02:00:00+00:00,2,0,2,0.0,0.0,0.0,0.9999999999999999,0.9999999999999999,0.9999999999999999
2023-11-24 05:00:00+00:00,2023-11-24 06:00:00+00:00,2,0,2,0.0,0.0,0.0,0.9999999999999999,0.9999999999999999,0.9999999999999999
2023-11-26 14:00:00+00:00,2023-11-26 15:00:00+00:00,2,0,2,0.0,0.0,0.0,0.9999999999999999,0.9999999999999999,0.9999999999999999
2023-11-30 09:00:00+00:00,2023-11-30 10:00:00+00:00,2,0,2,0.0,0.0,0.0,0.9999999999999999,0.9999999999999999,0.9999999999999999
2023-12-09 05:00:00+00:00,2023-12-09 06:00:00+00:00,2,0,2,0.0,0.0,0.0,0.9999999999999999,0.9999999999999999,0.9999999999999999
2023-12-11 14:00:00+00:00,2023-12-11 15:00:00+00:00,2,0,2,0.0,0.0,0.0,0.9999999999999999,0.9999999999999999,0.9999999999999999
2023-12-13 05:00:00+00:00,2023-12-13 06:00:00+00:00,2,0,2,0.0,0.0,0.0,0.9999999999999999,0.9999999999999999,0.9999999999999999
2023-12-18 11:00:00+00:00,2023-12-18 12:00:00+00:00,2,0,2,0.0,0.0,0.0,0.9999999999999999,0.9999999999999999,0.9999999999999999
2023-12-19 02:00:00+00:00,2023-12-19 03:00:00+00:00,2,0,2,0.0,0.0,0.0,0.9999999999999999,0.9999999999999999,0.9999999999999999
2023-12-25 12:00:00+00:00,2023-12-25 13:00:00+00:00,2,0,2,0.0,0.0,0.0,0.9999999999999999,0.9999999999999999,0.9999999999999999
2023-12-27 16:00:00+00:00,2023-12-27 17:00:00+00:00,2,0,2,0.0,0.0,0.0,0.9999999999999999,0.9999999999999999,0.9999999999999999
2024-01-05 08:00:00+00:00,2024-01-05 09:00:00+00:00,2,0,2,0.0,0.0,0.0,0.9999999999999999,0.9999999999999999,0.9999999999999999
2024-01-10 04:00:00+00:00,2024-01-10 05:00:00+00:00,2,0,2,0.0,0.0,0.0,0.9999999999999999,0.9999999999999999,0.9999999999999999
2024-01-22 03:00:00+00:00,2024-01-22 04:00:00+00:00,2,0,2,0.0,0.0,0.0,0.9999999999999999,0.9999999999999999,0.9999999999999999
2024-01-26 03:00:00+00:00,2024-01-26 04:00:00+00:00,2,0,2,0.0,0.0,0.0,0.9999999999999999,0.9999999999999999,0.9999999999999999
2024-01-28 14:00:00+00:00,2024-01-28 15:00:00+00:00,2,0,2,0.0,0.0,0.0,0.9999999999999999,0.9999999999999999,0.9999999999999999
2024-01-30 03:00:00+00:00,2024-01-30 04:00:00+00:00,2,0,2,0.0,0.0,0.0,0.9999999999999999,0.9999999999999999,0.9999999999999999
2024-02-01 04:00:00+00:00,2024-02-01 05:00:00+00:00,10,0,10,0.0,0.0,0.0,0.9999999999999999,0.9999999999999999,0.9999999999999999
2024-02-02 04:00:00+00:00,2024-02-02 05:00:00+00:00,5,0,5,0.0,0.0,0.0,0.9999999999999999,0.9999999999999999,0.9999999999999999
2024-02-04 01:00:00+00:00,2024-02-04 02:00:00+00:00,2,0,2,0.0,0.0,0.0,0.9999999999999999,0.9999999999999999,0.9999999999999999
2024-02-04 06:00:00+00:00,2024-02-04 07:00:00+00:00,5,0,5,0.0,0.0,0.0,0.9999999999999999,0.9999999999999999,0.9999999999999999
2024-02-05 00:00:00+00:00,2024-02-05 01:00:00+00:00,2,0,2,0.0,0.0,0.0,0.9999999999999999,0.9999999999999999,0.9999999999999999
2024-02-05 06:00:00+00:00,2024-02-05 07:00:00+00:00,2,0,2,0.0,0.0,0.0,0.9999999999999999,0.9999999999999999,0.9999999999999999
2024-02-06 06:00:00+00:00,2024-02-06 07:00:00+00:00,2,0,2,0.0,0.0,0.0,0.9999999999999999,0.9999999999999999,0.9999999999999999
2024-02-06 09:00:00+00:00,2024-02-06 10:00:00+00:00,2,0,2,0.0,0.0,0.0,0.9999999999999999,0.9999999999999999,0.9999999999999999
2024-02-16 04:00:00+00:00,2024-02-16 05:00:00+00:00,2,0,2,0.0,0.0,0.0,0.9999999999999999,0.9999999999999999,0.9999999999999999
2024-02-19 07:00:00+00:00,2024-02-19 08:00:00+00:00,2,0,2,0.0,0.0,0.0,0.9999999999999999,0.9999999999999999,0.9999999999999999
2024-02-20 00:00:00+00:00,2024-02-20 01:00:00+00:00,2,0,2,0.0,0.0,0.0,0.9999999999999999,0.9999999999999999,0.9999999999999999
2024-02-20 03:00:00+00:00,2024-02-20 04:00:00+00:00,5,0,5,0.0,0.0,0.0,0.9999999999999999,0.9999999999999999,0.9999999999999999
2024-02-21 08:00:00+00:00,2024-02-21 09:00:00+00:00,2,0,2,0.0,0.0,0.0,0.9999999999999999,0.9999999999999999,0.9999999999999999
2024-02-22 03:00:00+00:00,2024-02-22 04:00:00+00:00,2,0,2,0.0,0.0,0.0,0.9999999999999999,0.9999999999999999,0.9999999999999999
2024-02-22 04:00:00+00:00,2024-02-22 05:00:00+00:00,2,0,2,0.0,0.0,0.0,0.9999999999999999,0.9999999999999999,0.9999999999999999
2024-02-22 08:00:00+00:00,2024-02-22 09:00:00+00:00,2,0,2,0.0,0.0,0.0,0.9999999999999999,0.9999999999999999,0.9999999999999999
2024-02-23 04:00:00+00:00,2024-02-23 05:00:00+00:00,2,0,2,0.0,0.0,0.0,0.9999999999999999,0.9999999999999999,0.9999999999999999
2024-02-23 09:00:00+00:00,2024-02-23 10:00:00+00:00,2,0,2,0.0,0.0,0.0,0.9999999999999999,0.9999999999999999,0.9999999999999999
2024-02-25 14:00:00+00:00,2024-02-25 15:00:00+00:00,2,0,2,0.0,0.0,0.0,0.9999999999999999,0.9999999999999999,0.9999999999999999
2024-02-26 17:00:00+00:00,2024-02-26 18:00:00+00:00,2,0,2,0.0,0.0,0.0,0.9999999999999999,0.9999999999999999,0.9999999999999999
2024-02-27 01:00:00+00:00,2024-02-27 02:00:00+00:00,2,0,2,0.0,0.0,0.0,0.9999999999999999,0.9999999999999999,0.9999999999999999
2024-02-28 03:00:00+00:00,2024-02-28 04:00:00+00:00,2,0,2,0.0,0.0,0.0,0.9999999999999999,0.9999999999999999,0.9999999999999999
2024-02-28 04:00:00+00:00,2024-02-28 05:00:00+00:00,2,0,2,0.0,0.0,0.0,0.9999999999999999,0.9999999999999999,0.9999999999999999
2024-02-29 09:00:00+00:00,2024-02-29 10:00:00+00:00,2,0,2,0.0,0.0,0.0,0.9999999999999999,0.9999999999999999,0.9999999999999999
2024-03-01 11:00:00+00:00,2024-03-01 12:00:00+00:00,2,0,2,0.0,0.0,0.0,0.9999999999999999,0.9999999999999999,0.9999999999999999
2024-03-02 05:00:00+00:00,2024-03-02 06:00:00+00:00,2,0,2,0.0,0.0,0.0,0.9999999999999999,0.9999999999999999,0.9999999999999999
2024-03-02 09:00:00+00:00,2024-03-02 10:00:00+00:00,2,0,2,0.0,0.0,0.0,0.9999999999999999,0.9999999999999999,0.9999999999999999
2024-03-04 06:00:00+00:00,2024-03-04 07:00:00+00:00,2,0,2,0.0,0.0,0.0,0.9999999999999999,0.9999999999999999,0.9999999999999999
2024-03-05 12:00:00+00:00,2024-03-05 13:00:00+00:00,2,0,2,0.0,0.0,0.0,0.9999999999999999,0.9999999999999999,0.9999999999999999
2024-03-08 05:00:00+00:00,2024-03-08 06:00:00+00:00,5,0,5,0.0,0.0,0.0,0.9999999999999999,0.9999999999999999,0.9999999999999999
2024-03-13 04:00:00+00:00,2024-03-13 05:00:00+00:00,2,0,2,0.0,0.0,0.0,0.9999999999999999,0.9999999999999999,0.9999999999999999
2024-03-14 04:00:00+00:00,2024-03-14 05:00:00+00:00,2,0,2,0.0,0.0,0.0,0.9999999999999999,0.9999999999999999,0.9999999999999999
2024-03-14 11:00:00+00:00,2024-03-14 12:00:00+00:00,2,0,2,0.0,0.0,0.0,0.9999999999999999,0.9999999999999999,0.9999999999999999
2024-03-16 04:00:00+00:00,2024-03-16 05:00:00+00:00,2,0,2,0.0,0.0,0.0,0.9999999999999999,0.9999999999999999,0.9999999999999999
2024-03-16 07:00:00+00:00,2024-03-16 08:00:00+00:00,2,0,2,0.0,0.0,0.0,0.9999999999999999,0.9999999999999999,0.9999999999999999
2024-03-19 03:00:00+00:00,2024-03-19 04:00:00+00:00,2,0,2,0.0,0.0,0.0,0.9999999999999999,0.9999999999999999,0.9999999999999999
2024-03-19 10:00:00+00:00,2024-03-19 11:00:00+00:00,2,0,2,0.0,0.0,0.0,0.9999999999999999,0.9999999999999999,0.9999999999999999
2024-03-23 03:00:00+00:00,2024-03-23 04:00:00+00:00,2,0,2,0.0,0.0,0.0,0.9999999999999999,0.9999999999999999,0.9999999999999999
2024-03-23 04:00:00+00:00,2024-03-23 05:00:00+00:00,2,0,2,0.0,0.0,0.0,0.9999999999999999,0.9999999999999999,0.9999999999999999
2024-03-23 06:00:00+00:00,2024-03-23 07:00:00+00:00,2,0,2,0.0,0.0,0.0,0.9999999999999999,0.9999999999999999,0.9999999999999999
2024-03-25 06:00:00+00:00,2024-03-25 07:00:00+00:00,2,0,2,0.0,0.0,0.0,0.9999999999999999,0.9999999999999999,0.9999999999999999
2024-03-27 03:00:00+00:00,2024-03-27 04:00:00+00:00,2,0,2,0.0,0.0,0.0,0.9999999999999999,0.9999999999999999,0.9999999999999999
2024-03-28 03:00:00+00:00,2024-03-28 04:00:00+00:00,2,0,2,0.0,0.0,0.0,0.9999999999999999,0.9999999999999999,0.9999999999999999
2024-03-30 03:00:00+00:00,2024-03-30 04:00:00+00:00,2,0,2,0.0,0.0,0.0,0.9999999999999999,0.9999999999999999,0.9999999999999999
2024-04-01 07:00:00+00:00,2024-04-01 08:00:00+00:00,2,0,2,0.0,0.0,0.0,0.9999999999999999,0.9999999999999999,0.9999999999999999
2024-04-03 09:00:00+00:00,2024-04-03 10:00:00+00:00,2,0,2,0.0,0.0,0.0,0.9999999999999999,0.9999999999999999,0.9999999999999999
2024-04-05 03:00:00+00:00,2024-04-05 04:00:00+00:00,5,0,5,0.0,0.0,0.0,0.9999999999999999,0.9999999999999999,0.9999999999999999
2024-04-05 05:00:00+00:00,2024-04-05 06:00:00+00:00,2,0,2,0.0,0.0,0.0,0.9999999999999999,0.9999999999999999,0.9999999999999999
2024-04-05 06:00:00+00:00,2024-04-05 07:00:00+00:00,2,0,2,0.0,0.0,0.0,0.9999999999999999,0.9999999999999999,0.9999999999999999
2024-04-05 07:00:00+00:00,2024-04-05 08:00:00+00:00,2,0,2,0.0,0.0,0.0,0.9999999999999999,0.9999999999999999,0.9999999999999999
2024-04-06 05:00:00+00:00,2024-04-06 06:00:00+00:00,2,0,2,0.0,0.0,0.0,0.9999999999999999,0.9999999999999999,0.9999999999999999
2024-04-08 05:00:00+00:00,2024-04-08 06:00:00+00:00,2,0,2,0.0,0.0,0.0,0.9999999999999999,0.9999999999999999,0.9999999999999999
2024-04-09 03:00:00+00:00,2024-04-09 04:00:00+00:00,2,0,2,0.0,0.0,0.0,0.9999999999999999,0.9999999999999999,0.9999999999999999
2024-04-10 04:00:00+00:00,2024-04-10 05:00:00+00:00,5,0,5,0.0,0.0,0.0,0.9999999999999999,0.9999999999999999,0.9999999999999999
2024-04-10 07:00:00+00:00,2024-04-10 08:00:00+00:00,2,0,2,0.0,0.0,0.0,0.9999999999999999,0.9999999999999999,0.9999999999999999
2024-04-12 23:00:00+00:00,2024-04-13 00:00:00+00:00,2,0,2,0.0,0.0,0.0,0.9999999999999999,0.9999999999999999,0.9999999999999999
2024-04-16 02:00:00+00:00,2024-04-16 03:00:00+00:00,2,0,2,0.0,0.0,0.0,0.9999999999999999,0.9999999999999999,0.9999999999999999
2024-04-16 14:00:00+00:00,2024-04-16 15:00:00+00:00,2,0,2,0.0,0.0,0.0,0.9999999999999999,0.9999999999999999,0.9999999999999999
2024-04-17 03:00:00+00:00,2024-04-17 04:00:00+00:00,2,0,2,0.0,0.0,0.0,0.9999999999999999,0.9999999999999999,0.9999999999999999
2024-04-19 04:00:00+00:00,2024-04-19 05:00:00+00:00,2,0,2,0.0,0.0,0.0,0.9999999999999999,0.9999999999999999,0.9999999999999999
2024-04-22 04:00:00+00:00,2024-04-22 05:00:00+00:00,2,0,2,0.0,0.0,0.0,0.9999999999999999,0.9999999999999999,0.9999999999999999
2024-04-24 04:00:00+00:00,2024-04-24 05:00:00+00:00,2,0,2,0.0,0.0,0.0,0.9999999999999999,0.9999999999999999,0.9999999999999999
2024-04-24 10:00:00+00:00,2024-04-24 11:00:00+00:00,2,0,2,0.0,0.0,0.0,0.9999999999999999,0.9999999999999999,0.9999999999999999
2024-04-25 04:00:00+00:00,2024-04-25 05:00:00+00:00,2,0,2,0.0,0.0,0.0,0.9999999999999999,0.9999999999999999,0.9999999999999999
2024-04-25 08:00:00+00:00,2024-04-25 09:00:00+00:00,2,0,2,0.0,0.0,0.0,0.9999999999999999,0.9999999999999999,0.9999999999999999
2024-04-26 15:00:00+00:00,2024-04-26 16:00:00+00:00,2,0,2,0.0,0.0,0.0,0.9999999999999999,0.9999999999999999,0.9999999999999999
2024-04-30 06:00:00+00:00,2024-04-30 07:00:00+00:00,2,0,2,0.0,0.0,0.0,0.9999999999999999,0.9999999999999999,0.9999999999999999
2024-05-02 06:00:00+00:00,2024-05-02 07:00:00+00:00,2,0,2,0.0,0.0,0.0,0.9999999999999999,0.9999999999999999,0.9999999999999999
2024-05-10 01:00:00+00:00,2024-05-10 02:00:00+00:00,2,0,2,0.0,0.0,0.0,0.9999999999999999,0.9999999999999999,0.9999999999999999
2024-05-10 06:00:00+00:00,2024-05-10 07:00:00+00:00,2,0,2,0.0,0.0,0.0,0.9999999999999999,0.9999999999999999,0.9999999999999999
2024-05-10 10:00:00+00:00,2024-05-10 11:00:00+00:00,2,0,2,0.0,0.0,0.0,0.9999999999999999,0.9999999999999999,0.9999999999999999
2024-05-14 02:00:00+00:00,2024-05-14 03:00:00+00:00,2,0,2,0.0,0.0,0.0,0.9999999999999999,0.9999999999999999,0.9999999999999999
2024-05-15 04:00:00+00:00,2024-05-15 05:00:00+00:00,2,0,2,0.0,0.0,0.0,0.9999999999999999,0.9999999999999999,0.9999999999999999
2024-05-15 07:00:00+00:00,2024-05-15 08:00:00+00:00,2,0,2,0.0,0.0,0.0,0.9999999999999999,0.9999999999999999,0.9999999999999999
2024-05-16 02:00:00+00:00,2024-05-16 03:00:00+00:00,2,0,2,0.0,0.0,0.0,0.9999999999999999,0.9999999999999999,0.9999999999999999
2024-05-16 03:00:00+00:00,2024-05-16 04:00:00+00:00,2,0,2,0.0,0.0,0.0,0.9999999999999999,0.9999999999999999,0.9999999999999999
2024-05-17 07:00:00+00:00,2024-05-17 08:00:00+00:00,2,0,2,0.0,0.0,0.0,0.9999999999999999,0.9999999999999999,0.9999999999999999
2024-05-17 08:00:00+00:00,2024-05-17 09:00:00+00:00,2,0,2,0.0,0.0,0.0,0.9999999999999999,0.9999999999999999,0.9999999999999999
2024-05-20 07:00:00+00:00,2024-05-20 08:00:00+00:00,2,0,2,0.0,0.0,0.0,0.9999999999999999,0.9999999999999999,0.9999999999999999
2024-05-21 04:00:00+00:00,2024-05-21 05:00:00+00:00,2,0,2,0.0,0.0,0.0,0.9999999999999999,0.9999999999999999,0.9999999999999999
2024-05-21 06:00:00+00:00,2024-05-21 07:00:00+00:00,2,0,2,0.0,0.0,0.0,0.9999999999999999,0.9999999999999999,0.9999999999999999
2024-05-24 05:00:00+00:00,2024-05-24 06:00:00+00:00,2,0,2,0.0,0.0,0.0,0.9999999999999999,0.9999999999999999,0.9999999999999999
2024-05-27 03:00:00+00:00,2024-05-27 04:00:00+00:00,5,0,5,0.0,0.0,0.0,0.9999999999999999,0.9999999999999999,0.9999999999999999
2024-05-27 07:00:00+00:00,2024-05-27 08:00:00+00:00,2,0,2,0.0,0.0,0.0,0.9999999999999999,0.9999999999999999,0.9999999999999999
2024-05-28 04:00:00+00:00,2024-05-28 05:00:00+00:00,2,0,2,0.0,0.0,0.0,0.9999999999999999,0.9999999999999999,0.9999999999999999
2024-05-30 03:00:00+00:00,2024-05-30 04:00:00+00:00,2,0,2,0.0,0.0,0.0,0.9999999999999999,0.9999999999999999,0.9999999999999999
2024-06-01 03:00:00+00:00,2024-06-01 04:00:00+00:00,2,0,2,0.0,0.0,0.0,0.9999999999999999,0.9999999999999999,0.9999999999999999
2024-06-03 03:00:00+00:00,2024-06-03 04:00:00+00:00,2,0,2,0.0,0.0,0.0,0.9999999999999999,0.9999999999999999,0.9999999999999999
2024-06-04 04:00:00+00:00,2024-06-04 05:00:00+00:00,2,0,2,0.0,0.0,0.0,0.9999999999999999,0.9999999999999999,0.9999999999999999
2024-06-04 05:00:00+00:00,2024-06-04 06:00:00+00:00,2,0,2,0.0,0.0,0.0,0.9999999999999999,0.9999999999999999,0.9999999999999999
2024-06-05 02:00:00+00:00,2024-06-05 03:00:00+00:00,2,0,2,0.0,0.0,0.0,0.9999999999999999,0.9999999999999999,0.9999999999999999
2024-06-05 04:00:00+00:00,2024-06-05 05:00:00+00:00,2,0,2,0.0,0.0,0.0,0.9999999999999999,0.9999999999999999,0.9999999999999999
2024-06-06 05:00:00+00:00,2024-06-06 06:00:00+00:00,2,0,2,0.0,0.0,0.0,0.9999999999999999,0.9999999999999999,0.9999999999999999
2024-06-10 04:00:00+00:00,2024-06-10 05:00:00+00:00,2,0,2,0.0,0.0,0.0,0.9999999999999999,0.9999999999999999,0.9999999999999999
2024-06-12 03:00:00+00:00,2024-06-12 04:00:00+00:00,2,0,2,0.0,0.0,0.0,0.9999999999999999,0.9999999999999999,0.9999999999999999
2024-06-14 02:00:00+00:00,2024-06-14 03:00:00+00:00,2,0,2,0.0,0.0,0.0,0.9999999999999999,0.9999999999999999,0.9999999999999999
2024-06-14 09:00:00+00:00,2024-06-14 10:00:00+00:00,2,0,2,0.0,0.0,0.0,0.9999999999999999,0.9999999999999999,0.9999999999999999
2024-06-15 01:00:00+00:00,2024-06-15 02:00:00+00:00,2,0,2,0.0,0.0,0.0,0.9999999999999999,0.9999999999999999,0.9999999999999999
2024-06-15 02:00:00+00:00,2024-06-15 03:00:00+00:00,2,0,2,0.0,0.0,0.0,0.9999999999999999,0.9999999999999999,0.9999999999999999
2024-06-15 07:00:00+00:00,2024-06-15 08:00:00+00:00,2,0,2,0.0,0.0,0.0,0.9999999999999999,0.9999999999999999,0.9999999999999999
2024-06-17 04:00:00+00:00,2024-06-17 05:00:00+00:00,2,0,2,0.0,0.0,0.0,0.9999999999999999,0.9999999999999999,0.9999999999999999
2024-06-17 07:00:00+00:00,2024-06-17 08:00:00+00:00,2,0,2,0.0,0.0,0.0,0.9999999999999999,0.9999999999999999,0.9999999999999999
2024-06-18 03:00:00+00:00,2024-06-18 04:00:00+00:00,2,0,2,0.0,0.0,0.0,0.9999999999999999,0.9999999999999999,0.9999999999999999
2024-06-18 08:00:00+00:00,2024-06-18 09:00:00+00:00,2,0,2,0.0,0.0,0.0,0.9999999999999999,0.9999999999999999,0.9999999999999999
2024-06-18 13:00:00+00:00,2024-06-18 14:00:00+00:00,2,0,2,0.0,0.0,0.0,0.9999999999999999,0.9999999999999999,0.9999999999999999
2024-06-19 03:00:00+00:00,2024-06-19 04:00:00+00:00,5,0,5,0.0,0.0,0.0,0.9999999999999999,0.9999999999999999,0.9999999999999999
2024-06-21 05:00:00+00:00,2024-06-21 06:00:00+00:00,2,0,2,0.0,0.0,0.0,0.9999999999999999,0.9999999999999999,0.9999999999999999
2024-06-22 02:00:00+00:00,2024-06-22 03:00:00+00:00,2,0,2,0.0,0.0,0.0,0.9999999999999999,0.9999999999999999,0.9999999999999999
2024-06-22 08:00:00+00:00,2024-06-22 09:00:00+00:00,5,0,5,0.0,0.0,0.0,0.9999999999999999,0.9999999999999999,0.9999999999999999
2024-06-24 06:00:00+00:00,2024-06-24 07:00:00+00:00,2,0,2,0.0,0.0,0.0,0.9999999999999999,0.9999999999999999,0.9999999999999999
2024-06-25 02:00:00+00:00,2024-06-25 03:00:00+00:00,5,0,5,0.0,0.0,0.0,0.9999999999999999,0.9999999999999999,0.9999999999999999
2024-06-25 04:00:00+00:00,2024-06-25 05:00:00+00:00,2,0,2,0.0,0.0,0.0,0.9999999999999999,0.9999999999999999,0.9999999999999999
2024-06-26 03:00:00+00:00,2024-06-26 04:00:00+00:00,5,0,5,0.0,0.0,0.0,0.9999999999999999,0.9999999999999999,0.9999999999999999
2024-06-26 05:00:00+00:00,2024-06-26 06:00:00+00:00,2,0,2,0.0,0.0,0.0,0.9999999999999999,0.9999999999999999,0.9999999999999999
2024-06-28 02:00:00+00:00,2024-06-28 03:00:00+00:00,2,0,2,0.0,0.0,0.0,0.9999999999999999,0.9999999999999999,0.9999999999999999
2024-06-29 00:00:00+00:00,2024-06-29 01:00:00+00:00,2,0,2,0.0,0.0,0.0,0.9999999999999999,0.9999999999999999,0.9999999999999999
2024-06-29 05:00:00+00:00,2024-06-29 06:00:00+00:00,2,0,2,0.0,0.0,0.0,0.9999999999999999,0.9999999999999999,0.9999999999999999
2024-06-30 02:00:00+00:00,2024-06-30 03:00:00+00:00,2,0,2,0.0,0.0,0.0,0.9999999999999999,0.9999999999999999,0.9999999999999999
2024-07-01 05:00:00+00:00,2024-07-01 06:00:00+00:00,2,0,2,0.0,0.0,0.0,0.9999999999999999,0.9999999999999999,0.9999999999999999
2024-07-02 04:00:00+00:00,2024-07-02 05:00:00+00:00,2,0,2,0.0,0.0,0.0,0.9999999999999999,0.9999999999999999,0.9999999999999999
2024-07-02 05:00:00+00:00,2024-07-02 06:00:00+00:00,2,0,2,0.0,0.0,0.0,0.9999999999999999,0.9999999999999999,0.9999999999999999
2024-07-02 08:00:00+00:00,2024-07-02 09:00:00+00:00,2,0,2,0.0,0.0,0.0,0.9999999999999999,0.9999999999999999,0.9999999999999999
2024-07-03 09:00:00+00:00,2024-07-03 10:00:00+00:00,2,0,2,0.0,0.0,0.0,0.9999999999999999,0.9999999999999999,0.9999999999999999
2024-07-04 03:00:00+00:00,2024-07-04 04:00:00+00:00,5,0,5,0.0,0.0,0.0,0.9999999999999999,0.9999999999999999,0.9999999999999999
2024-07-04 05:00:00+00:00,2024-07-04 06:00:00+00:00,2,0,2,0.0,0.0,0.0,0.9999999999999999,0.9999999999999999,0.9999999999999999
2024-07-04 16:00:00+00:00,2024-07-04 17:00:00+00:00,5,0,5,0.0,0.0,0.0,0.9999999999999999,0.9999999999999999,0.9999999999999999
2024-07-05 05:00:00+00:00,2024-07-05 06:00:00+00:00,2,0,2,0.0,0.0,0.0,0.9999999999999999,0.9999999999999999,0.9999999999999999
2024-07-05 06:00:00+00:00,2024-07-05 07:00:00+00:00,2,0,2,0.0,0.0,0.0,0.9999999999999999,0.9999999999999999,0.9999999999999999
2024-07-06 07:00:00+00:00,2024-07-06 08:00:00+00:00,2,0,2,0.0,0.0,0.0,0.9999999999999999,0.9999999999999999,0.9999999999999999
2024-07-06 08:00:00+00:00,2024-07-06 09:00:00+00:00,2,0,2,0.0,0.0,0.0,0.9999999999999999,0.9999999999999999,0.9999999999999999
2024-07-09 02:00:00+00:00,2024-07-09 03:00:00+00:00,2,0,2,0.0,0.0,0.0,0.9999999999999999,0.9999999999999999,0.9999999999999999
2024-07-09 07:00:00+00:00,2024-07-09 08:00:00+00:00,2,0,2,0.0,0.0,0.0,0.9999999999999999,0.9999999999999999,0.9999999999999999
2024-07-10 01:00:00+00:00,2024-07-10 02:00:00+00:00,2,0,2,0.0,0.0,0.0,0.9999999999999999,0.9999999999999999,0.9999999999999999
2024-07-10 04:00:00+00:00,2024-07-10 05:00:00+00:00,2,0,2,0.0,0.0,0.0,0.9999999999999999,0.9999999999999999,0.9999999999999999
2024-07-10 06:00:00+00:00,2024-07-10 07:00:00+00:00,2,0,2,0.0,0.0,0.0,0.9999999999999999,0.9999999999999999,0.9999999999999999
2024-07-10 08:00:00+00:00,2024-07-10 09:00:00+00:00,2,0,2,0.0,0.0,0.0,0.9999999999999999,0.9999999999999999,0.9999999999999999
2024-07-11 03:00:00+00:00,2024-07-11 04:00:00+00:00,10,0,10,0.0,0.0,0.0,0.9999999999999999,0.9999999999999999,0.9999999999999999
2024-07-11 04:00:00+00:00,2024-07-11 05:00:00+00:00,2,0,2,0.0,0.0,0.0,0.9999999999999999,0.9999999999999999,0.9999999999999999
2024-07-12 04:00:00+00:00,2024-07-12 05:00:00+00:00,10,0,10,0.0,0.0,0.0,0.9999999999999999,0.9999999999999999,0.9999999999999999
2024-07-12 05:00:00+00:00,2024-07-12 06:00:00+00:00,2,0,2,0.0,0.0,0.0,0.9999999999999999,0.9999999999999999,0.9999999999999999
2024-07-12 09:00:00+00:00,2024-07-12 10:00:00+00:00,2,0,2,0.0,0.0,0.0,0.9999999999999999,0.9999999999999999,0.9999999999999999
2024-07-13 04:00:00+00:00,2024-07-13 05:00:00+00:00,2,0,2,0.0,0.0,0.0,0.9999999999999999,0.9999999999999999,0.9999999999999999
2024-07-13 08:00:00+00:00,2024-07-13 09:00:00+00:00,2,0,2,0.0,0.0,0.0,0.9999999999999999,0.9999999999999999,0.9999999999999999
2024-07-15 01:00:00+00:00,2024-07-15 02:00:00+00:00,2,0,2,0.0,0.0,0.0,0.9999999999999999,0.9999999999999999,0.9999999999999999
2024-07-15 02:00:00+00:00,2024-07-15 03:00:00+00:00,2,0,2,0.0,0.0,0.0,0.9999999999999999,0.9999999999999999,0.9999999999999999
2024-07-15 06:00:00+00:00,2024-07-15 07:00:00+00:00,2,0,2,0.0,0.0,0.0,0.9999999999999999,0.9999999999999999,0.9999999999999999
2024-07-16 02:00:00+00:00,2024-07-16 03:00:00+00:00,2,0,2,0.0,0.0,0.0,0.9999999999999999,0.9999999999999999,0.9999999999999999
2024-07-16 05:00:00+00:00,2024-07-16 06:00:00+00:00,2,0,2,0.0,0.0,0.0,0.9999999999999999,0.9999999999999999,0.9999999999999999
2024-07-16 08:00:00+00:00,2024-07-16 09:00:00+00:00,2,0,2,0.0,0.0,0.0,0.9999999999999999,0.9999999999999999,0.9999999999999999
2024-07-20 03:00:00+00:00,2024-07-20 04:00:00+00:00,10,0,10,0.0,0.0,0.0,0.9999999999999999,0.9999999999999999,0.9999999999999999
2024-07-20 04:00:00+00:00,2024-07-20 05:00:00+00:00,2,0,2,0.0,0.0,0.0,0.9999999999999999,0.9999999999999999,0.9999999999999999
2024-07-20 09:00:00+00:00,2024-07-20 10:00:00+00:00,2,0,2,0.0,0.0,0.0,0.9999999999999999,0.9999999999999999,0.9999999999999999
2024-07-21 13:00:00+00:00,2024-07-21 14:00:00+00:00,2,0,2,0.0,0.0,0.0,0.9999999999999999,0.9999999999999999,0.9999999999999999
2024-07-21 19:00:00+00:00,2024-07-21 20:00:00+00:00,2,0,2,0.0,0.0,0.0,0.9999999999999999,0.9999999999999999,0.9999999999999999
2024-07-22 16:00:00+00:00,2024-07-22 17:00:00+00:00,2,0,2,0.0,0.0,0.0,0.9999999999999999,0.9999999999999999,0.9999999999999999
2024-07-23 04:00:00+00:00,2024-07-23 05:00:00+00:00,5,0,5,0.0,0.0,0.0,0.9999999999999999,0.9999999999999999,0.9999999999999999
2024-07-23 15:00:00+00:00,2024-07-23 16:00:00+00:00,2,0,2,0.0,0.0,0.0,0.9999999999999999,0.9999999999999999,0.9999999999999999
2024-07-23 17:00:00+00:00,2024-07-23 18:00:00+00:00,5,0,5,0.0,0.0,0.0,0.9999999999999999,0.9999999999999999,0.9999999999999999
2024-07-24 03:00:00+00:00,2024-07-24 04:00:00+00:00,2,0,2,0.0,0.0,0.0,0.9999999999999999,0.9999999999999999,0.9999999999999999
2024-07-24 04:00:00+00:00,2024-07-24 05:00:00+00:00,2,0,2,0.0,0.0,0.0,0.9999999999999999,0.9999999999999999,0.9999999999999999
2024-07-24 15:00:00+00:00,2024-07-24 16:00:00+00:00,2,0,2,0.0,0.0,0.0,0.9999999999999999,0.9999999999999999,0.9999999999999999
2024-07-25 16:00:00+00:00,2024-07-25 17:00:00+00:00,2,0,2,0.0,0.0,0.0,0.9999999999999999,0.9999999999999999,0.9999999999999999
2024-07-26 15:00:00+00:00,2024-07-26 16:00:00+00:00,5,0,5,0.0,0.0,0.0,0.9999999999999999,0.9999999999999999,0.9999999999999999
2024-07-27 07:00:00+00:00,2024-07-27 08:00:00+00:00,2,0,2,0.0,0.0,0.0,0.9999999999999999,0.9999999999999999,0.9999999999999999
2024-07-30 02:00:00+00:00,2024-07-30 03:00:00+00:00,2,0,2,0.0,0.0,0.0,0.9999999999999999,0.9999999999999999,0.9999999999999999
2024-07-31 06:00:00+00:00,2024-07-31 07:00:00+00:00,2,0,2,0.0,0.0,0.0,0.9999999999999999,0.9999999999999999,0.9999999999999999
2024-07-31 11:00:00+00:00,2024-07-31 12:00:00+00:00,2,0,2,0.0,0.0,0.0,0.9999999999999999,0.9999999999999999,0.9999999999999999
2024-08-01 02:00:00+00:00,2024-08-01 03:00:00+00:00,5,0,5,0.0,0.0,0.0,0.9999999999999999,0.9999999999999999,0.9999999999999999
2024-08-02 07:00:00+00:00,2024-08-02 08:00:00+00:00,2,0,2,0.0,0.0,0.0,0.9999999999999999,0.9999999999999999,0.9999999999999999
2024-08-02 08:00:00+00:00,2024-08-02 09:00:00+00:00,5,0,5,0.0,0.0,0.0,0.9999999999999999,0.9999999999999999,0.9999999999999999
2024-08-03 05:00:00+00:00,2024-08-03 06:00:00+00:00,2,0,2,0.0,0.0,0.0,0.9999999999999999,0.9999999999999999,0.9999999999999999
2024-08-05 10:00:00+00:00,2024-08-05 11:00:00+00:00,2,0,2,0.0,0.0,0.0,0.9999999999999999,0.9999999999999999,0.9999999999999999
2024-08-06 06:00:00+00:00,2024-08-06 07:00:00+00:00,2,0,2,0.0,0.0,0.0,0.9999999999999999,0.9999999999999999,0.9999999999999999
2024-08-07 10:00:00+00:00,2024-08-07 11:00:00+00:00,2,0,2,0.0,0.0,0.0,0.9999999999999999,0.9999999999999999,0.9999999999999999
2024-08-08 02:00:00+00:00,2024-08-08 03:00:00+00:00,2,0,2,0.0,0.0,0.0,0.9999999999999999,0.9999999999999999,0.9999999999999999
2024-08-08 06:00:00+00:00,2024-08-08 07:00:00+00:00,5,0,5,0.0,0.0,0.0,0.9999999999999999,0.9999999999999999,0.9999999999999999
2024-08-08 07:00:00+00:00,2024-08-08 08:00:00+00:00,2,0,2,0.0,0.0,0.0,0.9999999999999999,0.9999999999999999,0.9999999999999999
2024-08-09 05:00:00+00:00,2024-08-09 06:00:00+00:00,2,0,2,0.0,0.0,0.0,0.9999999999999999,0.9999999999999999,0.9999999999999999
2024-08-09 15:00:00+00:00,2024-08-09 16:00:00+00:00,2,0,2,0.0,0.0,0.0,0.9999999999999999,0.9999999999999999,0.9999999999999999
2024-08-10 05:00:00+00:00,2024-08-10 06:00:00+00:00,2,0,2,0.0,0.0,0.0,0.9999999999999999,0.9999999999999999,0.9999999999999999
2024-08-14 03:00:00+00:00,2024-08-14 04:00:00+00:00,5,0,5,0.0,0.0,0.0,0.9999999999999999,0.9999999999999999,0.9999999999999999
2024-08-14 04:00:00+00:00,2024-08-14 05:00:00+00:00,5,0,5,0.0,0.0,0.0,0.9999999999999999,0.9999999999999999,0.9999999999999999
2024-08-16 03:00:00+00:00,2024-08-16 04:00:00+00:00,2,0,2,0.0,0.0,0.0,0.9999999999999999,0.9999999999999999,0.9999999999999999
2024-08-17 02:00:00+00:00,2024-08-17 03:00:00+00:00,2,0,2,0.0,0.0,0.0,0.9999999999999999,0.9999999999999999,0.9999999999999999
2024-08-17 05:00:00+00:00,2024-08-17 06:00:00+00:00,2,0,2,0.0,0.0,0.0,0.9999999999999999,0.9999999999999999,0.9999999999999999
2024-08-18 12:00:00+00:00,2024-08-18 13:00:00+00:00,2,0,2,0.0,0.0,0.0,0.9999999999999999,0.9999999999999999,0.9999999999999999
2024-08-19 04:00:00+00:00,2024-08-19 05:00:00+00:00,5,0,5,0.0,0.0,0.0,0.9999999999999999,0.9999999999999999,0.9999999999999999
2024-08-20 03:00:00+00:00,2024-08-20 04:00:00+00:00,2,0,2,0.0,0.0,0.0,0.9999999999999999,0.9999999999999999,0.9999999999999999
2024-08-20 12:00:00+00:00,2024-08-20 13:00:00+00:00,2,0,2,0.0,0.0,0.0,0.9999999999999999,0.9999999999999999,0.9999999999999999
2024-08-21 07:00:00+00:00,2024-08-21 08:00:00+00:00,2,0,2,0.0,0.0,0.0,0.9999999999999999,0.9999999999999999,0.9999999999999999
2024-08-22 05:00:00+00:00,2024-08-22 06:00:00+00:00,5,0,5,0.0,0.0,0.0,0.9999999999999999,0.9999999999999999,0.9999999999999999
2023-05-04 14:00:00+00:00,2023-05-04 15:00:00+00:00,1,0,1,0.0,0.0,0.0,1.0,1.0,1.0
2023-05-05 04:00:00+00:00,2023-05-05 05:00:00+00:00,1,0,1,0.0,0.0,0.0,1.0,1.0,1.0
2023-05-06 10:00:00+00:00,2023-05-06 11:00:00+00:00,1,0,1,0.0,0.0,0.0,1.0,1.0,1.0
2023-05-07 15:00:00+00:00,2023-05-07 16:00:00+00:00,1,0,1,0.0,0.0,0.0,1.0,1.0,1.0
2023-05-09 08:00:00+00:00,2023-05-09 09:00:00+00:00,1,0,1,0.0,0.0,0.0,1.0,1.0,1.0
2023-05-09 12:00:00+00:00,2023-05-09 13:00:00+00:00,1,0,1,0.0,0.0,0.0,1.0,1.0,1.0
2023-05-10 01:00:00+00:00,2023-05-10 02:00:00+00:00,1,0,1,0.0,0.0,0.0,1.0,1.0,1.0
2023-05-10 03:00:00+00:00,2023-05-10 04:00:00+00:00,1,0,1,0.0,0.0,0.0,1.0,1.0,1.0
2023-05-12 04:00:00+00:00,2023-05-12 05:00:00+00:00,1,0,1,0.0,0.0,0.0,1.0,1.0,1.0
2023-05-13 02:00:00+00:00,2023-05-13 03:00:00+00:00,1,0,1,0.0,0.0,0.0,1.0,1.0,1.0
2023-05-16 08:00:00+00:00,2023-05-16 09:00:00+00:00,1,0,1,0.0,0.0,0.0,1.0,1.0,1.0
2023-05-16 09:00:00+00:00,2023-05-16 10:00:00+00:00,1,0,1,0.0,0.0,0.0,1.0,1.0,1.0
2023-05-17 04:00:00+00:00,2023-05-17 05:00:00+00:00,1,0,1,0.0,0.0,0.0,1.0,1.0,1.0
2023-05-18 05:00:00+00:00,2023-05-18 06:00:00+00:00,1,0,1,0.0,0.0,0.0,1.0,1.0,1.0
2023-05-18 07:00:00+00:00,2023-05-18 08:00:00+00:00,1,0,1,0.0,0.0,0.0,1.0,1.0,1.0
2023-05-20 06:00:00+00:00,2023-05-20 07:00:00+00:00,1,0,1,0.0,0.0,0.0,1.0,1.0,1.0
2023-05-22 11:00:00+00:00,2023-05-22 12:00:00+00:00,1,0,1,0.0,0.0,0.0,1.0,1.0,1.0
2023-05-23 03:00:00+00:00,2023-05-23 04:00:00+00:00,1,0,1,0.0,0.0,0.0,1.0,1.0,1.0
2023-05-23 09:00:00+00:00,2023-05-23 10:00:00+00:00,1,0,1,0.0,0.0,0.0,1.0,1.0,1.0
2023-05-23 11:00:00+00:00,2023-05-23 12:00:00+00:00,1,0,1,0.0,0.0,0.0,1.0,1.0,1.0
2023-05-25 03:00:00+00:00,2023-05-25 04:00:00+00:00,1,0,1,0.0,0.0,0.0,1.0,1.0,1.0
2023-05-27 07:00:00+00:00,2023-05-27 08:00:00+00:00,1,0,1,0.0,0.0,0.0,1.0,1.0,1.0
2023-05-30 00:00:00+00:00,2023-05-30 01:00:00+00:00,1,0,1,0.0,0.0,0.0,1.0,1.0,1.0
2023-05-30 05:00:00+00:00,2023-05-30 06:00:00+00:00,3,0,3,0.0,0.0,0.0,1.0,1.0,1.0
2023-05-30 09:00:00+00:00,2023-05-30 10:00:00+00:00,1,0,1,0.0,0.0,0.0,1.0,1.0,1.0
2023-05-31 06:00:00+00:00,2023-05-31 07:00:00+00:00,1,0,1,0.0,0.0,0.0,1.0,1.0,1.0
2023-05-31 14:00:00+00:00,2023-05-31 15:00:00+00:00,1,0,1,0.0,0.0,0.0,1.0,1.0,1.0
2023-06-01 03:00:00+00:00,2023-06-01 04:00:00+00:00,1,0,1,0.0,0.0,0.0,1.0,1.0,1.0
2023-06-01 06:00:00+00:00,2023-06-01 07:00:00+00:00,1,0,1,0.0,0.0,0.0,1.0,1.0,1.0
2023-06-01 08:00:00+00:00,2023-06-01 09:00:00+00:00,1,0,1,0.0,0.0,0.0,1.0,1.0,1.0
2023-06-02 01:00:00+00:00,2023-06-02 02:00:00+00:00,1,0,1,0.0,0.0,0.0,1.0,1.0,1.0
2023-06-02 05:00:00+00:00,2023-06-02 06:00:00+00:00,1,0,1,0.0,0.0,0.0,1.0,1.0,1.0
2023-06-02 06:00:00+00:00,2023-06-02 07:00:00+00:00,1,0,1,0.0,0.0,0.0,1.0,1.0,1.0
2023-06-02 07:00:00+00:00,2023-06-02 08:00:00+00:00,1,0,1,0.0,0.0,0.0,1.0,1.0,1.0
2023-06-02 09:00:00+00:00,2023-06-02 10:00:00+00:00,1,0,1,0.0,0.0,0.0,1.0,1.0,1.0
2023-06-03 11:00:00+00:00,2023-06-03 12:00:00+00:00,1,0,1,0.0,0.0,0.0,1.0,1.0,1.0
2023-06-05 06:00:00+00:00,2023-06-05 07:00:00+00:00,1,0,1,0.0,0.0,0.0,1.0,1.0,1.0
2023-06-05 16:00:00+00:00,2023-06-05 17:00:00+00:00,1,0,1,0.0,0.0,0.0,1.0,1.0,1.0
2023-06-06 05:00:00+00:00,2023-06-06 06:00:00+00:00,1,0,1,0.0,0.0,0.0,1.0,1.0,1.0
2023-06-08 04:00:00+00:00,2023-06-08 05:00:00+00:00,1,0,1,0.0,0.0,0.0,1.0,1.0,1.0
2023-06-09 03:00:00+00:00,2023-06-09 04:00:00+00:00,1,0,1,0.0,0.0,0.0,1.0,1.0,1.0
2023-06-09 04:00:00+00:00,2023-06-09 05:00:00+00:00,1,0,1,0.0,0.0,0.0,1.0,1.0,1.0
2023-06-09 09:00:00+00:00,2023-06-09 10:00:00+00:00,1,0,1,0.0,0.0,0.0,1.0,1.0,1.0
2023-06-09 14:00:00+00:00,2023-06-09 15:00:00+00:00,1,0,1,0.0,0.0,0.0,1.0,1.0,1.0
2023-06-12 11:00:00+00:00,2023-06-12 12:00:00+00:00,1,0,1,0.0,0.0,0.0,1.0,1.0,1.0
2023-06-14 08:00:00+00:00,2023-06-14 09:00:00+00:00,1,0,1,0.0,0.0,0.0,1.0,1.0,1.0
2023-06-15 05:00:00+00:00,2023-06-15 06:00:00+00:00,1,0,1,0.0,0.0,0.0,1.0,1.0,1.0
2023-06-18 14:00:00+00:00,2023-06-18 15:00:00+00:00,1,0,1,0.0,0.0,0.0,1.0,1.0,1.0
2023-06-19 10:00:00+00:00,2023-06-19 11:00:00+00:00,1,0,1,0.0,0.0,0.0,1.0,1.0,1.0
2023-06-20 14:00:00+00:00,2023-06-20 15:00:00+00:00,1,0,1,0.0,0.0,0.0,1.0,1.0,1.0
2023-06-22 06:00:00+00:00,2023-06-22 07:00:00+00:00,1,0,1,0.0,0.0,0.0,1.0,1.0,1.0
2023-06-22 07:00:00+00:00,2023-06-22 08:00:00+00:00,1,0,1,0.0,0.0,0.0,1.0,1.0,1.0
2023-06-22 09:00:00+00:00,2023-06-22 10:00:00+00:00,1,0,1,0.0,0.0,0.0,1.0,1.0,1.0
2023-06-23 04:00:00+00:00,2023-06-23 05:00:00+00:00,1,0,1,0.0,0.0,0.0,1.0,1.0,1.0
2023-06-24 08:00:00+00:00,2023-06-24 09:00:00+00:00,1,0,1,0.0,0.0,0.0,1.0,1.0,1.0
2023-06-24 10:00:00+00:00,2023-06-24 11:00:00+00:00,1,0,1,0.0,0.0,0.0,1.0,1.0,1.0
2023-06-25 15:00:00+00:00,2023-06-25 16:00:00+00:00,1,0,1,0.0,0.0,0.0,1.0,1.0,1.0
2023-06-27 10:00:00+00:00,2023-06-27 11:00:00+00:00,1,0,1,0.0,0.0,0.0,1.0,1.0,1.0
2023-07-04 04:00:00+00:00,2023-07-04 05:00:00+00:00,1,0,1,0.0,0.0,0.0,1.0,1.0,1.0
2023-07-04 05:00:00+00:00,2023-07-04 06:00:00+00:00,1,0,1,0.0,0.0,0.0,1.0,1.0,1.0
2023-07-04 07:00:00+00:00,2023-07-04 08:00:00+00:00,1,0,1,0.0,0.0,0.0,1.0,1.0,1.0
2023-07-05 05:00:00+00:00,2023-07-05 06:00:00+00:00,3,0,3,0.0,0.0,0.0,1.0,1.0,1.0
2023-07-06 04:00:00+00:00,2023-07-06 05:00:00+00:00,1,0,1,0.0,0.0,0.0,1.0,1.0,1.0
2023-07-06 09:00:00+00:00,2023-07-06 10:00:00+00:00,1,0,1,0.0,0.0,0.0,1.0,1.0,1.0
2023-07-07 03:00:00+00:00,2023-07-07 04:00:00+00:00,1,0,1,0.0,0.0,0.0,1.0,1.0,1.0
2023-07-08 09:00:00+00:00,2023-07-08 10:00:00+00:00,1,0,1,0.0,0.0,0.0,1.0,1.0,1.0
2023-07-08 13:00:00+00:00,2023-07-08 14:00:00+00:00,1,0,1,0.0,0.0,0.0,1.0,1.0,1.0
2023-07-10 08:00:00+00:00,2023-07-10 09:00:00+00:00,1,0,1,0.0,0.0,0.0,1.0,1.0,1.0
2023-07-10 09:00:00+00:00,2023-07-10 10:00:00+00:00,1,0,1,0.0,0.0,0.0,1.0,1.0,1.0
2023-07-11 03:00:00+00:00,2023-07-11 04:00:00+00:00,1,0,1,0.0,0.0,0.0,1.0,1.0,1.0
2023-07-12 10:00:00+00:00,2023-07-12 11:00:00+00:00,1,0,1,0.0,0.0,0.0,1.0,1.0,1.0
2023-07-12 14:00:00+00:00,2023-07-12 15:00:00+00:00,1,0,1,0.0,0.0,0.0,1.0,1.0,1.0
2023-07-14 02:00:00+00:00,2023-07-14 03:00:00+00:00,1,0,1,0.0,0.0,0.0,1.0,1.0,1.0
2023-07-15 06:00:00+00:00,2023-07-15 07:00:00+00:00,1,0,1,0.0,0.0,0.0,1.0,1.0,1.0
2023-07-17 06:00:00+00:00,2023-07-17 07:00:00+00:00,1,0,1,0.0,0.0,0.0,1.0,1.0,1.0
2023-07-17 08:00:00+00:00,2023-07-17 09:00:00+00:00,1,0,1,0.0,0.0,0.0,1.0,1.0,1.0
2023-07-17 10:00:00+00:00,2023-07-17 11:00:00+00:00,1,0,1,0.0,0.0,0.0,1.0,1.0,1.0
2023-07-18 09:00:00+00:00,2023-07-18 10:00:00+00:00,1,0,1,0.0,0.0,0.0,1.0,1.0,1.0
2023-07-18 10:00:00+00:00,2023-07-18 11:00:00+00:00,1,0,1,0.0,0.0,0.0,1.0,1.0,1.0
2023-07-20 05:00:00+00:00,2023-07-20 06:00:00+00:00,1,0,1,0.0,0.0,0.0,1.0,1.0,1.0
2023-07-20 12:00:00+00:00,2023-07-20 13:00:00+00:00,1,0,1,0.0,0.0,0.0,1.0,1.0,1.0
2023-07-22 03:00:00+00:00,2023-07-22 04:00:00+00:00,1,0,1,0.0,0.0,0.0,1.0,1.0,1.0
2023-07-22 11:00:00+00:00,2023-07-22 12:00:00+00:00,1,0,1,0.0,0.0,0.0,1.0,1.0,1.0
2023-07-25 06:00:00+00:00,2023-07-25 07:00:00+00:00,3,0,3,0.0,0.0,0.0,1.0,1.0,1.0
2023-07-25 08:00:00+00:00,2023-07-25 09:00:00+00:00,1,0,1,0.0,0.0,0.0,1.0,1.0,1.0
2023-07-27 01:00:00+00:00,2023-07-27 02:00:00+00:00,1,0,1,0.0,0.0,0.0,1.0,1.0,1.0
2023-07-28 08:00:00+00:00,2023-07-28 09:00:00+00:00,1,0,1,0.0,0.0,0.0,1.0,1.0,1.0
2023-07-31 10:00:00+00:00,2023-07-31 11:00:00+00:00,1,0,1,0.0,0.0,0.0,1.0,1.0,1.0
2023-08-01 06:00:00+00:00,2023-08-01 07:00:00+00:00,3,0,3,0.0,0.0,0.0,1.0,1.0,1.0
2023-08-01 07:00:00+00:00,2023-08-01 08:00:00+00:00,1,0,1,0.0,0.0,0.0,1.0,1.0,1.0
2023-08-01 16:00:00+00:00,2023-08-01 17:00:00+00:00,1,0,1,0.0,0.0,0.0,1.0,1.0,1.0
2023-08-03 05:00:00+00:00,2023-08-03 06:00:00+00:00,1,0,1,0.0,0.0,0.0,1.0,1.0,1.0
2023-08-03 09:00:00+00:00,2023-08-03 10:00:00+00:00,1,0,1,0.0,0.0,0.0,1.0,1.0,1.0
2023-08-05 03:00:00+00:00,2023-08-05 04:00:00+00:00,1,0,1,0.0,0.0,0.0,1.0,1.0,1.0
2023-08-05 10:00:00+00:00,2023-08-05 11:00:00+00:00,1,0,1,0.0,0.0,0.0,1.0,1.0,1.0
2023-08-07 04:00:00+00:00,2023-08-07 05:00:00+00:00,1,0,1,0.0,0.0,0.0,1.0,1.0,1.0
2023-08-07 05:00:00+00:00,2023-08-07 06:00:00+00:00,1,0,1,0.0,0.0,0.0,1.0,1.0,1.0
2023-08-08 03:00:00+00:00,2023-08-08 04:00:00+00:00,1,0,1,0.0,0.0,0.0,1.0,1.0,1.0
2023-08-09 11:00:00+00:00,2023-08-09 12:00:00+00:00,1,0,1,0.0,0.0,0.0,1.0,1.0,1.0
2023-08-09 15:00:00+00:00,2023-08-09 16:00:00+00:00,1,0,1,0.0,0.0,0.0,1.0,1.0,1.0
2023-08-09 16:00:00+00:00,2023-08-09 17:00:00+00:00,1,0,1,0.0,0.0,0.0,1.0,1.0,1.0
2023-08-11 03:00:00+00:00,2023-08-11 04:00:00+00:00,1,0,1,0.0,0.0,0.0,1.0,1.0,1.0
2023-08-11 09:00:00+00:00,2023-08-11 10:00:00+00:00,1,0,1,0.0,0.0,0.0,1.0,1.0,1.0
2023-08-14 02:00:00+00:00,2023-08-14 03:00:00+00:00,1,0,1,0.0,0.0,0.0,1.0,1.0,1.0
2023-08-14 04:00:00+00:00,2023-08-14 05:00:00+00:00,3,0,3,0.0,0.0,0.0,1.0,1.0,1.0
2023-08-15 02:00:00+00:00,2023-08-15 03:00:00+00:00,1,0,1,0.0,0.0,0.0,1.0,1.0,1.0
2023-08-15 08:00:00+00:00,2023-08-15 09:00:00+00:00,1,0,1,0.0,0.0,0.0,1.0,1.0,1.0
2023-08-16 04:00:00+00:00,2023-08-16 05:00:00+00:00,1,0,1,0.0,0.0,0.0,1.0,1.0,1.0
2023-08-16 11:00:00+00:00,2023-08-16 12:00:00+00:00,1,0,1,0.0,0.0,0.0,1.0,1.0,1.0
2023-08-17 06:00:00+00:00,2023-08-17 07:00:00+00:00,1,0,1,0.0,0.0,0.0,1.0,1.0,1.0
2023-08-18 06:00:00+00:00,2023-08-18 07:00:00+00:00,1,0,1,0.0,0.0,0.0,1.0,1.0,1.0
2023-08-19 04:00:00+00:00,2023-08-19 05:00:00+00:00,1,0,1,0.0,0.0,0.0,1.0,1.0,1.0
2023-08-19 11:00:00+00:00,2023-08-19 12:00:00+00:00,1,0,1,0.0,0.0,0.0,1.0,1.0,1.0
2023-08-21 03:00:00+00:00,2023-08-21 04:00:00+00:00,4,0,4,0.0,0.0,0.0,1.0,1.0,1.0
2023-08-21 10:00:00+00:00,2023-08-21 11:00:00+00:00,1,0,1,0.0,0.0,0.0,1.0,1.0,1.0
2023-08-24 02:00:00+00:00,2023-08-24 03:00:00+00:00,1,0,1,0.0,0.0,0.0,1.0,1.0,1.0
2023-08-24 04:00:00+00:00,2023-08-24 05:00:00+00:00,3,0,3,0.0,0.0,0.0,1.0,1.0,1.0
2023-08-25 04:00:00+00:00,2023-08-25 05:00:00+00:00,1,0,1,0.0,0.0,0.0,1.0,1.0,1.0
2023-08-25 05:00:00+00:00,2023-08-25 06:00:00+00:00,1,0,1,0.0,0.0,0.0,1.0,1.0,1.0
2023-08-25 08:00:00+00:00,2023-08-25 09:00:00+00:00,1,0,1,0.0,0.0,0.0,1.0,1.0,1.0
2023-08-26 03:00:00+00:00,2023-08-26 04:00:00+00:00,1,0,1,0.0,0.0,0.0,1.0,1.0,1.0
2023-08-26 09:00:00+00:00,2023-08-26 10:00:00+00:00,1,0,1,0.0,0.0,0.0,1.0,1.0,1.0
2023-08-28 03:00:00+00:00,2023-08-28 04:00:00+00:00,1,0,1,0.0,0.0,0.0,1.0,1.0,1.0
2023-08-28 13:00:00+00:00,2023-08-28 14:00:00+00:00,1,0,1,0.0,0.0,0.0,1.0,1.0,1.0
2023-08-29 02:00:00+00:00,2023-08-29 03:00:00+00:00,1,0,1,0.0,0.0,0.0,1.0,1.0,1.0
2023-08-30 06:00:00+00:00,2023-08-30 07:00:00+00:00,1,0,1,0.0,0.0,0.0,1.0,1.0,1.0
2023-08-31 05:00:00+00:00,2023-08-31 06:00:00+00:00,3,0,3,0.0,0.0,0.0,1.0,1.0,1.0
2023-08-31 10:00:00+00:00,2023-08-31 11:00:00+00:00,1,0,1,0.0,0.0,0.0,1.0,1.0,1.0
2023-09-05 04:00:00+00:00,2023-09-05 05:00:00+00:00,1,0,1,0.0,0.0,0.0,1.0,1.0,1.0
2023-09-05 10:00:00+00:00,2023-09-05 11:00:00+00:00,3,0,3,0.0,0.0,0.0,1.0,1.0,1.0
2023-09-06 04:00:00+00:00,2023-09-06 05:00:00+00:00,1,0,1,0.0,0.0,0.0,1.0,1.0,1.0
2023-09-07 06:00:00+00:00,2023-09-07 07:00:00+00:00,1,0,1,0.0,0.0,0.0,1.0,1.0,1.0
2023-09-08 05:00:00+00:00,2023-09-08 06:00:00+00:00,1,0,1,0.0,0.0,0.0,1.0,1.0,1.0
2023-09-08 08:00:00+00:00,2023-09-08 09:00:00+00:00,3,0,3,0.0,0.0,0.0,1.0,1.0,1.0
2023-09-09 05:00:00+00:00,2023-09-09 06:00:00+00:00,1,0,1,0.0,0.0,0.0,1.0,1.0,1.0
2023-09-11 07:00:00+00:00,2023-09-11 08:00:00+00:00,1,0,1,0.0,0.0,0.0,1.0,1.0,1.0
2023-09-11 08:00:00+00:00,2023-09-11 09:00:00+00:00,1,0,1,0.0,0.0,0.0,1.0,1.0,1.0
2023-09-12 01:00:00+00:00,2023-09-12 02:00:00+00:00,1,0,1,0.0,0.0,0.0,1.0,1.0,1.0
2023-09-12 04:00:00+00:00,2023-09-12 05:00:00+00:00,1,0,1,0.0,0.0,0.0,1.0,1.0,1.0
2023-09-13 03:00:00+00:00,2023-09-13 04:00:00+00:00,1,0,1,0.0,0.0,0.0,1.0,1.0,1.0
2023-09-13 08:00:00+00:00,2023-09-13 09:00:00+00:00,1,0,1,0.0,0.0,0.0,1.0,1.0,1.0
2023-09-13 09:00:00+00:00,2023-09-13 10:00:00+00:00,1,0,1,0.0,0.0,0.0,1.0,1.0,1.0
2023-09-13 10:00:00+00:00,2023-09-13 11:00:00+00:00,1,0,1,0.0,0.0,0.0,1.0,1.0,1.0
2023-09-13 16:00:00+00:00,2023-09-13 17:00:00+00:00,1,0,1,0.0,0.0,0.0,1.0,1.0,1.0
2023-09-14 06:00:00+00:00,2023-09-14 07:00:00+00:00,1,0,1,0.0,0.0,0.0,1.0,1.0,1.0
2023-09-14 09:00:00+00:00,2023-09-14 10:00:00+00:00,1,0,1,0.0,0.0,0.0,1.0,1.0,1.0
2023-09-15 11:00:00+00:00,2023-09-15 12:00:00+00:00,1,0,1,0.0,0.0,0.0,1.0,1.0,1.0
2023-09-16 02:00:00+00:00,2023-09-16 03:00:00+00:00,1,0,1,0.0,0.0,0.0,1.0,1.0,1.0
2023-09-16 07:00:00+00:00,2023-09-16 08:00:00+00:00,1,0,1,0.0,0.0,0.0,1.0,1.0,1.0
2023-09-18 02:00:00+00:00,2023-09-18 03:00:00+00:00,1,0,1,0.0,0.0,0.0,1.0,1.0,1.0
2023-09-18 03:00:00+00:00,2023-09-18 04:00:00+00:00,1,0,1,0.0,0.0,0.0,1.0,1.0,1.0
2023-09-18 05:00:00+00:00,2023-09-18 06:00:00+00:00,1,0,1,0.0,0.0,0.0,1.0,1.0,1.0
2023-09-20 03:00:00+00:00,2023-09-20 04:00:00+00:00,1,0,1,0.0,0.0,0.0,1.0,1.0,1.0
2023-09-21 02:00:00+00:00,2023-09-21 03:00:00+00:00,1,0,1,0.0,0.0,0.0,1.0,1.0,1.0
2023-09-21 07:00:00+00:00,2023-09-21 08:00:00+00:00,1,0,1,0.0,0.0,0.0,1.0,1.0,1.0
2023-09-21 08:00:00+00:00,2023-09-21 09:00:00+00:00,1,0,1,0.0,0.0,0.0,1.0,1.0,1.0
2023-09-21 11:00:00+00:00,2023-09-21 12:00:00+00:00,1,0,1,0.0,0.0,0.0,1.0,1.0,1.0
2023-09-21 14:00:00+00:00,2023-09-21 15:00:00+00:00,1,0,1,0.0,0.0,0.0,1.0,1.0,1.0
2023-09-22 03:00:00+00:00,2023-09-22 04:00:00+00:00,1,0,1,0.0,0.0,0.0,1.0,1.0,1.0
2023-09-22 04:00:00+00:00,2023-09-22 05:00:00+00:00,1,0,1,0.0,0.0,0.0,1.0,1.0,1.0
2023-09-22 05:00:00+00:00,2023-09-22 06:00:00+00:00,1,0,1,0.0,0.0,0.0,1.0,1.0,1.0
2023-09-22 06:00:00+00:00,2023-09-22 07:00:00+00:00,1,0,1,0.0,0.0,0.0,1.0,1.0,1.0
2023-09-22 10:00:00+00:00,2023-09-22 11:00:00+00:00,1,0,1,0.0,0.0,0.0,1.0,1.0,1.0
2023-09-23 05:00:00+00:00,2023-09-23 06:00:00+00:00,1,0,1,0.0,0.0,0.0,1.0,1.0,1.0
2023-09-23 18:00:00+00:00,2023-09-23 19:00:00+00:00,1,0,1,0.0,0.0,0.0,1.0,1.0,1.0
2023-09-23 19:00:00+00:00,2023-09-23 20:00:00+00:00,1,0,1,0.0,0.0,0.0,1.0,1.0,1.0
2023-09-24 04:00:00+00:00,2023-09-24 05:00:00+00:00,1,0,1,0.0,0.0,0.0,1.0,1.0,1.0
2023-09-24 07:00:00+00:00,2023-09-24 08:00:00+00:00,1,0,1,0.0,0.0,0.0,1.0,1.0,1.0
2023-09-24 12:00:00+00:00,2023-09-24 13:00:00+00:00,1,0,1,0.0,0.0,0.0,1.0,1.0,1.0
2023-09-25 06:00:00+00:00,2023-09-25 07:00:00+00:00,1,0,1,0.0,0.0,0.0,1.0,1.0,1.0
2023-09-25 08:00:00+00:00,2023-09-25 09:00:00+00:00,1,0,1,0.0,0.0,0.0,1.0,1.0,1.0
2023-09-25 13:00:00+00:00,2023-09-25 14:00:00+00:00,1,0,1,0.0,0.0,0.0,1.0,1.0,1.0
2023-09-25 15:00:00+00:00,2023-09-25 16:00:00+00:00,1,0,1,0.0,0.0,0.0,1.0,1.0,1.0
2023-09-26 04:00:00+00:00,2023-09-26 05:00:00+00:00,1,0,1,0.0,0.0,0.0,1.0,1.0,1.0
2023-09-26 06:00:00+00:00,2023-09-26 07:00:00+00:00,3,0,3,0.0,0.0,0.0,1.0,1.0,1.0
2023-09-28 05:00:00+00:00,2023-09-28 06:00:00+00:00,1,0,1,0.0,0.0,0.0,1.0,1.0,1.0
2023-09-29 05:00:00+00:00,2023-09-29 06:00:00+00:00,1,0,1,0.0,0.0,0.0,1.0,1.0,1.0
2023-09-29 07:00:00+00:00,2023-09-29 08:00:00+00:00,1,0,1,0.0,0.0,0.0,1.0,1.0,1.0
2023-09-29 09:00:00+00:00,2023-09-29 10:00:00+00:00,1,0,1,0.0,0.0,0.0,1.0,1.0,1.0
2023-09-30 02:00:00+00:00,2023-09-30 03:00:00+00:00,1,0,1,0.0,0.0,0.0,1.0,1.0,1.0
2023-09-30 11:00:00+00:00,2023-09-30 12:00:00+00:00,1,0,1,0.0,0.0,0.0,1.0,1.0,1.0
2023-10-02 07:00:00+00:00,2023-10-02 08:00:00+00:00,1,0,1,0.0,0.0,0.0,1.0,1.0,1.0
2023-10-02 08:00:00+00:00,2023-10-02 09:00:00+00:00,1,0,1,0.0,0.0,0.0,1.0,1.0,1.0
2023-10-02 11:00:00+00:00,2023-10-02 12:00:00+00:00,1,0,1,0.0,0.0,0.0,1.0,1.0,1.0
2023-10-02 16:00:00+00:00,2023-10-02 17:00:00+00:00,1,0,1,0.0,0.0,0.0,1.0,1.0,1.0
2023-10-03 05:00:00+00:00,2023-10-03 06:00:00+00:00,1,0,1,0.0,0.0,0.0,1.0,1.0,1.0
2023-10-03 06:00:00+00:00,2023-10-03 07:00:00+00:00,1,0,1,0.0,0.0,0.0,1.0,1.0,1.0
2023-10-03 09:00:00+00:00,2023-10-03 10:00:00+00:00,1,0,1,0.0,0.0,0.0,1.0,1.0,1.0
2023-10-06 01:00:00+00:00,2023-10-06 02:00:00+00:00,1,0,1,0.0,0.0,0.0,1.0,1.0,1.0
2023-10-06 03:00:00+00:00,2023-10-06 04:00:00+00:00,1,0,1,0.0,0.0,0.0,1.0,1.0,1.0
2023-10-06 06:00:00+00:00,2023-10-06 07:00:00+00:00,1,0,1,0.0,0.0,0.0,1.0,1.0,1.0
2023-10-06 07:00:00+00:00,2023-10-06 08:00:00+00:00,1,0,1,0.0,0.0,0.0,1.0,1.0,1.0
2023-10-07 02:00:00+00:00,2023-10-07 03:00:00+00:00,1,0,1,0.0,0.0,0.0,1.0,1.0,1.0
2023-10-07 05:00:00+00:00,2023-10-07 06:00:00+00:00,1,0,1,0.0,0.0,0.0,1.0,1.0,1.0
2023-10-07 20:00:00+00:00,2023-10-07 21:00:00+00:00,1,0,1,0.0,0.0,0.0,1.0,1.0,1.0
2023-10-08 10:00:00+00:00,2023-10-08 11:00:00+00:00,4,0,4,0.0,0.0,0.0,1.0,1.0,1.0
2023-10-08 14:00:00+00:00,2023-10-08 15:00:00+00:00,1,0,1,0.0,0.0,0.0,1.0,1.0,1.0
2023-10-09 03:00:00+00:00,2023-10-09 04:00:00+00:00,1,0,1,0.0,0.0,0.0,1.0,1.0,1.0
2023-10-09 05:00:00+00:00,2023-10-09 06:00:00+00:00,1,0,1,0.0,0.0,0.0,1.0,1.0,1.0
2023-10-09 10:00:00+00:00,2023-10-09 11:00:00+00:00,1,0,1,0.0,0.0,0.0,1.0,1.0,1.0
2023-10-10 08:00:00+00:00,2023-10-10 09:00:00+00:00,1,0,1,0.0,0.0,0.0,1.0,1.0,1.0
2023-10-10 09:00:00+00:00,2023-10-10 10:00:00+00:00,1,0,1,0.0,0.0,0.0,1.0,1.0,1.0
2023-10-11 05:00:00+00:00,2023-10-11 06:00:00+00:00,1,0,1,0.0,0.0,0.0,1.0,1.0,1.0
2023-10-12 04:00:00+00:00,2023-10-12 05:00:00+00:00,1,0,1,0.0,0.0,0.0,1.0,1.0,1.0
2023-10-12 06:00:00+00:00,2023-10-12 07:00:00+00:00,1,0,1,0.0,0.0,0.0,1.0,1.0,1.0
2023-10-12 14:00:00+00:00,2023-10-12 15:00:00+00:00,1,0,1,0.0,0.0,0.0,1.0,1.0,1.0
2023-10-13 10:00:00+00:00,2023-10-13 11:00:00+00:00,1,0,1,0.0,0.0,0.0,1.0,1.0,1.0
2023-10-16 11:00:00+00:00,2023-10-16 12:00:00+00:00,3,0,3,0.0,0.0,0.0,1.0,1.0,1.0
2023-10-18 05:00:00+00:00,2023-10-18 06:00:00+00:00,4,0,4,0.0,0.0,0.0,1.0,1.0,1.0
2023-10-18 06:00:00+00:00,2023-10-18 07:00:00+00:00,1,0,1,0.0,0.0,0.0,1.0,1.0,1.0
2023-10-18 07:00:00+00:00,2023-10-18 08:00:00+00:00,1,0,1,0.0,0.0,0.0,1.0,1.0,1.0
2023-10-18 18:00:00+00:00,2023-10-18 19:00:00+00:00,1,0,1,0.0,0.0,0.0,1.0,1.0,1.0
2023-10-19 01:00:00+00:00,2023-10-19 02:00:00+00:00,1,0,1,0.0,0.0,0.0,1.0,1.0,1.0
2023-10-19 04:00:00+00:00,2023-10-19 05:00:00+00:00,3,0,3,0.0,0.0,0.0,1.0,1.0,1.0
2023-10-19 06:00:00+00:00,2023-10-19 07:00:00+00:00,1,0,1,0.0,0.0,0.0,1.0,1.0,1.0
2023-10-20 03:00:00+00:00,2023-10-20 04:00:00+00:00,1,0,1,0.0,0.0,0.0,1.0,1.0,1.0
2023-10-20 16:00:00+00:00,2023-10-20 17:00:00+00:00,1,0,1,0.0,0.0,0.0,1.0,1.0,1.0
2023-10-20 17:00:00+00:00,2023-10-20 18:00:00+00:00,1,0,1,0.0,0.0,0.0,1.0,1.0,1.0
2023-10-21 06:00:00+00:00,2023-10-21 07:00:00+00:00,1,0,1,0.0,0.0,0.0,1.0,1.0,1.0
2023-10-23 13:00:00+00:00,2023-10-23 14:00:00+00:00,1,0,1,0.0,0.0,0.0,1.0,1.0,1.0
2023-10-24 02:00:00+00:00,2023-10-24 03:00:00+00:00,1,0,1,0.0,0.0,0.0,1.0,1.0,1.0
2023-10-24 12:00:00+00:00,2023-10-24 13:00:00+00:00,1,0,1,0.0,0.0,0.0,1.0,1.0,1.0
2023-10-25 10:00:00+00:00,2023-10-25 11:00:00+00:00,1,0,1,0.0,0.0,0.0,1.0,1.0,1.0
2023-10-26 03:00:00+00:00,2023-10-26 04:00:00+00:00,1,0,1,0.0,0.0,0.0,1.0,1.0,1.0
2023-10-26 06:00:00+00:00,2023-10-26 07:00:00+00:00,1,0,1,0.0,0.0,0.0,1.0,1.0,1.0
2023-10-27 17:00:00+00:00,2023-10-27 18:00:00+00:00,1,0,1,0.0,0.0,0.0,1.0,1.0,1.0
2023-10-29 13:00:00+00:00,2023-10-29 14:00:00+00:00,1,0,1,0.0,0.0,0.0,1.0,1.0,1.0
2023-10-30 06:00:00+00:00,2023-10-30 07:00:00+00:00,1,0,1,0.0,0.0,0.0,1.0,1.0,1.0
2023-10-31 06:00:00+00:00,2023-10-31 07:00:00+00:00,1,0,1,0.0,0.0,0.0,1.0,1.0,1.0
2023-10-31 12:00:00+00:00,2023-10-31 13:00:00+00:00,1,0,1,0.0,0.0,0.0,1.0,1.0,1.0
2023-11-01 10:00:00+00:00,2023-11-01 11:00:00+00:00,1,0,1,0.0,0.0,0.0,1.0,1.0,1.0
2023-11-01 12:00:00+00:00,2023-11-01 13:00:00+00:00,1,0,1,0.0,0.0,0.0,1.0,1.0,1.0
2023-11-02 04:00:00+00:00,2023-11-02 05:00:00+00:00,1,0,1,0.0,0.0,0.0,1.0,1.0,1.0
2023-11-03 09:00:00+00:00,2023-11-03 10:00:00+00:00,1,0,1,0.0,0.0,0.0,1.0,1.0,1.0
2023-11-03 14:00:00+00:00,2023-11-03 15:00:00+00:00,1,0,1,0.0,0.0,0.0,1.0,1.0,1.0
2023-11-04 10:00:00+00:00,2023-11-04 11:00:00+00:00,1,0,1,0.0,0.0,0.0,1.0,1.0,1.0
2023-11-04 13:00:00+00:00,2023-11-04 14:00:00+00:00,1,0,1,0.0,0.0,0.0,1.0,1.0,1.0
2023-11-08 18:00:00+00:00,2023-11-08 19:00:00+00:00,1,0,1,0.0,0.0,0.0,1.0,1.0,1.0
2023-11-09 15:00:00+00:00,2023-11-09 16:00:00+00:00,1,0,1,0.0,0.0,0.0,1.0,1.0,1.0
2023-11-09 17:00:00+00:00,2023-11-09 18:00:00+00:00,1,0,1,0.0,0.0,0.0,1.0,1.0,1.0
2023-11-11 14:00:00+00:00,2023-11-11 15:00:00+00:00,1,0,1,0.0,0.0,0.0,1.0,1.0,1.0
2023-11-12 14:00:00+00:00,2023-11-12 15:00:00+00:00,3,0,3,0.0,0.0,0.0,1.0,1.0,1.0
2023-11-13 04:00:00+00:00,2023-11-13 05:00:00+00:00,1,0,1,0.0,0.0,0.0,1.0,1.0,1.0
2023-11-14 04:00:00+00:00,2023-11-14 05:00:00+00:00,1,0,1,0.0,0.0,0.0,1.0,1.0,1.0
2023-11-15 04:00:00+00:00,2023-11-15 05:00:00+00:00,3,0,3,0.0,0.0,0.0,1.0,1.0,1.0
2023-11-15 14:00:00+00:00,2023-11-15 15:00:00+00:00,1,0,1,0.0,0.0,0.0,1.0,1.0,1.0
2023-11-16 02:00:00+00:00,2023-11-16 03:00:00+00:00,1,0,1,0.0,0.0,0.0,1.0,1.0,1.0
2023-11-17 01:00:00+00:00,2023-11-17 02:00:00+00:00,1,0,1,0.0,0.0,0.0,1.0,1.0,1.0
2023-11-18 02:00:00+00:00,2023-11-18 03:00:00+00:00,1,0,1,0.0,0.0,0.0,1.0,1.0,1.0
2023-11-18 08:00:00+00:00,2023-11-18 09:00:00+00:00,1,0,1,0.0,0.0,0.0,1.0,1.0,1.0
2023-11-19 02:00:00+00:00,2023-11-19 03:00:00+00:00,1,0,1,0.0,0.0,0.0,1.0,1.0,1.0
2023-11-19 12:00:00+00:00,2023-11-19 13:00:00+00:00,3,0,3,0.0,0.0,0.0,1.0,1.0,1.0
2023-11-19 16:00:00+00:00,2023-11-19 17:00:00+00:00,1,0,1,0.0,0.0,0.0,1.0,1.0,1.0
2023-11-20 10:00:00+00:00,2023-11-20 11:00:00+00:00,1,0,1,0.0,0.0,0.0,1.0,1.0,1.0
2023-11-20 18:00:00+00:00,2023-11-20 19:00:00+00:00,1,0,1,0.0,0.0,0.0,1.0,1.0,1.0
2023-11-21 10:00:00+00:00,2023-11-21 11:00:00+00:00,1,0,1,0.0,0.0,0.0,1.0,1.0,1.0
2023-11-23 06:00:00+00:00,2023-11-23 07:00:00+00:00,1,0,1,0.0,0.0,0.0,1.0,1.0,1.0
2023-11-24 09:00:00+00:00,2023-11-24 10:00:00+00:00,1,0,1,0.0,0.0,0.0,1.0,1.0,1.0
2023-11-24 11:00:00+00:00,2023-11-24 12:00:00+00:00,1,0,1,0.0,0.0,0.0,1.0,1.0,1.0
2023-11-24 14:00:00+00:00,2023-11-24 15:00:00+00:00,1,0,1,0.0,0.0,0.0,1.0,1.0,1.0
2023-11-24 15:00:00+00:00,2023-11-24 16:00:00+00:00,1,0,1,0.0,0.0,0.0,1.0,1.0,1.0
2023-11-25 05:00:00+00:00,2023-11-25 06:00:00+00:00,1,0,1,0.0,0.0,0.0,1.0,1.0,1.0
2023-11-25 14:00:00+00:00,2023-11-25 15:00:00+00:00,1,0,1,0.0,0.0,0.0,1.0,1.0,1.0
2023-11-26 15:00:00+00:00,2023-11-26 16:00:00+00:00,1,0,1,0.0,0.0,0.0,1.0,1.0,1.0
2023-11-26 16:00:00+00:00,2023-11-26 17:00:00+00:00,1,0,1,0.0,0.0,0.0,1.0,1.0,1.0
2023-11-27 13:00:00+00:00,2023-11-27 14:00:00+00:00,1,0,1,0.0,0.0,0.0,1.0,1.0,1.0
2023-11-27 14:00:00+00:00,2023-11-27 15:00:00+00:00,1,0,1,0.0,0.0,0.0,1.0,1.0,1.0
2023-11-28 11:00:00+00:00,2023-11-28 12:00:00+00:00,1,0,1,0.0,0.0,0.0,1.0,1.0,1.0
2023-11-29 06:00:00+00:00,2023-11-29 07:00:00+00:00,1,0,1,0.0,0.0,0.0,1.0,1.0,1.0
2023-11-29 08:00:00+00:00,2023-11-29 09:00:00+00:00,1,0,1,0.0,0.0,0.0,1.0,1.0,1.0
2023-11-29 09:00:00+00:00,2023-11-29 10:00:00+00:00,1,0,1,0.0,0.0,0.0,1.0,1.0,1.0
2023-11-30 10:00:00+00:00,2023-11-30 11:00:00+00:00,1,0,1,0.0,0.0,0.0,1.0,1.0,1.0
2023-12-09 06:00:00+00:00,2023-12-09 07:00:00+00:00,1,0,1,0.0,0.0,0.0,1.0,1.0,1.0
2023-12-09 09:00:00+00:00,2023-12-09 10:00:00+00:00,1,0,1,0.0,0.0,0.0,1.0,1.0,1.0
2023-12-11 07:00:00+00:00,2023-12-11 08:00:00+00:00,1,0,1,0.0,0.0,0.0,1.0,1.0,1.0
2023-12-13 14:00:00+00:00,2023-12-13 15:00:00+00:00,1,0,1,0.0,0.0,0.0,1.0,1.0,1.0
2023-12-14 03:00:00+00:00,2023-12-14 04:00:00+00:00,1,0,1,0.0,0.0,0.0,1.0,1.0,1.0
2023-12-15 01:00:00+00:00,2023-12-15 02:00:00+00:00,1,0,1,0.0,0.0,0.0,1.0,1.0,1.0
2023-12-15 06:00:00+00:00,2023-12-15 07:00:00+00:00,1,0,1,0.0,0.0,0.0,1.0,1.0,1.0
2023-12-15 13:00:00+00:00,2023-12-15 14:00:00+00:00,1,0,1,0.0,0.0,0.0,1.0,1.0,1.0
2023-12-17 13:00:00+00:00,2023-12-17 14:00:00+00:00,1,0,1,0.0,0.0,0.0,1.0,1.0,1.0
2023-12-19 08:00:00+00:00,2023-12-19 09:00:00+00:00,1,0,1,0.0,0.0,0.0,1.0,1.0,1.0
2023-12-19 09:00:00+00:00,2023-12-19 10:00:00+00:00,1,0,1,0.0,0.0,0.0,1.0,1.0,1.0
2023-12-20 11:00:00+00:00,2023-12-20 12:00:00+00:00,1,0,1,0.0,0.0,0.0,1.0,1.0,1.0
2023-12-20 14:00:00+00:00,2023-12-20 15:00:00+00:00,1,0,1,0.0,0.0,0.0,1.0,1.0,1.0
2023-12-22 02:00:00+00:00,2023-12-22 03:00:00+00:00,1,0,1,0.0,0.0,0.0,1.0,1.0,1.0
2023-12-22 04:00:00+00:00,2023-12-22 05:00:00+00:00,1,0,1,0.0,0.0,0.0,1.0,1.0,1.0
2023-12-22 14:00:00+00:00,2023-12-22 15:00:00+00:00,1,0,1,0.0,0.0,0.0,1.0,1.0,1.0
2023-12-25 15:00:00+00:00,2023-12-25 16:00:00+00:00,1,0,1,0.0,0.0,0.0,1.0,1.0,1.0
2023-12-26 02:00:00+00:00,2023-12-26 03:00:00+00:00,1,0,1,0.0,0.0,0.0,1.0,1.0,1.0
2023-12-26 04:00:00+00:00,2023-12-26 05:00:00+00:00,1,0,1,0.0,0.0,0.0,1.0,1.0,1.0
2023-12-28 01:00:00+00:00,2023-12-28 02:00:00+00:00,1,0,1,0.0,0.0,0.0,1.0,1.0,1.0
2023-12-28 03:00:00+00:00,2023-12-28 04:00:00+00:00,1,0,1,0.0,0.0,0.0,1.0,1.0,1.0
2023-12-28 05:00:00+00:00,2023-12-28 06:00:00+00:00,1,0,1,0.0,0.0,0.0,1.0,1.0,1.0
2023-12-28 10:00:00+00:00,2023-12-28 11:00:00+00:00,1,0,1,0.0,0.0,0.0,1.0,1.0,1.0
2023-12-30 01:00:00+00:00,2023-12-30 02:00:00+00:00,1,0,1,0.0,0.0,0.0,1.0,1.0,1.0
2024-01-02 04:00:00+00:00,2024-01-02 05:00:00+00:00,1,0,1,0.0,0.0,0.0,1.0,1.0,1.0
2024-01-03 02:00:00+00:00,2024-01-03 03:00:00+00:00,1,0,1,0.0,0.0,0.0,1.0,1.0,1.0
2024-01-03 10:00:00+00:00,2024-01-03 11:00:00+00:00,1,0,1,0.0,0.0,0.0,1.0,1.0,1.0
2024-01-04 06:00:00+00:00,2024-01-04 07:00:00+00:00,1,0,1,0.0,0.0,0.0,1.0,1.0,1.0
2024-01-09 23:00:00+00:00,2024-01-10 00:00:00+00:00,1,0,1,0.0,0.0,0.0,1.0,1.0,1.0
2024-01-10 08:00:00+00:00,2024-01-10 09:00:00+00:00,1,0,1,0.0,0.0,0.0,1.0,1.0,1.0
2024-01-11 02:00:00+00:00,2024-01-11 03:00:00+00:00,3,0,3,0.0,0.0,0.0,1.0,1.0,1.0
2024-01-12 05:00:00+00:00,2024-01-12 06:00:00+00:00,1,0,1,0.0,0.0,0.0,1.0,1.0,1.0
2024-01-12 10:00:00+00:00,2024-01-12 11:00:00+00:00,1,0,1,0.0,0.0,0.0,1.0,1.0,1.0
2024-01-13 09:00:00+00:00,2024-01-13 10:00:00+00:00,1,0,1,0.0,0.0,0.0,1.0,1.0,1.0
2024-01-14 13:00:00+00:00,2024-01-14 14:00:00+00:00,1,0,1,0.0,0.0,0.0,1.0,1.0,1.0
2024-01-15 07:00:00+00:00,2024-01-15 08:00:00+00:00,1,0,1,0.0,0.0,0.0,1.0,1.0,1.0
2024-01-16 04:00:00+00:00,2024-01-16 05:00:00+00:00,1,0,1,0.0,0.0,0.0,1.0,1.0,1.0
2024-01-17 03:00:00+00:00,2024-01-17 04:00:00+00:00,1,0,1,0.0,0.0,0.0,1.0,1.0,1.0
2024-01-17 12:00:00+00:00,2024-01-17 13:00:00+00:00,1,0,1,0.0,0.0,0.0,1.0,1.0,1.0
2024-01-18 09:00:00+00:00,2024-01-18 10:00:00+00:00,1,0,1,0.0,0.0,0.0,1.0,1.0,1.0
2024-01-19 05:00:00+00:00,2024-01-19 06:00:00+00:00,1,0,1,0.0,0.0,0.0,1.0,1.0,1.0
2024-01-19 06:00:00+00:00,2024-01-19 07:00:00+00:00,1,0,1,0.0,0.0,0.0,1.0,1.0,1.0
2024-01-21 14:00:00+00:00,2024-01-21 15:00:00+00:00,1,0,1,0.0,0.0,0.0,1.0,1.0,1.0
2024-01-21 15:00:00+00:00,2024-01-21 16:00:00+00:00,1,0,1,0.0,0.0,0.0,1.0,1.0,1.0
2024-01-22 02:00:00+00:00,2024-01-22 03:00:00+00:00,1,0,1,0.0,0.0,0.0,1.0,1.0,1.0
2024-01-22 09:00:00+00:00,2024-01-22 10:00:00+00:00,1,0,1,0.0,0.0,0.0,1.0,1.0,1.0
2024-01-24 03:00:00+00:00,2024-01-24 04:00:00+00:00,1,0,1,0.0,0.0,0.0,1.0,1.0,1.0
2024-01-24 05:00:00+00:00,2024-01-24 06:00:00+00:00,1,0,1,0.0,0.0,0.0,1.0,1.0,1.0
2024-01-25 05:00:00+00:00,2024-01-25 06:00:00+00:00,1,0,1,0.0,0.0,0.0,1.0,1.0,1.0
2024-01-25 09:00:00+00:00,2024-01-25 10:00:00+00:00,1,0,1,0.0,0.0,0.0,1.0,1.0,1.0
2024-01-26 09:00:00+00:00,2024-01-26 10:00:00+00:00,1,0,1,0.0,0.0,0.0,1.0,1.0,1.0
2024-01-27 05:00:00+00:00,2024-01-27 06:00:00+00:00,1,0,1,0.0,0.0,0.0,1.0,1.0,1.0
2024-01-27 09:00:00+00:00,2024-01-27 10:00:00+00:00,1,0,1,0.0,0.0,0.0,1.0,1.0,1.0
2024-01-28 13:00:00+00:00,2024-01-28 14:00:00+00:00,1,0,1,0.0,0.0,0.0,1.0,1.0,1.0
2024-01-28 17:00:00+00:00,2024-01-28 18:00:00+00:00,1,0,1,0.0,0.0,0.0,1.0,1.0,1.0
2024-01-28 18:00:00+00:00,2024-01-28 19:00:00+00:00,1,0,1,0.0,0.0,0.0,1.0,1.0,1.0
2024-01-29 01:00:00+00:00,2024-01-29 02:00:00+00:00,1,0,1,0.0,0.0,0.0,1.0,1.0,1.0
2024-01-29 04:00:00+00:00,2024-01-29 05:00:00+00:00,4,0,4,0.0,0.0,0.0,1.0,1.0,1.0
2024-01-29 05:00:00+00:00,2024-01-29 06:00:00+00:00,1,0,1,0.0,0.0,0.0,1.0,1.0,1.0
2024-01-29 06:00:00+00:00,2024-01-29 07:00:00+00:00,1,0,1,0.0,0.0,0.0,1.0,1.0,1.0
2024-01-30 06:00:00+00:00,2024-01-30 07:00:00+00:00,1,0,1,0.0,0.0,0.0,1.0,1.0,1.0
2024-01-30 08:00:00+00:00,2024-01-30 09:00:00+00:00,1,0,1,0.0,0.0,0.0,1.0,1.0,1.0
2024-01-30 14:00:00+00:00,2024-01-30 15:00:00+00:00,1,0,1,0.0,0.0,0.0,1.0,1.0,1.0
2024-01-31 03:00:00+00:00,2024-01-31 04:00:00+00:00,6,0,6,0.0,0.0,0.0,1.0,1.0,1.0
2024-01-31 05:00:00+00:00,2024-01-31 06:00:00+00:00,1,0,1,0.0,0.0,0.0,1.0,1.0,1.0
2024-01-31 09:00:00+00:00,2024-01-31 10:00:00+00:00,1,0,1,0.0,0.0,0.0,1.0,1.0,1.0
2024-01-31 12:00:00+00:00,2024-01-31 13:00:00+00:00,1,0,1,0.0,0.0,0.0,1.0,1.0,1.0
2024-01-31 13:00:00+00:00,2024-01-31 14:00:00+00:00,1,0,1,0.0,0.0,0.0,1.0,1.0,1.0
2024-02-01 03:00:00+00:00,2024-02-01 04:00:00+00:00,1,0,1,0.0,0.0,0.0,1.0,1.0,1.0
2024-02-01 07:00:00+00:00,2024-02-01 08:00:00+00:00,1,0,1,0.0,0.0,0.0,1.0,1.0,1.0
2024-02-01 08:00:00+00:00,2024-02-01 09:00:00+00:00,1,0,1,0.0,0.0,0.0,1.0,1.0,1.0
2024-02-01 12:00:00+00:00,2024-02-01 13:00:00+00:00,3,0,3,0.0,0.0,0.0,1.0,1.0,1.0
2024-02-02 01:00:00+00:00,2024-02-02 02:00:00+00:00,4,0,4,0.0,0.0,0.0,1.0,1.0,1.0
2024-02-02 02:00:00+00:00,2024-02-02 03:00:00+00:00,3,0,3,0.0,0.0,0.0,1.0,1.0,1.0
2024-02-02 05:00:00+00:00,2024-02-02 06:00:00+00:00,1,0,1,0.0,0.0,0.0,1.0,1.0,1.0
2024-02-02 07:00:00+00:00,2024-02-02 08:00:00+00:00,1,0,1,0.0,0.0,0.0,1.0,1.0,1.0
2024-02-02 08:00:00+00:00,2024-02-02 09:00:00+00:00,1,0,1,0.0,0.0,0.0,1.0,1.0,1.0
2024-02-02 09:00:00+00:00,2024-02-02 10:00:00+00:00,1,0,1,0.0,0.0,0.0,1.0,1.0,1.0
2024-02-02 11:00:00+00:00,2024-02-02 12:00:00+00:00,1,0,1,0.0,0.0,0.0,1.0,1.0,1.0
2024-02-03 03:00:00+00:00,2024-02-03 04:00:00+00:00,1,0,1,0.0,0.0,0.0,1.0,1.0,1.0
2024-02-03 07:00:00+00:00,2024-02-03 08:00:00+00:00,1,0,1,0.0,0.0,0.0,1.0,1.0,1.0
2024-02-04 07:00:00+00:00,2024-02-04 08:00:00+00:00,1,0,1,0.0,0.0,0.0,1.0,1.0,1.0
2024-02-05 02:00:00+00:00,2024-02-05 03:00:00+00:00,1,0,1,0.0,0.0,0.0,1.0,1.0,1.0
2024-02-05 03:00:00+00:00,2024-02-05 04:00:00+00:00,3,0,3,0.0,0.0,0.0,1.0,1.0,1.0
2024-02-05 04:00:00+00:00,2024-02-05 05:00:00+00:00,3,0,3,0.0,0.0,0.0,1.0,1.0,1.0
2024-02-05 05:00:00+00:00,2024-02-05 06:00:00+00:00,1,0,1,0.0,0.0,0.0,1.0,1.0,1.0
2024-02-05 07:00:00+00:00,2024-02-05 08:00:00+00:00,1,0,1,0.0,0.0,0.0,1.0,1.0,1.0
2024-02-05 08:00:00+00:00,2024-02-05 09:00:00+00:00,1,0,1,0.0,0.0,0.0,1.0,1.0,1.0
2024-02-05 11:00:00+00:00,2024-02-05 12:00:00+00:00,1,0,1,0.0,0.0,0.0,1.0,1.0,1.0
2024-02-05 16:00:00+00:00,2024-02-05 17:00:00+00:00,1,0,1,0.0,0.0,0.0,1.0,1.0,1.0
2024-02-05 17:00:00+00:00,2024-02-05 18:00:00+00:00,1,0,1,0.0,0.0,0.0,1.0,1.0,1.0
2024-02-06 02:00:00+00:00,2024-02-06 03:00:00+00:00,1,0,1,0.0,0.0,0.0,1.0,1.0,1.0
2024-02-06 03:00:00+00:00,2024-02-06 04:00:00+00:00,3,0,3,0.0,0.0,0.0,1.0,1.0,1.0
2024-02-06 04:00:00+00:00,2024-02-06 05:00:00+00:00,4,0,4,0.0,0.0,0.0,1.0,1.0,1.0
2024-02-06 05:00:00+00:00,2024-02-06 06:00:00+00:00,1,0,1,0.0,0.0,0.0,1.0,1.0,1.0
2024-02-06 07:00:00+00:00,2024-02-06 08:00:00+00:00,1,0,1,0.0,0.0,0.0,1.0,1.0,1.0
2024-02-06 10:00:00+00:00,2024-02-06 11:00:00+00:00,1,0,1,0.0,0.0,0.0,1.0,1.0,1.0
2024-02-15 04:00:00+00:00,2024-02-15 05:00:00+00:00,4,0,4,0.0,0.0,0.0,1.0,1.0,1.0
2024-02-16 02:00:00+00:00,2024-02-16 03:00:00+00:00,1,0,1,0.0,0.0,0.0,1.0,1.0,1.0
2024-02-17 03:00:00+00:00,2024-02-17 04:00:00+00:00,3,0,3,0.0,0.0,0.0,1.0,1.0,1.0
2024-02-17 05:00:00+00:00,2024-02-17 06:00:00+00:00,1,0,1,0.0,0.0,0.0,1.0,1.0,1.0
2024-02-17 08:00:00+00:00,2024-02-17 09:00:00+00:00,1,0,1,0.0,0.0,0.0,1.0,1.0,1.0
2024-02-17 10:00:00+00:00,2024-02-17 11:00:00+00:00,1,0,1,0.0,0.0,0.0,1.0,1.0,1.0
2024-02-18 06:00:00+00:00,2024-02-18 07:00:00+00:00,1,0,1,0.0,0.0,0.0,1.0,1.0,1.0
2024-02-18 07:00:00+00:00,2024-02-18 08:00:00+00:00,1,0,1,0.0,0.0,0.0,1.0,1.0,1.0
2024-02-19 02:00:00+00:00,2024-02-19 03:00:00+00:00,3,0,3,0.0,0.0,0.0,1.0,1.0,1.0
2024-02-19 03:00:00+00:00,2024-02-19 04:00:00+00:00,1,0,1,0.0,0.0,0.0,1.0,1.0,1.0
2024-02-19 04:00:00+00:00,2024-02-19 05:00:00+00:00,1,0,1,0.0,0.0,0.0,1.0,1.0,1.0
2024-02-19 05:00:00+00:00,2024-02-19 06:00:00+00:00,1,0,1,0.0,0.0,0.0,1.0,1.0,1.0
2024-02-19 09:00:00+00:00,2024-02-19 10:00:00+00:00,1,0,1,0.0,0.0,0.0,1.0,1.0,1.0
2024-02-19 13:00:00+00:00,2024-02-19 14:00:00+00:00,1,0,1,0.0,0.0,0.0,1.0,1.0,1.0
2024-02-20 01:00:00+00:00,2024-02-20 02:00:00+00:00,1,0,1,0.0,0.0,0.0,1.0,1.0,1.0
2024-02-20 05:00:00+00:00,2024-02-20 06:00:00+00:00,1,0,1,0.0,0.0,0.0,1.0,1.0,1.0
2024-02-20 08:00:00+00:00,2024-02-20 09:00:00+00:00,1,0,1,0.0,0.0,0.0,1.0,1.0,1.0
2024-02-21 02:00:00+00:00,2024-02-21 03:00:00+00:00,1,0,1,0.0,0.0,0.0,1.0,1.0,1.0
2024-02-21 03:00:00+00:00,2024-02-21 04:00:00+00:00,4,0,4,0.0,0.0,0.0,1.0,1.0,1.0
2024-02-21 04:00:00+00:00,2024-02-21 05:00:00+00:00,1,0,1,0.0,0.0,0.0,1.0,1.0,1.0
2024-02-21 07:00:00+00:00,2024-02-21 08:00:00+00:00,1,0,1,0.0,0.0,0.0,1.0,1.0,1.0
2024-02-21 11:00:00+00:00,2024-02-21 12:00:00+00:00,3,0,3,0.0,0.0,0.0,1.0,1.0,1.0
2024-02-22 02:00:00+00:00,2024-02-22 03:00:00+00:00,1,0,1,0.0,0.0,0.0,1.0,1.0,1.0
2024-02-22 05:00:00+00:00,2024-02-22 06:00:00+00:00,1,0,1,0.0,0.0,0.0,1.0,1.0,1.0
2024-02-22 13:00:00+00:00,2024-02-22 14:00:00+00:00,3,0,3,0.0,0.0,0.0,1.0,1.0,1.0
2024-02-23 05:00:00+00:00,2024-02-23 06:00:00+00:00,1,0,1,0.0,0.0,0.0,1.0,1.0,1.0
2024-02-23 16:00:00+00:00,2024-02-23 17:00:00+00:00,4,0,4,0.0,0.0,0.0,1.0,1.0,1.0
2024-02-24 03:00:00+00:00,2024-02-24 04:00:00+00:00,3,0,3,0.0,0.0,0.0,1.0,1.0,1.0
2024-02-25 16:00:00+00:00,2024-02-25 17:00:00+00:00,1,0,1,0.0,0.0,0.0,1.0,1.0,1.0
2024-02-26 03:00:00+00:00,2024-02-26 04:00:00+00:00,1,0,1,0.0,0.0,0.0,1.0,1.0,1.0
2024-02-26 10:00:00+00:00,2024-02-26 11:00:00+00:00,1,0,1,0.0,0.0,0.0,1.0,1.0,1.0
2024-02-27 02:00:00+00:00,2024-02-27 03:00:00+00:00,1,0,1,0.0,0.0,0.0,1.0,1.0,1.0
2024-02-27 05:00:00+00:00,2024-02-27 06:00:00+00:00,1,0,1,0.0,0.0,0.0,1.0,1.0,1.0
2024-02-28 01:00:00+00:00,2024-02-28 02:00:00+00:00,1,0,1,0.0,0.0,0.0,1.0,1.0,1.0
2024-02-28 02:00:00+00:00,2024-02-28 03:00:00+00:00,1,0,1,0.0,0.0,0.0,1.0,1.0,1.0
2024-02-28 06:00:00+00:00,2024-02-28 07:00:00+00:00,1,0,1,0.0,0.0,0.0,1.0,1.0,1.0
2024-02-28 10:00:00+00:00,2024-02-28 11:00:00+00:00,1,0,1,0.0,0.0,0.0,1.0,1.0,1.0
2024-02-29 02:00:00+00:00,2024-02-29 03:00:00+00:00,3,0,3,0.0,0.0,0.0,1.0,1.0,1.0
2024-02-29 06:00:00+00:00,2024-02-29 07:00:00+00:00,1,0,1,0.0,0.0,0.0,1.0,1.0,1.0
2024-02-29 07:00:00+00:00,2024-02-29 08:00:00+00:00,1,0,1,0.0,0.0,0.0,1.0,1.0,1.0
2024-03-01 04:00:00+00:00,2024-03-01 05:00:00+00:00,4,0,4,0.0,0.0,0.0,1.0,1.0,1.0
2024-03-02 07:00:00+00:00,2024-03-02 08:00:00+00:00,1,0,1,0.0,0.0,0.0,1.0,1.0,1.0
2024-03-02 08:00:00+00:00,2024-03-02 09:00:00+00:00,1,0,1,0.0,0.0,0.0,1.0,1.0,1.0
2024-03-03 15:00:00+00:00,2024-03-03 16:00:00+00:00,1,0,1,0.0,0.0,0.0,1.0,1.0,1.0
2024-03-04 07:00:00+00:00,2024-03-04 08:00:00+00:00,1,0,1,0.0,0.0,0.0,1.0,1.0,1.0
2024-03-04 14:00:00+00:00,2024-03-04 15:00:00+00:00,1,0,1,0.0,0.0,0.0,1.0,1.0,1.0
2024-03-05 03:00:00+00:00,2024-03-05 04:00:00+00:00,1,0,1,0.0,0.0,0.0,1.0,1.0,1.0
2024-03-05 04:00:00+00:00,2024-03-05 05:00:00+00:00,3,0,3,0.0,0.0,0.0,1.0,1.0,1.0
2024-03-06 01:00:00+00:00,2024-03-06 02:00:00+00:00,1,0,1,0.0,0.0,0.0,1.0,1.0,1.0
2024-03-06 05:00:00+00:00,2024-03-06 06:00:00+00:00,4,0,4,0.0,0.0,0.0,1.0,1.0,1.0
2024-03-07 03:00:00+00:00,2024-03-07 04:00:00+00:00,3,0,3,0.0,0.0,0.0,1.0,1.0,1.0
2024-03-07 08:00:00+00:00,2024-03-07 09:00:00+00:00,1,0,1,0.0,0.0,0.0,1.0,1.0,1.0
2024-03-07 10:00:00+00:00,2024-03-07 11:00:00+00:00,1,0,1,0.0,0.0,0.0,1.0,1.0,1.0
2024-03-07 15:00:00+00:00,2024-03-07 16:00:00+00:00,1,0,1,0.0,0.0,0.0,1.0,1.0,1.0
2024-03-08 04:00:00+00:00,2024-03-08 05:00:00+00:00,1,0,1,0.0,0.0,0.0,1.0,1.0,1.0
2024-03-08 10:00:00+00:00,2024-03-08 11:00:00+00:00,1,0,1,0.0,0.0,0.0,1.0,1.0,1.0
2024-03-09 03:00:00+00:00,2024-03-09 04:00:00+00:00,4,0,4,0.0,0.0,0.0,1.0,1.0,1.0
2024-03-09 04:00:00+00:00,2024-03-09 05:00:00+00:00,1,0,1,0.0,0.0,0.0,1.0,1.0,1.0
2024-03-09 06:00:00+00:00,2024-03-09 07:00:00+00:00,1,0,1,0.0,0.0,0.0,1.0,1.0,1.0
2024-03-10 17:00:00+00:00,2024-03-10 18:00:00+00:00,1,0,1,0.0,0.0,0.0,1.0,1.0,1.0
2024-03-11 02:00:00+00:00,2024-03-11 03:00:00+00:00,1,0,1,0.0,0.0,0.0,1.0,1.0,1.0
2024-03-11 03:00:00+00:00,2024-03-11 04:00:00+00:00,1,0,1,0.0,0.0,0.0,1.0,1.0,1.0
2024-03-11 04:00:00+00:00,2024-03-11 05:00:00+00:00,1,0,1,0.0,0.0,0.0,1.0,1.0,1.0
2024-03-11 09:00:00+00:00,2024-03-11 10:00:00+00:00,1,0,1,0.0,0.0,0.0,1.0,1.0,1.0
2024-03-12 03:00:00+00:00,2024-03-12 04:00:00+00:00,3,0,3,0.0,0.0,0.0,1.0,1.0,1.0
2024-03-12 04:00:00+00:00,2024-03-12 05:00:00+00:00,1,0,1,0.0,0.0,0.0,1.0,1.0,1.0
2024-03-12 05:00:00+00:00,2024-03-12 06:00:00+00:00,1,0,1,0.0,0.0,0.0,1.0,1.0,1.0
2024-03-12 06:00:00+00:00,2024-03-12 07:00:00+00:00,3,0,3,0.0,0.0,0.0,1.0,1.0,1.0
2024-03-12 07:00:00+00:00,2024-03-12 08:00:00+00:00,1,0,1,0.0,0.0,0.0,1.0,1.0,1.0
2024-03-13 03:00:00+00:00,2024-03-13 04:00:00+00:00,1,0,1,0.0,0.0,0.0,1.0,1.0,1.0
2024-03-13 16:00:00+00:00,2024-03-13 17:00:00+00:00,1,0,1,0.0,0.0,0.0,1.0,1.0,1.0
2024-03-14 03:00:00+00:00,2024-03-14 04:00:00+00:00,3,0,3,0.0,0.0,0.0,1.0,1.0,1.0
2024-03-14 06:00:00+00:00,2024-03-14 07:00:00+00:00,4,0,4,0.0,0.0,0.0,1.0,1.0,1.0
2024-03-14 09:00:00+00:00,2024-03-14 10:00:00+00:00,1,0,1,0.0,0.0,0.0,1.0,1.0,1.0
2024-03-14 14:00:00+00:00,2024-03-14 15:00:00+00:00,1,0,1,0.0,0.0,0.0,1.0,1.0,1.0
2024-03-15 03:00:00+00:00,2024-03-15 04:00:00+00:00,3,0,3,0.0,0.0,0.0,1.0,1.0,1.0
2024-03-15 04:00:00+00:00,2024-03-15 05:00:00+00:00,1,0,1,0.0,0.0,0.0,1.0,1.0,1.0
2024-03-15 06:00:00+00:00,2024-03-15 07:00:00+00:00,1,0,1,0.0,0.0,0.0,1.0,1.0,1.0
2024-03-15 16:00:00+00:00,2024-03-15 17:00:00+00:00,1,0,1,0.0,0.0,0.0,1.0,1.0,1.0
2024-03-16 03:00:00+00:00,2024-03-16 04:00:00+00:00,1,0,1,0.0,0.0,0.0,1.0,1.0,1.0
2024-03-16 08:00:00+00:00,2024-03-16 09:00:00+00:00,3,0,3,0.0,0.0,0.0,1.0,1.0,1.0
2024-03-17 05:00:00+00:00,2024-03-17 06:00:00+00:00,1,0,1,0.0,0.0,0.0,1.0,1.0,1.0
2024-03-17 17:00:00+00:00,2024-03-17 18:00:00+00:00,1,0,1,0.0,0.0,0.0,1.0,1.0,1.0
2024-03-18 03:00:00+00:00,2024-03-18 04:00:00+00:00,6,0,6,0.0,0.0,0.0,1.0,1.0,1.0
2024-03-18 07:00:00+00:00,2024-03-18 08:00:00+00:00,1,0,1,0.0,0.0,0.0,1.0,1.0,1.0
2024-03-19 02:00:00+00:00,2024-03-19 03:00:00+00:00,1,0,1,0.0,0.0,0.0,1.0,1.0,1.0
2024-03-20 03:00:00+00:00,2024-03-20 04:00:00+00:00,4,0,4,0.0,0.0,0.0,1.0,1.0,1.0
2024-03-20 06:00:00+00:00,2024-03-20 07:00:00+00:00,4,0,4,0.0,0.0,0.0,1.0,1.0,1.0
2024-03-20 16:00:00+00:00,2024-03-20 17:00:00+00:00,1,0,1,0.0,0.0,0.0,1.0,1.0,1.0
2024-03-21 03:00:00+00:00,2024-03-21 04:00:00+00:00,1,0,1,0.0,0.0,0.0,1.0,1.0,1.0
2024-03-21 04:00:00+00:00,2024-03-21 05:00:00+00:00,1,0,1,0.0,0.0,0.0,1.0,1.0,1.0
2024-03-21 05:00:00+00:00,2024-03-21 06:00:00+00:00,1,0,1,0.0,0.0,0.0,1.0,1.0,1.0
2024-03-21 06:00:00+00:00,2024-03-21 07:00:00+00:00,1,0,1,0.0,0.0,0.0,1.0,1.0,1.0
2024-03-22 02:00:00+00:00,2024-03-22 03:00:00+00:00,1,0,1,0.0,0.0,0.0,1.0,1.0,1.0
2024-03-22 03:00:00+00:00,2024-03-22 04:00:00+00:00,4,0,4,0.0,0.0,0.0,1.0,1.0,1.0
2024-03-22 04:00:00+00:00,2024-03-22 05:00:00+00:00,1,0,1,0.0,0.0,0.0,1.0,1.0,1.0
2024-03-22 06:00:00+00:00,2024-03-22 07:00:00+00:00,1,0,1,0.0,0.0,0.0,1.0,1.0,1.0
2024-03-22 09:00:00+00:00,2024-03-22 10:00:00+00:00,1,0,1,0.0,0.0,0.0,1.0,1.0,1.0
2024-03-22 10:00:00+00:00,2024-03-22 11:00:00+00:00,1,0,1,0.0,0.0,0.0,1.0,1.0,1.0
2024-03-22 11:00:00+00:00,2024-03-22 12:00:00+00:00,1,0,1,0.0,0.0,0.0,1.0,1.0,1.0
2024-03-22 16:00:00+00:00,2024-03-22 17:00:00+00:00,1,0,1,0.0,0.0,0.0,1.0,1.0,1.0
2024-03-23 07:00:00+00:00,2024-03-23 08:00:00+00:00,1,0,1,0.0,0.0,0.0,1.0,1.0,1.0
2024-03-25 03:00:00+00:00,2024-03-25 04:00:00+00:00,4,0,4,0.0,0.0,0.0,1.0,1.0,1.0
2024-03-25 04:00:00+00:00,2024-03-25 05:00:00+00:00,3,0,3,0.0,0.0,0.0,1.0,1.0,1.0
2024-03-25 09:00:00+00:00,2024-03-25 10:00:00+00:00,1,0,1,0.0,0.0,0.0,1.0,1.0,1.0
2024-03-26 03:00:00+00:00,2024-03-26 04:00:00+00:00,4,0,4,0.0,0.0,0.0,1.0,1.0,1.0
2024-03-26 04:00:00+00:00,2024-03-26 05:00:00+00:00,1,0,1,0.0,0.0,0.0,1.0,1.0,1.0
2024-03-26 07:00:00+00:00,2024-03-26 08:00:00+00:00,1,0,1,0.0,0.0,0.0,1.0,1.0,1.0
2024-03-26 10:00:00+00:00,2024-03-26 11:00:00+00:00,1,0,1,0.0,0.0,0.0,1.0,1.0,1.0
2024-03-26 12:00:00+00:00,2024-03-26 13:00:00+00:00,1,0,1,0.0,0.0,0.0,1.0,1.0,1.0
2024-03-27 05:00:00+00:00,2024-03-27 06:00:00+00:00,4,0,4,0.0,0.0,0.0,1.0,1.0,1.0
2024-03-27 08:00:00+00:00,2024-03-27 09:00:00+00:00,1,0,1,0.0,0.0,0.0,1.0,1.0,1.0
2024-03-28 01:00:00+00:00,2024-03-28 02:00:00+00:00,1,0,1,0.0,0.0,0.0,1.0,1.0,1.0
2024-03-28 02:00:00+00:00,2024-03-28 03:00:00+00:00,1,0,1,0.0,0.0,0.0,1.0,1.0,1.0
2024-03-28 04:00:00+00:00,2024-03-28 05:00:00+00:00,3,0,3,0.0,0.0,0.0,1.0,1.0,1.0
2024-03-28 05:00:00+00:00,2024-03-28 06:00:00+00:00,1,0,1,0.0,0.0,0.0,1.0,1.0,1.0
2024-03-28 08:00:00+00:00,2024-03-28 09:00:00+00:00,1,0,1,0.0,0.0,0.0,1.0,1.0,1.0
2024-03-28 10:00:00+00:00,2024-03-28 11:00:00+00:00,1,0,1,0.0,0.0,0.0,1.0,1.0,1.0
2024-03-29 03:00:00+00:00,2024-03-29 04:00:00+00:00,3,0,3,0.0,0.0,0.0,1.0,1.0,1.0
2024-03-29 23:00:00+00:00,2024-03-30 00:00:00+00:00,1,0,1,0.0,0.0,0.0,1.0,1.0,1.0
2024-03-30 01:00:00+00:00,2024-03-30 02:00:00+00:00,1,0,1,0.0,0.0,0.0,1.0,1.0,1.0
2024-03-30 06:00:00+00:00,2024-03-30 07:00:00+00:00,1,0,1,0.0,0.0,0.0,1.0,1.0,1.0
2024-03-30 08:00:00+00:00,2024-03-30 09:00:00+00:00,1,0,1,0.0,0.0,0.0,1.0,1.0,1.0
2024-04-01 02:00:00+00:00,2024-04-01 03:00:00+00:00,1,0,1,0.0,0.0,0.0,1.0,1.0,1.0
2024-04-01 04:00:00+00:00,2024-04-01 05:00:00+00:00,3,0,3,0.0,0.0,0.0,1.0,1.0,1.0
2024-04-01 05:00:00+00:00,2024-04-01 06:00:00+00:00,1,0,1,0.0,0.0,0.0,1.0,1.0,1.0
2024-04-01 06:00:00+00:00,2024-04-01 07:00:00+00:00,1,0,1,0.0,0.0,0.0,1.0,1.0,1.0
2024-04-02 03:00:00+00:00,2024-04-02 04:00:00+00:00,1,0,1,0.0,0.0,0.0,1.0,1.0,1.0
2024-04-02 04:00:00+00:00,2024-04-02 05:00:00+00:00,1,0,1,0.0,0.0,0.0,1.0,1.0,1.0
2024-04-02 05:00:00+00:00,2024-04-02 06:00:00+00:00,1,0,1,0.0,0.0,0.0,1.0,1.0,1.0
2024-04-03 04:00:00+00:00,2024-04-03 05:00:00+00:00,1,0,1,0.0,0.0,0.0,1.0,1.0,1.0
2024-04-03 05:00:00+00:00,2024-04-03 06:00:00+00:00,1,0,1,0.0,0.0,0.0,1.0,1.0,1.0
2024-04-04 02:00:00+00:00,2024-04-04 03:00:00+00:00,7,0,7,0.0,0.0,0.0,1.0,1.0,1.0
2024-04-04 04:00:00+00:00,2024-04-04 05:00:00+00:00,3,0,3,0.0,0.0,0.0,1.0,1.0,1.0
2024-04-04 05:00:00+00:00,2024-04-04 06:00:00+00:00,1,0,1,0.0,0.0,0.0,1.0,1.0,1.0
2024-04-05 10:00:00+00:00,2024-04-05 11:00:00+00:00,1,0,1,0.0,0.0,0.0,1.0,1.0,1.0
2024-04-06 04:00:00+00:00,2024-04-06 05:00:00+00:00,1,0,1,0.0,0.0,0.0,1.0,1.0,1.0
2024-04-06 07:00:00+00:00,2024-04-06 08:00:00+00:00,1,0,1,0.0,0.0,0.0,1.0,1.0,1.0
2024-04-06 10:00:00+00:00,2024-04-06 11:00:00+00:00,1,0,1,0.0,0.0,0.0,1.0,1.0,1.0
2024-04-06 11:00:00+00:00,2024-04-06 12:00:00+00:00,1,0,1,0.0,0.0,0.0,1.0,1.0,1.0
2024-04-07 02:00:00+00:00,2024-04-07 03:00:00+00:00,1,0,1,0.0,0.0,0.0,1.0,1.0,1.0
2024-04-07 14:00:00+00:00,2024-04-07 15:00:00+00:00,1,0,1,0.0,0.0,0.0,1.0,1.0,1.0
2024-04-08 03:00:00+00:00,2024-04-08 04:00:00+00:00,3,0,3,0.0,0.0,0.0,1.0,1.0,1.0
2024-04-08 07:00:00+00:00,2024-04-08 08:00:00+00:00,1,0,1,0.0,0.0,0.0,1.0,1.0,1.0
2024-04-09 02:00:00+00:00,2024-04-09 03:00:00+00:00,1,0,1,0.0,0.0,0.0,1.0,1.0,1.0
2024-04-09 07:00:00+00:00,2024-04-09 08:00:00+00:00,1,0,1,0.0,0.0,0.0,1.0,1.0,1.0
2024-04-10 02:00:00+00:00,2024-04-10 03:00:00+00:00,1,0,1,0.0,0.0,0.0,1.0,1.0,1.0
2024-04-10 03:00:00+00:00,2024-04-10 04:00:00+00:00,1,0,1,0.0,0.0,0.0,1.0,1.0,1.0
2024-04-10 06:00:00+00:00,2024-04-10 07:00:00+00:00,1,0,1,0.0,0.0,0.0,1.0,1.0,1.0
2024-04-11 04:00:00+00:00,2024-04-11 05:00:00+00:00,1,0,1,0.0,0.0,0.0,1.0,1.0,1.0
2024-04-11 05:00:00+00:00,2024-04-11 06:00:00+00:00,1,0,1,0.0,0.0,0.0,1.0,1.0,1.0
2024-04-12 01:00:00+00:00,2024-04-12 02:00:00+00:00,1,0,1,0.0,0.0,0.0,1.0,1.0,1.0
2024-04-12 03:00:00+00:00,2024-04-12 04:00:00+00:00,4,0,4,0.0,0.0,0.0,1.0,1.0,1.0
2024-04-12 04:00:00+00:00,2024-04-12 05:00:00+00:00,3,0,3,0.0,0.0,0.0,1.0,1.0,1.0
2024-04-12 06:00:00+00:00,2024-04-12 07:00:00+00:00,1,0,1,0.0,0.0,0.0,1.0,1.0,1.0
2024-04-12 13:00:00+00:00,2024-04-12 14:00:00+00:00,1,0,1,0.0,0.0,0.0,1.0,1.0,1.0
2024-04-13 06:00:00+00:00,2024-04-13 07:00:00+00:00,1,0,1,0.0,0.0,0.0,1.0,1.0,1.0
2024-04-15 03:00:00+00:00,2024-04-15 04:00:00+00:00,4,0,4,0.0,0.0,0.0,1.0,1.0,1.0
2024-04-15 06:00:00+00:00,2024-04-15 07:00:00+00:00,1,0,1,0.0,0.0,0.0,1.0,1.0,1.0
2024-04-16 05:00:00+00:00,2024-04-16 06:00:00+00:00,1,0,1,0.0,0.0,0.0,1.0,1.0,1.0
2024-04-16 06:00:00+00:00,2024-04-16 07:00:00+00:00,1,0,1,0.0,0.0,0.0,1.0,1.0,1.0
2024-04-17 02:00:00+00:00,2024-04-17 03:00:00+00:00,1,0,1,0.0,0.0,0.0,1.0,1.0,1.0
2024-04-17 05:00:00+00:00,2024-04-17 06:00:00+00:00,1,0,1,0.0,0.0,0.0,1.0,1.0,1.0
2024-04-17 06:00:00+00:00,2024-04-17 07:00:00+00:00,1,0,1,0.0,0.0,0.0,1.0,1.0,1.0
2024-04-17 08:00:00+00:00,2024-04-17 09:00:00+00:00,1,0,1,0.0,0.0,0.0,1.0,1.0,1.0
2024-04-18 03:00:00+00:00,2024-04-18 04:00:00+00:00,1,0,1,0.0,0.0,0.0,1.0,1.0,1.0
2024-04-18 05:00:00+00:00,2024-04-18 06:00:00+00:00,1,0,1,0.0,0.0,0.0,1.0,1.0,1.0
2024-04-19 03:00:00+00:00,2024-04-19 04:00:00+00:00,4,0,4,0.0,0.0,0.0,1.0,1.0,1.0
2024-04-19 05:00:00+00:00,2024-04-19 06:00:00+00:00,3,0,3,0.0,0.0,0.0,1.0,1.0,1.0
2024-04-19 06:00:00+00:00,2024-04-19 07:00:00+00:00,1,0,1,0.0,0.0,0.0,1.0,1.0,1.0
2024-04-19 07:00:00+00:00,2024-04-19 08:00:00+00:00,3,0,3,0.0,0.0,0.0,1.0,1.0,1.0
2024-04-19 08:00:00+00:00,2024-04-19 09:00:00+00:00,1,0,1,0.0,0.0,0.0,1.0,1.0,1.0
2024-04-20 04:00:00+00:00,2024-04-20 05:00:00+00:00,3,0,3,0.0,0.0,0.0,1.0,1.0,1.0
2024-04-20 06:00:00+00:00,2024-04-20 07:00:00+00:00,1,0,1,0.0,0.0,0.0,1.0,1.0,1.0
2024-04-20 09:00:00+00:00,2024-04-20 10:00:00+00:00,1,0,1,0.0,0.0,0.0,1.0,1.0,1.0
2024-04-21 04:00:00+00:00,2024-04-21 05:00:00+00:00,1,0,1,0.0,0.0,0.0,1.0,1.0,1.0
2024-04-21 06:00:00+00:00,2024-04-21 07:00:00+00:00,1,0,1,0.0,0.0,0.0,1.0,1.0,1.0
2024-04-21 18:00:00+00:00,2024-04-21 19:00:00+00:00,1,0,1,0.0,0.0,0.0,1.0,1.0,1.0
2024-04-22 03:00:00+00:00,2024-04-22 04:00:00+00:00,8,0,8,0.0,0.0,0.0,1.0,1.0,1.0
2024-04-22 05:00:00+00:00,2024-04-22 06:00:00+00:00,3,0,3,0.0,0.0,0.0,1.0,1.0,1.0
2024-04-23 05:00:00+00:00,2024-04-23 06:00:00+00:00,4,0,4,0.0,0.0,0.0,1.0,1.0,1.0
2024-04-23 06:00:00+00:00,2024-04-23 07:00:00+00:00,1,0,1,0.0,0.0,0.0,1.0,1.0,1.0
2024-04-23 15:00:00+00:00,2024-04-23 16:00:00+00:00,1,0,1,0.0,0.0,0.0,1.0,1.0,1.0
2024-04-24 01:00:00+00:00,2024-04-24 02:00:00+00:00,1,0,1,0.0,0.0,0.0,1.0,1.0,1.0
2024-04-24 07:00:00+00:00,2024-04-24 08:00:00+00:00,1,0,1,0.0,0.0,0.0,1.0,1.0,1.0
2024-04-25 02:00:00+00:00,2024-04-25 03:00:00+00:00,1,0,1,0.0,0.0,0.0,1.0,1.0,1.0
2024-04-25 03:00:00+00:00,2024-04-25 04:00:00+00:00,1,0,1,0.0,0.0,0.0,1.0,1.0,1.0
2024-04-25 05:00:00+00:00,2024-04-25 06:00:00+00:00,1,0,1,0.0,0.0,0.0,1.0,1.0,1.0
2024-04-26 03:00:00+00:00,2024-04-26 04:00:00+00:00,6,0,6,0.0,0.0,0.0,1.0,1.0,1.0
2024-04-26 04:00:00+00:00,2024-04-26 05:00:00+00:00,1,0,1,0.0,0.0,0.0,1.0,1.0,1.0
2024-04-26 05:00:00+00:00,2024-04-26 06:00:00+00:00,1,0,1,0.0,0.0,0.0,1.0,1.0,1.0
2024-04-26 08:00:00+00:00,2024-04-26 09:00:00+00:00,1,0,1,0.0,0.0,0.0,1.0,1.0,1.0
2024-04-26 11:00:00+00:00,2024-04-26 12:00:00+00:00,1,0,1,0.0,0.0,0.0,1.0,1.0,1.0
2024-04-26 12:00:00+00:00,2024-04-26 13:00:00+00:00,1,0,1,0.0,0.0,0.0,1.0,1.0,1.0
2024-04-27 03:00:00+00:00,2024-04-27 04:00:00+00:00,1,0,1,0.0,0.0,0.0,1.0,1.0,1.0
2024-04-27 04:00:00+00:00,2024-04-27 05:00:00+00:00,1,0,1,0.0,0.0,0.0,1.0,1.0,1.0
2024-04-28 12:00:00+00:00,2024-04-28 13:00:00+00:00,1,0,1,0.0,0.0,0.0,1.0,1.0,1.0
2024-04-29 03:00:00+00:00,2024-04-29 04:00:00+00:00,1,0,1,0.0,0.0,0.0,1.0,1.0,1.0
2024-04-29 04:00:00+00:00,2024-04-29 05:00:00+00:00,4,0,4,0.0,0.0,0.0,1.0,1.0,1.0
2024-04-30 03:00:00+00:00,2024-04-30 04:00:00+00:00,1,0,1,0.0,0.0,0.0,1.0,1.0,1.0
2024-04-30 05:00:00+00:00,2024-04-30 06:00:00+00:00,1,0,1,0.0,0.0,0.0,1.0,1.0,1.0
2024-04-30 07:00:00+00:00,2024-04-30 08:00:00+00:00,1,0,1,0.0,0.0,0.0,1.0,1.0,1.0
2024-05-01 14:00:00+00:00,2024-05-01 15:00:00+00:00,1,0,1,0.0,0.0,0.0,1.0,1.0,1.0
2024-05-02 04:00:00+00:00,2024-05-02 05:00:00+00:00,1,0,1,0.0,0.0,0.0,1.0,1.0,1.0
2024-05-03 03:00:00+00:00,2024-05-03 04:00:00+00:00,3,0,3,0.0,0.0,0.0,1.0,1.0,1.0
2024-05-04 03:00:00+00:00,2024-05-04 04:00:00+00:00,8,0,8,0.0,0.0,0.0,1.0,1.0,1.0
2024-05-04 04:00:00+00:00,2024-05-04 05:00:00+00:00,1,0,1,0.0,0.0,0.0,1.0,1.0,1.0
2024-05-04 05:00:00+00:00,2024-05-04 06:00:00+00:00,1,0,1,0.0,0.0,0.0,1.0,1.0,1.0
2024-05-04 06:00:00+00:00,2024-05-04 07:00:00+00:00,1,0,1,0.0,0.0,0.0,1.0,1.0,1.0
2024-05-05 03:00:00+00:00,2024-05-05 04:00:00+00:00,1,0,1,0.0,0.0,0.0,1.0,1.0,1.0
2024-05-05 14:00:00+00:00,2024-05-05 15:00:00+00:00,1,0,1,0.0,0.0,0.0,1.0,1.0,1.0
2024-05-05 15:00:00+00:00,2024-05-05 16:00:00+00:00,1,0,1,0.0,0.0,0.0,1.0,1.0,1.0
2024-05-06 04:00:00+00:00,2024-05-06 05:00:00+00:00,3,0,3,0.0,0.0,0.0,1.0,1.0,1.0
2024-05-06 06:00:00+00:00,2024-05-06 07:00:00+00:00,1,0,1,0.0,0.0,0.0,1.0,1.0,1.0
2024-05-06 17:00:00+00:00,2024-05-06 18:00:00+00:00,1,0,1,0.0,0.0,0.0,1.0,1.0,1.0
2024-05-07 01:00:00+00:00,2024-05-07 02:00:00+00:00,1,0,1,0.0,0.0,0.0,1.0,1.0,1.0
2024-05-07 04:00:00+00:00,2024-05-07 05:00:00+00:00,1,0,1,0.0,0.0,0.0,1.0,1.0,1.0
2024-05-07 05:00:00+00:00,2024-05-07 06:00:00+00:00,1,0,1,0.0,0.0,0.0,1.0,1.0,1.0
2024-05-07 06:00:00+00:00,2024-05-07 07:00:00+00:00,1,0,1,0.0,0.0,0.0,1.0,1.0,1.0
2024-05-07 08:00:00+00:00,2024-05-07 09:00:00+00:00,1,0,1,0.0,0.0,0.0,1.0,1.0,1.0
2024-05-07 16:00:00+00:00,2024-05-07 17:00:00+00:00,1,0,1,0.0,0.0,0.0,1.0,1.0,1.0
2024-05-09 02:00:00+00:00,2024-05-09 03:00:00+00:00,4,0,4,0.0,0.0,0.0,1.0,1.0,1.0
2024-05-09 06:00:00+00:00,2024-05-09 07:00:00+00:00,1,0,1,0.0,0.0,0.0,1.0,1.0,1.0
2024-05-09 08:00:00+00:00,2024-05-09 09:00:00+00:00,1,0,1,0.0,0.0,0.0,1.0,1.0,1.0
2024-05-10 00:00:00+00:00,2024-05-10 01:00:00+00:00,1,0,1,0.0,0.0,0.0,1.0,1.0,1.0
2024-05-10 04:00:00+00:00,2024-05-10 05:00:00+00:00,1,0,1,0.0,0.0,0.0,1.0,1.0,1.0
2024-05-11 00:00:00+00:00,2024-05-11 01:00:00+00:00,1,0,1,0.0,0.0,0.0,1.0,1.0,1.0
2024-05-11 03:00:00+00:00,2024-05-11 04:00:00+00:00,3,0,3,0.0,0.0,0.0,1.0,1.0,1.0
2024-05-11 05:00:00+00:00,2024-05-11 06:00:00+00:00,3,0,3,0.0,0.0,0.0,1.0,1.0,1.0
2024-05-12 05:00:00+00:00,2024-05-12 06:00:00+00:00,1,0,1,0.0,0.0,0.0,1.0,1.0,1.0
2024-05-13 03:00:00+00:00,2024-05-13 04:00:00+00:00,3,0,3,0.0,0.0,0.0,1.0,1.0,1.0
2024-05-13 06:00:00+00:00,2024-05-13 07:00:00+00:00,1,0,1,0.0,0.0,0.0,1.0,1.0,1.0
2024-05-13 09:00:00+00:00,2024-05-13 10:00:00+00:00,1,0,1,0.0,0.0,0.0,1.0,1.0,1.0
2024-05-13 10:00:00+00:00,2024-05-13 11:00:00+00:00,1,0,1,0.0,0.0,0.0,1.0,1.0,1.0
2024-05-14 03:00:00+00:00,2024-05-14 04:00:00+00:00,1,0,1,0.0,0.0,0.0,1.0,1.0,1.0
2024-05-14 04:00:00+00:00,2024-05-14 05:00:00+00:00,1,0,1,0.0,0.0,0.0,1.0,1.0,1.0
2024-05-14 05:00:00+00:00,2024-05-14 06:00:00+00:00,3,0,3,0.0,0.0,0.0,1.0,1.0,1.0
2024-05-14 08:00:00+00:00,2024-05-14 09:00:00+00:00,1,0,1,0.0,0.0,0.0,1.0,1.0,1.0
2024-05-14 19:00:00+00:00,2024-05-14 20:00:00+00:00,1,0,1,0.0,0.0,0.0,1.0,1.0,1.0
2024-05-16 04:00:00+00:00,2024-05-16 05:00:00+00:00,4,0,4,0.0,0.0,0.0,1.0,1.0,1.0
2024-05-16 06:00:00+00:00,2024-05-16 07:00:00+00:00,3,0,3,0.0,0.0,0.0,1.0,1.0,1.0
2024-05-18 04:00:00+00:00,2024-05-18 05:00:00+00:00,1,0,1,0.0,0.0,0.0,1.0,1.0,1.0
2024-05-18 05:00:00+00:00,2024-05-18 06:00:00+00:00,1,0,1,0.0,0.0,0.0,1.0,1.0,1.0
2024-05-18 09:00:00+00:00,2024-05-18 10:00:00+00:00,3,0,3,0.0,0.0,0.0,1.0,1.0,1.0
2024-05-18 11:00:00+00:00,2024-05-18 12:00:00+00:00,1,0,1,0.0,0.0,0.0,1.0,1.0,1.0
2024-05-19 16:00:00+00:00,2024-05-19 17:00:00+00:00,1,0,1,0.0,0.0,0.0,1.0,1.0,1.0
2024-05-20 03:00:00+00:00,2024-05-20 04:00:00+00:00,3,0,3,0.0,0.0,0.0,1.0,1.0,1.0
2024-05-20 04:00:00+00:00,2024-05-20 05:00:00+00:00,1,0,1,0.0,0.0,0.0,1.0,1.0,1.0
2024-05-20 05:00:00+00:00,2024-05-20 06:00:00+00:00,1,0,1,0.0,0.0,0.0,1.0,1.0,1.0
2024-05-20 08:00:00+00:00,2024-05-20 09:00:00+00:00,3,0,3,0.0,0.0,0.0,1.0,1.0,1.0
2024-05-20 09:00:00+00:00,2024-05-20 10:00:00+00:00,1,0,1,0.0,0.0,0.0,1.0,1.0,1.0
2024-05-21 03:00:00+00:00,2024-05-21 04:00:00+00:00,3,0,3,0.0,0.0,0.0,1.0,1.0,1.0
2024-05-21 08:00:00+00:00,2024-05-21 09:00:00+00:00,1,0,1,0.0,0.0,0.0,1.0,1.0,1.0
2024-05-21 11:00:00+00:00,2024-05-21 12:00:00+00:00,1,0,1,0.0,0.0,0.0,1.0,1.0,1.0
2024-05-22 04:00:00+00:00,2024-05-22 05:00:00+00:00,1,0,1,0.0,0.0,0.0,1.0,1.0,1.0
2024-05-22 05:00:00+00:00,2024-05-22 06:00:00+00:00,1,0,1,0.0,0.0,0.0,1.0,1.0,1.0
2024-05-23 07:00:00+00:00,2024-05-23 08:00:00+00:00,1,0,1,0.0,0.0,0.0,1.0,1.0,1.0
2024-05-23 10:00:00+00:00,2024-05-23 11:00:00+00:00,1,0,1,0.0,0.0,0.0,1.0,1.0,1.0
2024-05-24 02:00:00+00:00,2024-05-24 03:00:00+00:00,1,0,1,0.0,0.0,0.0,1.0,1.0,1.0
2024-05-24 03:00:00+00:00,2024-05-24 04:00:00+00:00,4,0,4,0.0,0.0,0.0,1.0,1.0,1.0
2024-05-24 04:00:00+00:00,2024-05-24 05:00:00+00:00,1,0,1,0.0,0.0,0.0,1.0,1.0,1.0
2024-05-24 06:00:00+00:00,2024-05-24 07:00:00+00:00,1,0,1,0.0,0.0,0.0,1.0,1.0,1.0
2024-05-24 07:00:00+00:00,2024-05-24 08:00:00+00:00,1,0,1,0.0,0.0,0.0,1.0,1.0,1.0
2024-05-25 03:00:00+00:00,2024-05-25 04:00:00+00:00,1,0,1,0.0,0.0,0.0,1.0,1.0,1.0
2024-05-25 09:00:00+00:00,2024-05-25 10:00:00+00:00,1,0,1,0.0,0.0,0.0,1.0,1.0,1.0
2024-05-27 04:00:00+00:00,2024-05-27 05:00:00+00:00,4,0,4,0.0,0.0,0.0,1.0,1.0,1.0
2024-05-27 05:00:00+00:00,2024-05-27 06:00:00+00:00,1,0,1,0.0,0.0,0.0,1.0,1.0,1.0
2024-05-27 06:00:00+00:00,2024-05-27 07:00:00+00:00,4,0,4,0.0,0.0,0.0,1.0,1.0,1.0
2024-05-27 08:00:00+00:00,2024-05-27 09:00:00+00:00,4,0,4,0.0,0.0,0.0,1.0,1.0,1.0
2024-05-28 02:00:00+00:00,2024-05-28 03:00:00+00:00,1,0,1,0.0,0.0,0.0,1.0,1.0,1.0
2024-05-28 03:00:00+00:00,2024-05-28 04:00:00+00:00,1,0,1,0.0,0.0,0.0,1.0,1.0,1.0
2024-05-28 05:00:00+00:00,2024-05-28 06:00:00+00:00,1,0,1,0.0,0.0,0.0,1.0,1.0,1.0
2024-05-29 04:00:00+00:00,2024-05-29 05:00:00+00:00,1,0,1,0.0,0.0,0.0,1.0,1.0,1.0
2024-05-29 14:00:00+00:00,2024-05-29 15:00:00+00:00,1,0,1,0.0,0.0,0.0,1.0,1.0,1.0
2024-05-29 15:00:00+00:00,2024-05-29 16:00:00+00:00,1,0,1,0.0,0.0,0.0,1.0,1.0,1.0
2024-05-30 02:00:00+00:00,2024-05-30 03:00:00+00:00,1,0,1,0.0,0.0,0.0,1.0,1.0,1.0
2024-05-30 05:00:00+00:00,2024-05-30 06:00:00+00:00,1,0,1,0.0,0.0,0.0,1.0,1.0,1.0
2024-05-30 06:00:00+00:00,2024-05-30 07:00:00+00:00,1,0,1,0.0,0.0,0.0,1.0,1.0,1.0
2024-05-30 08:00:00+00:00,2024-05-30 09:00:00+00:00,1,0,1,0.0,0.0,0.0,1.0,1.0,1.0
2024-05-30 09:00:00+00:00,2024-05-30 10:00:00+00:00,1,0,1,0.0,0.0,0.0,1.0,1.0,1.0
2024-05-31 02:00:00+00:00,2024-05-31 03:00:00+00:00,1,0,1,0.0,0.0,0.0,1.0,1.0,1.0
2024-05-31 03:00:00+00:00,2024-05-31 04:00:00+00:00,3,0,3,0.0,0.0,0.0,1.0,1.0,1.0
2024-05-31 04:00:00+00:00,2024-05-31 05:00:00+00:00,3,0,3,0.0,0.0,0.0,1.0,1.0,1.0
2024-05-31 05:00:00+00:00,2024-05-31 06:00:00+00:00,1,0,1,0.0,0.0,0.0,1.0,1.0,1.0
2024-06-01 05:00:00+00:00,2024-06-01 06:00:00+00:00,1,0,1,0.0,0.0,0.0,1.0,1.0,1.0
2024-06-01 07:00:00+00:00,2024-06-01 08:00:00+00:00,3,0,3,0.0,0.0,0.0,1.0,1.0,1.0
2024-06-01 08:00:00+00:00,2024-06-01 09:00:00+00:00,1,0,1,0.0,0.0,0.0,1.0,1.0,1.0
2024-06-01 10:00:00+00:00,2024-06-01 11:00:00+00:00,1,0,1,0.0,0.0,0.0,1.0,1.0,1.0
2024-06-02 04:00:00+00:00,2024-06-02 05:00:00+00:00,1,0,1,0.0,0.0,0.0,1.0,1.0,1.0
2024-06-02 10:00:00+00:00,2024-06-02 11:00:00+00:00,1,0,1,0.0,0.0,0.0,1.0,1.0,1.0
2024-06-03 01:00:00+00:00,2024-06-03 02:00:00+00:00,1,0,1,0.0,0.0,0.0,1.0,1.0,1.0
2024-06-03 04:00:00+00:00,2024-06-03 05:00:00+00:00,3,0,3,0.0,0.0,0.0,1.0,1.0,1.0
2024-06-04 06:00:00+00:00,2024-06-04 07:00:00+00:00,1,0,1,0.0,0.0,0.0,1.0,1.0,1.0
2024-06-04 15:00:00+00:00,2024-06-04 16:00:00+00:00,1,0,1,0.0,0.0,0.0,1.0,1.0,1.0
2024-06-04 17:00:00+00:00,2024-06-04 18:00:00+00:00,1,0,1,0.0,0.0,0.0,1.0,1.0,1.0
2024-06-05 05:00:00+00:00,2024-06-05 06:00:00+00:00,1,0,1,0.0,0.0,0.0,1.0,1.0,1.0
2024-06-05 06:00:00+00:00,2024-06-05 07:00:00+00:00,1,0,1,0.0,0.0,0.0,1.0,1.0,1.0
2024-06-05 07:00:00+00:00,2024-06-05 08:00:00+00:00,1,0,1,0.0,0.0,0.0,1.0,1.0,1.0
2024-06-05 08:00:00+00:00,2024-06-05 09:00:00+00:00,1,0,1,0.0,0.0,0.0,1.0,1.0,1.0
2024-06-06 10:00:00+00:00,2024-06-06 11:00:00+00:00,1,0,1,0.0,0.0,0.0,1.0,1.0,1.0
2024-06-07 08:00:00+00:00,2024-06-07 09:00:00+00:00,1,0,1,0.0,0.0,0.0,1.0,1.0,1.0
2024-06-07 09:00:00+00:00,2024-06-07 10:00:00+00:00,1,0,1,0.0,0.0,0.0,1.0,1.0,1.0
2024-06-07 17:00:00+00:00,2024-06-07 18:00:00+00:00,1,0,1,0.0,0.0,0.0,1.0,1.0,1.0
2024-06-08 03:00:00+00:00,2024-06-08 04:00:00+00:00,1,0,1,0.0,0.0,0.0,1.0,1.0,1.0
2024-06-08 05:00:00+00:00,2024-06-08 06:00:00+00:00,4,0,4,0.0,0.0,0.0,1.0,1.0,1.0
2024-06-08 06:00:00+00:00,2024-06-08 07:00:00+00:00,1,0,1,0.0,0.0,0.0,1.0,1.0,1.0
2024-06-09 07:00:00+00:00,2024-06-09 08:00:00+00:00,1,0,1,0.0,0.0,0.0,1.0,1.0,1.0
2024-06-09 18:00:00+00:00,2024-06-09 19:00:00+00:00,1,0,1,0.0,0.0,0.0,1.0,1.0,1.0
2024-06-10 00:00:00+00:00,2024-06-10 01:00:00+00:00,1,0,1,0.0,0.0,0.0,1.0,1.0,1.0
2024-06-10 02:00:00+00:00,2024-06-10 03:00:00+00:00,1,0,1,0.0,0.0,0.0,1.0,1.0,1.0
2024-06-10 03:00:00+00:00,2024-06-10 04:00:00+00:00,3,0,3,0.0,0.0,0.0,1.0,1.0,1.0
2024-06-10 05:00:00+00:00,2024-06-10 06:00:00+00:00,3,0,3,0.0,0.0,0.0,1.0,1.0,1.0
2024-06-10 06:00:00+00:00,2024-06-10 07:00:00+00:00,1,0,1,0.0,0.0,0.0,1.0,1.0,1.0
2024-06-11 02:00:00+00:00,2024-06-11 03:00:00+00:00,1,0,1,0.0,0.0,0.0,1.0,1.0,1.0
2024-06-11 04:00:00+00:00,2024-06-11 05:00:00+00:00,1,0,1,0.0,0.0,0.0,1.0,1.0,1.0
2024-06-11 10:00:00+00:00,2024-06-11 11:00:00+00:00,1,0,1,0.0,0.0,0.0,1.0,1.0,1.0
2024-06-11 17:00:00+00:00,2024-06-11 18:00:00+00:00,1,0,1,0.0,0.0,0.0,1.0,1.0,1.0
2024-06-12 07:00:00+00:00,2024-06-12 08:00:00+00:00,3,0,3,0.0,0.0,0.0,1.0,1.0,1.0
2024-06-12 08:00:00+00:00,2024-06-12 09:00:00+00:00,4,0,4,0.0,0.0,0.0,1.0,1.0,1.0
2024-06-12 11:00:00+00:00,2024-06-12 12:00:00+00:00,1,0,1,0.0,0.0,0.0,1.0,1.0,1.0
2024-06-13 05:00:00+00:00,2024-06-13 06:00:00+00:00,1,0,1,0.0,0.0,0.0,1.0,1.0,1.0
2024-06-13 06:00:00+00:00,2024-06-13 07:00:00+00:00,1,0,1,0.0,0.0,0.0,1.0,1.0,1.0
2024-06-13 07:00:00+00:00,2024-06-13 08:00:00+00:00,1,0,1,0.0,0.0,0.0,1.0,1.0,1.0
2024-06-13 08:00:00+00:00,2024-06-13 09:00:00+00:00,1,0,1,0.0,0.0,0.0,1.0,1.0,1.0
2024-06-13 09:00:00+00:00,2024-06-13 10:00:00+00:00,1,0,1,0.0,0.0,0.0,1.0,1.0,1.0
2024-06-14 03:00:00+00:00,2024-06-14 04:00:00+00:00,6,0,6,0.0,0.0,0.0,1.0,1.0,1.0
2024-06-14 04:00:00+00:00,2024-06-14 05:00:00+00:00,1,0,1,0.0,0.0,0.0,1.0,1.0,1.0
2024-06-14 05:00:00+00:00,2024-06-14 06:00:00+00:00,1,0,1,0.0,0.0,0.0,1.0,1.0,1.0
2024-06-14 08:00:00+00:00,2024-06-14 09:00:00+00:00,1,0,1,0.0,0.0,0.0,1.0,1.0,1.0
2024-06-15 05:00:00+00:00,2024-06-15 06:00:00+00:00,1,0,1,0.0,0.0,0.0,1.0,1.0,1.0
2024-06-17 03:00:00+00:00,2024-06-17 04:00:00+00:00,4,0,4,0.0,0.0,0.0,1.0,1.0,1.0
2024-06-18 04:00:00+00:00,2024-06-18 05:00:00+00:00,3,0,3,0.0,0.0,0.0,1.0,1.0,1.0
2024-06-18 06:00:00+00:00,2024-06-18 07:00:00+00:00,1,0,1,0.0,0.0,0.0,1.0,1.0,1.0
2024-06-18 09:00:00+00:00,2024-06-18 10:00:00+00:00,1,0,1,0.0,0.0,0.0,1.0,1.0,1.0
2024-06-18 12:00:00+00:00,2024-06-18 13:00:00+00:00,1,0,1,0.0,0.0,0.0,1.0,1.0,1.0
2024-06-19 04:00:00+00:00,2024-06-19 05:00:00+00:00,6,0,6,0.0,0.0,0.0,1.0,1.0,1.0
2024-06-19 05:00:00+00:00,2024-06-19 06:00:00+00:00,4,0,4,0.0,0.0,0.0,1.0,1.0,1.0
2024-06-19 06:00:00+00:00,2024-06-19 07:00:00+00:00,1,0,1,0.0,0.0,0.0,1.0,1.0,1.0
2024-06-19 08:00:00+00:00,2024-06-19 09:00:00+00:00,1,0,1,0.0,0.0,0.0,1.0,1.0,1.0
2024-06-19 09:00:00+00:00,2024-06-19 10:00:00+00:00,1,0,1,0.0,0.0,0.0,1.0,1.0,1.0
2024-06-20 03:00:00+00:00,2024-06-20 04:00:00+00:00,3,0,3,0.0,0.0,0.0,1.0,1.0,1.0
2024-06-20 04:00:00+00:00,2024-06-20 05:00:00+00:00,1,0,1,0.0,0.0,0.0,1.0,1.0,1.0
2024-06-20 05:00:00+00:00,2024-06-20 06:00:00+00:00,1,0,1,0.0,0.0,0.0,1.0,1.0,1.0
2024-06-20 07:00:00+00:00,2024-06-20 08:00:00+00:00,3,0,3,0.0,0.0,0.0,1.0,1.0,1.0
2024-06-20 09:00:00+00:00,2024-06-20 10:00:00+00:00,1,0,1,0.0,0.0,0.0,1.0,1.0,1.0
2024-06-21 02:00:00+00:00,2024-06-21 03:00:00+00:00,1,0,1,0.0,0.0,0.0,1.0,1.0,1.0
2024-06-21 03:00:00+00:00,2024-06-21 04:00:00+00:00,3,0,3,0.0,0.0,0.0,1.0,1.0,1.0
2024-06-21 04:00:00+00:00,2024-06-21 05:00:00+00:00,1,0,1,0.0,0.0,0.0,1.0,1.0,1.0
2024-06-21 06:00:00+00:00,2024-06-21 07:00:00+00:00,1,0,1,0.0,0.0,0.0,1.0,1.0,1.0
2024-06-21 08:00:00+00:00,2024-06-21 09:00:00+00:00,1,0,1,0.0,0.0,0.0,1.0,1.0,1.0
2024-06-21 09:00:00+00:00,2024-06-21 10:00:00+00:00,1,0,1,0.0,0.0,0.0,1.0,1.0,1.0
2024-06-22 09:00:00+00:00,2024-06-22 10:00:00+00:00,1,0,1,0.0,0.0,0.0,1.0,1.0,1.0
2024-06-22 10:00:00+00:00,2024-06-22 11:00:00+00:00,1,0,1,0.0,0.0,0.0,1.0,1.0,1.0
2024-06-23 09:00:00+00:00,2024-06-23 10:00:00+00:00,1,0,1,0.0,0.0,0.0,1.0,1.0,1.0
2024-06-23 18:00:00+00:00,2024-06-23 19:00:00+00:00,1,0,1,0.0,0.0,0.0,1.0,1.0,1.0
2024-06-24 02:00:00+00:00,2024-06-24 03:00:00+00:00,1,0,1,0.0,0.0,0.0,1.0,1.0,1.0
2024-06-24 04:00:00+00:00,2024-06-24 05:00:00+00:00,3,0,3,0.0,0.0,0.0,1.0,1.0,1.0
2024-06-24 09:00:00+00:00,2024-06-24 10:00:00+00:00,1,0,1,0.0,0.0,0.0,1.0,1.0,1.0
2024-06-24 14:00:00+00:00,2024-06-24 15:00:00+00:00,1,0,1,0.0,0.0,0.0,1.0,1.0,1.0
2024-06-25 01:00:00+00:00,2024-06-25 02:00:00+00:00,1,0,1,0.0,0.0,0.0,1.0,1.0,1.0
2024-06-25 03:00:00+00:00,2024-06-25 04:00:00+00:00,4,0,4,0.0,0.0,0.0,1.0,1.0,1.0
2024-06-25 05:00:00+00:00,2024-06-25 06:00:00+00:00,1,0,1,0.0,0.0,0.0,1.0,1.0,1.0
2024-06-25 07:00:00+00:00,2024-06-25 08:00:00+00:00,1,0,1,0.0,0.0,0.0,1.0,1.0,1.0
2024-06-25 08:00:00+00:00,2024-06-25 09:00:00+00:00,1,0,1,0.0,0.0,0.0,1.0,1.0,1.0
2024-06-25 09:00:00+00:00,2024-06-25 10:00:00+00:00,1,0,1,0.0,0.0,0.0,1.0,1.0,1.0
2024-06-26 04:00:00+00:00,2024-06-26 05:00:00+00:00,3,0,3,0.0,0.0,0.0,1.0,1.0,1.0
2024-06-26 06:00:00+00:00,2024-06-26 07:00:00+00:00,1,0,1,0.0,0.0,0.0,1.0,1.0,1.0
2024-06-26 10:00:00+00:00,2024-06-26 11:00:00+00:00,1,0,1,0.0,0.0,0.0,1.0,1.0,1.0
2024-06-27 03:00:00+00:00,2024-06-27 04:00:00+00:00,6,0,6,0.0,0.0,0.0,1.0,1.0,1.0
2024-06-27 04:00:00+00:00,2024-06-27 05:00:00+00:00,1,0,1,0.0,0.0,0.0,1.0,1.0,1.0
2024-06-27 05:00:00+00:00,2024-06-27 06:00:00+00:00,1,0,1,0.0,0.0,0.0,1.0,1.0,1.0
2024-06-27 06:00:00+00:00,2024-06-27 07:00:00+00:00,1,0,1,0.0,0.0,0.0,1.0,1.0,1.0
2024-06-27 16:00:00+00:00,2024-06-27 17:00:00+00:00,1,0,1,0.0,0.0,0.0,1.0,1.0,1.0
2024-06-27 17:00:00+00:00,2024-06-27 18:00:00+00:00,1,0,1,0.0,0.0,0.0,1.0,1.0,1.0
2024-06-28 03:00:00+00:00,2024-06-28 04:00:00+00:00,4,0,4,0.0,0.0,0.0,1.0,1.0,1.0
2024-06-28 04:00:00+00:00,2024-06-28 05:00:00+00:00,4,0,4,0.0,0.0,0.0,1.0,1.0,1.0
2024-06-28 05:00:00+00:00,2024-06-28 06:00:00+00:00,1,0,1,0.0,0.0,0.0,1.0,1.0,1.0
2024-06-28 06:00:00+00:00,2024-06-28 07:00:00+00:00,1,0,1,0.0,0.0,0.0,1.0,1.0,1.0
2024-06-28 07:00:00+00:00,2024-06-28 08:00:00+00:00,1,0,1,0.0,0.0,0.0,1.0,1.0,1.0
2024-06-28 08:00:00+00:00,2024-06-28 09:00:00+00:00,1,0,1,0.0,0.0,0.0,1.0,1.0,1.0
2024-06-29 03:00:00+00:00,2024-06-29 04:00:00+00:00,7,0,7,0.0,0.0,0.0,1.0,1.0,1.0
2024-06-29 06:00:00+00:00,2024-06-29 07:00:00+00:00,1,0,1,0.0,0.0,0.0,1.0,1.0,1.0
2024-06-29 07:00:00+00:00,2024-06-29 08:00:00+00:00,1,0,1,0.0,0.0,0.0,1.0,1.0,1.0
2024-07-01 03:00:00+00:00,2024-07-01 04:00:00+00:00,6,0,6,0.0,0.0,0.0,1.0,1.0,1.0
2024-07-01 04:00:00+00:00,2024-07-01 05:00:00+00:00,8,0,8,0.0,0.0,0.0,1.0,1.0,1.0
2024-07-01 06:00:00+00:00,2024-07-01 07:00:00+00:00,3,0,3,0.0,0.0,0.0,1.0,1.0,1.0
2024-07-01 07:00:00+00:00,2024-07-01 08:00:00+00:00,3,0,3,0.0,0.0,0.0,1.0,1.0,1.0
2024-07-01 10:00:00+00:00,2024-07-01 11:00:00+00:00,1,0,1,0.0,0.0,0.0,1.0,1.0,1.0
2024-07-02 03:00:00+00:00,2024-07-02 04:00:00+00:00,4,0,4,0.0,0.0,0.0,1.0,1.0,1.0
2024-07-02 09:00:00+00:00,2024-07-02 10:00:00+00:00,1,0,1,0.0,0.0,0.0,1.0,1.0,1.0
2024-07-02 14:00:00+00:00,2024-07-02 15:00:00+00:00,3,0,3,0.0,0.0,0.0,1.0,1.0,1.0
2024-07-03 04:00:00+00:00,2024-07-03 05:00:00+00:00,3,0,3,0.0,0.0,0.0,1.0,1.0,1.0
2024-07-03 05:00:00+00:00,2024-07-03 06:00:00+00:00,1,0,1,0.0,0.0,0.0,1.0,1.0,1.0
2024-07-03 07:00:00+00:00,2024-07-03 08:00:00+00:00,1,0,1,0.0,0.0,0.0,1.0,1.0,1.0
2024-07-03 08:00:00+00:00,2024-07-03 09:00:00+00:00,1,0,1,0.0,0.0,0.0,1.0,1.0,1.0
2024-07-04 01:00:00+00:00,2024-07-04 02:00:00+00:00,1,0,1,0.0,0.0,0.0,1.0,1.0,1.0
2024-07-04 02:00:00+00:00,2024-07-04 03:00:00+00:00,4,0,4,0.0,0.0,0.0,1.0,1.0,1.0
2024-07-04 08:00:00+00:00,2024-07-04 09:00:00+00:00,1,0,1,0.0,0.0,0.0,1.0,1.0,1.0
2024-07-05 03:00:00+00:00,2024-07-05 04:00:00+00:00,6,0,6,0.0,0.0,0.0,1.0,1.0,1.0
2024-07-05 07:00:00+00:00,2024-07-05 08:00:00+00:00,1,0,1,0.0,0.0,0.0,1.0,1.0,1.0
2024-07-05 10:00:00+00:00,2024-07-05 11:00:00+00:00,1,0,1,0.0,0.0,0.0,1.0,1.0,1.0
2024-07-06 00:00:00+00:00,2024-07-06 01:00:00+00:00,1,0,1,0.0,0.0,0.0,1.0,1.0,1.0
2024-07-06 02:00:00+00:00,2024-07-06 03:00:00+00:00,4,0,4,0.0,0.0,0.0,1.0,1.0,1.0
2024-07-06 03:00:00+00:00,2024-07-06 04:00:00+00:00,3,0,3,0.0,0.0,0.0,1.0,1.0,1.0
2024-07-06 05:00:00+00:00,2024-07-06 06:00:00+00:00,1,0,1,0.0,0.0,0.0,1.0,1.0,1.0
2024-07-06 06:00:00+00:00,2024-07-06 07:00:00+00:00,1,0,1,0.0,0.0,0.0,1.0,1.0,1.0
2024-07-07 17:00:00+00:00,2024-07-07 18:00:00+00:00,1,0,1,0.0,0.0,0.0,1.0,1.0,1.0
2024-07-08 01:00:00+00:00,2024-07-08 02:00:00+00:00,1,0,1,0.0,0.0,0.0,1.0,1.0,1.0
2024-07-08 03:00:00+00:00,2024-07-08 04:00:00+00:00,9,0,9,0.0,0.0,0.0,1.0,1.0,1.0
2024-07-08 04:00:00+00:00,2024-07-08 05:00:00+00:00,3,0,3,0.0,0.0,0.0,1.0,1.0,1.0
2024-07-08 07:00:00+00:00,2024-07-08 08:00:00+00:00,1,0,1,0.0,0.0,0.0,1.0,1.0,1.0
2024-07-08 09:00:00+00:00,2024-07-08 10:00:00+00:00,1,0,1,0.0,0.0,0.0,1.0,1.0,1.0
2024-07-08 10:00:00+00:00,2024-07-08 11:00:00+00:00,1,0,1,0.0,0.0,0.0,1.0,1.0,1.0
2024-07-08 15:00:00+00:00,2024-07-08 16:00:00+00:00,4,0,4,0.0,0.0,0.0,1.0,1.0,1.0
2024-07-08 16:00:00+00:00,2024-07-08 17:00:00+00:00,1,0,1,0.0,0.0,0.0,1.0,1.0,1.0
2024-07-09 01:00:00+00:00,2024-07-09 02:00:00+00:00,1,0,1,0.0,0.0,0.0,1.0,1.0,1.0
2024-07-09 03:00:00+00:00,2024-07-09 04:00:00+00:00,4,0,4,0.0,0.0,0.0,1.0,1.0,1.0
2024-07-09 04:00:00+00:00,2024-07-09 05:00:00+00:00,6,0,6,0.0,0.0,0.0,1.0,1.0,1.0
2024-07-09 06:00:00+00:00,2024-07-09 07:00:00+00:00,1,0,1,0.0,0.0,0.0,1.0,1.0,1.0
2024-07-09 09:00:00+00:00,2024-07-09 10:00:00+00:00,1,0,1,0.0,0.0,0.0,1.0,1.0,1.0
2024-07-09 16:00:00+00:00,2024-07-09 17:00:00+00:00,4,0,4,0.0,0.0,0.0,1.0,1.0,1.0
2024-07-09 17:00:00+00:00,2024-07-09 18:00:00+00:00,1,0,1,0.0,0.0,0.0,1.0,1.0,1.0
2024-07-10 02:00:00+00:00,2024-07-10 03:00:00+00:00,1,0,1,0.0,0.0,0.0,1.0,1.0,1.0
2024-07-10 03:00:00+00:00,2024-07-10 04:00:00+00:00,7,0,7,0.0,0.0,0.0,1.0,1.0,1.0
2024-07-10 05:00:00+00:00,2024-07-10 06:00:00+00:00,3,0,3,0.0,0.0,0.0,1.0,1.0,1.0
2024-07-10 17:00:00+00:00,2024-07-10 18:00:00+00:00,1,0,1,0.0,0.0,0.0,1.0,1.0,1.0
2024-07-11 10:00:00+00:00,2024-07-11 11:00:00+00:00,1,0,1,0.0,0.0,0.0,1.0,1.0,1.0
2024-07-11 17:00:00+00:00,2024-07-11 18:00:00+00:00,3,0,3,0.0,0.0,0.0,1.0,1.0,1.0
2024-07-12 01:00:00+00:00,2024-07-12 02:00:00+00:00,1,0,1,0.0,0.0,0.0,1.0,1.0,1.0
2024-07-12 02:00:00+00:00,2024-07-12 03:00:00+00:00,1,0,1,0.0,0.0,0.0,1.0,1.0,1.0
2024-07-12 03:00:00+00:00,2024-07-12 04:00:00+00:00,6,0,6,0.0,0.0,0.0,1.0,1.0,1.0
2024-07-12 06:00:00+00:00,2024-07-12 07:00:00+00:00,3,0,3,0.0,0.0,0.0,1.0,1.0,1.0
2024-07-12 10:00:00+00:00,2024-07-12 11:00:00+00:00,1,0,1,0.0,0.0,0.0,1.0,1.0,1.0
2024-07-12 18:00:00+00:00,2024-07-12 19:00:00+00:00,1,0,1,0.0,0.0,0.0,1.0,1.0,1.0
2024-07-13 03:00:00+00:00,2024-07-13 04:00:00+00:00,15,0,15,0.0,0.0,0.0,1.0,1.0,1.0
2024-07-13 05:00:00+00:00,2024-07-13 06:00:00+00:00,1,0,1,0.0,0.0,0.0,1.0,1.0,1.0
2024-07-13 06:00:00+00:00,2024-07-13 07:00:00+00:00,1,0,1,0.0,0.0,0.0,1.0,1.0,1.0
2024-07-14 12:00:00+00:00,2024-07-14 13:00:00+00:00,1,0,1,0.0,0.0,0.0,1.0,1.0,1.0
2024-07-15 04:00:00+00:00,2024-07-15 05:00:00+00:00,12,0,12,0.0,0.0,0.0,1.0,1.0,1.0
2024-07-15 09:00:00+00:00,2024-07-15 10:00:00+00:00,3,0,3,0.0,0.0,0.0,1.0,1.0,1.0
2024-07-16 03:00:00+00:00,2024-07-16 04:00:00+00:00,11,0,11,0.0,0.0,0.0,1.0,1.0,1.0
2024-07-16 04:00:00+00:00,2024-07-16 05:00:00+00:00,6,0,6,0.0,0.0,0.0,1.0,1.0,1.0
2024-07-16 07:00:00+00:00,2024-07-16 08:00:00+00:00,1,0,1,0.0,0.0,0.0,1.0,1.0,1.0
2024-07-16 09:00:00+00:00,2024-07-16 10:00:00+00:00,1,0,1,0.0,0.0,0.0,1.0,1.0,1.0
2024-07-16 12:00:00+00:00,2024-07-16 13:00:00+00:00,1,0,1,0.0,0.0,0.0,1.0,1.0,1.0
2024-07-16 17:00:00+00:00,2024-07-16 18:00:00+00:00,3,0,3,0.0,0.0,0.0,1.0,1.0,1.0
2024-07-16 18:00:00+00:00,2024-07-16 19:00:00+00:00,8,0,8,0.0,0.0,0.0,1.0,1.0,1.0
2024-07-17 02:00:00+00:00,2024-07-17 03:00:00+00:00,1,0,1,0.0,0.0,0.0,1.0,1.0,1.0
2024-07-17 07:00:00+00:00,2024-07-17 08:00:00+00:00,1,0,1,0.0,0.0,0.0,1.0,1.0,1.0
2024-07-17 08:00:00+00:00,2024-07-17 09:00:00+00:00,1,0,1,0.0,0.0,0.0,1.0,1.0,1.0
2024-07-17 09:00:00+00:00,2024-07-17 10:00:00+00:00,1,0,1,0.0,0.0,0.0,1.0,1.0,1.0
2024-07-17 16:00:00+00:00,2024-07-17 17:00:00+00:00,3,0,3,0.0,0.0,0.0,1.0,1.0,1.0
2024-07-17 17:00:00+00:00,2024-07-17 18:00:00+00:00,7,0,7,0.0,0.0,0.0,1.0,1.0,1.0
2024-07-17 18:00:00+00:00,2024-07-17 19:00:00+00:00,1,0,1,0.0,0.0,0.0,1.0,1.0,1.0
2024-07-18 02:00:00+00:00,2024-07-18 03:00:00+00:00,9,0,9,0.0,0.0,0.0,1.0,1.0,1.0
2024-07-18 03:00:00+00:00,2024-07-18 04:00:00+00:00,3,0,3,0.0,0.0,0.0,1.0,1.0,1.0
2024-07-18 04:00:00+00:00,2024-07-18 05:00:00+00:00,3,0,3,0.0,0.0,0.0,1.0,1.0,1.0
2024-07-18 05:00:00+00:00,2024-07-18 06:00:00+00:00,3,0,3,0.0,0.0,0.0,1.0,1.0,1.0
2024-07-18 06:00:00+00:00,2024-07-18 07:00:00+00:00,1,0,1,0.0,0.0,0.0,1.0,1.0,1.0
2024-07-18 07:00:00+00:00,2024-07-18 08:00:00+00:00,1,0,1,0.0,0.0,0.0,1.0,1.0,1.0
2024-07-18 09:00:00+00:00,2024-07-18 10:00:00+00:00,1,0,1,0.0,0.0,0.0,1.0,1.0,1.0
2024-07-18 17:00:00+00:00,2024-07-18 18:00:00+00:00,1,0,1,0.0,0.0,0.0,1.0,1.0,1.0
2024-07-19 00:00:00+00:00,2024-07-19 01:00:00+00:00,1,0,1,0.0,0.0,0.0,1.0,1.0,1.0
2024-07-19 02:00:00+00:00,2024-07-19 03:00:00+00:00,7,0,7,0.0,0.0,0.0,1.0,1.0,1.0
2024-07-19 03:00:00+00:00,2024-07-19 04:00:00+00:00,4,0,4,0.0,0.0,0.0,1.0,1.0,1.0
2024-07-19 04:00:00+00:00,2024-07-19 05:00:00+00:00,1,0,1,0.0,0.0,0.0,1.0,1.0,1.0
2024-07-19 05:00:00+00:00,2024-07-19 06:00:00+00:00,1,0,1,0.0,0.0,0.0,1.0,1.0,1.0
2024-07-19 06:00:00+00:00,2024-07-19 07:00:00+00:00,1,0,1,0.0,0.0,0.0,1.0,1.0,1.0
2024-07-19 09:00:00+00:00,2024-07-19 10:00:00+00:00,1,0,1,0.0,0.0,0.0,1.0,1.0,1.0
2024-07-19 18:00:00+00:00,2024-07-19 19:00:00+00:00,7,0,7,0.0,0.0,0.0,1.0,1.0,1.0
2024-07-20 05:00:00+00:00,2024-07-20 06:00:00+00:00,1,0,1,0.0,0.0,0.0,1.0,1.0,1.0
2024-07-20 07:00:00+00:00,2024-07-20 08:00:00+00:00,1,0,1,0.0,0.0,0.0,1.0,1.0,1.0
2024-07-20 08:00:00+00:00,2024-07-20 09:00:00+00:00,1,0,1,0.0,0.0,0.0,1.0,1.0,1.0
2024-07-21 20:00:00+00:00,2024-07-21 21:00:00+00:00,8,0,8,0.0,0.0,0.0,1.0,1.0,1.0
2024-07-22 01:00:00+00:00,2024-07-22 02:00:00+00:00,1,0,1,0.0,0.0,0.0,1.0,1.0,1.0
2024-07-22 02:00:00+00:00,2024-07-22 03:00:00+00:00,1,0,1,0.0,0.0,0.0,1.0,1.0,1.0
2024-07-22 03:00:00+00:00,2024-07-22 04:00:00+00:00,7,0,7,0.0,0.0,0.0,1.0,1.0,1.0
2024-07-22 04:00:00+00:00,2024-07-22 05:00:00+00:00,6,0,6,0.0,0.0,0.0,1.0,1.0,1.0
2024-07-22 05:00:00+00:00,2024-07-22 06:00:00+00:00,4,0,4,0.0,0.0,0.0,1.0,1.0,1.0
2024-07-22 06:00:00+00:00,2024-07-22 07:00:00+00:00,1,0,1,0.0,0.0,0.0,1.0,1.0,1.0
2024-07-22 08:00:00+00:00,2024-07-22 09:00:00+00:00,1,0,1,0.0,0.0,0.0,1.0,1.0,1.0
2024-07-23 02:00:00+00:00,2024-07-23 03:00:00+00:00,8,0,8,0.0,0.0,0.0,1.0,1.0,1.0
2024-07-23 03:00:00+00:00,2024-07-23 04:00:00+00:00,3,0,3,0.0,0.0,0.0,1.0,1.0,1.0
2024-07-23 07:00:00+00:00,2024-07-23 08:00:00+00:00,1,0,1,0.0,0.0,0.0,1.0,1.0,1.0
2024-07-23 16:00:00+00:00,2024-07-23 17:00:00+00:00,1,0,1,0.0,0.0,0.0,1.0,1.0,1.0
2024-07-23 18:00:00+00:00,2024-07-23 19:00:00+00:00,3,0,3,0.0,0.0,0.0,1.0,1.0,1.0
2024-07-24 00:00:00+00:00,2024-07-24 01:00:00+00:00,1,0,1,0.0,0.0,0.0,1.0,1.0,1.0
2024-07-24 02:00:00+00:00,2024-07-24 03:00:00+00:00,11,0,11,0.0,0.0,0.0,1.0,1.0,1.0
2024-07-24 07:00:00+00:00,2024-07-24 08:00:00+00:00,1,0,1,0.0,0.0,0.0,1.0,1.0,1.0
2024-07-24 18:00:00+00:00,2024-07-24 19:00:00+00:00,1,0,1,0.0,0.0,0.0,1.0,1.0,1.0
2024-07-25 00:00:00+00:00,2024-07-25 01:00:00+00:00,1,0,1,0.0,0.0,0.0,1.0,1.0,1.0
2024-07-25 02:00:00+00:00,2024-07-25 03:00:00+00:00,6,0,6,0.0,0.0,0.0,1.0,1.0,1.0
2024-07-25 03:00:00+00:00,2024-07-25 04:00:00+00:00,4,0,4,0.0,0.0,0.0,1.0,1.0,1.0
2024-07-25 04:00:00+00:00,2024-07-25 05:00:00+00:00,3,0,3,0.0,0.0,0.0,1.0,1.0,1.0
2024-07-25 05:00:00+00:00,2024-07-25 06:00:00+00:00,1,0,1,0.0,0.0,0.0,1.0,1.0,1.0
2024-07-25 07:00:00+00:00,2024-07-25 08:00:00+00:00,1,0,1,0.0,0.0,0.0,1.0,1.0,1.0
2024-07-25 17:00:00+00:00,2024-07-25 18:00:00+00:00,6,0,6,0.0,0.0,0.0,1.0,1.0,1.0
2024-07-26 02:00:00+00:00,2024-07-26 03:00:00+00:00,1,0,1,0.0,0.0,0.0,1.0,1.0,1.0
2024-07-26 03:00:00+00:00,2024-07-26 04:00:00+00:00,9,0,9,0.0,0.0,0.0,1.0,1.0,1.0
2024-07-26 07:00:00+00:00,2024-07-26 08:00:00+00:00,1,0,1,0.0,0.0,0.0,1.0,1.0,1.0
2024-07-26 08:00:00+00:00,2024-07-26 09:00:00+00:00,4,0,4,0.0,0.0,0.0,1.0,1.0,1.0
2024-07-26 09:00:00+00:00,2024-07-26 10:00:00+00:00,1,0,1,0.0,0.0,0.0,1.0,1.0,1.0
2024-07-26 16:00:00+00:00,2024-07-26 17:00:00+00:00,1,0,1,0.0,0.0,0.0,1.0,1.0,1.0
2024-07-27 04:00:00+00:00,2024-07-27 05:00:00+00:00,1,0,1,0.0,0.0,0.0,1.0,1.0,1.0
2024-07-29 02:00:00+00:00,2024-07-29 03:00:00+00:00,1,0,1,0.0,0.0,0.0,1.0,1.0,1.0
2024-07-29 05:00:00+00:00,2024-07-29 06:00:00+00:00,4,0,4,0.0,0.0,0.0,1.0,1.0,1.0
2024-07-29 07:00:00+00:00,2024-07-29 08:00:00+00:00,1,0,1,0.0,0.0,0.0,1.0,1.0,1.0
2024-07-29 08:00:00+00:00,2024-07-29 09:00:00+00:00,1,0,1,0.0,0.0,0.0,1.0,1.0,1.0
2024-07-29 09:00:00+00:00,2024-07-29 10:00:00+00:00,3,0,3,0.0,0.0,0.0,1.0,1.0,1.0
2024-07-29 10:00:00+00:00,2024-07-29 11:00:00+00:00,1,0,1,0.0,0.0,0.0,1.0,1.0,1.0
2024-07-30 04:00:00+00:00,2024-07-30 05:00:00+00:00,1,0,1,0.0,0.0,0.0,1.0,1.0,1.0
2024-07-30 06:00:00+00:00,2024-07-30 07:00:00+00:00,1,0,1,0.0,0.0,0.0,1.0,1.0,1.0
2024-07-30 07:00:00+00:00,2024-07-30 08:00:00+00:00,1,0,1,0.0,0.0,0.0,1.0,1.0,1.0
2024-07-30 08:00:00+00:00,2024-07-30 09:00:00+00:00,1,0,1,0.0,0.0,0.0,1.0,1.0,1.0
2024-07-30 15:00:00+00:00,2024-07-30 16:00:00+00:00,1,0,1,0.0,0.0,0.0,1.0,1.0,1.0
2024-07-30 16:00:00+00:00,2024-07-30 17:00:00+00:00,7,0,7,0.0,0.0,0.0,1.0,1.0,1.0
2024-07-31 01:00:00+00:00,2024-07-31 02:00:00+00:00,1,0,1,0.0,0.0,0.0,1.0,1.0,1.0
2024-07-31 03:00:00+00:00,2024-07-31 04:00:00+00:00,1,0,1,0.0,0.0,0.0,1.0,1.0,1.0
2024-07-31 04:00:00+00:00,2024-07-31 05:00:00+00:00,1,0,1,0.0,0.0,0.0,1.0,1.0,1.0
2024-07-31 05:00:00+00:00,2024-07-31 06:00:00+00:00,3,0,3,0.0,0.0,0.0,1.0,1.0,1.0
2024-07-31 16:00:00+00:00,2024-07-31 17:00:00+00:00,1,0,1,0.0,0.0,0.0,1.0,1.0,1.0
2024-08-01 03:00:00+00:00,2024-08-01 04:00:00+00:00,1,0,1,0.0,0.0,0.0,1.0,1.0,1.0
2024-08-01 04:00:00+00:00,2024-08-01 05:00:00+00:00,1,0,1,0.0,0.0,0.0,1.0,1.0,1.0
2024-08-01 09:00:00+00:00,2024-08-01 10:00:00+00:00,3,0,3,0.0,0.0,0.0,1.0,1.0,1.0
2024-08-02 03:00:00+00:00,2024-08-02 04:00:00+00:00,3,0,3,0.0,0.0,0.0,1.0,1.0,1.0
2024-08-02 04:00:00+00:00,2024-08-02 05:00:00+00:00,3,0,3,0.0,0.0,0.0,1.0,1.0,1.0
2024-08-02 09:00:00+00:00,2024-08-02 10:00:00+00:00,1,0,1,0.0,0.0,0.0,1.0,1.0,1.0
2024-08-03 03:00:00+00:00,2024-08-03 04:00:00+00:00,1,0,1,0.0,0.0,0.0,1.0,1.0,1.0
2024-08-03 04:00:00+00:00,2024-08-03 05:00:00+00:00,1,0,1,0.0,0.0,0.0,1.0,1.0,1.0
2024-08-03 07:00:00+00:00,2024-08-03 08:00:00+00:00,1,0,1,0.0,0.0,0.0,1.0,1.0,1.0
2024-08-03 08:00:00+00:00,2024-08-03 09:00:00+00:00,1,0,1,0.0,0.0,0.0,1.0,1.0,1.0
2024-08-03 09:00:00+00:00,2024-08-03 10:00:00+00:00,1,0,1,0.0,0.0,0.0,1.0,1.0,1.0
2024-08-05 04:00:00+00:00,2024-08-05 05:00:00+00:00,1,0,1,0.0,0.0,0.0,1.0,1.0,1.0
2024-08-05 08:00:00+00:00,2024-08-05 09:00:00+00:00,1,0,1,0.0,0.0,0.0,1.0,1.0,1.0
2024-08-06 02:00:00+00:00,2024-08-06 03:00:00+00:00,1,0,1,0.0,0.0,0.0,1.0,1.0,1.0
2024-08-06 03:00:00+00:00,2024-08-06 04:00:00+00:00,4,0,4,0.0,0.0,0.0,1.0,1.0,1.0
2024-08-06 04:00:00+00:00,2024-08-06 05:00:00+00:00,6,0,6,0.0,0.0,0.0,1.0,1.0,1.0
2024-08-06 05:00:00+00:00,2024-08-06 06:00:00+00:00,7,0,7,0.0,0.0,0.0,1.0,1.0,1.0
2024-08-06 07:00:00+00:00,2024-08-06 08:00:00+00:00,1,0,1,0.0,0.0,0.0,1.0,1.0,1.0
2024-08-07 02:00:00+00:00,2024-08-07 03:00:00+00:00,1,0,1,0.0,0.0,0.0,1.0,1.0,1.0
2024-08-07 03:00:00+00:00,2024-08-07 04:00:00+00:00,7,0,7,0.0,0.0,0.0,1.0,1.0,1.0
2024-08-07 05:00:00+00:00,2024-08-07 06:00:00+00:00,4,0,4,0.0,0.0,0.0,1.0,1.0,1.0
2024-08-07 07:00:00+00:00,2024-08-07 08:00:00+00:00,1,0,1,0.0,0.0,0.0,1.0,1.0,1.0
2024-08-07 09:00:00+00:00,2024-08-07 10:00:00+00:00,1,0,1,0.0,0.0,0.0,1.0,1.0,1.0
2024-08-07 12:00:00+00:00,2024-08-07 13:00:00+00:00,1,0,1,0.0,0.0,0.0,1.0,1.0,1.0
2024-08-07 13:00:00+00:00,2024-08-07 14:00:00+00:00,1,0,1,0.0,0.0,0.0,1.0,1.0,1.0
2024-08-08 03:00:00+00:00,2024-08-08 04:00:00+00:00,6,0,6,0.0,0.0,0.0,1.0,1.0,1.0
2024-08-08 04:00:00+00:00,2024-08-08 05:00:00+00:00,3,0,3,0.0,0.0,0.0,1.0,1.0,1.0
2024-08-08 05:00:00+00:00,2024-08-08 06:00:00+00:00,1,0,1,0.0,0.0,0.0,1.0,1.0,1.0
2024-08-08 10:00:00+00:00,2024-08-08 11:00:00+00:00,1,0,1,0.0,0.0,0.0,1.0,1.0,1.0
2024-08-08 12:00:00+00:00,2024-08-08 13:00:00+00:00,1,0,1,0.0,0.0,0.0,1.0,1.0,1.0
2024-08-09 03:00:00+00:00,2024-08-09 04:00:00+00:00,7,0,7,0.0,0.0,0.0,1.0,1.0,1.0
2024-08-09 04:00:00+00:00,2024-08-09 05:00:00+00:00,1,0,1,0.0,0.0,0.0,1.0,1.0,1.0
2024-08-09 06:00:00+00:00,2024-08-09 07:00:00+00:00,1,0,1,0.0,0.0,0.0,1.0,1.0,1.0
2024-08-09 16:00:00+00:00,2024-08-09 17:00:00+00:00,4,0,4,0.0,0.0,0.0,1.0,1.0,1.0
2024-08-09 17:00:00+00:00,2024-08-09 18:00:00+00:00,7,0,7,0.0,0.0,0.0,1.0,1.0,1.0
2024-08-10 02:00:00+00:00,2024-08-10 03:00:00+00:00,1,0,1,0.0,0.0,0.0,1.0,1.0,1.0
2024-08-10 03:00:00+00:00,2024-08-10 04:00:00+00:00,1,0,1,0.0,0.0,0.0,1.0,1.0,1.0
2024-08-10 04:00:00+00:00,2024-08-10 05:00:00+00:00,9,0,9,0.0,0.0,0.0,1.0,1.0,1.0
2024-08-10 07:00:00+00:00,2024-08-10 08:00:00+00:00,1,0,1,0.0,0.0,0.0,1.0,1.0,1.0
2024-08-10 09:00:00+00:00,2024-08-10 10:00:00+00:00,1,0,1,0.0,0.0,0.0,1.0,1.0,1.0
2024-08-10 10:00:00+00:00,2024-08-10 11:00:00+00:00,1,0,1,0.0,0.0,0.0,1.0,1.0,1.0
2024-08-11 11:00:00+00:00,2024-08-11 12:00:00+00:00,1,0,1,0.0,0.0,0.0,1.0,1.0,1.0
2024-08-12 03:00:00+00:00,2024-08-12 04:00:00+00:00,3,0,3,0.0,0.0,0.0,1.0,1.0,1.0
2024-08-12 04:00:00+00:00,2024-08-12 05:00:00+00:00,1,0,1,0.0,0.0,0.0,1.0,1.0,1.0
2024-08-12 06:00:00+00:00,2024-08-12 07:00:00+00:00,1,0,1,0.0,0.0,0.0,1.0,1.0,1.0
2024-08-12 07:00:00+00:00,2024-08-12 08:00:00+00:00,1,0,1,0.0,0.0,0.0,1.0,1.0,1.0
2024-08-12 08:00:00+00:00,2024-08-12 09:00:00+00:00,1,0,1,0.0,0.0,0.0,1.0,1.0,1.0
2024-08-12 14:00:00+00:00,2024-08-12 15:00:00+00:00,1,0,1,0.0,0.0,0.0,1.0,1.0,1.0
2024-08-13 01:00:00+00:00,2024-08-13 02:00:00+00:00,1,0,1,0.0,0.0,0.0,1.0,1.0,1.0
2024-08-13 02:00:00+00:00,2024-08-13 03:00:00+00:00,7,0,7,0.0,0.0,0.0,1.0,1.0,1.0
2024-08-13 03:00:00+00:00,2024-08-13 04:00:00+00:00,6,0,6,0.0,0.0,0.0,1.0,1.0,1.0
2024-08-13 10:00:00+00:00,2024-08-13 11:00:00+00:00,1,0,1,0.0,0.0,0.0,1.0,1.0,1.0
2024-08-14 06:00:00+00:00,2024-08-14 07:00:00+00:00,1,0,1,0.0,0.0,0.0,1.0,1.0,1.0
2024-08-14 07:00:00+00:00,2024-08-14 08:00:00+00:00,1,0,1,0.0,0.0,0.0,1.0,1.0,1.0
2024-08-15 01:00:00+00:00,2024-08-15 02:00:00+00:00,1,0,1,0.0,0.0,0.0,1.0,1.0,1.0
2024-08-15 02:00:00+00:00,2024-08-15 03:00:00+00:00,1,0,1,0.0,0.0,0.0,1.0,1.0,1.0
2024-08-15 03:00:00+00:00,2024-08-15 04:00:00+00:00,3,0,3,0.0,0.0,0.0,1.0,1.0,1.0
2024-08-15 12:00:00+00:00,2024-08-15 13:00:00+00:00,1,0,1,0.0,0.0,0.0,1.0,1.0,1.0
2024-08-15 13:00:00+00:00,2024-08-15 14:00:00+00:00,1,0,1,0.0,0.0,0.0,1.0,1.0,1.0
2024-08-15 17:00:00+00:00,2024-08-15 18:00:00+00:00,1,0,1,0.0,0.0,0.0,1.0,1.0,1.0
2024-08-16 02:00:00+00:00,2024-08-16 03:00:00+00:00,3,0,3,0.0,0.0,0.0,1.0,1.0,1.0
2024-08-16 04:00:00+00:00,2024-08-16 05:00:00+00:00,6,0,6,0.0,0.0,0.0,1.0,1.0,1.0
2024-08-16 05:00:00+00:00,2024-08-16 06:00:00+00:00,1,0,1,0.0,0.0,0.0,1.0,1.0,1.0
2024-08-16 09:00:00+00:00,2024-08-16 10:00:00+00:00,1,0,1,0.0,0.0,0.0,1.0,1.0,1.0
2024-08-16 10:00:00+00:00,2024-08-16 11:00:00+00:00,1,0,1,0.0,0.0,0.0,1.0,1.0,1.0
2024-08-17 04:00:00+00:00,2024-08-17 05:00:00+00:00,6,0,6,0.0,0.0,0.0,1.0,1.0,1.0
2024-08-18 15:00:00+00:00,2024-08-18 16:00:00+00:00,1,0,1,0.0,0.0,0.0,1.0,1.0,1.0
2024-08-19 01:00:00+00:00,2024-08-19 02:00:00+00:00,1,0,1,0.0,0.0,0.0,1.0,1.0,1.0
2024-08-19 03:00:00+00:00,2024-08-19 04:00:00+00:00,3,0,3,0.0,0.0,0.0,1.0,1.0,1.0
2024-08-19 05:00:00+00:00,2024-08-19 06:00:00+00:00,7,0,7,0.0,0.0,0.0,1.0,1.0,1.0
2024-08-19 07:00:00+00:00,2024-08-19 08:00:00+00:00,1,0,1,0.0,0.0,0.0,1.0,1.0,1.0
2024-08-20 00:00:00+00:00,2024-08-20 01:00:00+00:00,1,0,1,0.0,0.0,0.0,1.0,1.0,1.0
2024-08-20 04:00:00+00:00,2024-08-20 05:00:00+00:00,7,0,7,0.0,0.0,0.0,1.0,1.0,1.0
2024-08-20 05:00:00+00:00,2024-08-20 06:00:00+00:00,3,0,3,0.0,0.0,0.0,1.0,1.0,1.0
2024-08-20 06:00:00+00:00,2024-08-20 07:00:00+00:00,1,0,1,0.0,0.0,0.0,1.0,1.0,1.0
2024-08-20 08:00:00+00:00,2024-08-20 09:00:00+00:00,1,0,1,0.0,0.0,0.0,1.0,1.0,1.0
2024-08-20 14:00:00+00:00,2024-08-20 15:00:00+00:00,1,0,1,0.0,0.0,0.0,1.0,1.0,1.0
2024-08-21 02:00:00+00:00,2024-08-21 03:00:00+00:00,1,0,1,0.0,0.0,0.0,1.0,1.0,1.0
2024-08-21 03:00:00+00:00,2024-08-21 04:00:00+00:00,6,0,6,0.0,0.0,0.0,1.0,1.0,1.0
2024-08-21 04:00:00+00:00,2024-08-21 05:00:00+00:00,4,0,4,0.0,0.0,0.0,1.0,1.0,1.0
2024-08-21 06:00:00+00:00,2024-08-21 07:00:00+00:00,1,0,1,0.0,0.0,0.0,1.0,1.0,1.0
2024-08-21 15:00:00+00:00,2024-08-21 16:00:00+00:00,1,0,1,0.0,0.0,0.0,1.0,1.0,1.0
2024-08-22 04:00:00+00:00,2024-08-22 05:00:00+00:00,4,0,4,0.0,0.0,0.0,1.0,1.0,1.0
2024-08-22 06:00:00+00:00,2024-08-22 07:00:00+00:00,3,0,3,0.0,0.0,0.0,1.0,1.0,1.0
2024-08-22 08:00:00+00:00,2024-08-22 09:00:00+00:00,1,0,1,0.0,0.0,0.0,1.0,1.0,1.0
2024-08-22 12:00:00+00:00,2024-08-22 13:00:00+00:00,1,0,1,0.0,0.0,0.0,1.0,1.0,1.0
2024-08-22 13:00:00+00:00,2024-08-22 14:00:00+00:00,1,0,1,0.0,0.0,0.0,1.0,1.0,1.0
2024-08-23 00:00:00+00:00,2024-08-23 01:00:00+00:00,1,0,1,0.0,0.0,0.0,1.0,1.0,1.0
2024-08-23 04:00:00+00:00,2024-08-23 05:00:00+00:00,3,0,3,0.0,0.0,0.0,1.0,1.0,1.0
2024-08-23 05:00:00+00:00,2024-08-23 06:00:00+00:00,1,0,1,0.0,0.0,0.0,1.0,1.0,1.0
