wave_start,wave_end,algorithm,sequence,delivery_id,arrival_time,expected_delivery_time,has_deadline,on_time,lateness_minutes,leg_distance_km,leg_travel_time_minutes
2023-10-02 04:00:00+00:00,2023-10-02 06:00:00+00:00,nearest_neighbor,1,651a4745322d5c0cf180c327,2023-10-02 06:04:22.232710+00:00,2023-10-03 07:28:40+00:00,True,True,0.0,4.005380277147317,4.370545174999391
2023-10-02 04:00:00+00:00,2023-10-02 06:00:00+00:00,nearest_neighbor,2,651a4257322d5c0cf180c210,2023-10-02 06:09:23.361325+00:00,2023-10-02 07:08:55.058000+00:00,True,True,0.0,4.489889261518284,5.018810248056909
2023-10-02 04:00:00+00:00,2023-10-02 06:00:00+00:00,nearest_neighbor,3,651a4129322d5c0cf180c1eb,2023-10-02 06:13:37.862632+00:00,2023-10-02 15:00:35+00:00,True,True,0.0,3.710463487473102,4.241688453288746
2023-10-02 04:00:00+00:00,2023-10-02 06:00:00+00:00,nearest_neighbor,4,651a42f1322d5c0cf180c25d,2023-10-02 06:28:47.271414+00:00,2023-10-02 07:11:29.143000+00:00,True,True,0.0,13.455736869997507,15.15681303209387
2023-10-02 04:00:00+00:00,2023-10-02 06:00:00+00:00,nearest_neighbor,5,651a484a322d5c0cf180c361,2023-10-02 06:48:46.158357+00:00,2023-10-02 07:34:18.698000+00:00,True,True,0.0,19.585546008771185,19.981449046095307
2023-10-02 04:00:00+00:00,2023-10-02 06:00:00+00:00,priority_nearest_neighbor,1,651a4257322d5c0cf180c210,2023-10-02 06:08:34.512895+00:00,2023-10-02 07:08:55.058000+00:00,True,True,0.0,8.188709175505348,8.575214915341462
2023-10-02 04:00:00+00:00,2023-10-02 06:00:00+00:00,priority_nearest_neighbor,2,651a42f1322d5c0cf180c25d,2023-10-02 06:20:32.705589+00:00,2023-10-02 07:11:29.143000+00:00,True,True,0.0,10.514723288297187,11.969878237572933
2023-10-02 04:00:00+00:00,2023-10-02 06:00:00+00:00,priority_nearest_neighbor,3,651a484a322d5c0cf180c361,2023-10-02 06:40:31.592532+00:00,2023-10-02 07:34:18.698000+00:00,True,True,0.0,19.585546008771185,19.981449046095307
2023-10-02 04:00:00+00:00,2023-10-02 06:00:00+00:00,priority_nearest_neighbor,4,651a4745322d5c0cf180c327,2023-10-02 06:56:50.454376+00:00,2023-10-03 07:28:40+00:00,True,True,0.0,15.192352170002467,16.31436406034465
2023-10-02 04:00:00+00:00,2023-10-02 06:00:00+00:00,priority_nearest_neighbor,5,651a4129322d5c0cf180c1eb,2023-10-02 07:05:47.223918+00:00,2023-10-02 15:00:35+00:00,True,True,0.0,8.051154432248977,8.94615903836272
2023-10-02 04:00:00+00:00,2023-10-02 06:00:00+00:00,clarke_wright,1,651a4745322d5c0cf180c327,2023-10-02 06:04:22.232710+00:00,2023-10-03 07:28:40+00:00,True,True,0.0,4.005380277147317,4.370545174999391
2023-10-02 04:00:00+00:00,2023-10-02 06:00:00+00:00,clarke_wright,2,651a4257322d5c0cf180c210,2023-10-02 06:09:23.361325+00:00,2023-10-02 07:08:55.058000+00:00,True,True,0.0,4.489889261518284,5.018810248056909
2023-10-02 04:00:00+00:00,2023-10-02 06:00:00+00:00,clarke_wright,3,651a4129322d5c0cf180c1eb,2023-10-02 06:13:37.862632+00:00,2023-10-02 15:00:35+00:00,True,True,0.0,3.710463487473102,4.241688453288746
2023-10-02 04:00:00+00:00,2023-10-02 06:00:00+00:00,clarke_wright,4,651a42f1322d5c0cf180c25d,2023-10-02 06:28:47.271414+00:00,2023-10-02 07:11:29.143000+00:00,True,True,0.0,13.455736869997507,15.15681303209387
2023-10-02 04:00:00+00:00,2023-10-02 06:00:00+00:00,clarke_wright,5,651a484a322d5c0cf180c361,2023-10-02 06:48:46.158357+00:00,2023-10-02 07:34:18.698000+00:00,True,True,0.0,19.585546008771185,19.981449046095307
2024-01-29 04:00:00+00:00,2024-01-29 06:00:00+00:00,nearest_neighbor,1,65b7278d624c8e2168d06701,2024-01-29 06:01:20.916842+00:00,2024-01-29 07:20:29.151000+00:00,True,True,0.0,1.1066090594476077,1.3486140376815674
2024-01-29 04:00:00+00:00,2024-01-29 06:00:00+00:00,nearest_neighbor,2,65b73287624c8e2168d06b86,2024-01-29 06:08:37.813040+00:00,2024-01-29 08:07:19.619000+00:00,True,True,0.0,6.338160550545325,7.281603304503293
2024-01-29 04:00:00+00:00,2024-01-29 06:00:00+00:00,nearest_neighbor,3,65b7289d624c8e2168d067d8,2024-01-29 06:15:37.383772+00:00,2024-01-29 07:25:01.404000+00:00,True,True,0.0,5.851633107707705,6.992845537654233
2024-01-29 04:00:00+00:00,2024-01-29 06:00:00+00:00,nearest_neighbor,4,65b724ec624c8e2168d06423,2024-01-29 06:29:53.602105+00:00,2024-01-29 07:09:16.116000+00:00,True,True,0.0,13.899029156972297,14.270305545334754
2024-01-29 04:00:00+00:00,2024-01-29 06:00:00+00:00,nearest_neighbor,5,65b72b44624c8e2168d0695d,2024-01-29 06:48:14.230660+00:00,2024-01-29 07:36:20.678000+00:00,True,True,0.0,15.861269022635371,18.343809248535823
2024-01-29 04:00:00+00:00,2024-01-29 06:00:00+00:00,priority_nearest_neighbor,1,65b7278d624c8e2168d06701,2024-01-29 06:01:20.916842+00:00,2024-01-29 07:20:29.151000+00:00,True,True,0.0,1.1066090594476077,1.3486140376815674
2024-01-29 04:00:00+00:00,2024-01-29 06:00:00+00:00,priority_nearest_neighbor,2,65b724ec624c8e2168d06423,2024-01-29 06:12:09.530200+00:00,2024-01-29 07:09:16.116000+00:00,True,True,0.0,9.474514447538771,10.810222633190278
2024-01-29 04:00:00+00:00,2024-01-29 06:00:00+00:00,priority_nearest_neighbor,3,65b7289d624c8e2168d067d8,2024-01-29 06:26:04.403871+00:00,2024-01-29 07:25:01.404000+00:00,True,True,0.0,13.605611563852205,13.914561176508922
2024-01-29 04:00:00+00:00,2024-01-29 06:00:00+00:00,priority_nearest_neighbor,4,65b73287624c8e2168d06b86,2024-01-29 06:33:03.399161+00:00,2024-01-29 08:07:19.619000+00:00,True,True,0.0,5.840095938272089,6.9832548414772155
2024-01-29 04:00:00+00:00,2024-01-29 06:00:00+00:00,priority_nearest_neighbor,5,65b72b44624c8e2168d0695d,2024-01-29 06:52:49.250552+00:00,2024-01-29 07:36:20.678000+00:00,True,True,0.0,17.75577349093991,19.76418984375107
2024-01-29 04:00:00+00:00,2024-01-29 06:00:00+00:00,clarke_wright,1,65b7278d624c8e2168d06701,2024-01-29 06:01:20.916842+00:00,2024-01-29 07:20:29.151000+00:00,True,True,0.0,1.1066090594476077,1.3486140376815674
2024-01-29 04:00:00+00:00,2024-01-29 06:00:00+00:00,clarke_wright,2,65b72b44624c8e2168d0695d,2024-01-29 06:15:27.964028+00:00,2024-01-29 07:36:20.678000+00:00,True,True,0.0,12.530600610040343,14.117453093870182
2024-01-29 04:00:00+00:00,2024-01-29 06:00:00+00:00,clarke_wright,3,65b724ec624c8e2168d06423,2024-01-29 06:33:32.300608+00:00,2024-01-29 07:09:16.116000+00:00,True,True,0.0,15.577222171161772,18.07227632630637
2024-01-29 04:00:00+00:00,2024-01-29 06:00:00+00:00,clarke_wright,4,65b7289d624c8e2168d067d8,2024-01-29 06:47:27.174279+00:00,2024-01-29 07:25:01.404000+00:00,True,True,0.0,13.605611563852205,13.914561176508922
2024-01-29 04:00:00+00:00,2024-01-29 06:00:00+00:00,clarke_wright,5,65b73287624c8e2168d06b86,2024-01-29 06:54:26.169569+00:00,2024-01-29 08:07:19.619000+00:00,True,True,0.0,5.840095938272089,6.9832548414772155
2024-01-31 02:00:00+00:00,2024-01-31 04:00:00+00:00,nearest_neighbor,1,65b9be075804904ade2ee98b,2024-01-31 04:04:50.958748+00:00,2024-01-31 06:27:03.752000+00:00,True,True,0.0,4.354708394522294,4.849312464882735
2024-01-31 02:00:00+00:00,2024-01-31 04:00:00+00:00,nearest_neighbor,2,65b9c3f25804904ade2eeb11,2024-01-31 04:06:07.300680+00:00,2024-01-31 06:52:18.317000+00:00,True,True,0.0,1.0976060614054006,1.2723655389522994
2024-01-31 02:00:00+00:00,2024-01-31 04:00:00+00:00,nearest_neighbor,3,65b9c08f5804904ade2eea89,2024-01-31 04:07:37.761870+00:00,2024-01-31 06:37:51.924000+00:00,True,True,0.0,1.1607039711780698,1.5076865044549534
2024-01-31 02:00:00+00:00,2024-01-31 04:00:00+00:00,nearest_neighbor,4,65b9bf3d5804904ade2ee9fb,2024-01-31 04:19:29.245346+00:00,2024-01-31 06:32:13.262000+00:00,True,True,0.0,10.175355772019161,11.858057926178855
2024-01-31 02:00:00+00:00,2024-01-31 04:00:00+00:00,nearest_neighbor,5,65b9c5865804904ade2eec0d,2024-01-31 04:33:50.712585+00:00,2024-01-31 06:59:02.740000+00:00,True,True,0.0,13.287848785015521,14.357787324979778
2024-01-31 02:00:00+00:00,2024-01-31 04:00:00+00:00,nearest_neighbor,6,65b9bea25804904ade2ee9b1,2024-01-31 04:39:01.134475+00:00,2024-01-31 06:29:38.166000+00:00,True,True,0.0,4.9659390111395165,5.173698163047766
2024-01-31 02:00:00+00:00,2024-01-31 04:00:00+00:00,priority_nearest_neighbor,1,65b9be075804904ade2ee98b,2024-01-31 04:04:50.958748+00:00,2024-01-31 06:27:03.752000+00:00,True,True,0.0,4.354708394522294,4.849312464882735
2024-01-31 02:00:00+00:00,2024-01-31 04:00:00+00:00,priority_nearest_neighbor,2,65b9c08f5804904ade2eea89,2024-01-31 04:06:36.093901+00:00,2024-01-31 06:37:51.924000+00:00,True,True,0.0,1.635418670539536,1.7522525571703569
2024-01-31 02:00:00+00:00,2024-01-31 04:00:00+00:00,priority_nearest_neighbor,3,65b9c3f25804904ade2eeb11,2024-01-31 04:08:09.374994+00:00,2024-01-31 06:52:18.317000+00:00,True,True,0.0,1.2126590223658427,1.5546848751340925
2024-01-31 02:00:00+00:00,2024-01-31 04:00:00+00:00,priority_nearest_neighbor,4,65b9c5865804904ade2eec0d,2024-01-31 04:19:16.134725+00:00,2024-01-31 06:59:02.740000+00:00,True,True,0.0,10.467716574052927,11.112662183779946
2024-01-31 02:00:00+00:00,2024-01-31 04:00:00+00:00,priority_nearest_neighbor,5,65b9bea25804904ade2ee9b1,2024-01-31 04:24:26.556615+00:00,2024-01-31 06:29:38.166000+00:00,True,True,0.0,4.9659390111395165,5.173698163047766
2024-01-31 02:00:00+00:00,2024-01-31 04:00:00+00:00,priority_nearest_neighbor,6,65b9bf3d5804904ade2ee9fb,2024-01-31 04:40:49.879741+00:00,2024-01-31 06:32:13.262000+00:00,True,True,0.0,16.421671402537534,16.38871877454099
2024-01-31 02:00:00+00:00,2024-01-31 04:00:00+00:00,clarke_wright,1,65b9be075804904ade2ee98b,2024-01-31 04:04:50.958748+00:00,2024-01-31 06:27:03.752000+00:00,True,True,0.0,4.354708394522294,4.849312464882735
2024-01-31 02:00:00+00:00,2024-01-31 04:00:00+00:00,clarke_wright,2,65b9c08f5804904ade2eea89,2024-01-31 04:06:36.093901+00:00,2024-01-31 06:37:51.924000+00:00,True,True,0.0,1.635418670539536,1.7522525571703569
2024-01-31 02:00:00+00:00,2024-01-31 04:00:00+00:00,clarke_wright,3,65b9c3f25804904ade2eeb11,2024-01-31 04:08:09.374994+00:00,2024-01-31 06:52:18.317000+00:00,True,True,0.0,1.2126590223658427,1.5546848751340925
2024-01-31 02:00:00+00:00,2024-01-31 04:00:00+00:00,clarke_wright,4,65b9bf3d5804904ade2ee9fb,2024-01-31 04:20:59.979520+00:00,2024-01-31 06:32:13.262000+00:00,True,True,0.0,10.921324305092503,12.843408767505954
2024-01-31 02:00:00+00:00,2024-01-31 04:00:00+00:00,clarke_wright,5,65b9bea25804904ade2ee9b1,2024-01-31 04:37:39.253535+00:00,2024-01-31 06:29:38.166000+00:00,True,True,0.0,16.387736935591043,16.65456691376153
2024-01-31 02:00:00+00:00,2024-01-31 04:00:00+00:00,clarke_wright,6,65b9c5865804904ade2eec0d,2024-01-31 04:42:43.346978+00:00,2024-01-31 06:59:02.740000+00:00,True,True,0.0,5.556043139685648,5.068224056366783
2024-02-01 04:00:00+00:00,2024-02-01 06:00:00+00:00,nearest_neighbor,1,65bb1c4b56d4f5d21ff842cb,2024-02-01 06:02:02.139445+00:00,2024-02-01 07:21:31.472000+00:00,True,True,0.0,1.6535182969486488,2.0356574218496437
2024-02-01 04:00:00+00:00,2024-02-01 06:00:00+00:00,nearest_neighbor,2,65bb248856d4f5d21ff849dd,2024-02-01 06:03:48.082690+00:00,2024-02-01 07:56:40.306000+00:00,True,True,0.0,1.295504836394503,1.7657207464788156
2024-02-01 04:00:00+00:00,2024-02-01 06:00:00+00:00,nearest_neighbor,3,65bb19f456d4f5d21ff841a4,2024-02-01 06:04:44.174511+00:00,2024-02-01 07:11:32.101000+00:00,True,True,0.0,0.8429835670420691,0.934863690081541
2024-02-01 04:00:00+00:00,2024-02-01 06:00:00+00:00,nearest_neighbor,4,65bb1d4b56d4f5d21ff843ad,2024-02-01 06:07:51.273323+00:00,2024-02-01 07:25:47.793000+00:00,True,True,0.0,2.6614000900297126,3.1183135275701948
2024-02-01 04:00:00+00:00,2024-02-01 06:00:00+00:00,nearest_neighbor,5,65bb1ab156d4f5d21ff841dd,2024-02-01 06:17:58.754265+00:00,2024-02-01 07:14:41.979000+00:00,True,True,0.0,8.625294223200434,10.12468236846556
2024-02-01 04:00:00+00:00,2024-02-01 06:00:00+00:00,nearest_neighbor,6,65bb1b8556d4f5d21ff84231,2024-02-01 06:20:10.816893+00:00,2024-02-01 07:18:13.473000+00:00,True,True,0.0,2.0365446601861534,2.201043796464082
2024-02-01 04:00:00+00:00,2024-02-01 06:00:00+00:00,nearest_neighbor,7,65bb22d556d4f5d21ff848c3,2024-02-01 06:22:37.537558+00:00,2024-02-01 07:49:25.858000+00:00,True,True,0.0,2.2605870360088476,2.445344421531685
2024-02-01 04:00:00+00:00,2024-02-01 06:00:00+00:00,nearest_neighbor,8,65bb1d7b56d4f5d21ff84496,2024-02-01 06:26:18.123628+00:00,2024-02-01 07:26:35.073000+00:00,True,True,0.0,3.049773505146581,3.6764345045313096
2024-02-01 04:00:00+00:00,2024-02-01 06:00:00+00:00,nearest_neighbor,9,65bb1e6a56d4f5d21ff845b3,2024-02-01 06:40:48.602475+00:00,2024-02-01 07:30:34.799000+00:00,True,True,0.0,12.668769731412109,14.507980775042103
2024-02-01 04:00:00+00:00,2024-02-01 06:00:00+00:00,nearest_neighbor,10,65bb1bf656d4f5d21ff84295,2024-02-01 06:59:11.417364+00:00,2024-02-01 07:20:06.803000+00:00,True,True,0.0,17.139228548055925,18.38024814870925
2024-02-01 04:00:00+00:00,2024-02-01 06:00:00+00:00,priority_nearest_neighbor,1,65bb19f456d4f5d21ff841a4,2024-02-01 06:03:16.366804+00:00,2024-02-01 07:11:32.101000+00:00,True,True,0.0,2.892902130688536,3.2727800598274737
2024-02-01 04:00:00+00:00,2024-02-01 06:00:00+00:00,priority_nearest_neighbor,2,65bb1c4b56d4f5d21ff842cb,2024-02-01 06:06:02.956218+00:00,2024-02-01 07:21:31.472000+00:00,True,True,0.0,2.0988861760894824,2.7764902372411124
2024-02-01 04:00:00+00:00,2024-02-01 06:00:00+00:00,priority_nearest_neighbor,3,65bb1d4b56d4f5d21ff843ad,2024-02-01 06:07:53.523877+00:00,2024-02-01 07:25:47.793000+00:00,True,True,0.0,1.6010476493058197,1.842794312782137
2024-02-01 04:00:00+00:00,2024-02-01 06:00:00+00:00,priority_nearest_neighbor,4,65bb1ab156d4f5d21ff841dd,2024-02-01 06:18:01.004819+00:00,2024-02-01 07:14:41.979000+00:00,True,True,0.0,8.625294223200434,10.12468236846556
2024-02-01 04:00:00+00:00,2024-02-01 06:00:00+00:00,priority_nearest_neighbor,5,65bb1b8556d4f5d21ff84231,2024-02-01 06:20:13.067447+00:00,2024-02-01 07:18:13.473000+00:00,True,True,0.0,2.0365446601861534,2.201043796464082
2024-02-01 04:00:00+00:00,2024-02-01 06:00:00+00:00,priority_nearest_neighbor,6,65bb1d7b56d4f5d21ff84496,2024-02-01 06:23:24.766464+00:00,2024-02-01 07:26:35.073000+00:00,True,True,0.0,2.797663012749894,3.1949836114638415
2024-02-01 04:00:00+00:00,2024-02-01 06:00:00+00:00,priority_nearest_neighbor,7,65bb1bf656d4f5d21ff84295,2024-02-01 06:40:22.684531+00:00,2024-02-01 07:20:06.803000+00:00,True,True,0.0,15.698764957301654,16.96530111404715
2024-02-01 04:00:00+00:00,2024-02-01 06:00:00+00:00,priority_nearest_neighbor,8,65bb1e6a56d4f5d21ff845b3,2024-02-01 06:59:03.363978+00:00,2024-02-01 07:30:34.799000+00:00,True,True,0.0,17.379755557389636,18.677990789688796
2024-02-01 04:00:00+00:00,2024-02-01 06:00:00+00:00,priority_nearest_neighbor,9,65bb248856d4f5d21ff849dd,2024-02-01 07:09:42.491495+00:00,2024-02-01 07:56:40.306000+00:00,True,True,0.0,9.521293385765086,10.65212528513227
2024-02-01 04:00:00+00:00,2024-02-01 06:00:00+00:00,priority_nearest_neighbor,10,65bb22d556d4f5d21ff848c3,2024-02-01 07:21:17.952394+00:00,2024-02-01 07:49:25.858000+00:00,True,True,0.0,10.868514370699323,11.591014988399435
2024-02-01 04:00:00+00:00,2024-02-01 06:00:00+00:00,clarke_wright,1,65bb1c4b56d4f5d21ff842cb,2024-02-01 06:02:02.139445+00:00,2024-02-01 07:21:31.472000+00:00,True,True,0.0,1.6535182969486488,2.0356574218496437
2024-02-01 04:00:00+00:00,2024-02-01 06:00:00+00:00,clarke_wright,2,65bb248856d4f5d21ff849dd,2024-02-01 06:03:48.082690+00:00,2024-02-01 07:56:40.306000+00:00,True,True,0.0,1.295504836394503,1.7657207464788156
2024-02-01 04:00:00+00:00,2024-02-01 06:00:00+00:00,clarke_wright,3,65bb19f456d4f5d21ff841a4,2024-02-01 06:04:44.174511+00:00,2024-02-01 07:11:32.101000+00:00,True,True,0.0,0.8429835670420691,0.934863690081541
2024-02-01 04:00:00+00:00,2024-02-01 06:00:00+00:00,clarke_wright,4,65bb1ab156d4f5d21ff841dd,2024-02-01 06:11:58.221949+00:00,2024-02-01 07:14:41.979000+00:00,True,True,0.0,6.383302424217459,7.234123964000783
2024-02-01 04:00:00+00:00,2024-02-01 06:00:00+00:00,clarke_wright,5,65bb1b8556d4f5d21ff84231,2024-02-01 06:14:10.284577+00:00,2024-02-01 07:18:13.473000+00:00,True,True,0.0,2.0365446601861534,2.201043796464082
2024-02-01 04:00:00+00:00,2024-02-01 06:00:00+00:00,clarke_wright,6,65bb1d7b56d4f5d21ff84496,2024-02-01 06:17:21.983594+00:00,2024-02-01 07:26:35.073000+00:00,True,True,0.0,2.797663012749894,3.1949836114638415
2024-02-01 04:00:00+00:00,2024-02-01 06:00:00+00:00,clarke_wright,7,65bb22d556d4f5d21ff848c3,2024-02-01 06:20:32.050539+00:00,2024-02-01 07:49:25.858000+00:00,True,True,0.0,2.676412057708321,3.1677824119958116
2024-02-01 04:00:00+00:00,2024-02-01 06:00:00+00:00,clarke_wright,8,65bb1e6a56d4f5d21ff845b3,2024-02-01 06:33:04.595230+00:00,2024-02-01 07:30:34.799000+00:00,True,True,0.0,11.672740368432375,12.542411511709384
2024-02-01 04:00:00+00:00,2024-02-01 06:00:00+00:00,clarke_wright,9,65bb1d4b56d4f5d21ff843ad,2024-02-01 06:43:11.555042+00:00,2024-02-01 07:25:47.793000+00:00,True,True,0.0,8.838359612588183,10.11599686452521
2024-02-01 04:00:00+00:00,2024-02-01 06:00:00+00:00,clarke_wright,10,65bb1bf656d4f5d21ff84295,2024-02-01 06:52:31.142429+00:00,2024-02-01 07:20:06.803000+00:00,True,True,0.0,8.703043904313528,9.326456450432605
2024-02-02 04:00:00+00:00,2024-02-02 06:00:00+00:00,nearest_neighbor,1,65bc73d1e5fd84b5ca81dd10,2024-02-02 06:00:58.366500+00:00,2024-02-02 07:47:13.514000+00:00,True,True,0.0,0.902326319414766,0.9727749968903084
2024-02-02 04:00:00+00:00,2024-02-02 06:00:00+00:00,nearest_neighbor,2,65bc7281e5fd84b5ca81dbcb,2024-02-02 06:03:16.246896+00:00,2024-02-02 07:41:37.753000+00:00,True,True,0.0,1.9010958549013484,2.2980065975836843
2024-02-02 04:00:00+00:00,2024-02-02 06:00:00+00:00,nearest_neighbor,3,65bc72c4e5fd84b5ca81dc23,2024-02-02 06:05:51.676757+00:00,2024-02-02 07:42:44.544000+00:00,True,True,0.0,2.213515444668102,2.590497677467821
2024-02-02 04:00:00+00:00,2024-02-02 06:00:00+00:00,nearest_neighbor,4,65bc735ee5fd84b5ca81dc7f,2024-02-02 06:12:02.964676+00:00,2024-02-02 07:45:18.582000+00:00,True,True,0.0,5.636846544458557,6.1881319799049335
2024-02-02 04:00:00+00:00,2024-02-02 06:00:00+00:00,nearest_neighbor,5,65bc7416e5fd84b5ca81dd97,2024-02-02 06:16:52.305255+00:00,2024-02-02 07:48:22.050000+00:00,True,True,0.0,4.417114273771663,4.822342990779438
2024-02-02 04:00:00+00:00,2024-02-02 06:00:00+00:00,nearest_neighbor,6,65bc77aae5fd84b5ca81df98,2024-02-02 06:28:42.817929+00:00,2024-02-02 08:03:38.414000+00:00,True,True,0.0,11.127215586007845,11.841877899429022
2024-02-02 04:00:00+00:00,2024-02-02 06:00:00+00:00,priority_nearest_neighbor,1,65bc7281e5fd84b5ca81dbcb,2024-02-02 06:01:31.392257+00:00,2024-02-02 07:41:37.753000+00:00,True,True,0.0,1.2324388711089393,1.5232042908004382
2024-02-02 04:00:00+00:00,2024-02-02 06:00:00+00:00,priority_nearest_neighbor,2,65bc72c4e5fd84b5ca81dc23,2024-02-02 06:04:06.822118+00:00,2024-02-02 07:42:44.544000+00:00,True,True,0.0,2.213515444668102,2.590497677467821
2024-02-02 04:00:00+00:00,2024-02-02 06:00:00+00:00,priority_nearest_neighbor,3,65bc73d1e5fd84b5ca81dd10,2024-02-02 06:07:43.242371+00:00,2024-02-02 07:47:13.514000+00:00,True,True,0.0,3.2113414834753438,3.607004208906679
2024-02-02 04:00:00+00:00,2024-02-02 06:00:00+00:00,priority_nearest_neighbor,4,65bc735ee5fd84b5ca81dc7f,2024-02-02 06:12:26.292979+00:00,2024-02-02 07:45:18.582000+00:00,True,True,0.0,4.3159500067986585,4.71751013182559
2024-02-02 04:00:00+00:00,2024-02-02 06:00:00+00:00,priority_nearest_neighbor,5,65bc7416e5fd84b5ca81dd97,2024-02-02 06:17:15.633558+00:00,2024-02-02 07:48:22.050000+00:00,True,True,0.0,4.417114273771663,4.822342990779438
2024-02-02 04:00:00+00:00,2024-02-02 06:00:00+00:00,priority_nearest_neighbor,6,65bc77aae5fd84b5ca81df98,2024-02-02 06:29:06.146232+00:00,2024-02-02 08:03:38.414000+00:00,True,True,0.0,11.127215586007845,11.841877899429022
2024-02-02 04:00:00+00:00,2024-02-02 06:00:00+00:00,clarke_wright,1,65bc7281e5fd84b5ca81dbcb,2024-02-02 06:01:31.392257+00:00,2024-02-02 07:41:37.753000+00:00,True,True,0.0,1.2324388711089393,1.5232042908004382
2024-02-02 04:00:00+00:00,2024-02-02 06:00:00+00:00,clarke_wright,2,65bc72c4e5fd84b5ca81dc23,2024-02-02 06:04:06.822118+00:00,2024-02-02 07:42:44.544000+00:00,True,True,0.0,2.213515444668102,2.590497677467821
2024-02-02 04:00:00+00:00,2024-02-02 06:00:00+00:00,clarke_wright,3,65bc7416e5fd84b5ca81dd97,2024-02-02 06:11:17.856993+00:00,2024-02-02 07:48:22.050000+00:00,True,True,0.0,6.205452305263375,7.183914588743139
2024-02-02 04:00:00+00:00,2024-02-02 06:00:00+00:00,clarke_wright,4,65bc735ee5fd84b5ca81dc7f,2024-02-02 06:17:10.858045+00:00,2024-02-02 07:45:18.582000+00:00,True,True,0.0,5.336942778547741,5.883350862647536
2024-02-02 04:00:00+00:00,2024-02-02 06:00:00+00:00,clarke_wright,5,65bc77aae5fd84b5ca81df98,2024-02-02 06:26:04.138115+00:00,2024-02-02 08:03:38.414000+00:00,True,True,0.0,7.693460211861151,8.888001164943493
2024-02-02 04:00:00+00:00,2024-02-02 06:00:00+00:00,clarke_wright,6,65bc73d1e5fd84b5ca81dd10,2024-02-02 06:30:44.018741+00:00,2024-02-02 07:47:13.514000+00:00,True,True,0.0,4.415134401161903,4.66467710296985
2024-02-04 06:00:00+00:00,2024-02-04 08:00:00+00:00,nearest_neighbor,1,65bf3a33573936e36a30a265,2024-02-04 08:02:10.149720+00:00,2024-02-05 04:00:00+00:00,True,True,0.0,2.0371295899130706,2.1691619970430898
2024-02-04 06:00:00+00:00,2024-02-04 08:00:00+00:00,nearest_neighbor,2,65bf2bde573936e36a309e7e,2024-02-04 08:06:06.997263+00:00,2024-02-05 04:00:00+00:00,True,True,0.0,3.6098093578544335,3.9474590420957485
2024-02-04 06:00:00+00:00,2024-02-04 08:00:00+00:00,nearest_neighbor,3,65bf2ca0573936e36a309fed,2024-02-04 08:09:30.539990+00:00,2024-02-05 04:00:00+00:00,True,True,0.0,2.514620420299348,3.392378789110387
2024-02-04 06:00:00+00:00,2024-02-04 08:00:00+00:00,nearest_neighbor,4,65bf285b573936e36a309e01,2024-02-04 08:14:59.269349+00:00,2024-02-05 04:00:00+00:00,True,True,0.0,4.7469979489460625,5.478822654406873
2024-02-04 06:00:00+00:00,2024-02-04 08:00:00+00:00,nearest_neighbor,5,65bf2b97573936e36a309e57,2024-02-04 08:19:06.875834+00:00,2024-02-05 04:00:00+00:00,True,True,0.0,3.2134767312804566,4.126774751194314
2024-02-04 06:00:00+00:00,2024-02-04 08:00:00+00:00,nearest_neighbor,6,65bf2bf2573936e36a309e91,2024-02-04 08:24:15.496381+00:00,2024-02-05 04:00:00+00:00,True,True,0.0,4.599557174955793,5.1436757791075935
2024-02-04 06:00:00+00:00,2024-02-04 08:00:00+00:00,priority_nearest_neighbor,1,65bf3a33573936e36a30a265,2024-02-04 08:02:10.149720+00:00,2024-02-05 04:00:00+00:00,True,True,0.0,2.0371295899130706,2.1691619970430898
2024-02-04 06:00:00+00:00,2024-02-04 08:00:00+00:00,priority_nearest_neighbor,2,65bf2bde573936e36a309e7e,2024-02-04 08:06:06.997263+00:00,2024-02-05 04:00:00+00:00,True,True,0.0,3.6098093578544335,3.9474590420957485
2024-02-04 06:00:00+00:00,2024-02-04 08:00:00+00:00,priority_nearest_neighbor,3,65bf2ca0573936e36a309fed,2024-02-04 08:09:30.539990+00:00,2024-02-05 04:00:00+00:00,True,True,0.0,2.514620420299348,3.392378789110387
2024-02-04 06:00:00+00:00,2024-02-04 08:00:00+00:00,priority_nearest_neighbor,4,65bf285b573936e36a309e01,2024-02-04 08:14:59.269349+00:00,2024-02-05 04:00:00+00:00,True,True,0.0,4.7469979489460625,5.478822654406873
2024-02-04 06:00:00+00:00,2024-02-04 08:00:00+00:00,priority_nearest_neighbor,5,65bf2b97573936e36a309e57,2024-02-04 08:19:06.875834+00:00,2024-02-05 04:00:00+00:00,True,True,0.0,3.2134767312804566,4.126774751194314
2024-02-04 06:00:00+00:00,2024-02-04 08:00:00+00:00,priority_nearest_neighbor,6,65bf2bf2573936e36a309e91,2024-02-04 08:24:15.496381+00:00,2024-02-05 04:00:00+00:00,True,True,0.0,4.599557174955793,5.1436757791075935
2024-02-04 06:00:00+00:00,2024-02-04 08:00:00+00:00,clarke_wright,1,65bf3a33573936e36a30a265,2024-02-04 08:02:10.149720+00:00,2024-02-05 04:00:00+00:00,True,True,0.0,2.0371295899130706,2.1691619970430898
2024-02-04 06:00:00+00:00,2024-02-04 08:00:00+00:00,clarke_wright,2,65bf2ca0573936e36a309fed,2024-02-04 08:07:23.875830+00:00,2024-02-05 04:00:00+00:00,True,True,0.0,4.500332664873543,5.2287685071231875
2024-02-04 06:00:00+00:00,2024-02-04 08:00:00+00:00,clarke_wright,3,65bf2bde573936e36a309e7e,2024-02-04 08:09:37.573802+00:00,2024-02-05 04:00:00+00:00,True,True,0.0,1.6685331674389674,2.2282995403680177
2024-02-04 06:00:00+00:00,2024-02-04 08:00:00+00:00,clarke_wright,4,65bf285b573936e36a309e01,2024-02-04 08:15:50.768188+00:00,2024-02-05 04:00:00+00:00,True,True,0.0,5.509516591265376,6.219906426047293
2024-02-04 06:00:00+00:00,2024-02-04 08:00:00+00:00,clarke_wright,5,65bf2b97573936e36a309e57,2024-02-04 08:19:58.374673+00:00,2024-02-05 04:00:00+00:00,True,True,0.0,3.2134767312804566,4.126774751194314
2024-02-04 06:00:00+00:00,2024-02-04 08:00:00+00:00,clarke_wright,6,65bf2bf2573936e36a309e91,2024-02-04 08:25:06.995220+00:00,2024-02-05 04:00:00+00:00,True,True,0.0,4.599557174955793,5.1436757791075935
2024-02-06 04:00:00+00:00,2024-02-06 06:00:00+00:00,nearest_neighbor,1,65c1c920623505b48dfc3f98,2024-02-06 06:07:33.488094+00:00,2024-02-06 08:51:04+00:00,True,True,0.0,6.644134196173549,7.558134901903325
2024-02-06 04:00:00+00:00,2024-02-06 06:00:00+00:00,nearest_neighbor,2,65c1b8f1428b469dc45f7424,2024-02-06 06:08:09.754695+00:00,2024-02-06 07:42:36+00:00,True,True,0.0,0.4921838073369551,0.6044433508960194
2024-02-06 04:00:00+00:00,2024-02-06 06:00:00+00:00,nearest_neighbor,3,65c1b8b3428b469dc45f72e6,2024-02-06 06:22:31.028681+00:00,2024-02-06 07:41:31+00:00,True,True,0.0,13.527639465560494,14.354566434378084
2024-02-06 04:00:00+00:00,2024-02-06 06:00:00+00:00,nearest_neighbor,4,65c1b86e428b469dc45f7008,2024-02-06 06:29:08.194330+00:00,2024-02-06 07:34:40+00:00,True,True,0.0,6.500517375921281,6.619427487724491
2024-02-06 04:00:00+00:00,2024-02-06 06:00:00+00:00,nearest_neighbor,5,65c1b6d0428b469dc45f6ea5,2024-02-06 06:41:51.534828+00:00,2024-02-06 07:33:25+00:00,True,True,0.0,11.27861207022799,12.722341628572726
2024-02-06 04:00:00+00:00,2024-02-06 06:00:00+00:00,priority_nearest_neighbor,1,65c1b8f1428b469dc45f7424,2024-02-06 06:07:48.975054+00:00,2024-02-06 07:42:36+00:00,True,True,0.0,6.869326567292933,7.81625090521183
2024-02-06 04:00:00+00:00,2024-02-06 06:00:00+00:00,priority_nearest_neighbor,2,65c1b6d0428b469dc45f6ea5,2024-02-06 06:24:11.166612+00:00,2024-02-06 07:33:25+00:00,True,True,0.0,15.581730619693927,16.369859300126034
2024-02-06 04:00:00+00:00,2024-02-06 06:00:00+00:00,priority_nearest_neighbor,3,65c1b86e428b469dc45f7008,2024-02-06 06:36:59.073297+00:00,2024-02-06 07:34:40+00:00,True,True,0.0,11.366817860085643,12.798444745071862
2024-02-06 04:00:00+00:00,2024-02-06 06:00:00+00:00,priority_nearest_neighbor,4,65c1b8b3428b469dc45f72e6,2024-02-06 06:43:35.737843+00:00,2024-02-06 07:41:31+00:00,True,True,0.0,6.125570625330773,6.611075759836788
2024-02-06 04:00:00+00:00,2024-02-06 06:00:00+00:00,priority_nearest_neighbor,5,65c1c920623505b48dfc3f98,2024-02-06 06:58:05.782102+00:00,2024-02-06 08:51:04+00:00,True,True,0.0,13.903891240001524,14.500737644894068
2024-02-06 04:00:00+00:00,2024-02-06 06:00:00+00:00,clarke_wright,1,65c1c920623505b48dfc3f98,2024-02-06 06:07:33.488094+00:00,2024-02-06 08:51:04+00:00,True,True,0.0,6.644134196173549,7.558134901903325
2024-02-06 04:00:00+00:00,2024-02-06 06:00:00+00:00,clarke_wright,2,65c1b8f1428b469dc45f7424,2024-02-06 06:08:09.754695+00:00,2024-02-06 07:42:36+00:00,True,True,0.0,0.4921838073369551,0.6044433508960194
2024-02-06 04:00:00+00:00,2024-02-06 06:00:00+00:00,clarke_wright,3,65c1b6d0428b469dc45f6ea5,2024-02-06 06:24:31.946253+00:00,2024-02-06 07:33:25+00:00,True,True,0.0,15.581730619693927,16.369859300126034
2024-02-06 04:00:00+00:00,2024-02-06 06:00:00+00:00,clarke_wright,4,65c1b86e428b469dc45f7008,2024-02-06 06:37:19.852938+00:00,2024-02-06 07:34:40+00:00,True,True,0.0,11.366817860085643,12.798444745071862
2024-02-06 04:00:00+00:00,2024-02-06 06:00:00+00:00,clarke_wright,5,65c1b8b3428b469dc45f72e6,2024-02-06 06:43:56.517484+00:00,2024-02-06 07:41:31+00:00,True,True,0.0,6.125570625330773,6.611075759836788
2024-02-20 02:00:00+00:00,2024-02-20 04:00:00+00:00,nearest_neighbor,1,65d41a7ac2399371767b13e9,2024-02-20 04:04:43.699678+00:00,2024-02-20 06:17:49+00:00,True,True,0.0,4.2680754661045635,4.72832796910321
2024-02-20 02:00:00+00:00,2024-02-20 04:00:00+00:00,nearest_neighbor,2,65d419d1c2399371767b1281,2024-02-20 04:09:47.368757+00:00,2024-02-20 06:02:56+00:00,True,True,0.0,4.496381381909207,5.061151318919995
2024-02-20 02:00:00+00:00,2024-02-20 04:00:00+00:00,nearest_neighbor,3,65d4165ac2399371767b0efc,2024-02-20 04:22:08.684467+00:00,2024-02-20 05:56:31+00:00,True,True,0.0,10.618637782874988,12.355261839109458
2024-02-20 02:00:00+00:00,2024-02-20 04:00:00+00:00,nearest_neighbor,4,65d41a14c2399371767b12bc,2024-02-20 04:25:59.299528+00:00,2024-02-21 03:00:00+00:00,True,True,0.0,2.8857337359062893,3.8435843466640316
2024-02-20 02:00:00+00:00,2024-02-20 04:00:00+00:00,nearest_neighbor,5,65d41adbc2399371767b1415,2024-02-20 04:48:02.899278+00:00,2024-02-20 06:21:09+00:00,True,True,0.0,20.12894173929165,22.05999582704193
2024-02-20 02:00:00+00:00,2024-02-20 04:00:00+00:00,priority_nearest_neighbor,1,65d41a7ac2399371767b13e9,2024-02-20 04:04:43.699678+00:00,2024-02-20 06:17:49+00:00,True,True,0.0,4.2680754661045635,4.72832796910321
2024-02-20 02:00:00+00:00,2024-02-20 04:00:00+00:00,priority_nearest_neighbor,2,65d419d1c2399371767b1281,2024-02-20 04:09:47.368757+00:00,2024-02-20 06:02:56+00:00,True,True,0.0,4.496381381909207,5.061151318919995
2024-02-20 02:00:00+00:00,2024-02-20 04:00:00+00:00,priority_nearest_neighbor,3,65d4165ac2399371767b0efc,2024-02-20 04:22:08.684467+00:00,2024-02-20 05:56:31+00:00,True,True,0.0,10.618637782874988,12.355261839109458
2024-02-20 02:00:00+00:00,2024-02-20 04:00:00+00:00,priority_nearest_neighbor,4,65d41a14c2399371767b12bc,2024-02-20 04:25:59.299528+00:00,2024-02-21 03:00:00+00:00,True,True,0.0,2.8857337359062893,3.8435843466640316
2024-02-20 02:00:00+00:00,2024-02-20 04:00:00+00:00,priority_nearest_neighbor,5,65d41adbc2399371767b1415,2024-02-20 04:48:02.899278+00:00,2024-02-20 06:21:09+00:00,True,True,0.0,20.12894173929165,22.05999582704193
2024-02-20 02:00:00+00:00,2024-02-20 04:00:00+00:00,clarke_wright,1,65d41adbc2399371767b1415,2024-02-20 04:10:24.090987+00:00,2024-02-20 06:21:09+00:00,True,True,0.0,9.638430199479043,10.401516449856182
2024-02-20 02:00:00+00:00,2024-02-20 04:00:00+00:00,clarke_wright,2,65d41a7ac2399371767b13e9,2024-02-20 04:19:43.845569+00:00,2024-02-20 06:17:49+00:00,True,True,0.0,8.38749427950999,9.32924303984719
2024-02-20 02:00:00+00:00,2024-02-20 04:00:00+00:00,clarke_wright,3,65d419d1c2399371767b1281,2024-02-20 04:24:47.514648+00:00,2024-02-20 06:02:56+00:00,True,True,0.0,4.496381381909207,5.061151318919995
2024-02-20 02:00:00+00:00,2024-02-20 04:00:00+00:00,clarke_wright,4,65d4165ac2399371767b0efc,2024-02-20 04:37:08.830358+00:00,2024-02-20 05:56:31+00:00,True,True,0.0,10.618637782874988,12.355261839109458
2024-02-20 02:00:00+00:00,2024-02-20 04:00:00+00:00,clarke_wright,5,65d41a14c2399371767b12bc,2024-02-20 04:40:59.445419+00:00,2024-02-21 03:00:00+00:00,True,True,0.0,2.8857337359062893,3.8435843466640316
2024-02-21 02:00:00+00:00,2024-02-21 04:00:00+00:00,nearest_neighbor,1,65d5711a9ad6745b97caabea,2024-02-21 04:02:26.877901+00:00,2024-02-21 06:40:44+00:00,True,True,0.0,2.077383438971747,2.4479650202356704
2024-02-21 02:00:00+00:00,2024-02-21 04:00:00+00:00,nearest_neighbor,2,65d5744e9ad6745b97caae33,2024-02-21 04:06:04.765257+00:00,2024-02-21 06:54:34+00:00,True,True,0.0,3.271933883152429,3.631455926561432
2024-02-21 02:00:00+00:00,2024-02-21 04:00:00+00:00,nearest_neighbor,3,65d571a19ad6745b97caac25,2024-02-21 04:14:51.707375+00:00,2024-02-21 06:42:24+00:00,True,True,0.0,7.872101470871465,8.782368629137745
2024-02-21 02:00:00+00:00,2024-02-21 04:00:00+00:00,nearest_neighbor,4,65d55c289ad6745b97caa917,2024-02-21 04:31:34.442911+00:00,2024-02-21 05:12:01+00:00,True,True,0.0,14.956360020027736,16.712258939993777
2024-02-21 02:00:00+00:00,2024-02-21 04:00:00+00:00,nearest_neighbor,5,65d570b79ad6745b97caabab,2024-02-21 04:47:15.746566+00:00,2024-02-21 06:38:40+00:00,True,True,0.0,15.015866884939825,15.688394252291648
2024-02-21 02:00:00+00:00,2024-02-21 04:00:00+00:00,priority_nearest_neighbor,1,65d55c289ad6745b97caa917,2024-02-21 04:11:07.442467+00:00,2024-02-21 05:12:01+00:00,True,True,0.0,10.165199592942866,11.12404111515847
2024-02-21 02:00:00+00:00,2024-02-21 04:00:00+00:00,priority_nearest_neighbor,2,65d5744e9ad6745b97caae33,2024-02-21 04:21:22.612024+00:00,2024-02-21 06:54:34+00:00,True,True,0.0,8.87464256422528,10.252825950635762
2024-02-21 02:00:00+00:00,2024-02-21 04:00:00+00:00,priority_nearest_neighbor,3,65d5711a9ad6745b97caabea,2024-02-21 04:24:44.772339+00:00,2024-02-21 06:40:44+00:00,True,True,0.0,2.980657682744371,3.3693385793364823
2024-02-21 02:00:00+00:00,2024-02-21 04:00:00+00:00,priority_nearest_neighbor,4,65d571a19ad6745b97caac25,2024-02-21 04:30:19.401154+00:00,2024-02-21 06:42:24+00:00,True,True,0.0,4.896550838123397,5.577146923359439
2024-02-21 02:00:00+00:00,2024-02-21 04:00:00+00:00,priority_nearest_neighbor,5,65d570b79ad6745b97caabab,2024-02-21 04:45:05.736596+00:00,2024-02-21 06:38:40+00:00,True,True,0.0,15.008372155475538,14.77225736933986
2024-02-21 02:00:00+00:00,2024-02-21 04:00:00+00:00,clarke_wright,1,65d570b79ad6745b97caabab,2024-02-21 04:09:32.854036+00:00,2024-02-21 06:38:40+00:00,True,True,0.0,9.913844364322228,9.547567267948143
2024-02-21 02:00:00+00:00,2024-02-21 04:00:00+00:00,clarke_wright,2,65d55c289ad6745b97caa917,2024-02-21 04:25:18.677940+00:00,2024-02-21 05:12:01+00:00,True,True,0.0,15.29733514336536,15.763731739778732
2024-02-21 02:00:00+00:00,2024-02-21 04:00:00+00:00,clarke_wright,3,65d5744e9ad6745b97caae33,2024-02-21 04:35:33.847497+00:00,2024-02-21 06:54:34+00:00,True,True,0.0,8.87464256422528,10.252825950635762
2024-02-21 02:00:00+00:00,2024-02-21 04:00:00+00:00,clarke_wright,4,65d5711a9ad6745b97caabea,2024-02-21 04:38:56.007812+00:00,2024-02-21 06:40:44+00:00,True,True,0.0,2.980657682744371,3.3693385793364823
2024-02-21 02:00:00+00:00,2024-02-21 04:00:00+00:00,clarke_wright,5,65d571a19ad6745b97caac25,2024-02-21 04:44:30.636627+00:00,2024-02-21 06:42:24+00:00,True,True,0.0,4.896550838123397,5.577146923359439
2024-02-27 04:00:00+00:00,2024-02-27 06:00:00+00:00,nearest_neighbor,1,65dd602fb660cdbe797f6f33,2024-02-27 06:04:50.958748+00:00,2024-02-27 07:03:55+00:00,True,True,0.0,4.354708394522294,4.849312464882735
2024-02-27 04:00:00+00:00,2024-02-27 06:00:00+00:00,nearest_neighbor,2,65dd5ff5b660cdbe797f6f1b,2024-02-27 06:09:55.099666+00:00,2024-02-27 06:36:03+00:00,True,True,0.0,4.723536342699535,5.069015298272071
2024-02-27 04:00:00+00:00,2024-02-27 06:00:00+00:00,nearest_neighbor,3,65dd5ef3b660cdbe797f6d73,2024-02-27 06:17:18.380133+00:00,2024-02-27 07:02:04+00:00,True,True,0.0,6.686350499497072,7.388007785500272
2024-02-27 04:00:00+00:00,2024-02-27 06:00:00+00:00,nearest_neighbor,4,65dd5f27b660cdbe797f6d9d,2024-02-27 06:26:36.931497+00:00,2024-02-27 07:03:03+00:00,True,True,0.0,9.362928635272697,9.309189407221044
2024-02-27 04:00:00+00:00,2024-02-27 06:00:00+00:00,nearest_neighbor,5,65dd79f2e167fc53154863a3,2024-02-27 06:48:33.830324+00:00,2024-02-27 08:57:39+00:00,True,True,0.0,20.196590519970762,21.948313775655983
2024-02-27 04:00:00+00:00,2024-02-27 06:00:00+00:00,priority_nearest_neighbor,1,65dd5ff5b660cdbe797f6f1b,2024-02-27 06:09:35.448371+00:00,2024-02-27 06:36:03+00:00,True,True,0.0,8.701906029588217,9.590806190112168
2024-02-27 04:00:00+00:00,2024-02-27 06:00:00+00:00,priority_nearest_neighbor,2,65dd602fb660cdbe797f6f33,2024-02-27 06:15:15.145569+00:00,2024-02-27 07:03:55+00:00,True,True,0.0,5.276326271235595,5.661619961817375
2024-02-27 04:00:00+00:00,2024-02-27 06:00:00+00:00,priority_nearest_neighbor,3,65dd5ef3b660cdbe797f6d73,2024-02-27 06:20:31.731770+00:00,2024-02-27 07:02:04+00:00,True,True,0.0,4.8704540791418705,5.276436686428711
2024-02-27 04:00:00+00:00,2024-02-27 06:00:00+00:00,priority_nearest_neighbor,4,65dd5f27b660cdbe797f6d9d,2024-02-27 06:29:50.283134+00:00,2024-02-27 07:03:03+00:00,True,True,0.0,9.362928635272697,9.309189407221044
2024-02-27 04:00:00+00:00,2024-02-27 06:00:00+00:00,priority_nearest_neighbor,5,65dd79f2e167fc53154863a3,2024-02-27 06:51:47.181961+00:00,2024-02-27 08:57:39+00:00,True,True,0.0,20.196590519970762,21.948313775655983
2024-02-27 04:00:00+00:00,2024-02-27 06:00:00+00:00,clarke_wright,1,65dd79f2e167fc53154863a3,2024-02-27 06:11:07.442467+00:00,2024-02-27 08:57:39+00:00,True,True,0.0,10.165199592942866,11.12404111515847
2024-02-27 04:00:00+00:00,2024-02-27 06:00:00+00:00,clarke_wright,2,65dd602fb660cdbe797f6f33,2024-02-27 06:24:14.415644+00:00,2024-02-27 07:03:55+00:00,True,True,0.0,11.464008129605443,13.116219614407603
2024-02-27 04:00:00+00:00,2024-02-27 06:00:00+00:00,clarke_wright,3,65dd5ff5b660cdbe797f6f1b,2024-02-27 06:29:18.556562+00:00,2024-02-27 06:36:03+00:00,True,True,0.0,4.723536342699535,5.069015298272071
2024-02-27 04:00:00+00:00,2024-02-27 06:00:00+00:00,clarke_wright,4,65dd5ef3b660cdbe797f6d73,2024-02-27 06:36:41.837029+00:00,2024-02-27 07:02:04+00:00,True,True,0.0,6.686350499497072,7.388007785500272
2024-02-27 04:00:00+00:00,2024-02-27 06:00:00+00:00,clarke_wright,5,65dd5f27b660cdbe797f6d9d,2024-02-27 06:46:00.388393+00:00,2024-02-27 07:03:03+00:00,True,True,0.0,9.362928635272697,9.309189407221044
2024-03-08 02:00:00+00:00,2024-03-08 04:00:00+00:00,nearest_neighbor,1,65ea88498fecdc6abd0ff12a,2024-03-08 04:01:20.916842+00:00,2024-03-08 06:37:10+00:00,True,True,0.0,1.1066090594476077,1.3486140376815674
2024-03-08 02:00:00+00:00,2024-03-08 04:00:00+00:00,nearest_neighbor,2,65ea84538fecdc6abd0fef24,2024-03-08 04:05:39.996746+00:00,2024-03-08 06:15:54+00:00,True,True,0.0,3.6832808732875226,4.317998403831178
2024-03-08 02:00:00+00:00,2024-03-08 04:00:00+00:00,nearest_neighbor,3,65ea88d38fecdc6abd0ff1de,2024-03-08 04:13:31.610707+00:00,2024-03-08 06:40:06+00:00,True,True,0.0,6.95258986538523,7.860232691026765
2024-03-08 02:00:00+00:00,2024-03-08 04:00:00+00:00,nearest_neighbor,4,65ea7f3f8fecdc6abd0fee07,2024-03-08 04:26:31.905519+00:00,2024-03-09 03:00:00+00:00,True,True,0.0,11.152925395862795,13.004913538093223
2024-03-08 02:00:00+00:00,2024-03-08 04:00:00+00:00,nearest_neighbor,5,65ea87e18fecdc6abd0ff0b8,2024-03-08 04:32:00.878857+00:00,2024-03-08 11:00:00+00:00,True,True,0.0,4.711516180036857,5.482888971097383
2024-03-08 02:00:00+00:00,2024-03-08 04:00:00+00:00,priority_nearest_neighbor,1,65ea84538fecdc6abd0fef24,2024-03-08 04:03:26.912902+00:00,2024-03-08 06:15:54+00:00,True,True,0.0,2.8127231875752843,3.4485483666712073
2024-03-08 02:00:00+00:00,2024-03-08 04:00:00+00:00,priority_nearest_neighbor,2,65ea88498fecdc6abd0ff12a,2024-03-08 04:07:45.957044+00:00,2024-03-08 06:37:10+00:00,True,True,0.0,3.671017548481021,4.317402359137642
2024-03-08 02:00:00+00:00,2024-03-08 04:00:00+00:00,priority_nearest_neighbor,3,65ea88d38fecdc6abd0ff1de,2024-03-08 04:19:30.957137+00:00,2024-03-08 06:40:06+00:00,True,True,0.0,10.388637855177302,11.750001552914494
2024-03-08 02:00:00+00:00,2024-03-08 04:00:00+00:00,priority_nearest_neighbor,4,65ea7f3f8fecdc6abd0fee07,2024-03-08 04:32:31.251949+00:00,2024-03-09 03:00:00+00:00,True,True,0.0,11.152925395862795,13.004913538093223
2024-03-08 02:00:00+00:00,2024-03-08 04:00:00+00:00,priority_nearest_neighbor,5,65ea87e18fecdc6abd0ff0b8,2024-03-08 04:38:00.225287+00:00,2024-03-08 11:00:00+00:00,True,True,0.0,4.711516180036857,5.482888971097383
2024-03-08 02:00:00+00:00,2024-03-08 04:00:00+00:00,clarke_wright,1,65ea88498fecdc6abd0ff12a,2024-03-08 04:01:20.916842+00:00,2024-03-08 06:37:10+00:00,True,True,0.0,1.1066090594476077,1.3486140376815674
2024-03-08 02:00:00+00:00,2024-03-08 04:00:00+00:00,clarke_wright,2,65ea7f3f8fecdc6abd0fee07,2024-03-08 04:12:23.807595+00:00,2024-03-09 03:00:00+00:00,True,True,0.0,9.855835656983244,11.048179214380507
2024-03-08 02:00:00+00:00,2024-03-08 04:00:00+00:00,clarke_wright,3,65ea87e18fecdc6abd0ff0b8,2024-03-08 04:17:52.780933+00:00,2024-03-08 11:00:00+00:00,True,True,0.0,4.711516180036857,5.482888971097383
2024-03-08 02:00:00+00:00,2024-03-08 04:00:00+00:00,clarke_wright,4,65ea88d38fecdc6abd0ff1de,2024-03-08 04:32:30.626793+00:00,2024-03-08 06:40:06+00:00,True,True,0.0,13.453295929178973,14.630764340395803
2024-03-08 02:00:00+00:00,2024-03-08 04:00:00+00:00,clarke_wright,5,65ea84538fecdc6abd0fef24,2024-03-08 04:40:40.335434+00:00,2024-03-08 06:15:54+00:00,True,True,0.0,7.1541090973093375,8.161810677177463
2024-03-08 04:00:00+00:00,2024-03-08 06:00:00+00:00,nearest_neighbor,1,65eaa63a8fecdc6abd0ffbf2,2024-03-08 06:03:58.864512+00:00,2024-03-08 08:45:27+00:00,True,True,0.0,3.5339585905919333,3.9810751934804705
2024-03-08 04:00:00+00:00,2024-03-08 06:00:00+00:00,nearest_neighbor,2,65eaa6b28fecdc6abd0ffc7d,2024-03-08 06:13:31.694153+00:00,2024-03-08 08:46:41+00:00,True,True,0.0,8.33783089447034,9.547160679970126
2024-03-08 04:00:00+00:00,2024-03-08 06:00:00+00:00,nearest_neighbor,3,65eaa93d8fecdc6abd0ffe3a,2024-03-08 06:27:49.003556+00:00,2024-03-08 08:58:20+00:00,True,True,0.0,13.244202745600946,14.288490053323141
2024-03-08 04:00:00+00:00,2024-03-08 06:00:00+00:00,nearest_neighbor,4,65ea900f8fecdc6abd0ff58c,2024-03-08 06:36:12.179635+00:00,2024-03-09 03:00:00+00:00,True,True,0.0,7.100751860147878,8.38626797667365
2024-03-08 04:00:00+00:00,2024-03-08 06:00:00+00:00,nearest_neighbor,5,65eaa0c38fecdc6abd0ff954,2024-03-08 06:36:12.179635+00:00,2024-03-08 08:22:58+00:00,True,True,0.0,0.0,0.0
2024-03-08 04:00:00+00:00,2024-03-08 06:00:00+00:00,nearest_neighbor,6,65eaa0b18fecdc6abd0ff93c,2024-03-08 06:36:12.179635+00:00,2024-03-08 08:22:11+00:00,True,True,0.0,0.0,0.0
2024-03-08 04:00:00+00:00,2024-03-08 06:00:00+00:00,priority_nearest_neighbor,1,65eaa63a8fecdc6abd0ffbf2,2024-03-08 06:03:58.864512+00:00,2024-03-08 08:45:27+00:00,True,True,0.0,3.5339585905919333,3.9810751934804705
2024-03-08 04:00:00+00:00,2024-03-08 06:00:00+00:00,priority_nearest_neighbor,2,65eaa6b28fecdc6abd0ffc7d,2024-03-08 06:13:31.694153+00:00,2024-03-08 08:46:41+00:00,True,True,0.0,8.33783089447034,9.547160679970126
2024-03-08 04:00:00+00:00,2024-03-08 06:00:00+00:00,priority_nearest_neighbor,3,65eaa93d8fecdc6abd0ffe3a,2024-03-08 06:27:49.003556+00:00,2024-03-08 08:58:20+00:00,True,True,0.0,13.244202745600946,14.288490053323141
2024-03-08 04:00:00+00:00,2024-03-08 06:00:00+00:00,priority_nearest_neighbor,4,65eaa0b18fecdc6abd0ff93c,2024-03-08 06:36:12.179635+00:00,2024-03-08 08:22:11+00:00,True,True,0.0,7.100751860147878,8.38626797667365
2024-03-08 04:00:00+00:00,2024-03-08 06:00:00+00:00,priority_nearest_neighbor,5,65eaa0c38fecdc6abd0ff954,2024-03-08 06:36:12.179635+00:00,2024-03-08 08:22:58+00:00,True,True,0.0,0.0,0.0
2024-03-08 04:00:00+00:00,2024-03-08 06:00:00+00:00,priority_nearest_neighbor,6,65ea900f8fecdc6abd0ff58c,2024-03-08 06:36:12.179635+00:00,2024-03-09 03:00:00+00:00,True,True,0.0,0.0,0.0
2024-03-08 04:00:00+00:00,2024-03-08 06:00:00+00:00,clarke_wright,1,65eaa6b28fecdc6abd0ffc7d,2024-03-08 06:07:37.305801+00:00,2024-03-08 08:46:41+00:00,True,True,0.0,6.776698974466356,7.621763351435588
2024-03-08 04:00:00+00:00,2024-03-08 06:00:00+00:00,clarke_wright,2,65eaa63a8fecdc6abd0ffbf2,2024-03-08 06:17:10.877370+00:00,2024-03-08 08:45:27+00:00,True,True,0.0,8.384680519257287,9.559526147636493
2024-03-08 04:00:00+00:00,2024-03-08 06:00:00+00:00,clarke_wright,3,65ea900f8fecdc6abd0ff58c,2024-03-08 06:30:26.821862+00:00,2024-03-09 03:00:00+00:00,True,True,0.0,11.87307955038199,13.265741538024297
2024-03-08 04:00:00+00:00,2024-03-08 06:00:00+00:00,clarke_wright,4,65eaa0c38fecdc6abd0ff954,2024-03-08 06:30:26.821862+00:00,2024-03-08 08:22:58+00:00,True,True,0.0,0.0,0.0
2024-03-08 04:00:00+00:00,2024-03-08 06:00:00+00:00,clarke_wright,5,65eaa0b18fecdc6abd0ff93c,2024-03-08 06:30:26.821862+00:00,2024-03-08 08:22:11+00:00,True,True,0.0,0.0,0.0
2024-03-08 04:00:00+00:00,2024-03-08 06:00:00+00:00,clarke_wright,6,65eaa93d8fecdc6abd0ffe3a,2024-03-08 06:39:21.400326+00:00,2024-03-08 08:58:20+00:00,True,True,0.0,7.980945420744875,8.909641064534704
2024-03-18 02:00:00+00:00,2024-03-18 04:00:00+00:00,nearest_neighbor,1,65f7b536b0848ea58142104b,2024-03-18 04:02:26.877901+00:00,2024-03-18 11:00:00+00:00,True,True,0.0,2.077383438971747,2.4479650202356704
2024-03-18 02:00:00+00:00,2024-03-18 04:00:00+00:00,nearest_neighbor,2,65f7baabb0848ea58142146d,2024-03-18 04:13:52.779282+00:00,2024-03-18 06:52:18+00:00,True,True,0.0,10.153514640243458,11.431689690144816
2024-03-18 02:00:00+00:00,2024-03-18 04:00:00+00:00,nearest_neighbor,3,65f7b4f3b0848ea581421016,2024-03-18 04:16:31.015340+00:00,2024-03-18 11:00:00+00:00,True,True,0.0,2.0164409320715184,2.6372676405739495
2024-03-18 02:00:00+00:00,2024-03-18 04:00:00+00:00,nearest_neighbor,4,65f7b6f7b0848ea5814211f2,2024-03-18 04:20:48.829104+00:00,2024-03-18 06:36:14+00:00,True,True,0.0,3.7704831006146473,4.296896060569028
2024-03-18 02:00:00+00:00,2024-03-18 04:00:00+00:00,nearest_neighbor,5,65f7b4a1b0848ea581420ff5,2024-03-18 04:40:02.408786+00:00,2024-03-18 06:25:43+00:00,True,True,0.0,18.722184948266577,19.226328028261367
2024-03-18 02:00:00+00:00,2024-03-18 04:00:00+00:00,nearest_neighbor,6,65f7ba5fb0848ea581421433,2024-03-18 04:56:41.498474+00:00,2024-03-18 11:00:00+00:00,True,True,0.0,17.7814260972338,16.651494796801305
2024-03-18 02:00:00+00:00,2024-03-18 04:00:00+00:00,priority_nearest_neighbor,1,65f7b536b0848ea58142104b,2024-03-18 04:02:26.877901+00:00,2024-03-18 11:00:00+00:00,True,True,0.0,2.077383438971747,2.4479650202356704
2024-03-18 02:00:00+00:00,2024-03-18 04:00:00+00:00,priority_nearest_neighbor,2,65f7b4a1b0848ea581420ff5,2024-03-18 04:13:16.207396+00:00,2024-03-18 06:25:43+00:00,True,True,0.0,11.07821648489555,10.822158248735546
2024-03-18 02:00:00+00:00,2024-03-18 04:00:00+00:00,priority_nearest_neighbor,3,65f7baabb0848ea58142146d,2024-03-18 04:28:55.615785+00:00,2024-03-18 06:52:18+00:00,True,True,0.0,15.097248346526323,15.656806480532344
2024-03-18 02:00:00+00:00,2024-03-18 04:00:00+00:00,priority_nearest_neighbor,4,65f7b6f7b0848ea5814211f2,2024-03-18 04:35:30.112369+00:00,2024-03-18 06:36:14+00:00,True,True,0.0,5.396617134565898,6.5749430671829385
2024-03-18 02:00:00+00:00,2024-03-18 04:00:00+00:00,priority_nearest_neighbor,5,65f7b4f3b0848ea581421016,2024-03-18 04:39:47.446450+00:00,2024-03-18 11:00:00+00:00,True,True,0.0,3.7634144194555503,4.288901348703954
2024-03-18 02:00:00+00:00,2024-03-18 04:00:00+00:00,priority_nearest_neighbor,6,65f7ba5fb0848ea581421433,2024-03-18 05:02:45.428625+00:00,2024-03-18 11:00:00+00:00,True,True,0.0,21.274774393266746,22.96636958041732
2024-03-18 02:00:00+00:00,2024-03-18 04:00:00+00:00,clarke_wright,1,65f7ba5fb0848ea581421433,2024-03-18 04:09:54.154130+00:00,2024-03-18 11:00:00+00:00,True,True,0.0,9.281392268185554,9.902568835782999
2024-03-18 02:00:00+00:00,2024-03-18 04:00:00+00:00,clarke_wright,2,65f7b4a1b0848ea581420ff5,2024-03-18 04:26:11.775702+00:00,2024-03-18 06:25:43+00:00,True,True,0.0,17.032022706957257,16.29369286891513
2024-03-18 02:00:00+00:00,2024-03-18 04:00:00+00:00,clarke_wright,3,65f7baabb0848ea58142146d,2024-03-18 04:41:51.184091+00:00,2024-03-18 06:52:18+00:00,True,True,0.0,15.097248346526323,15.656806480532344
2024-03-18 02:00:00+00:00,2024-03-18 04:00:00+00:00,clarke_wright,4,65f7b4f3b0848ea581421016,2024-03-18 04:44:29.420149+00:00,2024-03-18 11:00:00+00:00,True,True,0.0,2.0164409320715184,2.6372676405739495
2024-03-18 02:00:00+00:00,2024-03-18 04:00:00+00:00,clarke_wright,5,65f7b6f7b0848ea5814211f2,2024-03-18 04:48:47.233913+00:00,2024-03-18 06:36:14+00:00,True,True,0.0,3.7704831006146473,4.296896060569028
2024-03-18 02:00:00+00:00,2024-03-18 04:00:00+00:00,clarke_wright,6,65f7b536b0848ea58142104b,2024-03-18 05:02:10.710642+00:00,2024-03-18 11:00:00+00:00,True,True,0.0,11.987580658655066,13.391278823135167
2024-03-22 02:00:00+00:00,2024-03-22 04:00:00+00:00,nearest_neighbor,1,65fcf561424ff7c6f1fb6e0c,2024-03-22 04:05:39.701983+00:00,2024-03-22 06:04:14+00:00,True,True,0.0,5.179635003667515,5.661699710346741
2024-03-22 02:00:00+00:00,2024-03-22 04:00:00+00:00,nearest_neighbor,2,65fceb0a424ff7c6f1fb6b8d,2024-03-22 04:07:25.294830+00:00,2024-03-22 05:20:04+00:00,True,True,0.0,1.6417341241677732,1.7598807850741622
2024-03-22 02:00:00+00:00,2024-03-22 04:00:00+00:00,nearest_neighbor,3,65fcf825424ff7c6f1fb6fca,2024-03-22 04:11:25.364558+00:00,2024-03-22 06:15:33+00:00,True,True,0.0,3.227725486926174,4.001162136438487
2024-03-22 02:00:00+00:00,2024-03-22 04:00:00+00:00,nearest_neighbor,4,65fcf4ec424ff7c6f1fb6db6,2024-03-22 04:21:31.430568+00:00,2024-03-22 06:02:13+00:00,True,True,0.0,8.515123886094504,10.101100159634562
2024-03-22 02:00:00+00:00,2024-03-22 04:00:00+00:00,nearest_neighbor,5,65fcf529424ff7c6f1fb6df0,2024-03-22 04:38:52.454853+00:00,2024-03-22 06:03:13+00:00,True,True,0.0,16.834262806313834,17.350404748082656
2024-03-22 02:00:00+00:00,2024-03-22 04:00:00+00:00,priority_nearest_neighbor,1,65fceb0a424ff7c6f1fb6b8d,2024-03-22 04:06:19.320634+00:00,2024-03-22 05:20:04+00:00,True,True,0.0,5.811124270508661,6.32201056679185
2024-03-22 02:00:00+00:00,2024-03-22 04:00:00+00:00,priority_nearest_neighbor,2,65fcf561424ff7c6f1fb6e0c,2024-03-22 04:08:57.993040+00:00,2024-03-22 06:04:14+00:00,True,True,0.0,2.2825736154931002,2.6445400997306954
2024-03-22 02:00:00+00:00,2024-03-22 04:00:00+00:00,priority_nearest_neighbor,3,65fcf825424ff7c6f1fb6fca,2024-03-22 04:13:12.467806+00:00,2024-03-22 06:15:33+00:00,True,True,0.0,3.5349687507368355,4.241246105540861
2024-03-22 02:00:00+00:00,2024-03-22 04:00:00+00:00,priority_nearest_neighbor,4,65fcf4ec424ff7c6f1fb6db6,2024-03-22 04:23:18.533816+00:00,2024-03-22 06:02:13+00:00,True,True,0.0,8.515123886094504,10.101100159634562
2024-03-22 02:00:00+00:00,2024-03-22 04:00:00+00:00,priority_nearest_neighbor,5,65fcf529424ff7c6f1fb6df0,2024-03-22 04:40:39.558101+00:00,2024-03-22 06:03:13+00:00,True,True,0.0,16.834262806313834,17.350404748082656
2024-03-22 02:00:00+00:00,2024-03-22 04:00:00+00:00,clarke_wright,1,65fcf4ec424ff7c6f1fb6db6,2024-03-22 04:10:57.796922+00:00,2024-03-22 06:02:13+00:00,True,True,0.0,9.518080169465064,10.963282032164225
2024-03-22 02:00:00+00:00,2024-03-22 04:00:00+00:00,clarke_wright,2,65fceb0a424ff7c6f1fb6b8d,2024-03-22 04:19:10.721323+00:00,2024-03-22 05:20:04+00:00,True,True,0.0,6.903953011674422,8.215406687753777
2024-03-22 02:00:00+00:00,2024-03-22 04:00:00+00:00,clarke_wright,3,65fcf825424ff7c6f1fb6fca,2024-03-22 04:23:10.791051+00:00,2024-03-22 06:15:33+00:00,True,True,0.0,3.227725486926174,4.001162136438487
2024-03-22 02:00:00+00:00,2024-03-22 04:00:00+00:00,clarke_wright,4,65fcf561424ff7c6f1fb6e0c,2024-03-22 04:27:50.749695+00:00,2024-03-22 06:04:14+00:00,True,True,0.0,3.8724178775665257,4.665977403112426
2024-03-22 02:00:00+00:00,2024-03-22 04:00:00+00:00,clarke_wright,5,65fcf529424ff7c6f1fb6df0,2024-03-22 04:38:39.942770+00:00,2024-03-22 06:03:13+00:00,True,True,0.0,11.308187855989402,10.819884575609525
2024-04-04 02:00:00+00:00,2024-04-04 04:00:00+00:00,nearest_neighbor,1,660e1183ad7887547b68a025,2024-04-04 04:02:26.877901+00:00,2024-04-04 05:27:44+00:00,True,True,0.0,2.077383438971747,2.4479650202356704
2024-04-04 02:00:00+00:00,2024-04-04 04:00:00+00:00,nearest_neighbor,2,660e11e7ad7887547b68a172,2024-04-04 04:04:39.183534+00:00,2024-04-04 10:00:00+00:00,True,True,0.0,1.948010424045972,2.2050938882025095
2024-04-04 02:00:00+00:00,2024-04-04 04:00:00+00:00,nearest_neighbor,3,660e13e1ad7887547b68a1d1,2024-04-04 04:09:28.367069+00:00,2024-04-04 05:41:53+00:00,True,True,0.0,4.113885585923665,4.819725580503649
2024-04-04 02:00:00+00:00,2024-04-04 04:00:00+00:00,nearest_neighbor,4,660e126cad7887547b68a193,2024-04-04 04:16:03.758896+00:00,2024-04-04 10:00:00+00:00,True,True,0.0,5.918980066689904,6.589863783313362
2024-04-04 02:00:00+00:00,2024-04-04 04:00:00+00:00,nearest_neighbor,5,660e157fad7887547b68a214,2024-04-04 04:18:20.325898+00:00,2024-04-04 10:00:00+00:00,True,True,0.0,1.8357774855777136,2.276116705613472
2024-04-04 02:00:00+00:00,2024-04-04 04:00:00+00:00,nearest_neighbor,6,660e0febad7887547b689ff1,2024-04-04 04:33:16.349823+00:00,2024-04-04 05:24:42+00:00,True,True,0.0,13.554013160269262,14.933732085443511
2024-04-04 02:00:00+00:00,2024-04-04 04:00:00+00:00,nearest_neighbor,7,660e136dad7887547b68a1ba,2024-04-04 04:45:05.963333+00:00,2024-04-04 10:00:00+00:00,True,True,0.0,10.568306082702977,11.826891835587194
2024-04-04 02:00:00+00:00,2024-04-04 04:00:00+00:00,priority_nearest_neighbor,1,660e1183ad7887547b68a025,2024-04-04 04:02:26.877901+00:00,2024-04-04 05:27:44+00:00,True,True,0.0,2.077383438971747,2.4479650202356704
2024-04-04 02:00:00+00:00,2024-04-04 04:00:00+00:00,priority_nearest_neighbor,2,660e0febad7887547b689ff1,2024-04-04 04:11:18.400114+00:00,2024-04-04 05:24:42+00:00,True,True,0.0,7.741250231240037,8.858703556610005
2024-04-04 02:00:00+00:00,2024-04-04 04:00:00+00:00,priority_nearest_neighbor,3,660e13e1ad7887547b68a1d1,2024-04-04 04:24:07.752934+00:00,2024-04-04 05:41:53+00:00,True,True,0.0,11.233618435585194,12.822547007122125
2024-04-04 02:00:00+00:00,2024-04-04 04:00:00+00:00,priority_nearest_neighbor,4,660e11e7ad7887547b68a172,2024-04-04 04:28:40.068060+00:00,2024-04-04 10:00:00+00:00,True,True,0.0,3.894185477899295,4.538585439019022
2024-04-04 02:00:00+00:00,2024-04-04 04:00:00+00:00,priority_nearest_neighbor,5,660e126cad7887547b68a193,2024-04-04 04:34:12.419286+00:00,2024-04-04 10:00:00+00:00,True,True,0.0,5.1262630900406805,5.539187095145537
2024-04-04 02:00:00+00:00,2024-04-04 04:00:00+00:00,priority_nearest_neighbor,6,660e157fad7887547b68a214,2024-04-04 04:36:28.986288+00:00,2024-04-04 10:00:00+00:00,True,True,0.0,1.8357774855777136,2.276116705613472
2024-04-04 02:00:00+00:00,2024-04-04 04:00:00+00:00,priority_nearest_neighbor,7,660e136dad7887547b68a1ba,2024-04-04 04:56:38.839218+00:00,2024-04-04 10:00:00+00:00,True,True,0.0,18.516129851422694,20.1642155028989
2024-04-04 02:00:00+00:00,2024-04-04 04:00:00+00:00,clarke_wright,1,660e13e1ad7887547b68a1d1,2024-04-04 04:03:51.571738+00:00,2024-04-04 05:41:53+00:00,True,True,0.0,3.156156984245305,3.859528962925233
2024-04-04 02:00:00+00:00,2024-04-04 04:00:00+00:00,clarke_wright,2,660e1183ad7887547b68a025,2024-04-04 04:08:11.258777+00:00,2024-04-04 05:27:44+00:00,True,True,0.0,3.928195001516348,4.32811730835617
2024-04-04 02:00:00+00:00,2024-04-04 04:00:00+00:00,clarke_wright,3,660e11e7ad7887547b68a172,2024-04-04 04:10:23.564410+00:00,2024-04-04 10:00:00+00:00,True,True,0.0,1.948010424045972,2.2050938882025095
2024-04-04 02:00:00+00:00,2024-04-04 04:00:00+00:00,clarke_wright,4,660e0febad7887547b689ff1,2024-04-04 04:18:34.888494+00:00,2024-04-04 05:24:42+00:00,True,True,0.0,7.038257006728597,8.188734731962436
2024-04-04 02:00:00+00:00,2024-04-04 04:00:00+00:00,clarke_wright,5,660e136dad7887547b68a1ba,2024-04-04 04:30:24.502004+00:00,2024-04-04 10:00:00+00:00,True,True,0.0,10.568306082702977,11.826891835587194
2024-04-04 02:00:00+00:00,2024-04-04 04:00:00+00:00,clarke_wright,6,660e126cad7887547b68a193,2024-04-04 04:47:46.544580+00:00,2024-04-04 10:00:00+00:00,True,True,0.0,15.899675787357772,17.367376266771966
2024-04-04 02:00:00+00:00,2024-04-04 04:00:00+00:00,clarke_wright,7,660e157fad7887547b68a214,2024-04-04 04:50:03.111582+00:00,2024-04-04 10:00:00+00:00,True,True,0.0,1.8357774855777136,2.276116705613472
2024-04-05 02:00:00+00:00,2024-04-05 04:00:00+00:00,nearest_neighbor,1,660f69f01a314e877693f6c2,2024-04-05 04:00:59.099343+00:00,2024-04-05 11:00:00+00:00,True,True,0.0,0.8133088559510969,0.9849890470527535
2024-04-05 02:00:00+00:00,2024-04-05 04:00:00+00:00,nearest_neighbor,2,660f739e1a314e877693fa1e,2024-04-05 04:06:33.980566+00:00,2024-04-05 11:00:00+00:00,True,True,0.0,4.9266138823274535,5.5813537124417305
2024-04-05 02:00:00+00:00,2024-04-05 04:00:00+00:00,nearest_neighbor,3,660f69be1a314e877693f6b4,2024-04-05 04:11:28.010741+00:00,2024-04-05 11:00:00+00:00,True,True,0.0,4.452651577066057,4.90050292235177
2024-04-05 02:00:00+00:00,2024-04-05 04:00:00+00:00,nearest_neighbor,4,660f6ce41a314e877693f7d7,2024-04-05 04:20:42.455127+00:00,2024-04-05 11:00:00+00:00,True,True,0.0,8.012006705255288,9.240739760177048
2024-04-05 02:00:00+00:00,2024-04-05 04:00:00+00:00,nearest_neighbor,5,660f69791a314e877693f6a4,2024-04-05 04:42:42.948054+00:00,2024-04-05 10:00:00+00:00,True,True,0.0,20.73640371277632,22.008215448186252
2024-04-05 02:00:00+00:00,2024-04-05 04:00:00+00:00,priority_nearest_neighbor,1,660f69f01a314e877693f6c2,2024-04-05 04:00:59.099343+00:00,2024-04-05 11:00:00+00:00,True,True,0.0,0.8133088559510969,0.9849890470527535
2024-04-05 02:00:00+00:00,2024-04-05 04:00:00+00:00,priority_nearest_neighbor,2,660f69be1a314e877693f6b4,2024-04-05 04:06:56.932044+00:00,2024-04-05 11:00:00+00:00,True,True,0.0,5.299169338477966,5.963878350180166
2024-04-05 02:00:00+00:00,2024-04-05 04:00:00+00:00,priority_nearest_neighbor,3,660f739e1a314e877693fa1e,2024-04-05 04:12:03.627120+00:00,2024-04-05 11:00:00+00:00,True,True,0.0,4.62491493494338,5.11158460091404
2024-04-05 02:00:00+00:00,2024-04-05 04:00:00+00:00,priority_nearest_neighbor,4,660f6ce41a314e877693f7d7,2024-04-05 04:24:17.995359+00:00,2024-04-05 11:00:00+00:00,True,True,0.0,11.73721146886626,12.23947064320803
2024-04-05 02:00:00+00:00,2024-04-05 04:00:00+00:00,priority_nearest_neighbor,5,660f69791a314e877693f6a4,2024-04-05 04:46:18.488286+00:00,2024-04-05 10:00:00+00:00,True,True,0.0,20.73640371277632,22.008215448186252
2024-04-05 02:00:00+00:00,2024-04-05 04:00:00+00:00,clarke_wright,1,660f6ce41a314e877693f7d7,2024-04-05 04:09:54.154130+00:00,2024-04-05 11:00:00+00:00,True,True,0.0,9.281392268185554,9.902568835782999
2024-04-05 02:00:00+00:00,2024-04-05 04:00:00+00:00,clarke_wright,2,660f69be1a314e877693f6b4,2024-04-05 04:18:59.603179+00:00,2024-04-05 11:00:00+00:00,True,True,0.0,8.189173419848318,9.09081747754909
2024-04-05 02:00:00+00:00,2024-04-05 04:00:00+00:00,clarke_wright,3,660f739e1a314e877693fa1e,2024-04-05 04:24:06.298255+00:00,2024-04-05 11:00:00+00:00,True,True,0.0,4.62491493494338,5.11158460091404
2024-04-05 02:00:00+00:00,2024-04-05 04:00:00+00:00,clarke_wright,4,660f69791a314e877693f6a4,2024-04-05 04:36:55.107341+00:00,2024-04-05 10:00:00+00:00,True,True,0.0,11.053839427056358,12.813484765265164
2024-04-05 02:00:00+00:00,2024-04-05 04:00:00+00:00,clarke_wright,5,660f69f01a314e877693f6c2,2024-04-05 04:49:38.709361+00:00,2024-04-05 11:00:00+00:00,True,True,0.0,11.681080681026373,12.726700326354152
2024-04-10 04:00:00+00:00,2024-04-10 06:00:00+00:00,nearest_neighbor,1,6616110a671f03014130ebd4,2024-04-10 06:02:26.877901+00:00,2024-04-10 07:08:56+00:00,True,True,0.0,2.077383438971747,2.4479650202356704
2024-04-10 04:00:00+00:00,2024-04-10 06:00:00+00:00,nearest_neighbor,2,661611e7671f03014130ed5d,2024-04-10 06:07:01.288003+00:00,2024-04-10 12:00:00+00:00,True,True,0.0,4.044924436824419,4.573501699522958
2024-04-10 04:00:00+00:00,2024-04-10 06:00:00+00:00,nearest_neighbor,3,661611a7671f03014130ec31,2024-04-10 06:15:25.823318+00:00,2024-04-10 12:00:00+00:00,True,True,0.0,7.9715561798098316,8.408921922817747
2024-04-10 04:00:00+00:00,2024-04-10 06:00:00+00:00,nearest_neighbor,4,661610d4671f03014130ebc6,2024-04-10 06:29:12.104794+00:00,2024-04-10 11:00:00+00:00,True,True,0.0,13.54199122567881,13.771357931261571
2024-04-10 04:00:00+00:00,2024-04-10 06:00:00+00:00,nearest_neighbor,5,6616115f671f03014130ec08,2024-04-10 06:39:18.170804+00:00,2024-04-10 07:09:50+00:00,True,True,0.0,8.515123886094504,10.101100159634562
2024-04-10 04:00:00+00:00,2024-04-10 06:00:00+00:00,priority_nearest_neighbor,1,6616110a671f03014130ebd4,2024-04-10 06:02:26.877901+00:00,2024-04-10 07:08:56+00:00,True,True,0.0,2.077383438971747,2.4479650202356704
2024-04-10 04:00:00+00:00,2024-04-10 06:00:00+00:00,priority_nearest_neighbor,2,6616115f671f03014130ec08,2024-04-10 06:11:18.400114+00:00,2024-04-10 07:09:50+00:00,True,True,0.0,7.741250231240037,8.858703556610005
2024-04-10 04:00:00+00:00,2024-04-10 06:00:00+00:00,priority_nearest_neighbor,3,661610d4671f03014130ebc6,2024-04-10 06:21:06.023905+00:00,2024-04-10 11:00:00+00:00,True,True,0.0,8.09996602624538,9.79372985657408
2024-04-10 04:00:00+00:00,2024-04-10 06:00:00+00:00,priority_nearest_neighbor,4,661611e7671f03014130ed5d,2024-04-10 06:30:47.676763+00:00,2024-04-10 12:00:00+00:00,True,True,0.0,8.495195841378104,9.694214302608367
2024-04-10 04:00:00+00:00,2024-04-10 06:00:00+00:00,priority_nearest_neighbor,5,661611a7671f03014130ec31,2024-04-10 06:39:12.212078+00:00,2024-04-10 12:00:00+00:00,True,True,0.0,7.9715561798098316,8.408921922817747
2024-04-10 04:00:00+00:00,2024-04-10 06:00:00+00:00,clarke_wright,1,6616110a671f03014130ebd4,2024-04-10 06:02:26.877901+00:00,2024-04-10 07:08:56+00:00,True,True,0.0,2.077383438971747,2.4479650202356704
2024-04-10 04:00:00+00:00,2024-04-10 06:00:00+00:00,clarke_wright,2,6616115f671f03014130ec08,2024-04-10 06:11:18.400114+00:00,2024-04-10 07:09:50+00:00,True,True,0.0,7.741250231240037,8.858703556610005
2024-04-10 04:00:00+00:00,2024-04-10 06:00:00+00:00,clarke_wright,3,661610d4671f03014130ebc6,2024-04-10 06:21:06.023905+00:00,2024-04-10 11:00:00+00:00,True,True,0.0,8.09996602624538,9.79372985657408
2024-04-10 04:00:00+00:00,2024-04-10 06:00:00+00:00,clarke_wright,4,661611a7671f03014130ec31,2024-04-10 06:34:30.960719+00:00,2024-04-10 12:00:00+00:00,True,True,0.0,13.248573632558719,13.41561356243574
2024-04-10 04:00:00+00:00,2024-04-10 06:00:00+00:00,clarke_wright,5,661611e7671f03014130ed5d,2024-04-10 06:43:32.779323+00:00,2024-04-10 12:00:00+00:00,True,True,0.0,8.328808949907861,9.030310073379578
2024-04-19 04:00:00+00:00,2024-04-19 06:00:00+00:00,nearest_neighbor,1,6621edcba3fe6575ec764d52,2024-04-19 06:02:51.147819+00:00,2024-04-19 07:05:48.058000+00:00,True,True,0.0,2.477795422911682,2.852463646428388
2024-04-19 04:00:00+00:00,2024-04-19 06:00:00+00:00,nearest_neighbor,2,6621edf6a3fe6575ec764d5f,2024-04-19 06:09:06.695960+00:00,2024-04-19 07:06:39.924000+00:00,True,True,0.0,5.510644124533193,6.259135686940428
2024-04-19 04:00:00+00:00,2024-04-19 06:00:00+00:00,nearest_neighbor,3,6621fbbaa3fe6575ec765180,2024-04-19 06:23:23.420067+00:00,2024-04-19 08:05:45.707000+00:00,True,True,0.0,12.620570250612953,14.278735110931903
2024-04-19 04:00:00+00:00,2024-04-19 06:00:00+00:00,nearest_neighbor,4,6621fbd9a3fe6575ec7651a2,2024-04-19 06:23:23.420067+00:00,2024-04-19 08:06:20.826000+00:00,True,True,0.0,0.0,0.0
2024-04-19 04:00:00+00:00,2024-04-19 06:00:00+00:00,nearest_neighbor,5,6621fbcaa3fe6575ec765191,2024-04-19 06:23:23.420067+00:00,2024-04-19 08:06:05.759000+00:00,True,True,0.0,0.0,0.0
2024-04-19 04:00:00+00:00,2024-04-19 06:00:00+00:00,priority_nearest_neighbor,1,6621edcba3fe6575ec764d52,2024-04-19 06:02:51.147819+00:00,2024-04-19 07:05:48.058000+00:00,True,True,0.0,2.477795422911682,2.852463646428388
2024-04-19 04:00:00+00:00,2024-04-19 06:00:00+00:00,priority_nearest_neighbor,2,6621edf6a3fe6575ec764d5f,2024-04-19 06:09:06.695960+00:00,2024-04-19 07:06:39.924000+00:00,True,True,0.0,5.510644124533193,6.259135686940428
2024-04-19 04:00:00+00:00,2024-04-19 06:00:00+00:00,priority_nearest_neighbor,3,6621fbbaa3fe6575ec765180,2024-04-19 06:23:23.420067+00:00,2024-04-19 08:05:45.707000+00:00,True,True,0.0,12.620570250612953,14.278735110931903
2024-04-19 04:00:00+00:00,2024-04-19 06:00:00+00:00,priority_nearest_neighbor,4,6621fbcaa3fe6575ec765191,2024-04-19 06:23:23.420067+00:00,2024-04-19 08:06:05.759000+00:00,True,True,0.0,0.0,0.0
2024-04-19 04:00:00+00:00,2024-04-19 06:00:00+00:00,priority_nearest_neighbor,5,6621fbd9a3fe6575ec7651a2,2024-04-19 06:23:23.420067+00:00,2024-04-19 08:06:20.826000+00:00,True,True,0.0,0.0,0.0
2024-04-19 04:00:00+00:00,2024-04-19 06:00:00+00:00,clarke_wright,1,6621edf6a3fe6575ec764d5f,2024-04-19 06:03:59.336226+00:00,2024-04-19 07:06:39.924000+00:00,True,True,0.0,3.677333575699382,3.9889371078304645
2024-04-19 04:00:00+00:00,2024-04-19 06:00:00+00:00,clarke_wright,2,6621fbbaa3fe6575ec765180,2024-04-19 06:18:16.060333+00:00,2024-04-19 08:05:45.707000+00:00,True,True,0.0,12.620570250612953,14.278735110931903
2024-04-19 04:00:00+00:00,2024-04-19 06:00:00+00:00,clarke_wright,3,6621fbd9a3fe6575ec7651a2,2024-04-19 06:18:16.060333+00:00,2024-04-19 08:06:20.826000+00:00,True,True,0.0,0.0,0.0
2024-04-19 04:00:00+00:00,2024-04-19 06:00:00+00:00,clarke_wright,4,6621fbcaa3fe6575ec765191,2024-04-19 06:18:16.060333+00:00,2024-04-19 08:06:05.759000+00:00,True,True,0.0,0.0,0.0
2024-04-19 04:00:00+00:00,2024-04-19 06:00:00+00:00,clarke_wright,5,6621edcba3fe6575ec764d52,2024-04-19 06:30:19.887093+00:00,2024-04-19 07:05:48.058000+00:00,True,True,0.0,10.42670052805847,12.063779340543393
2024-04-22 02:00:00+00:00,2024-04-22 04:00:00+00:00,nearest_neighbor,1,6625d98ca43812eb5bf90e4e,2024-04-22 04:01:35.243014+00:00,2024-04-22 10:00:00+00:00,True,True,0.0,1.3122980950574983,1.5873835707807833
2024-04-22 02:00:00+00:00,2024-04-22 04:00:00+00:00,nearest_neighbor,2,6625d9f0a43812eb5bf90eb2,2024-04-22 04:02:36.980948+00:00,2024-04-22 10:00:00+00:00,True,True,0.0,0.8999223877681288,1.0289655642088522
2024-04-22 02:00:00+00:00,2024-04-22 04:00:00+00:00,nearest_neighbor,3,6625d863a43812eb5bf90c09,2024-04-22 04:05:12.635311+00:00,2024-04-22 10:00:00+00:00,True,True,0.0,2.191969860146194,2.594239387962508
2024-04-22 02:00:00+00:00,2024-04-22 04:00:00+00:00,nearest_neighbor,4,6625daa0a43812eb5bf90f24,2024-04-22 04:10:04.127310+00:00,2024-04-22 06:31:00.225000+00:00,True,True,0.0,4.3683835357532494,4.85819998224205
2024-04-22 02:00:00+00:00,2024-04-22 04:00:00+00:00,nearest_neighbor,5,6625d726a43812eb5bf90b9d,2024-04-22 04:14:21.909096+00:00,2024-04-22 06:04:36.436000+00:00,True,True,0.0,3.74505829456846,4.296363099386286
2024-04-22 02:00:00+00:00,2024-04-22 04:00:00+00:00,nearest_neighbor,6,6625d3bea43812eb5bf90972,2024-04-22 04:27:04.952392+00:00,2024-04-22 06:02:17.654000+00:00,True,True,0.0,11.973399773430007,12.71738827290743
2024-04-22 02:00:00+00:00,2024-04-22 04:00:00+00:00,nearest_neighbor,7,6625db46a43812eb5bf90fbe,2024-04-22 04:31:24.130191+00:00,2024-04-22 06:33:56.524000+00:00,True,True,0.0,3.874749486316137,4.319629988606877
2024-04-22 02:00:00+00:00,2024-04-22 04:00:00+00:00,nearest_neighbor,8,6625d7dba43812eb5bf90bed,2024-04-22 04:42:25.452798+00:00,2024-04-22 06:21:13.962000+00:00,True,True,0.0,10.081313730194093,11.02204345320635
2024-04-22 02:00:00+00:00,2024-04-22 04:00:00+00:00,priority_nearest_neighbor,1,6625d3bea43812eb5bf90972,2024-04-22 04:02:23.523794+00:00,2024-04-22 06:02:17.654000+00:00,True,True,0.0,2.2990467776955987,2.3920632264831068
2024-04-22 02:00:00+00:00,2024-04-22 04:00:00+00:00,priority_nearest_neighbor,2,6625db46a43812eb5bf90fbe,2024-04-22 04:06:42.701593+00:00,2024-04-22 06:33:56.524000+00:00,True,True,0.0,3.874749486316137,4.319629988606877
2024-04-22 02:00:00+00:00,2024-04-22 04:00:00+00:00,priority_nearest_neighbor,3,6625d7dba43812eb5bf90bed,2024-04-22 04:17:44.024200+00:00,2024-04-22 06:21:13.962000+00:00,True,True,0.0,10.081313730194093,11.02204345320635
2024-04-22 02:00:00+00:00,2024-04-22 04:00:00+00:00,priority_nearest_neighbor,4,6625daa0a43812eb5bf90f24,2024-04-22 04:28:54.810161+00:00,2024-04-22 06:31:00.225000+00:00,True,True,0.0,10.459849538387411,11.179766011596422
2024-04-22 02:00:00+00:00,2024-04-22 04:00:00+00:00,priority_nearest_neighbor,5,6625d726a43812eb5bf90b9d,2024-04-22 04:33:12.591947+00:00,2024-04-22 06:04:36.436000+00:00,True,True,0.0,3.74505829456846,4.296363099386286
2024-04-22 02:00:00+00:00,2024-04-22 04:00:00+00:00,priority_nearest_neighbor,6,6625d863a43812eb5bf90c09,2024-04-22 04:41:43.998148+00:00,2024-04-22 10:00:00+00:00,True,True,0.0,7.494546059475921,8.52343667936321
2024-04-22 02:00:00+00:00,2024-04-22 04:00:00+00:00,priority_nearest_neighbor,7,6625d98ca43812eb5bf90e4e,2024-04-22 04:43:29.387761+00:00,2024-04-22 10:00:00+00:00,True,True,0.0,1.5370958886676944,1.7564935426845019
2024-04-22 02:00:00+00:00,2024-04-22 04:00:00+00:00,priority_nearest_neighbor,8,6625d9f0a43812eb5bf90eb2,2024-04-22 04:44:31.125695+00:00,2024-04-22 10:00:00+00:00,True,True,0.0,0.8999223877681288,1.0289655642088522
2024-04-22 02:00:00+00:00,2024-04-22 04:00:00+00:00,clarke_wright,1,6625d98ca43812eb5bf90e4e,2024-04-22 04:01:35.243014+00:00,2024-04-22 10:00:00+00:00,True,True,0.0,1.3122980950574983,1.5873835707807833
2024-04-22 02:00:00+00:00,2024-04-22 04:00:00+00:00,clarke_wright,2,6625d726a43812eb5bf90b9d,2024-04-22 04:11:31.626283+00:00,2024-04-22 06:04:36.436000+00:00,True,True,0.0,9.211609943695157,9.939721142519256
2024-04-22 02:00:00+00:00,2024-04-22 04:00:00+00:00,clarke_wright,3,6625daa0a43812eb5bf90f24,2024-04-22 04:15:49.058792+00:00,2024-04-22 06:31:00.225000+00:00,True,True,0.0,3.745861936343518,4.290541813534284
2024-04-22 02:00:00+00:00,2024-04-22 04:00:00+00:00,clarke_wright,4,6625d863a43812eb5bf90c09,2024-04-22 04:20:05.678065+00:00,2024-04-22 10:00:00+00:00,True,True,0.0,3.7951715774931616,4.276987885343675
2024-04-22 02:00:00+00:00,2024-04-22 04:00:00+00:00,clarke_wright,5,6625d9f0a43812eb5bf90eb2,2024-04-22 04:22:38.825003+00:00,2024-04-22 10:00:00+00:00,True,True,0.0,2.2106996827453815,2.552448971480252
2024-04-22 02:00:00+00:00,2024-04-22 04:00:00+00:00,clarke_wright,6,6625db46a43812eb5bf90fbe,2024-04-22 04:27:34.415749+00:00,2024-04-22 06:33:56.524000+00:00,True,True,0.0,4.195138513713432,4.9265124331991785
2024-04-22 02:00:00+00:00,2024-04-22 04:00:00+00:00,clarke_wright,7,6625d3bea43812eb5bf90972,2024-04-22 04:32:32.949858+00:00,2024-04-22 06:02:17.654000+00:00,True,True,0.0,4.403553541805585,4.975568484740378
2024-04-22 02:00:00+00:00,2024-04-22 04:00:00+00:00,clarke_wright,8,6625d7dba43812eb5bf90bed,2024-04-22 04:39:31.766305+00:00,2024-04-22 06:21:13.962000+00:00,True,True,0.0,6.531149418833357,6.980274114518872
2024-04-22 04:00:00+00:00,2024-04-22 06:00:00+00:00,nearest_neighbor,1,6625efd9a43812eb5bf91aa1,2024-04-22 06:06:34.193532+00:00,2024-04-22 08:03:35.014000+00:00,True,True,0.0,5.454563163856736,6.569892192568115
2024-04-22 04:00:00+00:00,2024-04-22 06:00:00+00:00,nearest_neighbor,2,6625ed7ca43812eb5bf91a3e,2024-04-22 06:10:04.279645+00:00,2024-04-22 07:52:36.349000+00:00,True,True,0.0,2.8710009799611664,3.5014352140947946
2024-04-22 04:00:00+00:00,2024-04-22 06:00:00+00:00,nearest_neighbor,3,6625f59ca43812eb5bf91d37,2024-04-22 06:15:35.007441+00:00,2024-04-22 08:28:10.563000+00:00,True,True,0.0,4.643420066290899,5.512129932638577
2024-04-22 04:00:00+00:00,2024-04-22 06:00:00+00:00,nearest_neighbor,4,6625f5d2a43812eb5bf91d4f,2024-04-22 06:28:30.440879+00:00,2024-04-22 08:29:03.915000+00:00,True,True,0.0,11.80615580678964,12.923890633482625
2024-04-22 04:00:00+00:00,2024-04-22 06:00:00+00:00,nearest_neighbor,5,6625e6b1a43812eb5bf91506,2024-04-22 06:48:36.071219+00:00,2024-04-22 07:22:54.935000+00:00,True,True,0.0,17.641884102093627,20.093838994069937
2024-04-22 04:00:00+00:00,2024-04-22 06:00:00+00:00,priority_nearest_neighbor,1,6625ed7ca43812eb5bf91a3e,2024-04-22 06:06:10.645123+00:00,2024-04-22 07:52:36.349000+00:00,True,True,0.0,5.657261799174038,6.17741872019742
2024-04-22 04:00:00+00:00,2024-04-22 06:00:00+00:00,priority_nearest_neighbor,2,6625efd9a43812eb5bf91aa1,2024-04-22 06:09:40.720281+00:00,2024-04-22 08:03:35.014000+00:00,True,True,0.0,2.8710009799611678,3.5012526412096574
2024-04-22 04:00:00+00:00,2024-04-22 06:00:00+00:00,priority_nearest_neighbor,3,6625e6b1a43812eb5bf91506,2024-04-22 06:31:48.292150+00:00,2024-04-22 07:22:54.935000+00:00,True,True,0.0,19.416083747096316,22.126197811162978
2024-04-22 04:00:00+00:00,2024-04-22 06:00:00+00:00,priority_nearest_neighbor,4,6625f5d2a43812eb5bf91d4f,2024-04-22 06:49:41.059957+00:00,2024-04-22 08:29:03.915000+00:00,True,True,0.0,16.077822180001537,17.879463443470453
2024-04-22 04:00:00+00:00,2024-04-22 06:00:00+00:00,priority_nearest_neighbor,5,6625f59ca43812eb5bf91d37,2024-04-22 07:02:39.138183+00:00,2024-04-22 08:28:10.563000+00:00,True,True,0.0,11.72123292295277,12.967970428883579
2024-04-22 04:00:00+00:00,2024-04-22 06:00:00+00:00,clarke_wright,1,6625f59ca43812eb5bf91d37,2024-04-22 06:06:35.474172+00:00,2024-04-22 08:28:10.563000+00:00,True,True,0.0,5.84297364343164,6.591236192876102
2024-04-22 04:00:00+00:00,2024-04-22 06:00:00+00:00,clarke_wright,2,6625efd9a43812eb5bf91aa1,2024-04-22 06:10:18.299559+00:00,2024-04-22 08:03:35.014000+00:00,True,True,0.0,3.264371655176488,3.7137564483375156
2024-04-22 04:00:00+00:00,2024-04-22 06:00:00+00:00,clarke_wright,3,6625ed7ca43812eb5bf91a3e,2024-04-22 06:13:48.385672+00:00,2024-04-22 07:52:36.349000+00:00,True,True,0.0,2.8710009799611664,3.5014352140947946
2024-04-22 04:00:00+00:00,2024-04-22 06:00:00+00:00,clarke_wright,4,6625f5d2a43812eb5bf91d4f,2024-04-22 06:25:32.539717+00:00,2024-04-22 08:29:03.915000+00:00,True,True,0.0,10.821643682673324,11.735900752759791
2024-04-22 04:00:00+00:00,2024-04-22 06:00:00+00:00,clarke_wright,5,6625e6b1a43812eb5bf91506,2024-04-22 06:45:38.170057+00:00,2024-04-22 07:22:54.935000+00:00,True,True,0.0,17.641884102093627,20.093838994069937
2024-04-23 02:00:00+00:00,2024-04-23 04:00:00+00:00,nearest_neighbor,1,6627261aef04768365889556,2024-04-23 04:02:32.437485+00:00,2024-04-23 06:07:03.103000+00:00,True,True,0.0,2.1436890764321874,2.540624753868548
2024-04-23 02:00:00+00:00,2024-04-23 04:00:00+00:00,nearest_neighbor,2,66272914c2c1f60803bb774f,2024-04-23 04:04:01.189462+00:00,2024-04-23 10:00:00+00:00,True,True,0.0,1.282124352188861,1.479199612062838
2024-04-23 02:00:00+00:00,2024-04-23 04:00:00+00:00,nearest_neighbor,3,662725d2ef04768365889544,2024-04-23 04:04:57.542972+00:00,2024-04-23 06:05:35.766000+00:00,True,True,0.0,0.8134372682575143,0.9392251626483037
2024-04-23 02:00:00+00:00,2024-04-23 04:00:00+00:00,nearest_neighbor,4,66272963c2c1f60803bb776a,2024-04-23 04:10:45.138843+00:00,2024-04-23 06:21:30.285000+00:00,True,True,0.0,5.001132656197286,5.793264520115731
2024-04-23 02:00:00+00:00,2024-04-23 04:00:00+00:00,nearest_neighbor,5,662729a4c2c1f60803bb77aa,2024-04-23 04:17:27.388983+00:00,2024-04-23 10:00:00+00:00,True,True,0.0,5.832807207993073,6.704169003081922
2024-04-23 02:00:00+00:00,2024-04-23 04:00:00+00:00,nearest_neighbor,6,6627267bef04768365889566,2024-04-23 04:30:35.934156+00:00,2024-04-23 06:08:14.020000+00:00,True,True,0.0,11.740753737150614,13.142419545882923
2024-04-23 02:00:00+00:00,2024-04-23 04:00:00+00:00,nearest_neighbor,7,66272f38c2c1f60803bb799e,2024-04-23 04:33:53.556691+00:00,2024-04-23 06:45:52.039000+00:00,True,True,0.0,2.573894050015758,3.293708911343782
2024-04-23 02:00:00+00:00,2024-04-23 04:00:00+00:00,nearest_neighbor,8,6627316e5226afdd3cfed6f1,2024-04-23 04:35:46.758545+00:00,2024-04-23 06:56:14.364000+00:00,True,True,0.0,1.5691914411990864,1.8866975600209346
2024-04-23 02:00:00+00:00,2024-04-23 04:00:00+00:00,priority_nearest_neighbor,1,6627261aef04768365889556,2024-04-23 04:02:32.437485+00:00,2024-04-23 06:07:03.103000+00:00,True,True,0.0,2.1436890764321874,2.540624753868548
2024-04-23 02:00:00+00:00,2024-04-23 04:00:00+00:00,priority_nearest_neighbor,2,662725d2ef04768365889544,2024-04-23 04:04:50.302702+00:00,2024-04-23 06:05:35.766000+00:00,True,True,0.0,2.014316061506412,2.2977536218353865
2024-04-23 02:00:00+00:00,2024-04-23 04:00:00+00:00,priority_nearest_neighbor,3,66272963c2c1f60803bb776a,2024-04-23 04:10:37.898573+00:00,2024-04-23 06:21:30.285000+00:00,True,True,0.0,5.001132656197286,5.793264520115731
2024-04-23 02:00:00+00:00,2024-04-23 04:00:00+00:00,priority_nearest_neighbor,4,6627267bef04768365889566,2024-04-23 04:26:49.976353+00:00,2024-04-23 06:08:14.020000+00:00,True,True,0.0,13.946322702014058,16.201296340785355
2024-04-23 02:00:00+00:00,2024-04-23 04:00:00+00:00,priority_nearest_neighbor,5,66272f38c2c1f60803bb799e,2024-04-23 04:30:07.598888+00:00,2024-04-23 06:45:52.039000+00:00,True,True,0.0,2.573894050015758,3.293708911343782
2024-04-23 02:00:00+00:00,2024-04-23 04:00:00+00:00,priority_nearest_neighbor,6,6627316e5226afdd3cfed6f1,2024-04-23 04:32:00.800742+00:00,2024-04-23 06:56:14.364000+00:00,True,True,0.0,1.5691914411990864,1.8866975600209346
2024-04-23 02:00:00+00:00,2024-04-23 04:00:00+00:00,priority_nearest_neighbor,7,66272914c2c1f60803bb774f,2024-04-23 04:45:38.869293+00:00,2024-04-23 10:00:00+00:00,True,True,0.0,11.561968417682278,13.634475857033733
2024-04-23 02:00:00+00:00,2024-04-23 04:00:00+00:00,priority_nearest_neighbor,8,662729a4c2c1f60803bb77aa,2024-04-23 04:52:19.112307+00:00,2024-04-23 10:00:00+00:00,True,True,0.0,6.252867255456951,6.670716907192792
2024-04-23 02:00:00+00:00,2024-04-23 04:00:00+00:00,clarke_wright,1,6627267bef04768365889566,2024-04-23 04:11:40.973424+00:00,2024-04-23 06:08:14.020000+00:00,True,True,0.0,11.062050717041918,11.682890401761915
2024-04-23 02:00:00+00:00,2024-04-23 04:00:00+00:00,clarke_wright,2,66272f38c2c1f60803bb799e,2024-04-23 04:14:58.595959+00:00,2024-04-23 06:45:52.039000+00:00,True,True,0.0,2.573894050015758,3.293708911343782
2024-04-23 02:00:00+00:00,2024-04-23 04:00:00+00:00,clarke_wright,3,6627316e5226afdd3cfed6f1,2024-04-23 04:16:51.797813+00:00,2024-04-23 06:56:14.364000+00:00,True,True,0.0,1.5691914411990864,1.8866975600209346
2024-04-23 02:00:00+00:00,2024-04-23 04:00:00+00:00,clarke_wright,4,6627261aef04768365889556,2024-04-23 04:29:17.227002+00:00,2024-04-23 06:07:03.103000+00:00,True,True,0.0,10.553337556425534,12.423819823389087
2024-04-23 02:00:00+00:00,2024-04-23 04:00:00+00:00,clarke_wright,5,662729a4c2c1f60803bb77aa,2024-04-23 04:36:56.605963+00:00,2024-04-23 10:00:00+00:00,True,True,0.0,7.076946693216734,7.656316012468709
2024-04-23 02:00:00+00:00,2024-04-23 04:00:00+00:00,clarke_wright,6,66272963c2c1f60803bb776a,2024-04-23 04:43:06.474586+00:00,2024-04-23 06:21:30.285000+00:00,True,True,0.0,5.336955850119095,6.1644770533024245
2024-04-23 02:00:00+00:00,2024-04-23 04:00:00+00:00,clarke_wright,7,662725d2ef04768365889544,2024-04-23 04:48:41.571957+00:00,2024-04-23 06:05:35.766000+00:00,True,True,0.0,4.869231544417913,5.584956187911039
2024-04-23 02:00:00+00:00,2024-04-23 04:00:00+00:00,clarke_wright,8,66272914c2c1f60803bb774f,2024-04-23 04:49:39.221059+00:00,2024-04-23 10:00:00+00:00,True,True,0.0,0.8582304467409502,0.9608183639527075
2024-04-26 02:00:00+00:00,2024-04-26 04:00:00+00:00,nearest_neighbor,1,662b2356f9a546b0b87b853c,2024-04-26 04:00:59.099343+00:00,2024-04-26 06:44:15.064000+00:00,True,True,0.0,0.8133088559510969,0.9849890470527535
2024-04-26 02:00:00+00:00,2024-04-26 04:00:00+00:00,nearest_neighbor,2,662b2309f9a546b0b87b8518,2024-04-26 04:04:15.459303+00:00,2024-04-26 06:39:21.925000+00:00,True,True,0.0,2.715594564237344,3.272666001427544
2024-04-26 02:00:00+00:00,2024-04-26 04:00:00+00:00,nearest_neighbor,3,662b2608f9a546b0b87b861f,2024-04-26 04:10:25.804870+00:00,2024-04-26 06:55:01.958000+00:00,True,True,0.0,5.479790609145586,6.172426109041567
2024-04-26 02:00:00+00:00,2024-04-26 04:00:00+00:00,nearest_neighbor,4,662b2455f9a546b0b87b8586,2024-04-26 04:16:47.954332+00:00,2024-04-26 10:00:00+00:00,True,True,0.0,5.419517754928759,6.369157707624033
2024-04-26 02:00:00+00:00,2024-04-26 04:00:00+00:00,nearest_neighbor,5,662b24a4f9a546b0b87b85bc,2024-04-26 04:30:34.235808+00:00,2024-04-26 10:00:00+00:00,True,True,0.0,13.54199122567881,13.771357931261571
2024-04-26 02:00:00+00:00,2024-04-26 04:00:00+00:00,nearest_neighbor,6,662b2419f9a546b0b87b8576,2024-04-26 04:46:38.469753+00:00,2024-04-26 06:46:13.954000+00:00,True,True,0.0,14.82922329970326,16.07056574646791
2024-04-26 02:00:00+00:00,2024-04-26 04:00:00+00:00,priority_nearest_neighbor,1,662b2356f9a546b0b87b853c,2024-04-26 04:00:59.099343+00:00,2024-04-26 06:44:15.064000+00:00,True,True,0.0,0.8133088559510969,0.9849890470527535
2024-04-26 02:00:00+00:00,2024-04-26 04:00:00+00:00,priority_nearest_neighbor,2,662b2309f9a546b0b87b8518,2024-04-26 04:04:15.459303+00:00,2024-04-26 06:39:21.925000+00:00,True,True,0.0,2.715594564237344,3.272666001427544
2024-04-26 02:00:00+00:00,2024-04-26 04:00:00+00:00,priority_nearest_neighbor,3,662b2608f9a546b0b87b861f,2024-04-26 04:10:25.804870+00:00,2024-04-26 06:55:01.958000+00:00,True,True,0.0,5.479790609145586,6.172426109041567
2024-04-26 02:00:00+00:00,2024-04-26 04:00:00+00:00,priority_nearest_neighbor,4,662b2455f9a546b0b87b8586,2024-04-26 04:16:47.954332+00:00,2024-04-26 10:00:00+00:00,True,True,0.0,5.419517754928759,6.369157707624033
2024-04-26 02:00:00+00:00,2024-04-26 04:00:00+00:00,priority_nearest_neighbor,5,662b24a4f9a546b0b87b85bc,2024-04-26 04:30:34.235808+00:00,2024-04-26 10:00:00+00:00,True,True,0.0,13.54199122567881,13.771357931261571
2024-04-26 02:00:00+00:00,2024-04-26 04:00:00+00:00,priority_nearest_neighbor,6,662b2419f9a546b0b87b8576,2024-04-26 04:46:38.469753+00:00,2024-04-26 06:46:13.954000+00:00,True,True,0.0,14.82922329970326,16.07056574646791
2024-04-26 02:00:00+00:00,2024-04-26 04:00:00+00:00,clarke_wright,1,662b2309f9a546b0b87b8518,2024-04-26 04:02:32.437485+00:00,2024-04-26 06:39:21.925000+00:00,True,True,0.0,2.1436890764321874,2.540624753868548
2024-04-26 02:00:00+00:00,2024-04-26 04:00:00+00:00,clarke_wright,2,662b24a4f9a546b0b87b85bc,2024-04-26 04:10:30.882527+00:00,2024-04-26 10:00:00+00:00,True,True,0.0,7.051769338752626,7.9740840251753395
2024-04-26 02:00:00+00:00,2024-04-26 04:00:00+00:00,clarke_wright,3,662b2455f9a546b0b87b8586,2024-04-26 04:23:55.819341+00:00,2024-04-26 10:00:00+00:00,True,True,0.0,13.248573632558719,13.41561356243574
2024-04-26 02:00:00+00:00,2024-04-26 04:00:00+00:00,clarke_wright,4,662b2608f9a546b0b87b861f,2024-04-26 04:30:17.393362+00:00,2024-04-26 06:55:01.958000+00:00,True,True,0.0,5.407980585493144,6.359567011447015
2024-04-26 02:00:00+00:00,2024-04-26 04:00:00+00:00,clarke_wright,5,662b2419f9a546b0b87b8576,2024-04-26 04:42:06.537100+00:00,2024-04-26 06:46:13.954000+00:00,True,True,0.0,10.697491790137214,11.819062303970794
2024-04-26 02:00:00+00:00,2024-04-26 04:00:00+00:00,clarke_wright,6,662b2356f9a546b0b87b853c,2024-04-26 04:48:09.593580+00:00,2024-04-26 06:44:15.064000+00:00,True,True,0.0,5.973527422012371,6.050941341013956
2024-05-04 02:00:00+00:00,2024-05-04 04:00:00+00:00,nearest_neighbor,1,6635aeabc797695760aeee6c,2024-05-04 04:00:59.099343+00:00,2024-05-04 06:41:47.575000+00:00,True,True,0.0,0.8133088559510969,0.9849890470527535
2024-05-04 02:00:00+00:00,2024-05-04 04:00:00+00:00,nearest_neighbor,2,6635ae79c797695760aeee4a,2024-05-04 04:05:41.886329+00:00,2024-05-04 10:00:00+00:00,True,True,0.0,4.10586407839709,4.713116441039466
2024-05-04 02:00:00+00:00,2024-05-04 04:00:00+00:00,nearest_neighbor,3,6635afc4c797695760aeeef2,2024-05-04 04:13:05.636627+00:00,2024-05-04 06:43:43.281000+00:00,True,True,0.0,6.810513082911667,7.395838305341475
2024-05-04 02:00:00+00:00,2024-05-04 04:00:00+00:00,nearest_neighbor,4,6635b13cc797695760aef218,2024-05-04 04:17:33.509704+00:00,2024-05-04 06:48:39.140000+00:00,True,True,0.0,4.2639118013363655,4.464551286813045
2024-05-04 02:00:00+00:00,2024-05-04 04:00:00+00:00,nearest_neighbor,5,6635adfec797695760aeee13,2024-05-04 04:21:39.956496+00:00,2024-05-04 06:29:50.922000+00:00,True,True,0.0,3.5812618363542374,4.107446540163207
2024-05-04 02:00:00+00:00,2024-05-04 04:00:00+00:00,nearest_neighbor,6,6635ae39c797695760aeee38,2024-05-04 04:25:01.197355+00:00,2024-05-04 06:38:07.841000+00:00,True,True,0.0,2.867047729895375,3.354014324707424
2024-05-04 02:00:00+00:00,2024-05-04 04:00:00+00:00,nearest_neighbor,7,6635aeecc797695760aeee7e,2024-05-04 04:42:26.276660+00:00,2024-05-04 06:42:44.331000+00:00,True,True,0.0,16.98646745586145,17.417988415421664
2024-05-04 02:00:00+00:00,2024-05-04 04:00:00+00:00,nearest_neighbor,8,6635ae96c797695760aeee5e,2024-05-04 05:00:51.837803+00:00,2024-05-04 10:00:00+00:00,True,True,0.0,18.235455778381308,18.426019046563574
2024-05-04 02:00:00+00:00,2024-05-04 04:00:00+00:00,priority_nearest_neighbor,1,6635aeabc797695760aeee6c,2024-05-04 04:00:59.099343+00:00,2024-05-04 06:41:47.575000+00:00,True,True,0.0,0.8133088559510969,0.9849890470527535
2024-05-04 02:00:00+00:00,2024-05-04 04:00:00+00:00,priority_nearest_neighbor,2,6635b13cc797695760aef218,2024-05-04 04:08:11.100996+00:00,2024-05-04 06:48:39.140000+00:00,True,True,0.0,6.403579201006244,7.200027554845391
2024-05-04 02:00:00+00:00,2024-05-04 04:00:00+00:00,priority_nearest_neighbor,3,6635adfec797695760aeee13,2024-05-04 04:12:17.547788+00:00,2024-05-04 06:29:50.922000+00:00,True,True,0.0,3.5812618363542374,4.107446540163207
2024-05-04 02:00:00+00:00,2024-05-04 04:00:00+00:00,priority_nearest_neighbor,4,6635ae39c797695760aeee38,2024-05-04 04:15:38.788647+00:00,2024-05-04 06:38:07.841000+00:00,True,True,0.0,2.867047729895375,3.354014324707424
2024-05-04 02:00:00+00:00,2024-05-04 04:00:00+00:00,priority_nearest_neighbor,5,6635afc4c797695760aeeef2,2024-05-04 04:20:27.895500+00:00,2024-05-04 06:43:43.281000+00:00,True,True,0.0,4.6774665321283555,4.818447549959375
2024-05-04 02:00:00+00:00,2024-05-04 04:00:00+00:00,priority_nearest_neighbor,6,6635aeecc797695760aeee7e,2024-05-04 04:33:39.708791+00:00,2024-05-04 06:42:44.331000+00:00,True,True,0.0,12.726746566236866,13.196888187499097
2024-05-04 02:00:00+00:00,2024-05-04 04:00:00+00:00,priority_nearest_neighbor,7,6635ae79c797695760aeee4a,2024-05-04 04:42:08.194629+00:00,2024-05-04 10:00:00+00:00,True,True,0.0,7.243447216409791,8.47476396129834
2024-05-04 02:00:00+00:00,2024-05-04 04:00:00+00:00,priority_nearest_neighbor,8,6635ae96c797695760aeee5e,2024-05-04 04:57:21.029484+00:00,2024-05-04 10:00:00+00:00,True,True,0.0,14.9462909924238,15.21391425211247
2024-05-04 02:00:00+00:00,2024-05-04 04:00:00+00:00,clarke_wright,1,6635aeabc797695760aeee6c,2024-05-04 04:00:59.099343+00:00,2024-05-04 06:41:47.575000+00:00,True,True,0.0,0.8133088559510969,0.9849890470527535
2024-05-04 02:00:00+00:00,2024-05-04 04:00:00+00:00,clarke_wright,2,6635ae96c797695760aeee5e,2024-05-04 04:13:14.466039+00:00,2024-05-04 10:00:00+00:00,True,True,0.0,12.132616747683425,12.256111597584267
2024-05-04 02:00:00+00:00,2024-05-04 04:00:00+00:00,clarke_wright,3,6635aeecc797695760aeee7e,2024-05-04 04:31:54.742885+00:00,2024-05-04 06:42:44.331000+00:00,True,True,0.0,18.838365196791443,18.671280764624367
2024-05-04 02:00:00+00:00,2024-05-04 04:00:00+00:00,clarke_wright,4,6635ae79c797695760aeee4a,2024-05-04 04:40:23.228723+00:00,2024-05-04 10:00:00+00:00,True,True,0.0,7.243447216409791,8.47476396129834
2024-05-04 02:00:00+00:00,2024-05-04 04:00:00+00:00,clarke_wright,5,6635afc4c797695760aeeef2,2024-05-04 04:47:46.979021+00:00,2024-05-04 06:43:43.281000+00:00,True,True,0.0,6.810513082911667,7.395838305341475
2024-05-04 02:00:00+00:00,2024-05-04 04:00:00+00:00,clarke_wright,6,6635ae39c797695760aeee38,2024-05-04 04:52:37.323003+00:00,2024-05-04 06:38:07.841000+00:00,True,True,0.0,4.659503123788246,4.839066367069815
2024-05-04 02:00:00+00:00,2024-05-04 04:00:00+00:00,clarke_wright,7,6635adfec797695760aeee13,2024-05-04 04:55:56.403287+00:00,2024-05-04 06:29:50.922000+00:00,True,True,0.0,2.8366106821180646,3.3180047345359194
2024-05-04 02:00:00+00:00,2024-05-04 04:00:00+00:00,clarke_wright,8,6635b13cc797695760aef218,2024-05-04 04:59:57.885620+00:00,2024-05-04 06:48:39.140000+00:00,True,True,0.0,3.492822846967156,4.024705556771775
2024-05-16 04:00:00+00:00,2024-05-16 06:00:00+00:00,nearest_neighbor,1,66458f038941c947243a2134,2024-05-16 06:00:47.300906+00:00,2024-05-16 07:42:17.342000+00:00,True,True,0.0,0.6041923740875007,0.7883484409800787
2024-05-16 04:00:00+00:00,2024-05-16 06:00:00+00:00,nearest_neighbor,2,664593338941c947243a255c,2024-05-16 06:05:49.224228+00:00,2024-05-17 03:00:00+00:00,True,True,0.0,4.55388047652693,5.032055364941698
2024-05-16 04:00:00+00:00,2024-05-16 06:00:00+00:00,nearest_neighbor,3,6645900a8941c947243a21b3,2024-05-16 06:18:45.404003+00:00,2024-05-16 07:45:35.932000+00:00,True,True,0.0,11.830385356757928,12.936329586010805
2024-05-16 04:00:00+00:00,2024-05-16 06:00:00+00:00,nearest_neighbor,4,664590798941c947243a23e0,2024-05-16 06:18:45.404003+00:00,2024-05-16 07:48:18.300000+00:00,True,True,0.0,0.0,0.0
2024-05-16 04:00:00+00:00,2024-05-16 06:00:00+00:00,nearest_neighbor,5,66458f4f8941c947243a216a,2024-05-16 06:18:45.404003+00:00,2024-05-16 07:43:16.777000+00:00,True,True,0.0,0.0,0.0
2024-05-16 04:00:00+00:00,2024-05-16 06:00:00+00:00,nearest_neighbor,6,66459ca58941c947243a2dea,2024-05-16 06:36:14.451854+00:00,2024-05-16 08:41:39.962000+00:00,True,True,0.0,15.337004064528994,17.484130853479552
2024-05-16 04:00:00+00:00,2024-05-16 06:00:00+00:00,priority_nearest_neighbor,1,66458f038941c947243a2134,2024-05-16 06:00:47.300906+00:00,2024-05-16 07:42:17.342000+00:00,True,True,0.0,0.6041923740875007,0.7883484409800787
2024-05-16 04:00:00+00:00,2024-05-16 06:00:00+00:00,priority_nearest_neighbor,2,66458f4f8941c947243a216a,2024-05-16 06:09:37.795137+00:00,2024-05-16 07:43:16.777000+00:00,True,True,0.0,8.23638016467065,8.84157051334613
2024-05-16 04:00:00+00:00,2024-05-16 06:00:00+00:00,priority_nearest_neighbor,3,6645900a8941c947243a21b3,2024-05-16 06:09:37.795137+00:00,2024-05-16 07:45:35.932000+00:00,True,True,0.0,0.0,0.0
2024-05-16 04:00:00+00:00,2024-05-16 06:00:00+00:00,priority_nearest_neighbor,4,664590798941c947243a23e0,2024-05-16 06:09:37.795137+00:00,2024-05-16 07:48:18.300000+00:00,True,True,0.0,0.0,0.0
2024-05-16 04:00:00+00:00,2024-05-16 06:00:00+00:00,priority_nearest_neighbor,5,664593338941c947243a255c,2024-05-16 06:22:20.871635+00:00,2024-05-17 03:00:00+00:00,True,True,0.0,11.639300605771409,12.717941639412569
2024-05-16 04:00:00+00:00,2024-05-16 06:00:00+00:00,priority_nearest_neighbor,6,66459ca58941c947243a2dea,2024-05-16 06:39:16.802251+00:00,2024-05-16 08:41:39.962000+00:00,True,True,0.0,15.353813261889433,16.93217692837089
2024-05-16 04:00:00+00:00,2024-05-16 06:00:00+00:00,clarke_wright,1,66458f038941c947243a2134,2024-05-16 06:00:47.300906+00:00,2024-05-16 07:42:17.342000+00:00,True,True,0.0,0.6041923740875007,0.7883484409800787
2024-05-16 04:00:00+00:00,2024-05-16 06:00:00+00:00,clarke_wright,2,664593338941c947243a255c,2024-05-16 06:05:49.224228+00:00,2024-05-17 03:00:00+00:00,True,True,0.0,4.55388047652693,5.032055364941698
2024-05-16 04:00:00+00:00,2024-05-16 06:00:00+00:00,clarke_wright,3,6645900a8941c947243a21b3,2024-05-16 06:18:45.404003+00:00,2024-05-16 07:45:35.932000+00:00,True,True,0.0,11.830385356757928,12.936329586010805
2024-05-16 04:00:00+00:00,2024-05-16 06:00:00+00:00,clarke_wright,4,664590798941c947243a23e0,2024-05-16 06:18:45.404003+00:00,2024-05-16 07:48:18.300000+00:00,True,True,0.0,0.0,0.0
2024-05-16 04:00:00+00:00,2024-05-16 06:00:00+00:00,clarke_wright,5,66458f4f8941c947243a216a,2024-05-16 06:18:45.404003+00:00,2024-05-16 07:43:16.777000+00:00,True,True,0.0,0.0,0.0
2024-05-16 04:00:00+00:00,2024-05-16 06:00:00+00:00,clarke_wright,6,66459ca58941c947243a2dea,2024-05-16 06:36:14.451854+00:00,2024-05-16 08:41:39.962000+00:00,True,True,0.0,15.337004064528994,17.484130853479552
2024-05-24 02:00:00+00:00,2024-05-24 04:00:00+00:00,nearest_neighbor,1,665002eef1a792c552f59ece,2024-05-24 04:00:59.099343+00:00,2024-05-24 06:00:16.791000+00:00,True,True,0.0,0.8133088559510969,0.9849890470527535
2024-05-24 02:00:00+00:00,2024-05-24 04:00:00+00:00,nearest_neighbor,2,665002b7f1a792c552f59ec0,2024-05-24 04:04:15.459303+00:00,2024-05-24 05:58:50.303000+00:00,True,True,0.0,2.715594564237344,3.272666001427544
2024-05-24 02:00:00+00:00,2024-05-24 04:00:00+00:00,nearest_neighbor,3,6650031df1a792c552f59edb,2024-05-24 04:06:33.324520+00:00,2024-05-24 10:00:00+00:00,True,True,0.0,2.014316061506412,2.2977536218353865
2024-05-24 02:00:00+00:00,2024-05-24 04:00:00+00:00,nearest_neighbor,4,66500a31f1a792c552f59fb1,2024-05-24 04:14:21.575664+00:00,2024-05-24 06:30:03.379000+00:00,True,True,0.0,7.142231699982281,7.804185734731879
2024-05-24 02:00:00+00:00,2024-05-24 04:00:00+00:00,nearest_neighbor,5,664ffdc5f1a792c552f59cf6,2024-05-24 04:21:11.530037+00:00,2024-05-24 05:38:43.697000+00:00,True,True,0.0,5.764626830987941,6.832572882262818
2024-05-24 02:00:00+00:00,2024-05-24 04:00:00+00:00,priority_nearest_neighbor,1,665002eef1a792c552f59ece,2024-05-24 04:00:59.099343+00:00,2024-05-24 06:00:16.791000+00:00,True,True,0.0,0.8133088559510969,0.9849890470527535
2024-05-24 02:00:00+00:00,2024-05-24 04:00:00+00:00,priority_nearest_neighbor,2,665002b7f1a792c552f59ec0,2024-05-24 04:04:15.459303+00:00,2024-05-24 05:58:50.303000+00:00,True,True,0.0,2.715594564237344,3.272666001427544
2024-05-24 02:00:00+00:00,2024-05-24 04:00:00+00:00,priority_nearest_neighbor,3,664ffdc5f1a792c552f59cf6,2024-05-24 04:15:46.920268+00:00,2024-05-24 05:38:43.697000+00:00,True,True,0.0,10.219820277703898,11.524349423777693
2024-05-24 02:00:00+00:00,2024-05-24 04:00:00+00:00,priority_nearest_neighbor,4,66500a31f1a792c552f59fb1,2024-05-24 04:22:33.203748+00:00,2024-05-24 06:30:03.379000+00:00,True,True,0.0,5.7469963735791705,6.7713913273164525
2024-05-24 02:00:00+00:00,2024-05-24 04:00:00+00:00,priority_nearest_neighbor,5,6650031df1a792c552f59edb,2024-05-24 04:30:36.706762+00:00,2024-05-24 10:00:00+00:00,True,True,0.0,7.27338801721123,8.05838357116151
2024-05-24 02:00:00+00:00,2024-05-24 04:00:00+00:00,clarke_wright,1,665002b7f1a792c552f59ec0,2024-05-24 04:02:32.437485+00:00,2024-05-24 05:58:50.303000+00:00,True,True,0.0,2.1436890764321874,2.540624753868548
2024-05-24 02:00:00+00:00,2024-05-24 04:00:00+00:00,clarke_wright,2,6650031df1a792c552f59edb,2024-05-24 04:04:50.302702+00:00,2024-05-24 10:00:00+00:00,True,True,0.0,2.014316061506412,2.2977536218353865
2024-05-24 02:00:00+00:00,2024-05-24 04:00:00+00:00,clarke_wright,3,664ffdc5f1a792c552f59cf6,2024-05-24 04:18:06.247194+00:00,2024-05-24 05:38:43.697000+00:00,True,True,0.0,11.87307955038199,13.265741538024297
2024-05-24 02:00:00+00:00,2024-05-24 04:00:00+00:00,clarke_wright,4,66500a31f1a792c552f59fb1,2024-05-24 04:24:52.530674+00:00,2024-05-24 06:30:03.379000+00:00,True,True,0.0,5.7469963735791705,6.7713913273164525
2024-05-24 02:00:00+00:00,2024-05-24 04:00:00+00:00,clarke_wright,5,665002eef1a792c552f59ece,2024-05-24 04:29:49.770991+00:00,2024-05-24 06:00:16.791000+00:00,True,True,0.0,4.569623261650771,4.954005279400987
2024-05-27 02:00:00+00:00,2024-05-27 04:00:00+00:00,nearest_neighbor,1,6653fca0e847739e08b3cf9a,2024-05-27 04:00:59.099343+00:00,2024-05-27 10:00:00+00:00,True,True,0.0,0.8133088559510969,0.9849890470527535
2024-05-27 02:00:00+00:00,2024-05-27 04:00:00+00:00,nearest_neighbor,2,6653fea7e847739e08b3cfc7,2024-05-27 04:05:19.189699+00:00,2024-05-27 06:24:51.200000+00:00,True,True,0.0,3.587038822352477,4.334839260209752
2024-05-27 02:00:00+00:00,2024-05-27 04:00:00+00:00,nearest_neighbor,3,6653fb7ae847739e08b3cf7e,2024-05-27 04:05:58.888350+00:00,2024-05-27 10:00:00+00:00,True,True,0.0,0.5513701500329988,0.6616441800395986
2024-05-27 02:00:00+00:00,2024-05-27 04:00:00+00:00,nearest_neighbor,4,6653ffc4e847739e08b3d003,2024-05-27 04:11:24.608194+00:00,2024-05-27 10:00:00+00:00,True,True,0.0,4.682045764385114,5.428664070523566
2024-05-27 02:00:00+00:00,2024-05-27 04:00:00+00:00,nearest_neighbor,5,6654004de847739e08b3d00d,2024-05-27 04:16:52.998757+00:00,2024-05-27 10:00:00+00:00,True,True,0.0,4.861317446982469,5.473176054409196
2024-05-27 02:00:00+00:00,2024-05-27 04:00:00+00:00,priority_nearest_neighbor,1,6653fea7e847739e08b3cfc7,2024-05-27 04:03:36.167881+00:00,2024-05-27 06:24:51.200000+00:00,True,True,0.0,3.0151333345473192,3.6027980126507573
2024-05-27 02:00:00+00:00,2024-05-27 04:00:00+00:00,priority_nearest_neighbor,2,6653fb7ae847739e08b3cf7e,2024-05-27 04:04:15.866532+00:00,2024-05-27 10:00:00+00:00,True,True,0.0,0.5513701500329988,0.6616441800395986
2024-05-27 02:00:00+00:00,2024-05-27 04:00:00+00:00,priority_nearest_neighbor,3,6653fca0e847739e08b3cf9a,2024-05-27 04:08:52.647279+00:00,2024-05-27 10:00:00+00:00,True,True,0.0,3.927345842276517,4.613012448797263
2024-05-27 02:00:00+00:00,2024-05-27 04:00:00+00:00,priority_nearest_neighbor,4,6654004de847739e08b3d00d,2024-05-27 04:16:15.360754+00:00,2024-05-27 10:00:00+00:00,True,True,0.0,6.81201001096124,7.3785579172432305
2024-05-27 02:00:00+00:00,2024-05-27 04:00:00+00:00,priority_nearest_neighbor,5,6653ffc4e847739e08b3d003,2024-05-27 04:22:04.115986+00:00,2024-05-27 10:00:00+00:00,True,True,0.0,5.108945313048443,5.81258719301584
2024-05-27 02:00:00+00:00,2024-05-27 04:00:00+00:00,clarke_wright,1,6654004de847739e08b3d00d,2024-05-27 04:06:47.277902+00:00,2024-05-27 10:00:00+00:00,True,True,0.0,6.573371258464509,6.7879650271294185
2024-05-27 02:00:00+00:00,2024-05-27 04:00:00+00:00,clarke_wright,2,6653ffc4e847739e08b3d003,2024-05-27 04:12:36.033134+00:00,2024-05-27 10:00:00+00:00,True,True,0.0,5.108945313048443,5.81258719301584
2024-05-27 02:00:00+00:00,2024-05-27 04:00:00+00:00,clarke_wright,3,6653fea7e847739e08b3cfc7,2024-05-27 04:18:10.290767+00:00,2024-05-27 06:24:51.200000+00:00,True,True,0.0,5.010681187856269,5.570960550713556
2024-05-27 02:00:00+00:00,2024-05-27 04:00:00+00:00,clarke_wright,4,6653fb7ae847739e08b3cf7e,2024-05-27 04:18:49.989418+00:00,2024-05-27 10:00:00+00:00,True,True,0.0,0.5513701500329988,0.6616441800395986
2024-05-27 02:00:00+00:00,2024-05-27 04:00:00+00:00,clarke_wright,5,6653fca0e847739e08b3cf9a,2024-05-27 04:23:26.770165+00:00,2024-05-27 10:00:00+00:00,True,True,0.0,3.927345842276517,4.613012448797263
2024-05-27 04:00:00+00:00,2024-05-27 06:00:00+00:00,nearest_neighbor,1,6654077ae847739e08b3d1f4,2024-05-27 06:05:58.132483+00:00,2024-05-27 07:05:23.879000+00:00,True,True,0.0,5.792821920579653,5.968874718591283
2024-05-27 04:00:00+00:00,2024-05-27 06:00:00+00:00,nearest_neighbor,2,66540f38e847739e08b3d2ab,2024-05-27 06:13:15.498730+00:00,2024-05-27 07:40:40.142000+00:00,True,True,0.0,6.624373149085284,7.289437454147725
2024-05-27 04:00:00+00:00,2024-05-27 06:00:00+00:00,nearest_neighbor,3,66540619e847739e08b3d19a,2024-05-27 06:15:35.254465+00:00,2024-05-27 06:52:51.876000+00:00,True,True,0.0,1.801955339665515,2.3292622467734883
2024-05-27 04:00:00+00:00,2024-05-27 06:00:00+00:00,nearest_neighbor,4,66540faae847739e08b3d2f2,2024-05-27 06:19:07.645142+00:00,2024-05-27 07:42:38.291000+00:00,True,True,0.0,2.725599590046079,3.5398446160910244
2024-05-27 04:00:00+00:00,2024-05-27 06:00:00+00:00,nearest_neighbor,5,66541fc4e847739e08b3dec7,2024-05-27 06:43:21.167395+00:00,2024-05-27 12:00:00+00:00,True,True,0.0,24.337521366459164,24.225370890707413
2024-05-27 04:00:00+00:00,2024-05-27 06:00:00+00:00,priority_nearest_neighbor,1,6654077ae847739e08b3d1f4,2024-05-27 06:05:58.132483+00:00,2024-05-27 07:05:23.879000+00:00,True,True,0.0,5.792821920579653,5.968874718591283
2024-05-27 04:00:00+00:00,2024-05-27 06:00:00+00:00,priority_nearest_neighbor,2,66540619e847739e08b3d19a,2024-05-27 06:13:54.137211+00:00,2024-05-27 06:52:51.876000+00:00,True,True,0.0,6.985747748792423,7.9334121271559
2024-05-27 04:00:00+00:00,2024-05-27 06:00:00+00:00,priority_nearest_neighbor,3,66540f38e847739e08b3d2ab,2024-05-27 06:16:13.934905+00:00,2024-05-27 07:40:40.142000+00:00,True,True,0.0,1.8025128909845332,2.3299615670243012
2024-05-27 04:00:00+00:00,2024-05-27 06:00:00+00:00,priority_nearest_neighbor,4,66540faae847739e08b3d2f2,2024-05-27 06:18:40.469098+00:00,2024-05-27 07:42:38.291000+00:00,True,True,0.0,1.8307181396293264,2.4422365518217872
2024-05-27 04:00:00+00:00,2024-05-27 06:00:00+00:00,priority_nearest_neighbor,5,66541fc4e847739e08b3dec7,2024-05-27 06:42:53.991351+00:00,2024-05-27 12:00:00+00:00,True,True,0.0,24.337521366459164,24.225370890707413
2024-05-27 04:00:00+00:00,2024-05-27 06:00:00+00:00,clarke_wright,1,66541fc4e847739e08b3dec7,2024-05-27 06:16:09.030436+00:00,2024-05-27 12:00:00+00:00,True,True,0.0,17.953436136264212,16.150507260978276
2024-05-27 04:00:00+00:00,2024-05-27 06:00:00+00:00,clarke_wright,2,6654077ae847739e08b3d1f4,2024-05-27 06:35:47.499575+00:00,2024-05-27 07:05:23.879000+00:00,True,True,0.0,20.37804833492745,19.641152317269142
2024-05-27 04:00:00+00:00,2024-05-27 06:00:00+00:00,clarke_wright,3,66540619e847739e08b3d19a,2024-05-27 06:43:43.504303+00:00,2024-05-27 06:52:51.876000+00:00,True,True,0.0,6.985747748792423,7.9334121271559
2024-05-27 04:00:00+00:00,2024-05-27 06:00:00+00:00,clarke_wright,4,66540f38e847739e08b3d2ab,2024-05-27 06:46:03.301997+00:00,2024-05-27 07:40:40.142000+00:00,True,True,0.0,1.8025128909845332,2.3299615670243012
2024-05-27 04:00:00+00:00,2024-05-27 06:00:00+00:00,clarke_wright,5,66540faae847739e08b3d2f2,2024-05-27 06:48:29.836190+00:00,2024-05-27 07:42:38.291000+00:00,True,True,0.0,1.8307181396293264,2.4422365518217872
2024-05-27 06:00:00+00:00,2024-05-27 08:00:00+00:00,nearest_neighbor,1,6654366de847739e08b3e942,2024-05-27 08:05:27.810864+00:00,2024-05-27 10:05:43.561000+00:00,True,True,0.0,4.867656112983823,5.46351440295401
2024-05-27 06:00:00+00:00,2024-05-27 08:00:00+00:00,nearest_neighbor,2,66542ed5e847739e08b3e472,2024-05-27 08:11:14.598243+00:00,2024-05-27 09:55:41.241000+00:00,True,True,0.0,5.001016838322718,5.779789647947973
2024-05-27 06:00:00+00:00,2024-05-27 08:00:00+00:00,nearest_neighbor,3,6654305de847739e08b3e4af,2024-05-27 08:23:38.905813+00:00,2024-05-28 03:00:00+00:00,True,True,0.0,10.984050834627741,12.405126167286674
2024-05-27 06:00:00+00:00,2024-05-27 08:00:00+00:00,nearest_neighbor,4,6654270be847739e08b3e09d,2024-05-27 08:25:33.241642+00:00,2024-05-27 09:23:56.990000+00:00,True,True,0.0,1.523754079341965,1.90559715172517
2024-05-27 06:00:00+00:00,2024-05-27 08:00:00+00:00,nearest_neighbor,5,66542764e847739e08b3e0cb,2024-05-27 08:41:11.250503+00:00,2024-05-27 09:21:24.706000+00:00,True,True,0.0,14.48303564846938,15.633481012079224
2024-05-27 06:00:00+00:00,2024-05-27 08:00:00+00:00,nearest_neighbor,6,665421b1e847739e08b3df76,2024-05-27 08:52:46.968440+00:00,2024-05-27 08:59:04.394000+00:00,True,True,0.0,11.260386890158985,11.595298943288308
2024-05-27 06:00:00+00:00,2024-05-27 08:00:00+00:00,priority_nearest_neighbor,1,665421b1e847739e08b3df76,2024-05-27 08:06:10.045881+00:00,2024-05-27 08:59:04.394000+00:00,True,True,0.0,5.623153206062366,6.167431355929521
2024-05-27 06:00:00+00:00,2024-05-27 08:00:00+00:00,priority_nearest_neighbor,2,66542764e847739e08b3e0cb,2024-05-27 08:17:08.121725+00:00,2024-05-27 09:21:24.706000+00:00,True,True,0.0,10.722698334915336,10.967930738280172
2024-05-27 06:00:00+00:00,2024-05-27 08:00:00+00:00,priority_nearest_neighbor,3,6654270be847739e08b3e09d,2024-05-27 08:33:32.387852+00:00,2024-05-27 09:23:56.990000+00:00,True,True,0.0,15.128664846609372,16.40443544675233
2024-05-27 06:00:00+00:00,2024-05-27 08:00:00+00:00,priority_nearest_neighbor,4,66542ed5e847739e08b3e472,2024-05-27 08:48:33.099860+00:00,2024-05-27 09:55:41.241000+00:00,True,True,0.0,12.87769269709948,15.01186680601023
2024-05-27 06:00:00+00:00,2024-05-27 08:00:00+00:00,priority_nearest_neighbor,5,6654366de847739e08b3e942,2024-05-27 08:53:57.129673+00:00,2024-05-27 10:05:43.561000+00:00,True,True,0.0,4.928441012643897,5.400496877657087
2024-05-27 06:00:00+00:00,2024-05-27 08:00:00+00:00,priority_nearest_neighbor,6,6654305de847739e08b3e4af,2024-05-27 09:06:10.012336+00:00,2024-05-28 03:00:00+00:00,True,True,0.0,11.519631430208996,12.214711042292995
2024-05-27 06:00:00+00:00,2024-05-27 08:00:00+00:00,clarke_wright,1,66542764e847739e08b3e0cb,2024-05-27 08:08:22.434004+00:00,2024-05-27 09:21:24.706000+00:00,True,True,0.0,8.07072957487324,8.37390007406203
2024-05-27 06:00:00+00:00,2024-05-27 08:00:00+00:00,clarke_wright,2,6654270be847739e08b3e09d,2024-05-27 08:24:46.700131+00:00,2024-05-27 09:23:56.990000+00:00,True,True,0.0,15.128664846609372,16.40443544675233
2024-05-27 06:00:00+00:00,2024-05-27 08:00:00+00:00,clarke_wright,3,6654305de847739e08b3e4af,2024-05-27 08:26:38.937244+00:00,2024-05-28 03:00:00+00:00,True,True,0.0,1.4909150703808678,1.8706185493141585
2024-05-27 06:00:00+00:00,2024-05-27 08:00:00+00:00,clarke_wright,4,66542ed5e847739e08b3e472,2024-05-27 08:40:12.726160+00:00,2024-05-27 09:55:41.241000+00:00,True,True,0.0,11.601754191875136,13.563148594568958
2024-05-27 06:00:00+00:00,2024-05-27 08:00:00+00:00,clarke_wright,5,6654366de847739e08b3e942,2024-05-27 08:45:36.755973+00:00,2024-05-27 10:05:43.561000+00:00,True,True,0.0,4.928441012643897,5.400496877657087
2024-05-27 06:00:00+00:00,2024-05-27 08:00:00+00:00,clarke_wright,6,665421b1e847739e08b3df76,2024-05-27 08:52:48.851125+00:00,2024-05-27 08:59:04.394000+00:00,True,True,0.0,6.520151321781714,7.201585874760153
2024-06-10 04:00:00+00:00,2024-06-10 06:00:00+00:00,nearest_neighbor,1,66668e28bb9619f5c265adfd,2024-06-10 06:00:54.988864+00:00,2024-06-10 08:24:01.018000+00:00,True,True,0.0,0.7010889401999238,0.9164810704413078
2024-06-10 04:00:00+00:00,2024-06-10 06:00:00+00:00,nearest_neighbor,2,66667aa0bb9619f5c265aab7,2024-06-10 06:05:08.578667+00:00,2024-06-10 06:59:42.370000+00:00,True,True,0.0,3.8056126333470846,4.22649671379158
2024-06-10 04:00:00+00:00,2024-06-10 06:00:00+00:00,nearest_neighbor,3,666691e8bb9619f5c265af1e,2024-06-10 06:06:37.434627+00:00,2024-06-10 08:40:24.260000+00:00,True,True,0.0,1.2200579283228077,1.4809326593342087
2024-06-10 04:00:00+00:00,2024-06-10 06:00:00+00:00,nearest_neighbor,4,66668f29bb9619f5c265ae63,2024-06-10 06:17:53.780890+00:00,2024-06-10 08:25:19.941000+00:00,True,True,0.0,10.671398065680961,11.272437721297736
2024-06-10 04:00:00+00:00,2024-06-10 06:00:00+00:00,nearest_neighbor,5,66668733bb9619f5c265ada3,2024-06-10 06:30:43.719540+00:00,2024-06-10 07:54:41.060000+00:00,True,True,0.0,11.385468387343451,12.83231083096776
2024-06-10 04:00:00+00:00,2024-06-10 06:00:00+00:00,priority_nearest_neighbor,1,66667aa0bb9619f5c265aab7,2024-06-10 06:04:11.337979+00:00,2024-06-10 06:59:42.370000+00:00,True,True,0.0,3.565592107724896,4.188966324497937
2024-06-10 04:00:00+00:00,2024-06-10 06:00:00+00:00,priority_nearest_neighbor,2,666691e8bb9619f5c265af1e,2024-06-10 06:05:40.193939+00:00,2024-06-10 08:40:24.260000+00:00,True,True,0.0,1.2200579283228077,1.4809326593342087
2024-06-10 04:00:00+00:00,2024-06-10 06:00:00+00:00,priority_nearest_neighbor,3,66668e28bb9619f5c265adfd,2024-06-10 06:11:23.820118+00:00,2024-06-10 08:24:01.018000+00:00,True,True,0.0,5.013057819954185,5.7271029843407835
2024-06-10 04:00:00+00:00,2024-06-10 06:00:00+00:00,priority_nearest_neighbor,4,66668f29bb9619f5c265ae63,2024-06-10 06:20:02.489950+00:00,2024-06-10 08:25:19.941000+00:00,True,True,0.0,8.04224085454361,8.644497194754845
2024-06-10 04:00:00+00:00,2024-06-10 06:00:00+00:00,priority_nearest_neighbor,5,66668733bb9619f5c265ada3,2024-06-10 06:32:52.428600+00:00,2024-06-10 07:54:41.060000+00:00,True,True,0.0,11.385468387343451,12.83231083096776
2024-06-10 04:00:00+00:00,2024-06-10 06:00:00+00:00,clarke_wright,1,66668e28bb9619f5c265adfd,2024-06-10 06:00:54.988864+00:00,2024-06-10 08:24:01.018000+00:00,True,True,0.0,0.7010889401999238,0.9164810704413078
2024-06-10 04:00:00+00:00,2024-06-10 06:00:00+00:00,clarke_wright,2,666691e8bb9619f5c265af1e,2024-06-10 06:06:16.185138+00:00,2024-06-10 08:40:24.260000+00:00,True,True,0.0,4.857439249417688,5.353271229317305
2024-06-10 04:00:00+00:00,2024-06-10 06:00:00+00:00,clarke_wright,3,66667aa0bb9619f5c265aab7,2024-06-10 06:07:43.202304+00:00,2024-06-10 06:59:42.370000+00:00,True,True,0.0,1.185295519089664,1.4502861056956717
2024-06-10 04:00:00+00:00,2024-06-10 06:00:00+00:00,clarke_wright,4,66668733bb9619f5c265ada3,2024-06-10 06:19:35.838520+00:00,2024-06-10 07:54:41.060000+00:00,True,True,0.0,10.751631722824838,11.877270266407367
2024-06-10 04:00:00+00:00,2024-06-10 06:00:00+00:00,clarke_wright,5,66668f29bb9619f5c265ae63,2024-06-10 06:33:36.449145+00:00,2024-06-10 08:25:19.941000+00:00,True,True,0.0,12.508709802414225,14.010177078329713
2024-06-13 04:00:00+00:00,2024-06-13 06:00:00+00:00,nearest_neighbor,1,666a7c890ad530bd2452d580,2024-06-13 06:01:22.921939+00:00,2024-06-13 07:57:28.154000+00:00,True,True,0.0,1.32069259615684,1.3820323137983845
2024-06-13 04:00:00+00:00,2024-06-13 06:00:00+00:00,nearest_neighbor,2,666a701bfb1f6edb969c8958,2024-06-13 06:05:15.743060+00:00,2024-06-13 11:00:00+00:00,True,True,0.0,3.355892703374954,3.880352022550442
2024-06-13 04:00:00+00:00,2024-06-13 06:00:00+00:00,nearest_neighbor,3,666a8a09f212d56dfc377d1d,2024-06-13 06:16:45.854280+00:00,2024-06-13 08:54:47.383000+00:00,True,True,0.0,10.040301688775859,11.50185365991736
2024-06-13 04:00:00+00:00,2024-06-13 06:00:00+00:00,nearest_neighbor,4,666a70b0fb1f6edb969c8989,2024-06-13 06:33:37.870241+00:00,2024-06-13 10:00:00+00:00,True,True,0.0,16.209383862722834,16.8669326845479
2024-06-13 04:00:00+00:00,2024-06-13 06:00:00+00:00,nearest_neighbor,5,666a7068fb1f6edb969c896d,2024-06-13 06:47:55.194467+00:00,2024-06-13 11:00:00+00:00,True,True,0.0,15.770053612553543,14.288737102917688
2024-06-13 04:00:00+00:00,2024-06-13 06:00:00+00:00,priority_nearest_neighbor,1,666a7c890ad530bd2452d580,2024-06-13 06:01:22.921939+00:00,2024-06-13 07:57:28.154000+00:00,True,True,0.0,1.32069259615684,1.3820323137983845
2024-06-13 04:00:00+00:00,2024-06-13 06:00:00+00:00,priority_nearest_neighbor,2,666a701bfb1f6edb969c8958,2024-06-13 06:05:15.743060+00:00,2024-06-13 11:00:00+00:00,True,True,0.0,3.355892703374954,3.880352022550442
2024-06-13 04:00:00+00:00,2024-06-13 06:00:00+00:00,priority_nearest_neighbor,3,666a70b0fb1f6edb969c8989,2024-06-13 06:16:23.854182+00:00,2024-06-13 10:00:00+00:00,True,True,0.0,10.976187312750897,11.135185360335663
2024-06-13 04:00:00+00:00,2024-06-13 06:00:00+00:00,priority_nearest_neighbor,4,666a7068fb1f6edb969c896d,2024-06-13 06:30:41.178408+00:00,2024-06-13 11:00:00+00:00,True,True,0.0,15.770053612553543,14.288737102917688
2024-06-13 04:00:00+00:00,2024-06-13 06:00:00+00:00,priority_nearest_neighbor,5,666a8a09f212d56dfc377d1d,2024-06-13 06:51:25.044849+00:00,2024-06-13 08:54:47.383000+00:00,True,True,0.0,19.92105339651099,20.731107343376596
2024-06-13 04:00:00+00:00,2024-06-13 06:00:00+00:00,clarke_wright,1,666a7068fb1f6edb969c896d,2024-06-13 06:09:54.154130+00:00,2024-06-13 11:00:00+00:00,True,True,0.0,9.281392268185554,9.902568835782999
2024-06-13 04:00:00+00:00,2024-06-13 06:00:00+00:00,clarke_wright,2,666a701bfb1f6edb969c8958,2024-06-13 06:20:57.573285+00:00,2024-06-13 11:00:00+00:00,True,True,0.0,10.020213859336494,11.056985910112948
2024-06-13 04:00:00+00:00,2024-06-13 06:00:00+00:00,clarke_wright,3,666a8a09f212d56dfc377d1d,2024-06-13 06:32:27.684505+00:00,2024-06-13 08:54:47.383000+00:00,True,True,0.0,10.040301688775859,11.50185365991736
2024-06-13 04:00:00+00:00,2024-06-13 06:00:00+00:00,clarke_wright,4,666a70b0fb1f6edb969c8989,2024-06-13 06:49:19.700466+00:00,2024-06-13 10:00:00+00:00,True,True,0.0,16.209383862722834,16.8669326845479
2024-06-13 04:00:00+00:00,2024-06-13 06:00:00+00:00,clarke_wright,5,666a7c890ad530bd2452d580,2024-06-13 06:56:36.104355+00:00,2024-06-13 07:57:28.154000+00:00,True,True,0.0,7.669849115343147,7.273398151981536
2024-06-14 02:00:00+00:00,2024-06-14 04:00:00+00:00,nearest_neighbor,1,666bbab83058481f4e2674f9,2024-06-14 04:04:34.478470+00:00,2024-06-14 10:00:00+00:00,True,True,0.0,3.9000876193944616,4.574641168568555
2024-06-14 02:00:00+00:00,2024-06-14 04:00:00+00:00,nearest_neighbor,2,666bb8c63058481f4e267456,2024-06-14 04:09:42.887919+00:00,2024-06-14 09:00:00+00:00,True,True,0.0,4.73389882537149,5.1401574815575195
2024-06-14 02:00:00+00:00,2024-06-14 04:00:00+00:00,nearest_neighbor,3,666bb9403058481f4e267475,2024-06-14 04:09:42.887919+00:00,2024-06-14 10:00:00+00:00,True,True,0.0,0.0,0.0
2024-06-14 02:00:00+00:00,2024-06-14 04:00:00+00:00,nearest_neighbor,4,666bb9113058481f4e267460,2024-06-14 04:11:20.283866+00:00,2024-06-14 10:00:00+00:00,True,True,0.0,1.220153494281215,1.6232657773708083
2024-06-14 02:00:00+00:00,2024-06-14 04:00:00+00:00,nearest_neighbor,5,666bbbf83058481f4e2675d7,2024-06-14 04:14:49.152668+00:00,2024-06-14 06:39:46.469000+00:00,True,True,0.0,4.039038997202108,3.481146705892117
2024-06-14 02:00:00+00:00,2024-06-14 04:00:00+00:00,nearest_neighbor,6,666bac693058481f4e26738a,2024-06-14 04:24:01.476806+00:00,2024-06-14 09:00:00+00:00,True,True,0.0,9.83011309888696,9.20540230032091
2024-06-14 02:00:00+00:00,2024-06-14 04:00:00+00:00,nearest_neighbor,7,666bad153058481f4e26739a,2024-06-14 04:39:58.246674+00:00,2024-06-14 05:35:25.686000+00:00,True,True,0.0,13.994252496987905,15.94616447034625
2024-06-14 02:00:00+00:00,2024-06-14 04:00:00+00:00,nearest_neighbor,8,666bb9993058481f4e26748d,2024-06-14 04:43:22.817018+00:00,2024-06-14 06:30:11.308000+00:00,True,True,0.0,2.7866658825921897,3.409505730450292
2024-06-14 02:00:00+00:00,2024-06-14 04:00:00+00:00,priority_nearest_neighbor,1,666bad153058481f4e26739a,2024-06-14 04:12:36.707173+00:00,2024-06-14 05:35:25.686000+00:00,True,True,0.0,11.162676045270011,12.611786209520703
2024-06-14 02:00:00+00:00,2024-06-14 04:00:00+00:00,priority_nearest_neighbor,2,666bb9993058481f4e26748d,2024-06-14 04:16:01.277517+00:00,2024-06-14 06:30:11.308000+00:00,True,True,0.0,2.7866658825921897,3.409505730450292
2024-06-14 02:00:00+00:00,2024-06-14 04:00:00+00:00,priority_nearest_neighbor,3,666bbab83058481f4e2674f9,2024-06-14 04:24:05.533200+00:00,2024-06-14 10:00:00+00:00,True,True,0.0,6.687336327392498,8.07092804522452
2024-06-14 02:00:00+00:00,2024-06-14 04:00:00+00:00,priority_nearest_neighbor,4,666bbbf83058481f4e2675d7,2024-06-14 04:32:20.541152+00:00,2024-06-14 06:39:46.469000+00:00,True,True,0.0,8.121560289917232,8.250132538991545
2024-06-14 02:00:00+00:00,2024-06-14 04:00:00+00:00,priority_nearest_neighbor,5,666bb9113058481f4e267460,2024-06-14 04:35:40.047528+00:00,2024-06-14 10:00:00+00:00,True,True,0.0,3.929287121763836,3.3251062691675743
2024-06-14 02:00:00+00:00,2024-06-14 04:00:00+00:00,priority_nearest_neighbor,6,666bb8c63058481f4e267456,2024-06-14 04:37:17.443475+00:00,2024-06-14 09:00:00+00:00,True,True,0.0,1.2201534942812151,1.6232657773708086
2024-06-14 02:00:00+00:00,2024-06-14 04:00:00+00:00,priority_nearest_neighbor,7,666bb9403058481f4e267475,2024-06-14 04:37:17.443475+00:00,2024-06-14 10:00:00+00:00,True,True,0.0,0.0,0.0
2024-06-14 02:00:00+00:00,2024-06-14 04:00:00+00:00,priority_nearest_neighbor,8,666bac693058481f4e26738a,2024-06-14 04:45:53.267709+00:00,2024-06-14 09:00:00+00:00,True,True,0.0,7.9733917866300565,8.597070568011219
2024-06-14 02:00:00+00:00,2024-06-14 04:00:00+00:00,clarke_wright,1,666bbab83058481f4e2674f9,2024-06-14 04:04:34.478470+00:00,2024-06-14 10:00:00+00:00,True,True,0.0,3.9000876193944616,4.574641168568555
2024-06-14 02:00:00+00:00,2024-06-14 04:00:00+00:00,clarke_wright,2,666bb9993058481f4e26748d,2024-06-14 04:12:21.309720+00:00,2024-06-14 06:30:11.308000+00:00,True,True,0.0,6.496015692525442,7.780520833502649
2024-06-14 02:00:00+00:00,2024-06-14 04:00:00+00:00,clarke_wright,3,666bad153058481f4e26739a,2024-06-14 04:15:45.823324+00:00,2024-06-14 05:35:25.686000+00:00,True,True,0.0,2.7858408425604955,3.408560067706514
2024-06-14 02:00:00+00:00,2024-06-14 04:00:00+00:00,clarke_wright,4,666bb9403058481f4e267475,2024-06-14 04:26:47.247325+00:00,2024-06-14 10:00:00+00:00,True,True,0.0,9.673022438368719,11.023733342751576
2024-06-14 02:00:00+00:00,2024-06-14 04:00:00+00:00,clarke_wright,5,666bb8c63058481f4e267456,2024-06-14 04:26:47.247325+00:00,2024-06-14 09:00:00+00:00,True,True,0.0,0.0,0.0
2024-06-14 02:00:00+00:00,2024-06-14 04:00:00+00:00,clarke_wright,6,666bb9113058481f4e267460,2024-06-14 04:28:24.643272+00:00,2024-06-14 10:00:00+00:00,True,True,0.0,1.220153494281215,1.6232657773708083
2024-06-14 02:00:00+00:00,2024-06-14 04:00:00+00:00,clarke_wright,7,666bac693058481f4e26738a,2024-06-14 04:35:31.905335+00:00,2024-06-14 09:00:00+00:00,True,True,0.0,6.9115311235589365,7.121034380100765
2024-06-14 02:00:00+00:00,2024-06-14 04:00:00+00:00,clarke_wright,8,666bbbf83058481f4e2675d7,2024-06-14 04:45:25.161467+00:00,2024-06-14 06:39:46.469000+00:00,True,True,0.0,9.84199889929878,9.887602191893084
2024-06-19 02:00:00+00:00,2024-06-19 04:00:00+00:00,nearest_neighbor,1,667253abdb29c9405177aa98,2024-06-19 04:03:27.547899+00:00,2024-06-19 06:26:48.064000+00:00,True,True,0.0,3.1754692777423594,3.459131658119328
2024-06-19 02:00:00+00:00,2024-06-19 04:00:00+00:00,nearest_neighbor,2,66724feedb29c9405177aa31,2024-06-19 04:05:38.813095+00:00,2024-06-19 10:00:00+00:00,True,True,0.0,1.9558399413623264,2.1877532668347306
2024-06-19 02:00:00+00:00,2024-06-19 04:00:00+00:00,nearest_neighbor,3,667254eddb29c9405177aaad,2024-06-19 04:12:31.134080+00:00,2024-06-19 06:42:42.276000+00:00,True,True,0.0,5.818515746491582,6.872016417906437
2024-06-19 02:00:00+00:00,2024-06-19 04:00:00+00:00,nearest_neighbor,4,667256eddb29c9405177ab42,2024-06-19 04:25:45.529516+00:00,2024-06-19 06:52:20.345000+00:00,True,True,0.0,11.690685081850903,13.239923929227281
2024-06-19 02:00:00+00:00,2024-06-19 04:00:00+00:00,nearest_neighbor,5,667255c9db29c9405177aafa,2024-06-19 04:29:01.305805+00:00,2024-06-19 06:50:30.752000+00:00,True,True,0.0,2.6696963010690684,3.2629381450336323
2024-06-19 02:00:00+00:00,2024-06-19 04:00:00+00:00,priority_nearest_neighbor,1,667253abdb29c9405177aa98,2024-06-19 04:03:27.547899+00:00,2024-06-19 06:26:48.064000+00:00,True,True,0.0,3.1754692777423594,3.459131658119328
2024-06-19 02:00:00+00:00,2024-06-19 04:00:00+00:00,priority_nearest_neighbor,2,66724feedb29c9405177aa31,2024-06-19 04:05:38.813095+00:00,2024-06-19 10:00:00+00:00,True,True,0.0,1.9558399413623264,2.1877532668347306
2024-06-19 02:00:00+00:00,2024-06-19 04:00:00+00:00,priority_nearest_neighbor,3,667254eddb29c9405177aaad,2024-06-19 04:12:31.134080+00:00,2024-06-19 06:42:42.276000+00:00,True,True,0.0,5.818515746491582,6.872016417906437
2024-06-19 02:00:00+00:00,2024-06-19 04:00:00+00:00,priority_nearest_neighbor,4,667256eddb29c9405177ab42,2024-06-19 04:25:45.529516+00:00,2024-06-19 06:52:20.345000+00:00,True,True,0.0,11.690685081850903,13.239923929227281
2024-06-19 02:00:00+00:00,2024-06-19 04:00:00+00:00,priority_nearest_neighbor,5,667255c9db29c9405177aafa,2024-06-19 04:29:01.305805+00:00,2024-06-19 06:50:30.752000+00:00,True,True,0.0,2.6696963010690684,3.2629381450336323
2024-06-19 02:00:00+00:00,2024-06-19 04:00:00+00:00,clarke_wright,1,667253abdb29c9405177aa98,2024-06-19 04:03:27.547899+00:00,2024-06-19 06:26:48.064000+00:00,True,True,0.0,3.1754692777423594,3.459131658119328
2024-06-19 02:00:00+00:00,2024-06-19 04:00:00+00:00,clarke_wright,2,667254eddb29c9405177aaad,2024-06-19 04:11:40.011206+00:00,2024-06-19 06:42:42.276000+00:00,True,True,0.0,6.961180286535535,8.207721777136586
2024-06-19 02:00:00+00:00,2024-06-19 04:00:00+00:00,clarke_wright,3,66724feedb29c9405177aa31,2024-06-19 04:18:19.628937+00:00,2024-06-19 10:00:00+00:00,True,True,0.0,5.683166175740909,6.66029552267331
2024-06-19 02:00:00+00:00,2024-06-19 04:00:00+00:00,clarke_wright,4,667256eddb29c9405177ab42,2024-06-19 04:26:01.867856+00:00,2024-06-19 06:52:20.345000+00:00,True,True,0.0,6.773863171317537,7.70398198171553
2024-06-19 02:00:00+00:00,2024-06-19 04:00:00+00:00,clarke_wright,5,667255c9db29c9405177aafa,2024-06-19 04:29:17.644145+00:00,2024-06-19 06:50:30.752000+00:00,True,True,0.0,2.6696963010690684,3.2629381450336323
2024-06-19 04:00:00+00:00,2024-06-19 06:00:00+00:00,nearest_neighbor,1,66725f41db29c9405177ae97,2024-06-19 06:01:46.873678+00:00,2024-06-19 07:27:28.568000+00:00,True,True,0.0,1.5619396221703494,1.781227966094812
2024-06-19 04:00:00+00:00,2024-06-19 06:00:00+00:00,nearest_neighbor,2,66726021db29c9405177aecf,2024-06-19 06:03:48.575752+00:00,2024-06-19 07:33:00.322000+00:00,True,True,0.0,1.993953098942455,2.02836789973092
2024-06-19 04:00:00+00:00,2024-06-19 06:00:00+00:00,nearest_neighbor,3,667266fcdb29c9405177b24d,2024-06-19 06:05:50.498836+00:00,2024-06-19 08:00:08.745000+00:00,True,True,0.0,1.9723912402078307,2.0320514018604467
2024-06-19 04:00:00+00:00,2024-06-19 06:00:00+00:00,nearest_neighbor,4,66726bf7db29c9405177b879,2024-06-19 06:10:17.289615+00:00,2024-06-19 08:22:50.282000+00:00,True,True,0.0,4.0930439838102535,4.4465129896655755
2024-06-19 04:00:00+00:00,2024-06-19 06:00:00+00:00,nearest_neighbor,5,6672586ddb29c9405177ab7a,2024-06-19 06:13:27.572185+00:00,2024-06-19 06:56:33.248000+00:00,True,True,0.0,2.985466816970744,3.1713761697744167
2024-06-19 04:00:00+00:00,2024-06-19 06:00:00+00:00,nearest_neighbor,6,6672652adb29c9405177b1be,2024-06-19 06:21:53.225091+00:00,2024-06-19 07:46:32.884000+00:00,True,True,0.0,7.613277868480953,8.427548439831153
2024-06-19 04:00:00+00:00,2024-06-19 06:00:00+00:00,nearest_neighbor,7,66725caddb29c9405177ae4c,2024-06-19 06:27:53.055883+00:00,2024-06-19 07:18:17.706000+00:00,True,True,0.0,5.072827451612329,5.99717986176413
2024-06-19 04:00:00+00:00,2024-06-19 06:00:00+00:00,nearest_neighbor,8,667267a4db29c9405177b309,2024-06-19 06:33:46.411745+00:00,2024-06-19 08:05:02.503000+00:00,True,True,0.0,4.751281988772536,5.889264360327223
2024-06-19 04:00:00+00:00,2024-06-19 06:00:00+00:00,nearest_neighbor,9,6672673adb29c9405177b2b8,2024-06-19 06:38:40.172948+00:00,2024-06-19 08:05:22.383000+00:00,True,True,0.0,3.8621967387193674,4.896020045019806
2024-06-19 04:00:00+00:00,2024-06-19 06:00:00+00:00,nearest_neighbor,10,66725bfcdb29c9405177ad6c,2024-06-19 06:49:29.234741+00:00,2024-06-19 07:04:16.572000+00:00,True,True,0.0,10.065066088635307,10.817696553621243
2024-06-19 04:00:00+00:00,2024-06-19 06:00:00+00:00,priority_nearest_neighbor,1,6672586ddb29c9405177ab7a,2024-06-19 06:05:24.206579+00:00,2024-06-19 06:56:33.248000+00:00,True,True,0.0,5.1334038227749526,5.403442983663292
2024-06-19 04:00:00+00:00,2024-06-19 06:00:00+00:00,priority_nearest_neighbor,2,66725f41db29c9405177ae97,2024-06-19 06:08:40.863633+00:00,2024-06-19 07:27:28.568000+00:00,True,True,0.0,2.9756572816936813,3.2776175612373586
2024-06-19 04:00:00+00:00,2024-06-19 06:00:00+00:00,priority_nearest_neighbor,3,66725bfcdb29c9405177ad6c,2024-06-19 06:19:21.410533+00:00,2024-06-19 07:04:16.572000+00:00,True,True,0.0,9.303082345281307,10.675781671340284
2024-06-19 04:00:00+00:00,2024-06-19 06:00:00+00:00,priority_nearest_neighbor,4,66725caddb29c9405177ae4c,2024-06-19 06:27:54.143091+00:00,2024-06-19 07:18:17.706000+00:00,True,True,0.0,7.03416109281629,8.545542639249415
2024-06-19 04:00:00+00:00,2024-06-19 06:00:00+00:00,priority_nearest_neighbor,5,66726021db29c9405177aecf,2024-06-19 06:36:09.390633+00:00,2024-06-19 07:33:00.322000+00:00,True,True,0.0,7.71938606523397,8.254125694187007
2024-06-19 04:00:00+00:00,2024-06-19 06:00:00+00:00,priority_nearest_neighbor,6,667266fcdb29c9405177b24d,2024-06-19 06:38:11.313717+00:00,2024-06-19 08:00:08.745000+00:00,True,True,0.0,1.9723912402078307,2.0320514018604467
2024-06-19 04:00:00+00:00,2024-06-19 06:00:00+00:00,priority_nearest_neighbor,7,6672652adb29c9405177b1be,2024-06-19 06:47:41.372393+00:00,2024-06-19 07:46:32.884000+00:00,True,True,0.0,8.146891041858847,9.50097793426054
2024-06-19 04:00:00+00:00,2024-06-19 06:00:00+00:00,priority_nearest_neighbor,8,66726bf7db29c9405177b879,2024-06-19 06:56:01.756284+00:00,2024-06-19 08:22:50.282000+00:00,True,True,0.0,7.667501430476706,8.339731509905748
2024-06-19 04:00:00+00:00,2024-06-19 06:00:00+00:00,priority_nearest_neighbor,9,667267a4db29c9405177b309,2024-06-19 07:10:00.568577+00:00,2024-06-19 08:05:02.503000+00:00,True,True,0.0,12.721139555622546,13.980204877068308
2024-06-19 04:00:00+00:00,2024-06-19 06:00:00+00:00,priority_nearest_neighbor,10,6672673adb29c9405177b2b8,2024-06-19 07:14:54.329780+00:00,2024-06-19 08:05:22.383000+00:00,True,True,0.0,3.8621967387193674,4.896020045019806
2024-06-19 04:00:00+00:00,2024-06-19 06:00:00+00:00,clarke_wright,1,66726bf7db29c9405177b879,2024-06-19 06:03:37.061943+00:00,2024-06-19 08:22:50.282000+00:00,True,True,0.0,3.4342777133894486,3.6176990506872744
2024-06-19 04:00:00+00:00,2024-06-19 06:00:00+00:00,clarke_wright,2,6672586ddb29c9405177ab7a,2024-06-19 06:06:47.344513+00:00,2024-06-19 06:56:33.248000+00:00,True,True,0.0,2.985466816970744,3.1713761697744167
2024-06-19 04:00:00+00:00,2024-06-19 06:00:00+00:00,clarke_wright,3,66725f41db29c9405177ae97,2024-06-19 06:10:04.001567+00:00,2024-06-19 07:27:28.568000+00:00,True,True,0.0,2.9756572816936813,3.2776175612373586
2024-06-19 04:00:00+00:00,2024-06-19 06:00:00+00:00,clarke_wright,4,66726021db29c9405177aecf,2024-06-19 06:12:05.703641+00:00,2024-06-19 07:33:00.322000+00:00,True,True,0.0,1.993953098942455,2.02836789973092
2024-06-19 04:00:00+00:00,2024-06-19 06:00:00+00:00,clarke_wright,5,667266fcdb29c9405177b24d,2024-06-19 06:14:07.626725+00:00,2024-06-19 08:00:08.745000+00:00,True,True,0.0,1.9723912402078307,2.0320514018604467
2024-06-19 04:00:00+00:00,2024-06-19 06:00:00+00:00,clarke_wright,6,66725caddb29c9405177ae4c,2024-06-19 06:23:30.635519+00:00,2024-06-19 07:18:17.706000+00:00,True,True,0.0,8.055966431736621,9.383479902984561
2024-06-19 04:00:00+00:00,2024-06-19 06:00:00+00:00,clarke_wright,7,667267a4db29c9405177b309,2024-06-19 06:29:23.991381+00:00,2024-06-19 08:05:02.503000+00:00,True,True,0.0,4.751281988772536,5.889264360327223
2024-06-19 04:00:00+00:00,2024-06-19 06:00:00+00:00,clarke_wright,8,6672673adb29c9405177b2b8,2024-06-19 06:34:17.752584+00:00,2024-06-19 08:05:22.383000+00:00,True,True,0.0,3.8621967387193674,4.896020045019806
2024-06-19 04:00:00+00:00,2024-06-19 06:00:00+00:00,clarke_wright,9,66725bfcdb29c9405177ad6c,2024-06-19 06:45:06.814377+00:00,2024-06-19 07:04:16.572000+00:00,True,True,0.0,10.065066088635307,10.817696553621243
2024-06-19 04:00:00+00:00,2024-06-19 06:00:00+00:00,clarke_wright,10,6672652adb29c9405177b1be,2024-06-19 06:52:07.360577+00:00,2024-06-19 07:46:32.884000+00:00,True,True,0.0,5.775437830423653,7.0091033272827525
2024-06-22 08:00:00+00:00,2024-06-22 10:00:00+00:00,nearest_neighbor,1,66768ff88caccc69cb744dd8,2024-06-22 10:08:24.071738+00:00,2024-06-22 11:47:27.110000+00:00,True,True,0.0,7.70690095441811,8.401195635851122
2024-06-22 08:00:00+00:00,2024-06-22 10:00:00+00:00,nearest_neighbor,2,667690638caccc69cb744e04,2024-06-22 10:23:24.634170+00:00,2024-06-22 11:46:57.551000+00:00,True,True,0.0,13.585306941887456,15.009373859752062
2024-06-22 08:00:00+00:00,2024-06-22 10:00:00+00:00,nearest_neighbor,3,667686e88caccc69cb744d08,2024-06-22 10:39:15.581144+00:00,2024-06-22 11:07:30.630000+00:00,True,True,0.0,14.085460868325644,15.84911624139206
2024-06-22 08:00:00+00:00,2024-06-22 10:00:00+00:00,nearest_neighbor,4,667690c08caccc69cb744e15,2024-06-22 10:44:21.870816+00:00,2024-06-22 11:50:03.382000+00:00,True,True,0.0,4.416522887051969,5.104827869439136
2024-06-22 08:00:00+00:00,2024-06-22 10:00:00+00:00,nearest_neighbor,5,6676929e8caccc69cb744e64,2024-06-22 10:56:44.117528+00:00,2024-06-22 11:56:19.848000+00:00,True,True,0.0,10.292125654411148,12.370778534475303
2024-06-22 08:00:00+00:00,2024-06-22 10:00:00+00:00,nearest_neighbor,6,667691a18caccc69cb744e25,2024-06-22 11:23:47.633793+00:00,2024-06-22 11:53:41.154000+00:00,True,True,0.0,24.56638897281225,27.058604409341058
2024-06-22 08:00:00+00:00,2024-06-22 10:00:00+00:00,priority_nearest_neighbor,1,667686e88caccc69cb744d08,2024-06-22 10:11:34.077400+00:00,2024-06-22 11:07:30.630000+00:00,True,True,0.0,11.026725952790871,11.567956670820248
2024-06-22 08:00:00+00:00,2024-06-22 10:00:00+00:00,priority_nearest_neighbor,2,667690c08caccc69cb744e15,2024-06-22 10:16:40.367072+00:00,2024-06-22 11:50:03.382000+00:00,True,True,0.0,4.416522887051969,5.104827869439136
2024-06-22 08:00:00+00:00,2024-06-22 10:00:00+00:00,priority_nearest_neighbor,3,6676929e8caccc69cb744e64,2024-06-22 10:29:02.613784+00:00,2024-06-22 11:56:19.848000+00:00,True,True,0.0,10.292125654411148,12.370778534475303
2024-06-22 08:00:00+00:00,2024-06-22 10:00:00+00:00,priority_nearest_neighbor,4,667690638caccc69cb744e04,2024-06-22 10:48:28.282942+00:00,2024-06-22 11:46:57.551000+00:00,True,True,0.0,18.32438211956403,19.42781930638121
2024-06-22 08:00:00+00:00,2024-06-22 10:00:00+00:00,priority_nearest_neighbor,5,66768ff88caccc69cb744dd8,2024-06-22 11:01:31.636157+00:00,2024-06-22 11:47:27.110000+00:00,True,True,0.0,12.28255993091679,13.055886910678003
2024-06-22 08:00:00+00:00,2024-06-22 10:00:00+00:00,priority_nearest_neighbor,6,667691a18caccc69cb744e25,2024-06-22 11:21:58.886610+00:00,2024-06-22 11:53:41.154000+00:00,True,True,0.0,18.490093959362238,20.454174213797767
2024-06-22 08:00:00+00:00,2024-06-22 10:00:00+00:00,clarke_wright,1,667691a18caccc69cb744e25,2024-06-22 10:11:20.228925+00:00,2024-06-22 11:53:41.154000+00:00,True,True,0.0,9.952649797211429,11.337148757947954
2024-06-22 08:00:00+00:00,2024-06-22 10:00:00+00:00,clarke_wright,2,667690c08caccc69cb744e15,2024-06-22 10:28:02.672869+00:00,2024-06-22 11:50:03.382000+00:00,True,True,0.0,15.34557399677667,16.70739906106688
2024-06-22 08:00:00+00:00,2024-06-22 10:00:00+00:00,clarke_wright,3,6676929e8caccc69cb744e64,2024-06-22 10:40:24.919581+00:00,2024-06-22 11:56:19.848000+00:00,True,True,0.0,10.292125654411148,12.370778534475303
2024-06-22 08:00:00+00:00,2024-06-22 10:00:00+00:00,clarke_wright,4,667686e88caccc69cb744d08,2024-06-22 10:49:14.996905+00:00,2024-06-22 11:07:30.630000+00:00,True,True,0.0,7.411423648465627,8.834622065812276
2024-06-22 08:00:00+00:00,2024-06-22 10:00:00+00:00,clarke_wright,5,667690638caccc69cb744e04,2024-06-22 11:05:11.806187+00:00,2024-06-22 11:46:57.551000+00:00,True,True,0.0,13.461116040542178,15.946821373438755
2024-06-22 08:00:00+00:00,2024-06-22 10:00:00+00:00,clarke_wright,6,66768ff88caccc69cb744dd8,2024-06-22 11:18:15.159402+00:00,2024-06-22 11:47:27.110000+00:00,True,True,0.0,12.28255993091679,13.055886910678003
2024-06-25 02:00:00+00:00,2024-06-25 04:00:00+00:00,nearest_neighbor,1,667a2d6e686ba46d64f0715b,2024-06-25 04:02:01.480852+00:00,2024-06-25 05:34:28.219000+00:00,True,True,0.0,1.674268739725866,2.0246808625381734
2024-06-25 02:00:00+00:00,2024-06-25 04:00:00+00:00,nearest_neighbor,2,667a3751686ba46d64f075aa,2024-06-25 04:06:17.972643+00:00,2024-06-25 06:18:16.177000+00:00,True,True,0.0,3.6916697166292285,4.274863178572777
2024-06-25 02:00:00+00:00,2024-06-25 04:00:00+00:00,nearest_neighbor,3,667a3a16686ba46d64f07767,2024-06-25 04:10:11.718650+00:00,2024-06-25 06:30:50.734000+00:00,True,True,0.0,3.6045607015088477,3.8957667850897013
2024-06-25 02:00:00+00:00,2024-06-25 04:00:00+00:00,nearest_neighbor,4,667a2e1b686ba46d64f071d6,2024-06-25 04:15:12.919015+00:00,2024-06-25 05:39:12.920000+00:00,True,True,0.0,4.4547322152982085,5.020006076008821
2024-06-25 02:00:00+00:00,2024-06-25 04:00:00+00:00,nearest_neighbor,5,667a2cb1686ba46d64f07108,2024-06-25 04:28:04.018255+00:00,2024-06-25 05:22:18.890000+00:00,True,True,0.0,11.96413679088251,12.85165400433655
2024-06-25 02:00:00+00:00,2024-06-25 04:00:00+00:00,nearest_neighbor,6,667a2dcd686ba46d64f071b4,2024-06-25 04:34:52.959463+00:00,2024-06-25 05:37:38.193000+00:00,True,True,0.0,5.94090966771943,6.815686805857526
2024-06-25 02:00:00+00:00,2024-06-25 04:00:00+00:00,nearest_neighbor,7,667a3d63686ba46d64f077e4,2024-06-25 04:38:48.281392+00:00,2024-06-25 06:44:11.377000+00:00,True,True,0.0,3.5118988773041155,3.9220321529610915
2024-06-25 02:00:00+00:00,2024-06-25 04:00:00+00:00,nearest_neighbor,8,667a36e9686ba46d64f073ae,2024-06-25 04:40:13.930137+00:00,2024-06-25 06:14:23.653000+00:00,True,True,0.0,1.1330131893820503,1.427479088293861
2024-06-25 02:00:00+00:00,2024-06-25 04:00:00+00:00,nearest_neighbor,9,667a2e57686ba46d64f071df,2024-06-25 04:43:42.894285+00:00,2024-06-25 05:40:32.472000+00:00,True,True,0.0,3.0176985830747065,3.4827358011522525
2024-06-25 02:00:00+00:00,2024-06-25 04:00:00+00:00,priority_nearest_neighbor,1,667a2d6e686ba46d64f0715b,2024-06-25 04:02:01.480852+00:00,2024-06-25 05:34:28.219000+00:00,True,True,0.0,1.674268739725866,2.0246808625381734
2024-06-25 02:00:00+00:00,2024-06-25 04:00:00+00:00,priority_nearest_neighbor,2,667a2cb1686ba46d64f07108,2024-06-25 04:09:20.273152+00:00,2024-06-25 05:22:18.890000+00:00,True,True,0.0,6.723733782397929,7.313204996243052
2024-06-25 02:00:00+00:00,2024-06-25 04:00:00+00:00,priority_nearest_neighbor,3,667a2dcd686ba46d64f071b4,2024-06-25 04:16:09.214360+00:00,2024-06-25 05:37:38.193000+00:00,True,True,0.0,5.94090966771943,6.815686805857526
2024-06-25 02:00:00+00:00,2024-06-25 04:00:00+00:00,priority_nearest_neighbor,4,667a2e57686ba46d64f071df,2024-06-25 04:23:29.708330+00:00,2024-06-25 05:40:32.472000+00:00,True,True,0.0,6.75933025671281,7.341566170323204
2024-06-25 02:00:00+00:00,2024-06-25 04:00:00+00:00,priority_nearest_neighbor,5,667a36e9686ba46d64f073ae,2024-06-25 04:27:25.824140+00:00,2024-06-25 06:14:23.653000+00:00,True,True,0.0,3.4403856289507604,3.935263494985486
2024-06-25 02:00:00+00:00,2024-06-25 04:00:00+00:00,priority_nearest_neighbor,6,667a2e1b686ba46d64f071d6,2024-06-25 04:44:49.188953+00:00,2024-06-25 05:39:12.920000+00:00,True,True,0.0,15.721148688443987,17.389413554729504
2024-06-25 02:00:00+00:00,2024-06-25 04:00:00+00:00,priority_nearest_neighbor,7,667a3a16686ba46d64f07767,2024-06-25 04:49:52.479384+00:00,2024-06-25 06:30:50.734000+00:00,True,True,0.0,4.426131939744162,5.054840515449303
2024-06-25 02:00:00+00:00,2024-06-25 04:00:00+00:00,priority_nearest_neighbor,8,667a3751686ba46d64f075aa,2024-06-25 04:53:23.685634+00:00,2024-06-25 06:18:16.177000+00:00,True,True,0.0,3.0133666829355508,3.5201041744629333
2024-06-25 02:00:00+00:00,2024-06-25 04:00:00+00:00,priority_nearest_neighbor,9,667a3d63686ba46d64f077e4,2024-06-25 05:02:04.103683+00:00,2024-06-25 06:44:11.377000+00:00,True,True,0.0,7.971071562040194,8.673634149150574
2024-06-25 02:00:00+00:00,2024-06-25 04:00:00+00:00,clarke_wright,1,667a2cb1686ba46d64f07108,2024-06-25 04:04:32.643577+00:00,2024-06-25 05:22:18.890000+00:00,True,True,0.0,4.288408066865876,4.544059613404462
2024-06-25 02:00:00+00:00,2024-06-25 04:00:00+00:00,clarke_wright,2,667a3d63686ba46d64f077e4,2024-06-25 04:11:38.095738+00:00,2024-06-25 06:44:11.377000+00:00,True,True,0.0,6.088570534881416,7.090869353430002
2024-06-25 02:00:00+00:00,2024-06-25 04:00:00+00:00,clarke_wright,3,667a36e9686ba46d64f073ae,2024-06-25 04:13:03.744483+00:00,2024-06-25 06:14:23.653000+00:00,True,True,0.0,1.1330131893820503,1.427479088293861
2024-06-25 02:00:00+00:00,2024-06-25 04:00:00+00:00,clarke_wright,4,667a2e57686ba46d64f071df,2024-06-25 04:16:32.708631+00:00,2024-06-25 05:40:32.472000+00:00,True,True,0.0,3.0176985830747065,3.4827358011522525
2024-06-25 02:00:00+00:00,2024-06-25 04:00:00+00:00,clarke_wright,5,667a2dcd686ba46d64f071b4,2024-06-25 04:22:18.474543+00:00,2024-06-25 05:37:38.193000+00:00,True,True,0.0,5.286085338338409,5.7627651939542535
2024-06-25 02:00:00+00:00,2024-06-25 04:00:00+00:00,clarke_wright,6,667a3751686ba46d64f075aa,2024-06-25 04:30:54.344441+00:00,2024-06-25 06:18:16.177000+00:00,True,True,0.0,7.188378083359131,8.597831634823475
2024-06-25 02:00:00+00:00,2024-06-25 04:00:00+00:00,clarke_wright,7,667a2e1b686ba46d64f071d6,2024-06-25 04:38:50.089280+00:00,2024-06-25 05:39:12.920000+00:00,True,True,0.0,7.264966785627893,7.929080650022219
2024-06-25 02:00:00+00:00,2024-06-25 04:00:00+00:00,clarke_wright,8,667a3a16686ba46d64f07767,2024-06-25 04:43:53.379711+00:00,2024-06-25 06:30:50.734000+00:00,True,True,0.0,4.426131939744162,5.054840515449303
2024-06-25 02:00:00+00:00,2024-06-25 04:00:00+00:00,clarke_wright,9,667a2d6e686ba46d64f0715b,2024-06-25 04:49:34.196686+00:00,2024-06-25 05:34:28.219000+00:00,True,True,0.0,5.134276880603743,5.6802829146607685
2024-06-26 02:00:00+00:00,2024-06-26 04:00:00+00:00,nearest_neighbor,1,667b878e10954652d951fac7,2024-06-26 04:03:58.864512+00:00,2024-06-26 10:00:00+00:00,True,True,0.0,3.5339585905919333,3.9810751934804705
2024-06-26 02:00:00+00:00,2024-06-26 04:00:00+00:00,nearest_neighbor,2,667b86ec10954652d951fab2,2024-06-26 04:05:37.187064+00:00,2024-06-26 10:00:00+00:00,True,True,0.0,1.3837382229292305,1.6387092053984778
2024-06-26 02:00:00+00:00,2024-06-26 04:00:00+00:00,nearest_neighbor,3,667b859f10954652d951fa74,2024-06-26 04:09:13.680972+00:00,2024-06-26 06:04:54.404000+00:00,True,True,0.0,3.3826451347547373,3.608231799639117
2024-06-26 02:00:00+00:00,2024-06-26 04:00:00+00:00,nearest_neighbor,4,667b875810954652d951fabe,2024-06-26 04:12:42.549774+00:00,2024-06-26 06:11:43.252000+00:00,True,True,0.0,4.039038997202108,3.481146705892117
2024-06-26 02:00:00+00:00,2024-06-26 04:00:00+00:00,nearest_neighbor,5,667b867b10954652d951fa83,2024-06-26 04:25:50.121271+00:00,2024-06-26 06:06:11.993000+00:00,True,True,0.0,12.502236733387065,13.126191624573599
2024-06-26 02:00:00+00:00,2024-06-26 04:00:00+00:00,priority_nearest_neighbor,1,667b867b10954652d951fa83,2024-06-26 04:06:13.894766+00:00,2024-06-26 06:06:11.993000+00:00,True,True,0.0,5.881988272270508,6.231579427147879
2024-06-26 02:00:00+00:00,2024-06-26 04:00:00+00:00,priority_nearest_neighbor,2,667b878e10954652d951fac7,2024-06-26 04:15:14.300725+00:00,2024-06-26 10:00:00+00:00,True,True,0.0,8.231642743901459,9.006765982780447
2024-06-26 02:00:00+00:00,2024-06-26 04:00:00+00:00,priority_nearest_neighbor,3,667b859f10954652d951fa74,2024-06-26 04:20:09.712583+00:00,2024-06-26 06:04:54.404000+00:00,True,True,0.0,4.437088169649516,4.923530973664296
2024-06-26 02:00:00+00:00,2024-06-26 04:00:00+00:00,priority_nearest_neighbor,4,667b86ec10954652d951fab2,2024-06-26 04:23:24.579351+00:00,2024-06-26 10:00:00+00:00,True,True,0.0,3.0330191408838036,3.247779474030332
2024-06-26 02:00:00+00:00,2024-06-26 04:00:00+00:00,priority_nearest_neighbor,5,667b875810954652d951fabe,2024-06-26 04:29:58.897109+00:00,2024-06-26 06:11:43.252000+00:00,True,True,0.0,7.051430649327841,6.571962635764238
2024-06-26 02:00:00+00:00,2024-06-26 04:00:00+00:00,clarke_wright,1,667b867b10954652d951fa83,2024-06-26 04:06:13.894766+00:00,2024-06-26 06:06:11.993000+00:00,True,True,0.0,5.881988272270508,6.231579427147879
2024-06-26 02:00:00+00:00,2024-06-26 04:00:00+00:00,clarke_wright,2,667b878e10954652d951fac7,2024-06-26 04:15:14.300725+00:00,2024-06-26 10:00:00+00:00,True,True,0.0,8.231642743901459,9.006765982780447
2024-06-26 02:00:00+00:00,2024-06-26 04:00:00+00:00,clarke_wright,3,667b86ec10954652d951fab2,2024-06-26 04:16:52.623277+00:00,2024-06-26 10:00:00+00:00,True,True,0.0,1.3837382229292305,1.6387092053984778
2024-06-26 02:00:00+00:00,2024-06-26 04:00:00+00:00,clarke_wright,4,667b859f10954652d951fa74,2024-06-26 04:20:29.117185+00:00,2024-06-26 06:04:54.404000+00:00,True,True,0.0,3.3826451347547373,3.608231799639117
2024-06-26 02:00:00+00:00,2024-06-26 04:00:00+00:00,clarke_wright,5,667b875810954652d951fabe,2024-06-26 04:23:57.985987+00:00,2024-06-26 06:11:43.252000+00:00,True,True,0.0,4.039038997202108,3.481146705892117
2024-06-26 04:00:00+00:00,2024-06-26 06:00:00+00:00,nearest_neighbor,1,667ba5b110954652d95206f6,2024-06-26 06:04:19.631854+00:00,2024-06-26 08:20:53.682000+00:00,True,True,0.0,3.683131947976024,4.327197560415018
2024-06-26 04:00:00+00:00,2024-06-26 06:00:00+00:00,nearest_neighbor,2,667b995a10954652d9520077,2024-06-26 06:05:01.404999+00:00,2024-06-26 07:20:13.225000+00:00,True,True,0.0,0.5693820876627885,0.6962190806428943
2024-06-26 04:00:00+00:00,2024-06-26 06:00:00+00:00,nearest_neighbor,3,667b950410954652d951fbe5,2024-06-26 06:11:57.577261+00:00,2024-06-26 07:08:00.087000+00:00,True,True,0.0,6.108415507438579,6.936204372360822
2024-06-26 04:00:00+00:00,2024-06-26 06:00:00+00:00,nearest_neighbor,4,667ba53310954652d95204f2,2024-06-26 06:20:31.422211+00:00,2024-06-26 08:18:35.764000+00:00,True,True,0.0,8.233592500806076,8.564082495686339
2024-06-26 04:00:00+00:00,2024-06-26 06:00:00+00:00,nearest_neighbor,5,667b938910954652d951fb9e,2024-06-26 06:26:15.887731+00:00,2024-06-26 11:00:00+00:00,True,True,0.0,5.827806419225723,5.741091995072777
2024-06-26 04:00:00+00:00,2024-06-26 06:00:00+00:00,priority_nearest_neighbor,1,667b995a10954652d9520077,2024-06-26 06:04:26.150628+00:00,2024-06-26 07:20:13.225000+00:00,True,True,0.0,3.730141298504699,4.435843792788115
2024-06-26 04:00:00+00:00,2024-06-26 06:00:00+00:00,priority_nearest_neighbor,2,667b950410954652d951fbe5,2024-06-26 06:11:22.322890+00:00,2024-06-26 07:08:00.087000+00:00,True,True,0.0,6.108415507438579,6.936204372360822
2024-06-26 04:00:00+00:00,2024-06-26 06:00:00+00:00,priority_nearest_neighbor,3,667ba5b110954652d95206f6,2024-06-26 06:17:55.988162+00:00,2024-06-26 08:20:53.682000+00:00,True,True,0.0,5.831864917505661,6.561087864948151
2024-06-26 04:00:00+00:00,2024-06-26 06:00:00+00:00,priority_nearest_neighbor,4,667ba53310954652d95204f2,2024-06-26 06:25:56.849656+00:00,2024-06-26 08:18:35.764000+00:00,True,True,0.0,6.984865519350432,8.014358231132706
2024-06-26 04:00:00+00:00,2024-06-26 06:00:00+00:00,priority_nearest_neighbor,5,667b938910954652d951fb9e,2024-06-26 06:31:41.315176+00:00,2024-06-26 11:00:00+00:00,True,True,0.0,5.827806419225723,5.741091995072777
2024-06-26 04:00:00+00:00,2024-06-26 06:00:00+00:00,clarke_wright,1,667b995a10954652d9520077,2024-06-26 06:04:26.150628+00:00,2024-06-26 07:20:13.225000+00:00,True,True,0.0,3.730141298504699,4.435843792788115
2024-06-26 04:00:00+00:00,2024-06-26 06:00:00+00:00,clarke_wright,2,667ba5b110954652d95206f6,2024-06-26 06:05:32.041529+00:00,2024-06-26 08:20:53.682000+00:00,True,True,0.0,0.9326569569846732,1.0981816886385307
2024-06-26 04:00:00+00:00,2024-06-26 06:00:00+00:00,clarke_wright,3,667b950410954652d951fbe5,2024-06-26 06:11:58.906339+00:00,2024-06-26 07:08:00.087000+00:00,True,True,0.0,5.732372678876502,6.4477468409335845
2024-06-26 04:00:00+00:00,2024-06-26 06:00:00+00:00,clarke_wright,4,667b938910954652d951fb9e,2024-06-26 06:24:27.107564+00:00,2024-06-26 11:00:00+00:00,True,True,0.0,12.457851159586347,12.470020421569046
2024-06-26 04:00:00+00:00,2024-06-26 06:00:00+00:00,clarke_wright,5,667ba53310954652d95204f2,2024-06-26 06:29:32.743045+00:00,2024-06-26 08:18:35.764000+00:00,True,True,0.0,5.048926404161511,5.09392467756319
2024-06-27 02:00:00+00:00,2024-06-27 04:00:00+00:00,nearest_neighbor,1,667cd9dd76e2a509f1fe6704,2024-06-27 04:02:39.781790+00:00,2024-06-27 06:12:00.973000+00:00,True,True,0.0,2.535761559688253,2.663029840868306
2024-06-27 02:00:00+00:00,2024-06-27 04:00:00+00:00,nearest_neighbor,2,667cdc35b75567ef80a853b2,2024-06-27 04:07:41.797446+00:00,2024-06-27 06:26:24.450000+00:00,True,True,0.0,4.69178105830325,5.033594272791984
2024-06-27 02:00:00+00:00,2024-06-27 04:00:00+00:00,nearest_neighbor,3,667cddfb8aefa3bb48facb1a,2024-06-27 04:08:52.424167+00:00,2024-06-27 06:34:13.677000+00:00,True,True,0.0,0.9672434232933735,1.1771120191327702
2024-06-27 02:00:00+00:00,2024-06-27 04:00:00+00:00,nearest_neighbor,4,667cd7819032761dca47f1e8,2024-06-27 04:12:12.090871+00:00,2024-06-27 06:03:19.508000+00:00,True,True,0.0,2.716926728992802,3.3277784043675007
2024-06-27 02:00:00+00:00,2024-06-27 04:00:00+00:00,nearest_neighbor,5,667cd87c9032761dca47f1f7,2024-06-27 04:18:21.458419+00:00,2024-06-27 06:07:48.151000+00:00,True,True,0.0,5.383608059503565,6.156125805158859
2024-06-27 02:00:00+00:00,2024-06-27 04:00:00+00:00,nearest_neighbor,6,667cdaf02e9c1f20aef45fbf,2024-06-27 04:33:48.327732+00:00,2024-06-27 06:18:47.365000+00:00,True,True,0.0,13.229204344757354,15.447821877859269
2024-06-27 02:00:00+00:00,2024-06-27 04:00:00+00:00,priority_nearest_neighbor,1,667cd9dd76e2a509f1fe6704,2024-06-27 04:02:39.781790+00:00,2024-06-27 06:12:00.973000+00:00,True,True,0.0,2.535761559688253,2.663029840868306
2024-06-27 02:00:00+00:00,2024-06-27 04:00:00+00:00,priority_nearest_neighbor,2,667cdc35b75567ef80a853b2,2024-06-27 04:07:41.797446+00:00,2024-06-27 06:26:24.450000+00:00,True,True,0.0,4.69178105830325,5.033594272791984
2024-06-27 02:00:00+00:00,2024-06-27 04:00:00+00:00,priority_nearest_neighbor,3,667cd7819032761dca47f1e8,2024-06-27 04:09:50.775351+00:00,2024-06-27 06:03:19.508000+00:00,True,True,0.0,1.748780643931471,2.149631752281908
2024-06-27 02:00:00+00:00,2024-06-27 04:00:00+00:00,priority_nearest_neighbor,4,667cddfb8aefa3bb48facb1a,2024-06-27 04:13:11.513007+00:00,2024-06-27 06:34:13.677000+00:00,True,True,0.0,2.7380689861103074,3.3456276036136727
2024-06-27 02:00:00+00:00,2024-06-27 04:00:00+00:00,priority_nearest_neighbor,5,667cd87c9032761dca47f1f7,2024-06-27 04:16:57.106609+00:00,2024-06-27 06:07:48.151000+00:00,True,True,0.0,2.8490437276800304,3.7598933689093985
2024-06-27 02:00:00+00:00,2024-06-27 04:00:00+00:00,priority_nearest_neighbor,6,667cdaf02e9c1f20aef45fbf,2024-06-27 04:32:23.975922+00:00,2024-06-27 06:18:47.365000+00:00,True,True,0.0,13.229204344757354,15.447821877859269
2024-06-27 02:00:00+00:00,2024-06-27 04:00:00+00:00,clarke_wright,1,667cd9dd76e2a509f1fe6704,2024-06-27 04:02:39.781790+00:00,2024-06-27 06:12:00.973000+00:00,True,True,0.0,2.535761559688253,2.663029840868306
2024-06-27 02:00:00+00:00,2024-06-27 04:00:00+00:00,clarke_wright,2,667cdc35b75567ef80a853b2,2024-06-27 04:07:41.797446+00:00,2024-06-27 06:26:24.450000+00:00,True,True,0.0,4.69178105830325,5.033594272791984
2024-06-27 02:00:00+00:00,2024-06-27 04:00:00+00:00,clarke_wright,3,667cddfb8aefa3bb48facb1a,2024-06-27 04:08:52.424167+00:00,2024-06-27 06:34:13.677000+00:00,True,True,0.0,0.9672434232933735,1.1771120191327702
2024-06-27 02:00:00+00:00,2024-06-27 04:00:00+00:00,clarke_wright,4,667cd87c9032761dca47f1f7,2024-06-27 04:12:38.017769+00:00,2024-06-27 06:07:48.151000+00:00,True,True,0.0,2.8490437276800304,3.7598933689093985
2024-06-27 02:00:00+00:00,2024-06-27 04:00:00+00:00,clarke_wright,5,667cd7819032761dca47f1e8,2024-06-27 04:19:06.063076+00:00,2024-06-27 06:03:19.508000+00:00,True,True,0.0,5.335705057372593,6.467421788503161
2024-06-27 02:00:00+00:00,2024-06-27 04:00:00+00:00,clarke_wright,6,667cdaf02e9c1f20aef45fbf,2024-06-27 04:28:49.394238+00:00,2024-06-27 06:18:47.365000+00:00,True,True,0.0,8.501737854571667,9.722186026511691
2024-06-28 02:00:00+00:00,2024-06-28 04:00:00+00:00,nearest_neighbor,1,667e339171cb973c54679f68,2024-06-28 04:03:06.598755+00:00,2024-06-28 06:49:54.677000+00:00,True,True,0.0,2.826018083945944,3.1099792463657696
2024-06-28 02:00:00+00:00,2024-06-28 04:00:00+00:00,nearest_neighbor,2,667e28cf71cb973c54679d97,2024-06-28 04:06:44.070149+00:00,2024-06-28 06:06:22.104000+00:00,True,True,0.0,3.2592058643799415,3.6245232396337106
2024-06-28 02:00:00+00:00,2024-06-28 04:00:00+00:00,nearest_neighbor,3,667e237371cb973c546797cf,2024-06-28 04:13:08.185077+00:00,2024-06-28 05:08:47.119000+00:00,True,True,0.0,6.046385386828227,6.40191546457867
2024-06-28 02:00:00+00:00,2024-06-28 04:00:00+00:00,nearest_neighbor,4,667e246f71cb973c54679a43,2024-06-28 04:19:34.942928+00:00,2024-06-28 09:00:00+00:00,True,True,0.0,7.254492086334889,6.44596418875526
2024-06-28 02:00:00+00:00,2024-06-28 04:00:00+00:00,nearest_neighbor,5,667e34a771cb973c54679f90,2024-06-28 04:37:46.624559+00:00,2024-06-28 10:00:00+00:00,True,True,0.0,18.50999856458636,18.194693858097562
2024-06-28 02:00:00+00:00,2024-06-28 04:00:00+00:00,nearest_neighbor,6,667e32e071cb973c54679f3a,2024-06-28 04:39:35.985544+00:00,2024-06-28 06:48:33.524000+00:00,True,True,0.0,1.4106130044859855,1.8226830799221538
2024-06-28 02:00:00+00:00,2024-06-28 04:00:00+00:00,priority_nearest_neighbor,1,667e237371cb973c546797cf,2024-06-28 04:09:01.508598+00:00,2024-06-28 05:08:47.119000+00:00,True,True,0.0,8.172766864109478,9.025143303258647
2024-06-28 02:00:00+00:00,2024-06-28 04:00:00+00:00,priority_nearest_neighbor,2,667e28cf71cb973c54679d97,2024-06-28 04:14:47.905379+00:00,2024-06-28 06:06:22.104000+00:00,True,True,0.0,5.463346021449301,5.773279686782754
2024-06-28 02:00:00+00:00,2024-06-28 04:00:00+00:00,priority_nearest_neighbor,3,667e339171cb973c54679f68,2024-06-28 04:18:41.038565+00:00,2024-06-28 06:49:54.677000+00:00,True,True,0.0,3.484858839514982,3.8855530919194705
2024-06-28 02:00:00+00:00,2024-06-28 04:00:00+00:00,priority_nearest_neighbor,4,667e246f71cb973c54679a43,2024-06-28 04:26:30.137603+00:00,2024-06-28 09:00:00+00:00,True,True,0.0,7.15296641518886,7.818317297792287
2024-06-28 02:00:00+00:00,2024-06-28 04:00:00+00:00,priority_nearest_neighbor,5,667e32e071cb973c54679f3a,2024-06-28 04:44:06.749725+00:00,2024-06-28 06:48:33.524000+00:00,True,True,0.0,18.733831631607913,17.61020203667557
2024-06-28 02:00:00+00:00,2024-06-28 04:00:00+00:00,priority_nearest_neighbor,6,667e34a771cb973c54679f90,2024-06-28 04:45:37.848654+00:00,2024-06-28 10:00:00+00:00,True,True,0.0,1.3442674039999831,1.5183154757767354
2024-06-28 02:00:00+00:00,2024-06-28 04:00:00+00:00,clarke_wright,1,667e34a771cb973c54679f90,2024-06-28 04:11:01.122746+00:00,2024-06-28 10:00:00+00:00,True,True,0.0,11.190880529326233,11.018712435681897
2024-06-28 02:00:00+00:00,2024-06-28 04:00:00+00:00,clarke_wright,2,667e32e071cb973c54679f3a,2024-06-28 04:12:50.483731+00:00,2024-06-28 06:48:33.524000+00:00,True,True,0.0,1.4106130044859855,1.8226830799221538
2024-06-28 02:00:00+00:00,2024-06-28 04:00:00+00:00,clarke_wright,3,667e246f71cb973c54679a43,2024-06-28 04:30:15.413386+00:00,2024-06-28 09:00:00+00:00,True,True,0.0,18.454283418082735,17.41549425311779
2024-06-28 02:00:00+00:00,2024-06-28 04:00:00+00:00,clarke_wright,4,667e237371cb973c546797cf,2024-06-28 04:37:19.376086+00:00,2024-06-28 05:08:47.119000+00:00,True,True,0.0,7.8362683276528315,7.066045005919046
2024-06-28 02:00:00+00:00,2024-06-28 04:00:00+00:00,clarke_wright,5,667e28cf71cb973c54679d97,2024-06-28 04:43:05.772867+00:00,2024-06-28 06:06:22.104000+00:00,True,True,0.0,5.463346021449301,5.773279686782754
2024-06-28 02:00:00+00:00,2024-06-28 04:00:00+00:00,clarke_wright,6,667e339171cb973c54679f68,2024-06-28 04:46:58.906053+00:00,2024-06-28 06:49:54.677000+00:00,True,True,0.0,3.484858839514982,3.8855530919194705
2024-06-28 04:00:00+00:00,2024-06-28 06:00:00+00:00,nearest_neighbor,1,667e369071cb973c5467a002,2024-06-28 06:01:49.627219+00:00,2024-06-28 07:03:42.766000+00:00,True,True,0.0,1.6783838654600645,1.8271203157392693
2024-06-28 04:00:00+00:00,2024-06-28 06:00:00+00:00,nearest_neighbor,2,667e37d971cb973c5467a039,2024-06-28 06:07:08.693037+00:00,2024-06-28 07:05:41.678000+00:00,True,True,0.0,4.703034449344211,5.317763627450882
2024-06-28 04:00:00+00:00,2024-06-28 06:00:00+00:00,nearest_neighbor,3,667e426671cb973c5467a492,2024-06-28 06:13:27.956832+00:00,2024-06-28 07:52:59.113000+00:00,True,True,0.0,5.651301045008019,6.321063251593957
2024-06-28 04:00:00+00:00,2024-06-28 06:00:00+00:00,nearest_neighbor,4,667e385c71cb973c5467a055,2024-06-28 06:18:45.506794+00:00,2024-06-28 07:11:08.578000+00:00,True,True,0.0,5.499730765903731,5.292499359662972
2024-06-28 04:00:00+00:00,2024-06-28 06:00:00+00:00,nearest_neighbor,5,667e49a571cb973c5467aa63,2024-06-28 06:34:31.530591+00:00,2024-06-28 08:27:01.078000+00:00,True,True,0.0,15.281722994943598,15.767063278123269
2024-06-28 04:00:00+00:00,2024-06-28 06:00:00+00:00,priority_nearest_neighbor,1,667e369071cb973c5467a002,2024-06-28 06:01:49.627219+00:00,2024-06-28 07:03:42.766000+00:00,True,True,0.0,1.6783838654600645,1.8271203157392693
2024-06-28 04:00:00+00:00,2024-06-28 06:00:00+00:00,priority_nearest_neighbor,2,667e37d971cb973c5467a039,2024-06-28 06:07:08.693037+00:00,2024-06-28 07:05:41.678000+00:00,True,True,0.0,4.703034449344211,5.317763627450882
2024-06-28 04:00:00+00:00,2024-06-28 06:00:00+00:00,priority_nearest_neighbor,3,667e385c71cb973c5467a055,2024-06-28 06:15:30.315302+00:00,2024-06-28 07:11:08.578000+00:00,True,True,0.0,7.69888518820423,8.360371082740851
2024-06-28 04:00:00+00:00,2024-06-28 06:00:00+00:00,priority_nearest_neighbor,4,667e426671cb973c5467a492,2024-06-28 06:22:19.085644+00:00,2024-06-28 07:52:59.113000+00:00,True,True,0.0,7.026273518436097,6.812839031343204
2024-06-28 04:00:00+00:00,2024-06-28 06:00:00+00:00,priority_nearest_neighbor,5,667e49a571cb973c5467aa63,2024-06-28 06:36:56.848506+00:00,2024-06-28 08:27:01.078000+00:00,True,True,0.0,13.40793627512137,14.629381034802599
2024-06-28 04:00:00+00:00,2024-06-28 06:00:00+00:00,clarke_wright,1,667e385c71cb973c5467a055,2024-06-28 06:08:30.341759+00:00,2024-06-28 07:11:08.578000+00:00,True,True,0.0,7.8644383291886415,8.505695987176457
2024-06-28 04:00:00+00:00,2024-06-28 06:00:00+00:00,clarke_wright,2,667e426671cb973c5467a492,2024-06-28 06:15:19.112101+00:00,2024-06-28 07:52:59.113000+00:00,True,True,0.0,7.026273518436097,6.812839031343204
2024-06-28 04:00:00+00:00,2024-06-28 06:00:00+00:00,clarke_wright,3,667e37d971cb973c5467a039,2024-06-28 06:21:18.228476+00:00,2024-06-28 07:05:41.678000+00:00,True,True,0.0,5.5501040678694755,5.985272914914508
2024-06-28 04:00:00+00:00,2024-06-28 06:00:00+00:00,clarke_wright,4,667e49a571cb973c5467aa63,2024-06-28 06:32:31.697234+00:00,2024-06-28 08:27:01.078000+00:00,True,True,0.0,10.270629093670445,11.224479298896885
2024-06-28 04:00:00+00:00,2024-06-28 06:00:00+00:00,clarke_wright,5,667e369071cb973c5467a002,2024-06-28 06:40:36.634675+00:00,2024-06-28 07:03:42.766000+00:00,True,True,0.0,7.584245544179405,8.082290683215037
2024-06-29 02:00:00+00:00,2024-06-29 04:00:00+00:00,nearest_neighbor,1,667f7c322d58011d21e76dd0,2024-06-29 04:02:42.567639+00:00,2024-06-29 06:14:30.362000+00:00,True,True,0.0,2.455742209151572,2.709460643912484
2024-06-29 02:00:00+00:00,2024-06-29 04:00:00+00:00,nearest_neighbor,2,667f859f2d58011d21e770ce,2024-06-29 04:05:34.640136+00:00,2024-06-29 06:54:01.592000+00:00,True,True,0.0,2.653343088742583,2.8678749501028586
2024-06-29 02:00:00+00:00,2024-06-29 04:00:00+00:00,nearest_neighbor,3,667f7e1c2d58011d21e76e7d,2024-06-29 04:15:17.451780+00:00,2024-06-29 06:20:51.948000+00:00,True,True,0.0,8.929325927084344,9.713527405368021
2024-06-29 02:00:00+00:00,2024-06-29 04:00:00+00:00,nearest_neighbor,4,667f86362d58011d21e770dc,2024-06-29 04:23:45.042212+00:00,2024-06-29 06:55:18.206000+00:00,True,True,0.0,7.110276528659996,8.459840530038768
2024-06-29 02:00:00+00:00,2024-06-29 04:00:00+00:00,nearest_neighbor,5,667f85552d58011d21e770b9,2024-06-29 04:30:46.976420+00:00,2024-06-29 06:48:27.028000+00:00,True,True,0.0,5.9061910585763595,7.032236794210737
2024-06-29 02:00:00+00:00,2024-06-29 04:00:00+00:00,nearest_neighbor,6,667f82d82d58011d21e7701e,2024-06-29 04:53:42.764815+00:00,2024-06-29 10:00:00+00:00,True,True,0.0,20.67223014192408,22.929806588565047
2024-06-29 02:00:00+00:00,2024-06-29 04:00:00+00:00,nearest_neighbor,7,667f7c142d58011d21e76dc7,2024-06-29 04:58:43.457433+00:00,2024-06-29 06:13:51.285000+00:00,True,True,0.0,4.294104736277913,5.0115436308565275
2024-06-29 02:00:00+00:00,2024-06-29 04:00:00+00:00,priority_nearest_neighbor,1,667f7c322d58011d21e76dd0,2024-06-29 04:02:42.567639+00:00,2024-06-29 06:14:30.362000+00:00,True,True,0.0,2.455742209151572,2.709460643912484
2024-06-29 02:00:00+00:00,2024-06-29 04:00:00+00:00,priority_nearest_neighbor,2,667f7c142d58011d21e76dc7,2024-06-29 04:10:55.528932+00:00,2024-06-29 06:13:51.285000+00:00,True,True,0.0,7.567911726983268,8.216021549212092
2024-06-29 02:00:00+00:00,2024-06-29 04:00:00+00:00,priority_nearest_neighbor,3,667f7e1c2d58011d21e76e7d,2024-06-29 04:25:58.680482+00:00,2024-06-29 06:20:51.948000+00:00,True,True,0.0,13.310995138368886,15.052525825322077
2024-06-29 02:00:00+00:00,2024-06-29 04:00:00+00:00,priority_nearest_neighbor,4,667f86362d58011d21e770dc,2024-06-29 04:34:26.270914+00:00,2024-06-29 06:55:18.206000+00:00,True,True,0.0,7.110276528659996,8.459840530038768
2024-06-29 02:00:00+00:00,2024-06-29 04:00:00+00:00,priority_nearest_neighbor,5,667f85552d58011d21e770b9,2024-06-29 04:41:28.205122+00:00,2024-06-29 06:48:27.028000+00:00,True,True,0.0,5.9061910585763595,7.032236794210737
2024-06-29 02:00:00+00:00,2024-06-29 04:00:00+00:00,priority_nearest_neighbor,6,667f859f2d58011d21e770ce,2024-06-29 04:57:01.310648+00:00,2024-06-29 06:54:01.592000+00:00,True,True,0.0,13.519351377326872,15.551758774130535
2024-06-29 02:00:00+00:00,2024-06-29 04:00:00+00:00,priority_nearest_neighbor,7,667f82d82d58011d21e7701e,2024-06-29 05:06:45.235605+00:00,2024-06-29 10:00:00+00:00,True,True,0.0,8.94885623537061,9.73208261511849
2024-06-29 02:00:00+00:00,2024-06-29 04:00:00+00:00,clarke_wright,1,667f7c142d58011d21e76dc7,2024-06-29 04:06:35.474172+00:00,2024-06-29 06:13:51.285000+00:00,True,True,0.0,5.84297364343164,6.591236192876102
2024-06-29 02:00:00+00:00,2024-06-29 04:00:00+00:00,clarke_wright,2,667f82d82d58011d21e7701e,2024-06-29 04:11:23.123041+00:00,2024-06-29 10:00:00+00:00,True,True,0.0,4.269740160376252,4.794147822370492
2024-06-29 02:00:00+00:00,2024-06-29 04:00:00+00:00,clarke_wright,3,667f7e1c2d58011d21e76e7d,2024-06-29 04:23:44.176954+00:00,2024-06-29 06:20:51.948000+00:00,True,True,0.0,11.061381710503314,12.35089855645028
2024-06-29 02:00:00+00:00,2024-06-29 04:00:00+00:00,clarke_wright,4,667f86362d58011d21e770dc,2024-06-29 04:32:11.767386+00:00,2024-06-29 06:55:18.206000+00:00,True,True,0.0,7.110276528659996,8.459840530038768
2024-06-29 02:00:00+00:00,2024-06-29 04:00:00+00:00,clarke_wright,5,667f85552d58011d21e770b9,2024-06-29 04:39:13.701594+00:00,2024-06-29 06:48:27.028000+00:00,True,True,0.0,5.9061910585763595,7.032236794210737
2024-06-29 02:00:00+00:00,2024-06-29 04:00:00+00:00,clarke_wright,6,667f859f2d58011d21e770ce,2024-06-29 04:54:46.807120+00:00,2024-06-29 06:54:01.592000+00:00,True,True,0.0,13.519351377326872,15.551758774130535
2024-06-29 02:00:00+00:00,2024-06-29 04:00:00+00:00,clarke_wright,7,667f7c322d58011d21e76dd0,2024-06-29 04:57:37.970782+00:00,2024-06-29 06:14:30.362000+00:00,True,True,0.0,2.6563373508353316,2.8527277051235873
2024-07-01 02:00:00+00:00,2024-07-01 04:00:00+00:00,nearest_neighbor,1,668225af2d58011d21e7a021,2024-07-01 04:02:23.639070+00:00,2024-07-01 06:39:08.839000+00:00,True,True,0.0,2.067456816918285,2.3939845012753365
2024-07-01 02:00:00+00:00,2024-07-01 04:00:00+00:00,nearest_neighbor,2,66821fdc2d58011d21e79557,2024-07-01 04:04:56.602764+00:00,2024-07-01 10:00:00+00:00,True,True,0.0,2.2136274989696343,2.549394894780856
2024-07-01 02:00:00+00:00,2024-07-01 04:00:00+00:00,nearest_neighbor,3,668223fc2d58011d21e79c86,2024-07-01 04:09:46.153014+00:00,2024-07-01 10:00:00+00:00,True,True,0.0,4.360054178384764,4.825837501831287
2024-07-01 02:00:00+00:00,2024-07-01 04:00:00+00:00,nearest_neighbor,4,668226ae2d58011d21e7a344,2024-07-01 04:19:20.622748+00:00,2024-07-01 06:43:19.884000+00:00,True,True,0.0,9.260553394431033,9.574495565879516
2024-07-01 02:00:00+00:00,2024-07-01 04:00:00+00:00,nearest_neighbor,5,6682230e2d58011d21e7991d,2024-07-01 04:23:01.354913+00:00,2024-07-01 10:00:00+00:00,True,True,0.0,3.2292964631331347,3.678869416791259
2024-07-01 02:00:00+00:00,2024-07-01 04:00:00+00:00,nearest_neighbor,6,6682227f2d58011d21e798a9,2024-07-01 04:34:04.270196+00:00,2024-07-01 06:28:16.668000+00:00,True,True,0.0,11.624718064142836,11.048588042880057
2024-07-01 02:00:00+00:00,2024-07-01 04:00:00+00:00,priority_nearest_neighbor,1,668225af2d58011d21e7a021,2024-07-01 04:02:23.639070+00:00,2024-07-01 06:39:08.839000+00:00,True,True,0.0,2.067456816918285,2.3939845012753365
2024-07-01 02:00:00+00:00,2024-07-01 04:00:00+00:00,priority_nearest_neighbor,2,66821fdc2d58011d21e79557,2024-07-01 04:04:56.602764+00:00,2024-07-01 10:00:00+00:00,True,True,0.0,2.2136274989696343,2.549394894780856
2024-07-01 02:00:00+00:00,2024-07-01 04:00:00+00:00,priority_nearest_neighbor,3,6682227f2d58011d21e798a9,2024-07-01 04:11:48.923749+00:00,2024-07-01 06:28:16.668000+00:00,True,True,0.0,5.818515746491582,6.872016417906437
2024-07-01 02:00:00+00:00,2024-07-01 04:00:00+00:00,priority_nearest_neighbor,4,668226ae2d58011d21e7a344,2024-07-01 04:20:06.168462+00:00,2024-07-01 06:43:19.884000+00:00,True,True,0.0,8.62678315445928,8.28741188096324
2024-07-01 02:00:00+00:00,2024-07-01 04:00:00+00:00,priority_nearest_neighbor,5,6682230e2d58011d21e7991d,2024-07-01 04:23:46.900627+00:00,2024-07-01 10:00:00+00:00,True,True,0.0,3.2292964631331347,3.678869416791259
2024-07-01 02:00:00+00:00,2024-07-01 04:00:00+00:00,priority_nearest_neighbor,6,668223fc2d58011d21e79c86,2024-07-01 04:36:57.951826+00:00,2024-07-01 10:00:00+00:00,True,True,0.0,12.438241992474625,13.184186645134076
2024-07-01 02:00:00+00:00,2024-07-01 04:00:00+00:00,clarke_wright,1,668226ae2d58011d21e7a344,2024-07-01 04:06:52.433659+00:00,2024-07-01 06:43:19.884000+00:00,True,True,0.0,6.639940045022255,6.873894322287085
2024-07-01 02:00:00+00:00,2024-07-01 04:00:00+00:00,clarke_wright,2,6682230e2d58011d21e7991d,2024-07-01 04:10:33.165824+00:00,2024-07-01 10:00:00+00:00,True,True,0.0,3.2292964631331347,3.678869416791259
2024-07-01 02:00:00+00:00,2024-07-01 04:00:00+00:00,clarke_wright,3,6682227f2d58011d21e798a9,2024-07-01 04:21:36.081107+00:00,2024-07-01 06:28:16.668000+00:00,True,True,0.0,11.624718064142836,11.048588042880057
2024-07-01 02:00:00+00:00,2024-07-01 04:00:00+00:00,clarke_wright,4,66821fdc2d58011d21e79557,2024-07-01 04:28:15.698838+00:00,2024-07-01 10:00:00+00:00,True,True,0.0,5.683166175740909,6.66029552267331
2024-07-01 02:00:00+00:00,2024-07-01 04:00:00+00:00,clarke_wright,5,668225af2d58011d21e7a021,2024-07-01 04:30:50.112022+00:00,2024-07-01 06:39:08.839000+00:00,True,True,0.0,2.202350643137739,2.573553072973938
2024-07-01 02:00:00+00:00,2024-07-01 04:00:00+00:00,clarke_wright,6,668223fc2d58011d21e79c86,2024-07-01 04:33:43.658993+00:00,2024-07-01 10:00:00+00:00,True,True,0.0,2.5560480227147573,2.892449523587303
2024-07-01 04:00:00+00:00,2024-07-01 06:00:00+00:00,nearest_neighbor,1,668234122d58011d21e7a901,2024-07-01 06:00:54.988864+00:00,2024-07-01 07:39:12.003000+00:00,True,True,0.0,0.7010889401999238,0.9164810704413078
2024-07-01 04:00:00+00:00,2024-07-01 06:00:00+00:00,nearest_neighbor,2,668241842d58011d21e7ad9c,2024-07-01 06:02:49.646995+00:00,2024-07-01 08:36:45.562000+00:00,True,True,0.0,1.593985466855891,1.9109688540311764
2024-07-01 04:00:00+00:00,2024-07-01 06:00:00+00:00,nearest_neighbor,3,668234d12d58011d21e7a9cc,2024-07-01 06:06:25.973919+00:00,2024-07-01 07:46:42.594000+00:00,True,True,0.0,3.128927793507944,3.605448738448641
2024-07-01 04:00:00+00:00,2024-07-01 06:00:00+00:00,nearest_neighbor,4,668236172d58011d21e7ab06,2024-07-01 06:08:47.604458+00:00,2024-07-01 10:00:00+00:00,True,True,0.0,2.083235704011853,2.3605089895600484
2024-07-01 04:00:00+00:00,2024-07-01 06:00:00+00:00,nearest_neighbor,5,66822ce72d58011d21e7a763,2024-07-01 06:12:56.673297+00:00,2024-07-01 07:11:20.327000+00:00,True,True,0.0,3.591750010620085,4.1511473094733
2024-07-01 04:00:00+00:00,2024-07-01 06:00:00+00:00,nearest_neighbor,6,66823c462d58011d21e7ac2a,2024-07-01 06:16:20.778789+00:00,2024-07-01 08:16:15.785000+00:00,True,True,0.0,2.8123723057090055,3.4017582080730544
2024-07-01 04:00:00+00:00,2024-07-01 06:00:00+00:00,nearest_neighbor,7,66822ba72d58011d21e7a42a,2024-07-01 06:26:19.649776+00:00,2024-07-01 07:02:22.702000+00:00,True,True,0.0,8.971678828467814,9.981183111791466
2024-07-01 04:00:00+00:00,2024-07-01 06:00:00+00:00,nearest_neighbor,8,668235b32d58011d21e7aa40,2024-07-01 06:27:09.303787+00:00,2024-07-01 07:46:13.450000+00:00,True,True,0.0,0.6899184318260561,0.827566856287666
2024-07-01 04:00:00+00:00,2024-07-01 06:00:00+00:00,nearest_neighbor,9,66822c652d58011d21e7a472,2024-07-01 06:31:37.342644+00:00,2024-07-01 07:08:53.270000+00:00,True,True,0.0,3.893758950122348,4.467314290219861
2024-07-01 04:00:00+00:00,2024-07-01 06:00:00+00:00,nearest_neighbor,10,668236912d58011d21e7ab5f,2024-07-01 06:43:04.886744+00:00,2024-07-01 11:00:00+00:00,True,True,0.0,12.149445845658779,11.459068325729701
2024-07-01 04:00:00+00:00,2024-07-01 06:00:00+00:00,priority_nearest_neighbor,1,66822ba72d58011d21e7a42a,2024-07-01 06:03:53.054943+00:00,2024-07-01 07:02:22.702000+00:00,True,True,0.0,3.7168057619347463,3.884249053142582
2024-07-01 04:00:00+00:00,2024-07-01 06:00:00+00:00,priority_nearest_neighbor,2,66822c652d58011d21e7a472,2024-07-01 06:08:39.962103+00:00,2024-07-01 07:08:53.270000+00:00,True,True,0.0,4.13926013660933,4.7817859925752355
2024-07-01 04:00:00+00:00,2024-07-01 06:00:00+00:00,priority_nearest_neighbor,3,66822ce72d58011d21e7a763,2024-07-01 06:19:26.871951+00:00,2024-07-01 07:11:20.327000+00:00,True,True,0.0,9.488680532101235,10.7818308071482
2024-07-01 04:00:00+00:00,2024-07-01 06:00:00+00:00,priority_nearest_neighbor,4,668234d12d58011d21e7a9cc,2024-07-01 06:25:19.490120+00:00,2024-07-01 07:46:42.594000+00:00,True,True,0.0,5.197181025249283,5.876969491073883
2024-07-01 04:00:00+00:00,2024-07-01 06:00:00+00:00,priority_nearest_neighbor,5,668234122d58011d21e7a901,2024-07-01 06:28:23.955504+00:00,2024-07-01 07:39:12.003000+00:00,True,True,0.0,2.6517458781008894,3.074423070422445
2024-07-01 04:00:00+00:00,2024-07-01 06:00:00+00:00,priority_nearest_neighbor,6,668235b32d58011d21e7aa40,2024-07-01 06:32:30.976329+00:00,2024-07-01 07:46:13.450000+00:00,True,True,0.0,3.9191019343232774,4.117013758096615
2024-07-01 04:00:00+00:00,2024-07-01 06:00:00+00:00,priority_nearest_neighbor,7,668236172d58011d21e7ab06,2024-07-01 06:37:29.710893+00:00,2024-07-01 10:00:00+00:00,True,True,0.0,4.292247392975186,4.978909391736346
2024-07-01 04:00:00+00:00,2024-07-01 06:00:00+00:00,priority_nearest_neighbor,8,66823c462d58011d21e7ac2a,2024-07-01 06:44:08.732435+00:00,2024-07-01 08:16:15.785000+00:00,True,True,0.0,5.951366130693807,6.6503590398474905
2024-07-01 04:00:00+00:00,2024-07-01 06:00:00+00:00,priority_nearest_neighbor,9,668241842d58011d21e7ad9c,2024-07-01 06:54:00.721603+00:00,2024-07-01 08:36:45.562000+00:00,True,True,0.0,9.155159141587733,9.866486140294064
2024-07-01 04:00:00+00:00,2024-07-01 06:00:00+00:00,priority_nearest_neighbor,10,668236912d58011d21e7ab5f,2024-07-01 07:04:16.674229+00:00,2024-07-01 11:00:00+00:00,True,True,0.0,11.422921441840533,10.26587710204823
2024-07-01 04:00:00+00:00,2024-07-01 06:00:00+00:00,clarke_wright,1,668234122d58011d21e7a901,2024-07-01 06:00:54.988864+00:00,2024-07-01 07:39:12.003000+00:00,True,True,0.0,0.7010889401999238,0.9164810704413078
2024-07-01 04:00:00+00:00,2024-07-01 06:00:00+00:00,clarke_wright,2,668241842d58011d21e7ad9c,2024-07-01 06:02:49.646995+00:00,2024-07-01 08:36:45.562000+00:00,True,True,0.0,1.593985466855891,1.9109688540311764
2024-07-01 04:00:00+00:00,2024-07-01 06:00:00+00:00,clarke_wright,3,66823c462d58011d21e7ac2a,2024-07-01 06:13:30.150317+00:00,2024-07-01 08:16:15.785000+00:00,True,True,0.0,9.71325976507067,10.675055371238136
2024-07-01 04:00:00+00:00,2024-07-01 06:00:00+00:00,clarke_wright,4,66822ce72d58011d21e7a763,2024-07-01 06:16:34.269882+00:00,2024-07-01 07:11:20.327000+00:00,True,True,0.0,2.6551175308537367,3.068659418286977
2024-07-01 04:00:00+00:00,2024-07-01 06:00:00+00:00,clarke_wright,5,668236172d58011d21e7ab06,2024-07-01 06:20:39.753943+00:00,2024-07-01 10:00:00+00:00,True,True,0.0,3.532120007605486,4.091401021741716
2024-07-01 04:00:00+00:00,2024-07-01 06:00:00+00:00,clarke_wright,6,668234d12d58011d21e7a9cc,2024-07-01 06:22:58.993413+00:00,2024-07-01 07:46:42.594000+00:00,True,True,0.0,1.970539047173725,2.320657833366593
2024-07-01 04:00:00+00:00,2024-07-01 06:00:00+00:00,clarke_wright,7,668235b32d58011d21e7aa40,2024-07-01 06:26:39.465504+00:00,2024-07-01 07:46:13.450000+00:00,True,True,0.0,3.320702026201876,3.6745348466919294
2024-07-01 04:00:00+00:00,2024-07-01 06:00:00+00:00,clarke_wright,8,66822ba72d58011d21e7a42a,2024-07-01 06:27:29.249501+00:00,2024-07-01 07:02:22.702000+00:00,True,True,0.0,0.6971348037838518,0.8297332818917524
2024-07-01 04:00:00+00:00,2024-07-01 06:00:00+00:00,clarke_wright,9,66822c652d58011d21e7a472,2024-07-01 06:32:16.156661+00:00,2024-07-01 07:08:53.270000+00:00,True,True,0.0,4.13926013660933,4.7817859925752355
2024-07-01 04:00:00+00:00,2024-07-01 06:00:00+00:00,clarke_wright,10,668236912d58011d21e7ab5f,2024-07-01 06:43:43.700761+00:00,2024-07-01 11:00:00+00:00,True,True,0.0,12.149445845658779,11.459068325729701
2024-07-01 06:00:00+00:00,2024-07-01 08:00:00+00:00,nearest_neighbor,1,668253462d58011d21e7bee1,2024-07-01 08:00:59.099343+00:00,2024-07-01 09:56:26.899000+00:00,True,True,0.0,0.8133088559510969,0.9849890470527535
2024-07-01 06:00:00+00:00,2024-07-01 08:00:00+00:00,nearest_neighbor,2,668253072d58011d21e7bbff,2024-07-01 08:03:07.687126+00:00,2024-07-01 09:53:27.374000+00:00,True,True,0.0,1.6964198689381975,2.143129711848896
2024-07-01 06:00:00+00:00,2024-07-01 08:00:00+00:00,nearest_neighbor,3,668253e92d58011d21e7c1c2,2024-07-01 08:07:41.708479+00:00,2024-07-01 09:57:15.299000+00:00,True,True,0.0,4.214272765446305,4.567022546157678
2024-07-01 06:00:00+00:00,2024-07-01 08:00:00+00:00,nearest_neighbor,4,668257ea2d58011d21e7c909,2024-07-01 08:16:51.102117+00:00,2024-07-01 10:13:33.705000+00:00,True,True,0.0,8.376754307633654,9.156560628605364
2024-07-01 06:00:00+00:00,2024-07-01 08:00:00+00:00,nearest_neighbor,5,668257192d58011d21e7c5d6,2024-07-01 08:22:35.725949+00:00,2024-07-01 10:08:25.695000+00:00,True,True,0.0,4.798237861141353,5.743730531958812
2024-07-01 06:00:00+00:00,2024-07-01 08:00:00+00:00,nearest_neighbor,6,6682575c2d58011d21e7c8b5,2024-07-01 08:38:26.781809+00:00,2024-07-01 10:11:44.536000+00:00,True,True,0.0,14.314597523885869,15.85093100531825
2024-07-01 06:00:00+00:00,2024-07-01 08:00:00+00:00,priority_nearest_neighbor,1,668253462d58011d21e7bee1,2024-07-01 08:00:59.099343+00:00,2024-07-01 09:56:26.899000+00:00,True,True,0.0,0.8133088559510969,0.9849890470527535
2024-07-01 06:00:00+00:00,2024-07-01 08:00:00+00:00,priority_nearest_neighbor,2,668253072d58011d21e7bbff,2024-07-01 08:03:07.687126+00:00,2024-07-01 09:53:27.374000+00:00,True,True,0.0,1.6964198689381975,2.143129711848896
2024-07-01 06:00:00+00:00,2024-07-01 08:00:00+00:00,priority_nearest_neighbor,3,668253e92d58011d21e7c1c2,2024-07-01 08:07:41.708479+00:00,2024-07-01 09:57:15.299000+00:00,True,True,0.0,4.214272765446305,4.567022546157678
2024-07-01 06:00:00+00:00,2024-07-01 08:00:00+00:00,priority_nearest_neighbor,4,668257ea2d58011d21e7c909,2024-07-01 08:16:51.102117+00:00,2024-07-01 10:13:33.705000+00:00,True,True,0.0,8.376754307633654,9.156560628605364
2024-07-01 06:00:00+00:00,2024-07-01 08:00:00+00:00,priority_nearest_neighbor,5,668257192d58011d21e7c5d6,2024-07-01 08:22:35.725949+00:00,2024-07-01 10:08:25.695000+00:00,True,True,0.0,4.798237861141353,5.743730531958812
2024-07-01 06:00:00+00:00,2024-07-01 08:00:00+00:00,priority_nearest_neighbor,6,6682575c2d58011d21e7c8b5,2024-07-01 08:38:26.781809+00:00,2024-07-01 10:11:44.536000+00:00,True,True,0.0,14.314597523885869,15.85093100531825
2024-07-01 06:00:00+00:00,2024-07-01 08:00:00+00:00,clarke_wright,1,668257ea2d58011d21e7c909,2024-07-01 08:05:11.270123+00:00,2024-07-01 10:13:33.705000+00:00,True,True,0.0,4.621818939961514,5.187835390526442
2024-07-01 06:00:00+00:00,2024-07-01 08:00:00+00:00,clarke_wright,2,668257192d58011d21e7c5d6,2024-07-01 08:10:55.893955+00:00,2024-07-01 10:08:25.695000+00:00,True,True,0.0,4.798237861141353,5.743730531958812
2024-07-01 06:00:00+00:00,2024-07-01 08:00:00+00:00,clarke_wright,3,6682575c2d58011d21e7c8b5,2024-07-01 08:26:46.949815+00:00,2024-07-01 10:11:44.536000+00:00,True,True,0.0,14.314597523885869,15.85093100531825
2024-07-01 06:00:00+00:00,2024-07-01 08:00:00+00:00,clarke_wright,4,668253e92d58011d21e7c1c2,2024-07-01 08:35:36.133936+00:00,2024-07-01 09:57:15.299000+00:00,True,True,0.0,7.809221425368703,8.81973535177127
2024-07-01 06:00:00+00:00,2024-07-01 08:00:00+00:00,clarke_wright,5,668253072d58011d21e7bbff,2024-07-01 08:40:44.004165+00:00,2024-07-01 09:53:27.374000+00:00,True,True,0.0,4.578855035992637,5.131170475256611
2024-07-01 06:00:00+00:00,2024-07-01 08:00:00+00:00,clarke_wright,6,668253462d58011d21e7bee1,2024-07-01 08:42:43.777820+00:00,2024-07-01 09:56:26.899000+00:00,True,True,0.0,1.6981115219199974,1.996227590976148
2024-07-04 02:00:00+00:00,2024-07-04 04:00:00+00:00,nearest_neighbor,1,668618611f621b3aa7a52476,2024-07-04 04:04:12.106334+00:00,2024-07-04 06:32:36.686000+00:00,True,True,0.0,3.6969117737448136,4.20177223603203
2024-07-04 02:00:00+00:00,2024-07-04 04:00:00+00:00,nearest_neighbor,2,66860c011f621b3aa7a516c0,2024-07-04 04:08:19.511205+00:00,2024-07-04 05:41:04.901000+00:00,True,True,0.0,3.350689203651129,4.123414520033269
2024-07-04 02:00:00+00:00,2024-07-04 04:00:00+00:00,nearest_neighbor,3,6686141c1f621b3aa7a52147,2024-07-04 04:11:49.620687+00:00,2024-07-04 06:06:16.421000+00:00,True,True,0.0,2.9080981012142133,3.501824701886245
2024-07-04 02:00:00+00:00,2024-07-04 04:00:00+00:00,nearest_neighbor,4,66860cb71f621b3aa7a519cf,2024-07-04 04:16:53.333502+00:00,2024-07-04 05:43:51.590000+00:00,True,True,0.0,4.178476190641895,5.0618802459815955
2024-07-04 02:00:00+00:00,2024-07-04 04:00:00+00:00,nearest_neighbor,5,668618da1f621b3aa7a52496,2024-07-04 04:20:47.449482+00:00,2024-07-04 06:35:01.031000+00:00,True,True,0.0,3.217417884938671,3.9019329984781113
2024-07-04 02:00:00+00:00,2024-07-04 04:00:00+00:00,nearest_neighbor,6,6686177e1f621b3aa7a52450,2024-07-04 04:27:42.685843+00:00,2024-07-04 06:26:30.480000+00:00,True,True,0.0,6.050632044450809,6.920606018621263
2024-07-04 02:00:00+00:00,2024-07-04 04:00:00+00:00,nearest_neighbor,7,668611a31f621b3aa7a52110,2024-07-04 04:33:19.621128+00:00,2024-07-04 05:45:14.725000+00:00,True,True,0.0,5.8765335910752965,5.615588078499214
2024-07-04 02:00:00+00:00,2024-07-04 04:00:00+00:00,nearest_neighbor,8,668605aa1f621b3aa7a5163b,2024-07-04 04:46:23.543249+00:00,2024-07-04 09:00:00+00:00,True,True,0.0,12.120536097007344,13.065368684200912
2024-07-04 02:00:00+00:00,2024-07-04 04:00:00+00:00,nearest_neighbor,9,66860c651f621b3aa7a519a9,2024-07-04 04:53:15.354708+00:00,2024-07-04 05:42:12.691000+00:00,True,True,0.0,7.131281795543883,6.8635243150732475
2024-07-04 02:00:00+00:00,2024-07-04 04:00:00+00:00,priority_nearest_neighbor,1,66860c011f621b3aa7a516c0,2024-07-04 04:07:13.808707+00:00,2024-07-04 05:41:04.901000+00:00,True,True,0.0,6.411468834389762,7.2301451115025275
2024-07-04 02:00:00+00:00,2024-07-04 04:00:00+00:00,priority_nearest_neighbor,2,66860cb71f621b3aa7a519cf,2024-07-04 04:11:47.417193+00:00,2024-07-04 05:43:51.590000+00:00,True,True,0.0,3.506994442345543,4.560141432261926
2024-07-04 02:00:00+00:00,2024-07-04 04:00:00+00:00,priority_nearest_neighbor,3,6686141c1f621b3aa7a52147,2024-07-04 04:16:50.973065+00:00,2024-07-04 06:06:16.421000+00:00,True,True,0.0,4.147446638257103,5.059264536780868
2024-07-04 02:00:00+00:00,2024-07-04 04:00:00+00:00,priority_nearest_neighbor,4,668618611f621b3aa7a52476,2024-07-04 04:23:38.066680+00:00,2024-07-04 06:32:36.686000+00:00,True,True,0.0,5.584553322336861,6.78489357702408
2024-07-04 02:00:00+00:00,2024-07-04 04:00:00+00:00,priority_nearest_neighbor,5,668611a31f621b3aa7a52110,2024-07-04 04:32:02.243949+00:00,2024-07-04 05:45:14.725000+00:00,True,True,0.0,7.506193411521618,8.402954481992687
2024-07-04 02:00:00+00:00,2024-07-04 04:00:00+00:00,priority_nearest_neighbor,6,66860c651f621b3aa7a519a9,2024-07-04 04:49:23.116380+00:00,2024-07-04 05:42:12.691000+00:00,True,True,0.0,17.274181208616245,17.347873844609556
2024-07-04 02:00:00+00:00,2024-07-04 04:00:00+00:00,priority_nearest_neighbor,7,668605aa1f621b3aa7a5163b,2024-07-04 04:57:04.300424+00:00,2024-07-04 09:00:00+00:00,True,True,0.0,7.610312923701793,7.6864007318301155
2024-07-04 02:00:00+00:00,2024-07-04 04:00:00+00:00,priority_nearest_neighbor,8,6686177e1f621b3aa7a52450,2024-07-04 05:10:09.832586+00:00,2024-07-04 06:26:30.480000+00:00,True,True,0.0,13.604603354231825,13.092202696215711
2024-07-04 02:00:00+00:00,2024-07-04 04:00:00+00:00,priority_nearest_neighbor,9,668618da1f621b3aa7a52496,2024-07-04 05:17:06.511280+00:00,2024-07-04 06:35:01.031000+00:00,True,True,0.0,6.167129634894189,6.944644906676358
2024-07-04 02:00:00+00:00,2024-07-04 04:00:00+00:00,clarke_wright,1,668605aa1f621b3aa7a5163b,2024-07-04 04:07:42.043978+00:00,2024-07-04 09:00:00+00:00,True,True,0.0,7.854182491453199,7.7007329667782525
2024-07-04 02:00:00+00:00,2024-07-04 04:00:00+00:00,clarke_wright,2,66860c651f621b3aa7a519a9,2024-07-04 04:14:33.855437+00:00,2024-07-04 05:42:12.691000+00:00,True,True,0.0,7.131281795543883,6.8635243150732475
2024-07-04 02:00:00+00:00,2024-07-04 04:00:00+00:00,clarke_wright,3,668618611f621b3aa7a52476,2024-07-04 04:28:13.288354+00:00,2024-07-04 06:32:36.686000+00:00,True,True,0.0,13.661285919916633,13.65721527867113
2024-07-04 02:00:00+00:00,2024-07-04 04:00:00+00:00,clarke_wright,4,6686141c1f621b3aa7a52147,2024-07-04 04:34:00.272778+00:00,2024-07-04 06:06:16.421000+00:00,True,True,0.0,4.963931176516626,5.783073733381173
2024-07-04 02:00:00+00:00,2024-07-04 04:00:00+00:00,clarke_wright,5,66860c011f621b3aa7a516c0,2024-07-04 04:37:02.917057+00:00,2024-07-04 05:41:04.901000+00:00,True,True,0.0,2.638280796809791,3.0440713173187746
2024-07-04 02:00:00+00:00,2024-07-04 04:00:00+00:00,clarke_wright,6,66860cb71f621b3aa7a519cf,2024-07-04 04:41:36.525543+00:00,2024-07-04 05:43:51.590000+00:00,True,True,0.0,3.506994442345543,4.560141432261926
2024-07-04 02:00:00+00:00,2024-07-04 04:00:00+00:00,clarke_wright,7,668618da1f621b3aa7a52496,2024-07-04 04:45:30.641523+00:00,2024-07-04 06:35:01.031000+00:00,True,True,0.0,3.217417884938671,3.9019329984781113
2024-07-04 02:00:00+00:00,2024-07-04 04:00:00+00:00,clarke_wright,8,6686177e1f621b3aa7a52450,2024-07-04 04:52:25.877884+00:00,2024-07-04 06:26:30.480000+00:00,True,True,0.0,6.050632044450809,6.920606018621263
2024-07-04 02:00:00+00:00,2024-07-04 04:00:00+00:00,clarke_wright,9,668611a31f621b3aa7a52110,2024-07-04 04:58:02.813169+00:00,2024-07-04 05:45:14.725000+00:00,True,True,0.0,5.8765335910752965,5.615588078499214
2024-07-04 16:00:00+00:00,2024-07-04 18:00:00+00:00,nearest_neighbor,1,6686c87b1f621b3aa7a55032,2024-07-04 18:06:13.163091+00:00,2024-07-05 08:00:00+00:00,True,True,0.0,5.6912198676216,6.219384846711977
2024-07-04 16:00:00+00:00,2024-07-04 18:00:00+00:00,nearest_neighbor,2,6686c8fa1f621b3aa7a55098,2024-07-04 18:08:48.575467+00:00,2024-07-05 08:00:00+00:00,True,True,0.0,2.4085860786474718,2.590206266440525
2024-07-04 16:00:00+00:00,2024-07-04 18:00:00+00:00,nearest_neighbor,3,6686c7d51f621b3aa7a54fcc,2024-07-04 18:13:34.135026+00:00,2024-07-05 08:00:00+00:00,True,True,0.0,5.395701680432702,4.759325988803026
2024-07-04 16:00:00+00:00,2024-07-04 18:00:00+00:00,nearest_neighbor,4,6686c7191f621b3aa7a54f66,2024-07-04 18:21:41.030772+00:00,2024-07-05 08:00:00+00:00,True,True,0.0,7.31420472271861,8.114929105300632
2024-07-04 16:00:00+00:00,2024-07-04 18:00:00+00:00,nearest_neighbor,5,6686c9a31f621b3aa7a55122,2024-07-04 18:38:57.409473+00:00,2024-07-05 08:00:00+00:00,True,True,0.0,15.335713462886162,17.27297835544691
2024-07-04 16:00:00+00:00,2024-07-04 18:00:00+00:00,priority_nearest_neighbor,1,6686c87b1f621b3aa7a55032,2024-07-04 18:06:13.163091+00:00,2024-07-05 08:00:00+00:00,True,True,0.0,5.6912198676216,6.219384846711977
2024-07-04 16:00:00+00:00,2024-07-04 18:00:00+00:00,priority_nearest_neighbor,2,6686c8fa1f621b3aa7a55098,2024-07-04 18:08:48.575467+00:00,2024-07-05 08:00:00+00:00,True,True,0.0,2.4085860786474718,2.590206266440525
2024-07-04 16:00:00+00:00,2024-07-04 18:00:00+00:00,priority_nearest_neighbor,3,6686c7d51f621b3aa7a54fcc,2024-07-04 18:13:34.135026+00:00,2024-07-05 08:00:00+00:00,True,True,0.0,5.395701680432702,4.759325988803026
2024-07-04 16:00:00+00:00,2024-07-04 18:00:00+00:00,priority_nearest_neighbor,4,6686c7191f621b3aa7a54f66,2024-07-04 18:21:41.030772+00:00,2024-07-05 08:00:00+00:00,True,True,0.0,7.31420472271861,8.114929105300632
2024-07-04 16:00:00+00:00,2024-07-04 18:00:00+00:00,priority_nearest_neighbor,5,6686c9a31f621b3aa7a55122,2024-07-04 18:38:57.409473+00:00,2024-07-05 08:00:00+00:00,True,True,0.0,15.335713462886162,17.27297835544691
2024-07-04 16:00:00+00:00,2024-07-04 18:00:00+00:00,clarke_wright,1,6686c9a31f621b3aa7a55122,2024-07-04 18:11:36.816671+00:00,2024-07-05 08:00:00+00:00,True,True,0.0,10.165908231096845,11.61361117915297
2024-07-04 16:00:00+00:00,2024-07-04 18:00:00+00:00,clarke_wright,2,6686c87b1f621b3aa7a55032,2024-07-04 18:19:46.424078+00:00,2024-07-05 08:00:00+00:00,True,True,0.0,6.972311354454723,8.16012345304303
2024-07-04 16:00:00+00:00,2024-07-04 18:00:00+00:00,clarke_wright,3,6686c8fa1f621b3aa7a55098,2024-07-04 18:22:21.836454+00:00,2024-07-05 08:00:00+00:00,True,True,0.0,2.4085860786474718,2.590206266440525
2024-07-04 16:00:00+00:00,2024-07-04 18:00:00+00:00,clarke_wright,4,6686c7191f621b3aa7a54f66,2024-07-04 18:29:32.297967+00:00,2024-07-05 08:00:00+00:00,True,True,0.0,6.7155901414778265,7.174358555630948
2024-07-04 16:00:00+00:00,2024-07-04 18:00:00+00:00,clarke_wright,5,6686c7d51f621b3aa7a54fcc,2024-07-04 18:36:16.475716+00:00,2024-07-05 08:00:00+00:00,True,True,0.0,6.323338322958397,6.736295810423576
2024-07-05 02:00:00+00:00,2024-07-05 04:00:00+00:00,nearest_neighbor,1,6687635a1f621b3aa7a55288,2024-07-05 04:02:51.651613+00:00,2024-07-05 06:04:50.613000+00:00,True,True,0.0,2.5991372964585144,2.8608602102928473
2024-07-05 02:00:00+00:00,2024-07-05 04:00:00+00:00,nearest_neighbor,2,66876f571f621b3aa7a55e41,2024-07-05 04:07:10.000782+00:00,2024-07-05 06:56:28.829000+00:00,True,True,0.0,3.8757130136777462,4.305819483412477
2024-07-05 02:00:00+00:00,2024-07-05 04:00:00+00:00,nearest_neighbor,3,66876ec21f621b3aa7a55e00,2024-07-05 04:13:34.349537+00:00,2024-07-05 10:00:00+00:00,True,True,0.0,5.785553629840436,6.405812586617313
2024-07-05 02:00:00+00:00,2024-07-05 04:00:00+00:00,nearest_neighbor,4,66876ad51f621b3aa7a5571e,2024-07-05 04:26:18.484697+00:00,2024-07-05 06:37:52.433000+00:00,True,True,0.0,11.937264942224221,12.73558599861886
2024-07-05 02:00:00+00:00,2024-07-05 04:00:00+00:00,nearest_neighbor,5,66876c391f621b3aa7a55a80,2024-07-05 04:32:41.534097+00:00,2024-07-05 06:44:08.755000+00:00,True,True,0.0,5.576733771102195,6.384156658513648
2024-07-05 02:00:00+00:00,2024-07-05 04:00:00+00:00,nearest_neighbor,6,66876d2d1f621b3aa7a55ace,2024-07-05 04:39:29.926084+00:00,2024-07-05 10:00:00+00:00,True,True,0.0,6.011877098879348,6.806533117088494
2024-07-05 02:00:00+00:00,2024-07-05 04:00:00+00:00,priority_nearest_neighbor,1,6687635a1f621b3aa7a55288,2024-07-05 04:02:51.651613+00:00,2024-07-05 06:04:50.613000+00:00,True,True,0.0,2.5991372964585144,2.8608602102928473
2024-07-05 02:00:00+00:00,2024-07-05 04:00:00+00:00,priority_nearest_neighbor,2,66876ad51f621b3aa7a5571e,2024-07-05 04:07:36.870814+00:00,2024-07-05 06:37:52.433000+00:00,True,True,0.0,4.527822670231107,4.7536533489370045
2024-07-05 02:00:00+00:00,2024-07-05 04:00:00+00:00,priority_nearest_neighbor,3,66876c391f621b3aa7a55a80,2024-07-05 04:13:59.920214+00:00,2024-07-05 06:44:08.755000+00:00,True,True,0.0,5.576733771102195,6.384156658513648
2024-07-05 02:00:00+00:00,2024-07-05 04:00:00+00:00,priority_nearest_neighbor,4,66876f571f621b3aa7a55e41,2024-07-05 04:24:11.127911+00:00,2024-07-05 06:56:28.829000+00:00,True,True,0.0,8.760001098369624,10.18679495521857
2024-07-05 02:00:00+00:00,2024-07-05 04:00:00+00:00,priority_nearest_neighbor,5,66876ec21f621b3aa7a55e00,2024-07-05 04:30:35.476666+00:00,2024-07-05 10:00:00+00:00,True,True,0.0,5.785553629840436,6.405812586617313
2024-07-05 02:00:00+00:00,2024-07-05 04:00:00+00:00,priority_nearest_neighbor,6,66876d2d1f621b3aa7a55ace,2024-07-05 04:48:44.106081+00:00,2024-07-05 10:00:00+00:00,True,True,0.0,16.37334183874469,18.143823575518237
2024-07-05 02:00:00+00:00,2024-07-05 04:00:00+00:00,clarke_wright,1,66876f571f621b3aa7a55e41,2024-07-05 04:03:59.174622+00:00,2024-07-05 06:56:28.829000+00:00,True,True,0.0,3.5118856226060293,3.986243696668993
2024-07-05 02:00:00+00:00,2024-07-05 04:00:00+00:00,clarke_wright,2,66876ec21f621b3aa7a55e00,2024-07-05 04:10:23.523377+00:00,2024-07-05 10:00:00+00:00,True,True,0.0,5.785553629840436,6.405812586617313
2024-07-05 02:00:00+00:00,2024-07-05 04:00:00+00:00,clarke_wright,3,66876c391f621b3aa7a55a80,2024-07-05 04:24:50.296406+00:00,2024-07-05 06:44:08.755000+00:00,True,True,0.0,13.443953727558714,14.446217143924567
2024-07-05 02:00:00+00:00,2024-07-05 04:00:00+00:00,clarke_wright,4,66876d2d1f621b3aa7a55ace,2024-07-05 04:31:38.688393+00:00,2024-07-05 10:00:00+00:00,True,True,0.0,6.011877098879348,6.806533117088494
2024-07-05 02:00:00+00:00,2024-07-05 04:00:00+00:00,clarke_wright,5,66876ad51f621b3aa7a5571e,2024-07-05 04:44:09.144511+00:00,2024-07-05 06:37:52.433000+00:00,True,True,0.0,11.805550188248466,12.507601971387954
2024-07-05 02:00:00+00:00,2024-07-05 04:00:00+00:00,clarke_wright,6,6687635a1f621b3aa7a55288,2024-07-05 04:47:29.643082+00:00,2024-07-05 06:04:50.613000+00:00,True,True,0.0,3.198501199966071,3.3416428520250983
2024-07-05 04:00:00+00:00,2024-07-05 06:00:00+00:00,nearest_neighbor,1,668778291f621b3aa7a568a7,2024-07-05 06:00:52.160727+00:00,2024-07-05 07:34:10.512000+00:00,True,True,0.0,0.6639912176718646,0.8693454532763634
2024-07-05 04:00:00+00:00,2024-07-05 06:00:00+00:00,nearest_neighbor,2,6687853a44978b72e31ad1ab,2024-07-05 06:04:47.870737+00:00,2024-07-05 08:28:25.173000+00:00,True,True,0.0,3.354286549476632,3.9285001625900646
2024-07-05 04:00:00+00:00,2024-07-05 06:00:00+00:00,nearest_neighbor,3,66877b1b1f621b3aa7a56a2d,2024-07-05 06:12:41.967587+00:00,2024-07-05 07:47:10.114000+00:00,True,True,0.0,7.347466715391581,7.901614160757974
2024-07-05 04:00:00+00:00,2024-07-05 06:00:00+00:00,nearest_neighbor,4,668772901f621b3aa7a564b4,2024-07-05 06:19:12.433374+00:00,2024-07-05 11:00:00+00:00,True,True,0.0,5.78245859817068,6.5077631203719575
2024-07-05 04:00:00+00:00,2024-07-05 06:00:00+00:00,nearest_neighbor,5,668773b31f621b3aa7a56523,2024-07-05 06:28:54.929083+00:00,2024-07-05 07:12:30.297000+00:00,True,True,0.0,8.169629830415067,9.70826180982714
2024-07-05 04:00:00+00:00,2024-07-05 06:00:00+00:00,nearest_neighbor,6,6687879a44978b72e31ad5fa,2024-07-05 06:34:08.244414+00:00,2024-07-05 08:39:58.346000+00:00,True,True,0.0,4.140400888002604,5.2219221774351015
2024-07-05 04:00:00+00:00,2024-07-05 06:00:00+00:00,nearest_neighbor,7,6687710b1f621b3aa7a5619b,2024-07-05 06:57:25.889117+00:00,2024-07-05 11:00:00+00:00,True,True,0.0,21.749324129976216,23.294078378555298
2024-07-05 04:00:00+00:00,2024-07-05 06:00:00+00:00,priority_nearest_neighbor,1,668778291f621b3aa7a568a7,2024-07-05 06:00:52.160727+00:00,2024-07-05 07:34:10.512000+00:00,True,True,0.0,0.6639912176718646,0.8693454532763634
2024-07-05 04:00:00+00:00,2024-07-05 06:00:00+00:00,priority_nearest_neighbor,2,668773b31f621b3aa7a56523,2024-07-05 06:12:58.306229+00:00,2024-07-05 07:12:30.297000+00:00,True,True,0.0,10.739827611162728,12.102425030318813
2024-07-05 04:00:00+00:00,2024-07-05 06:00:00+00:00,priority_nearest_neighbor,3,66877b1b1f621b3aa7a56a2d,2024-07-05 06:22:06.548862+00:00,2024-07-05 07:47:10.114000+00:00,True,True,0.0,7.972196825574924,9.137377210867998
2024-07-05 04:00:00+00:00,2024-07-05 06:00:00+00:00,priority_nearest_neighbor,4,6687853a44978b72e31ad1ab,2024-07-05 06:29:01.453365+00:00,2024-07-05 08:28:25.173000+00:00,True,True,0.0,6.52881207130814,6.915075057317247
2024-07-05 04:00:00+00:00,2024-07-05 06:00:00+00:00,priority_nearest_neighbor,5,668772901f621b3aa7a564b4,2024-07-05 06:41:49.722571+00:00,2024-07-05 11:00:00+00:00,True,True,0.0,11.730397890530247,12.804486768913673
2024-07-05 04:00:00+00:00,2024-07-05 06:00:00+00:00,priority_nearest_neighbor,6,6687879a44978b72e31ad5fa,2024-07-05 06:52:42.088084+00:00,2024-07-05 08:39:58.346000+00:00,True,True,0.0,9.139626090261565,10.872758549754332
2024-07-05 04:00:00+00:00,2024-07-05 06:00:00+00:00,priority_nearest_neighbor,7,6687710b1f621b3aa7a5619b,2024-07-05 07:15:59.732787+00:00,2024-07-05 11:00:00+00:00,True,True,0.0,21.749324129976216,23.294078378555298
2024-07-05 04:00:00+00:00,2024-07-05 06:00:00+00:00,clarke_wright,1,668778291f621b3aa7a568a7,2024-07-05 06:00:52.160727+00:00,2024-07-05 07:34:10.512000+00:00,True,True,0.0,0.6639912176718646,0.8693454532763634
2024-07-05 04:00:00+00:00,2024-07-05 06:00:00+00:00,clarke_wright,2,6687710b1f621b3aa7a5619b,2024-07-05 06:10:54.144404+00:00,2024-07-05 11:00:00+00:00,True,True,0.0,9.439686612664522,10.033061287274741
2024-07-05 04:00:00+00:00,2024-07-05 06:00:00+00:00,clarke_wright,3,66877b1b1f621b3aa7a56a2d,2024-07-05 06:22:01.337854+00:00,2024-07-05 07:47:10.114000+00:00,True,True,0.0,11.490725849877872,11.119890835400652
2024-07-05 04:00:00+00:00,2024-07-05 06:00:00+00:00,clarke_wright,4,668772901f621b3aa7a564b4,2024-07-05 06:28:31.803641+00:00,2024-07-05 11:00:00+00:00,True,True,0.0,5.78245859817068,6.5077631203719575
2024-07-05 04:00:00+00:00,2024-07-05 06:00:00+00:00,clarke_wright,5,6687879a44978b72e31ad5fa,2024-07-05 06:39:24.169154+00:00,2024-07-05 08:39:58.346000+00:00,True,True,0.0,9.139626090261565,10.872758549754332
2024-07-05 04:00:00+00:00,2024-07-05 06:00:00+00:00,clarke_wright,6,668773b31f621b3aa7a56523,2024-07-05 06:44:37.484485+00:00,2024-07-05 07:12:30.297000+00:00,True,True,0.0,4.132276183806807,5.221922177435103
2024-07-05 04:00:00+00:00,2024-07-05 06:00:00+00:00,clarke_wright,7,6687853a44978b72e31ad1ab,2024-07-05 06:55:43.865577+00:00,2024-07-05 08:28:25.173000+00:00,True,True,0.0,9.894348494705575,11.106351538562183
2024-07-06 02:00:00+00:00,2024-07-06 04:00:00+00:00,nearest_neighbor,1,6688b2e0ff27bc1a834de421,2024-07-06 04:02:32.437485+00:00,2024-07-06 05:54:53.991000+00:00,True,True,0.0,2.1436890764321874,2.540624753868548
2024-07-06 02:00:00+00:00,2024-07-06 04:00:00+00:00,nearest_neighbor,2,6688b3cbff27bc1a834de76f,2024-07-06 04:06:58.553948+00:00,2024-07-06 05:59:40.064000+00:00,True,True,0.0,3.9825746086741156,4.435274387269211
2024-07-06 02:00:00+00:00,2024-07-06 04:00:00+00:00,nearest_neighbor,3,6688b319ff27bc1a834de439,2024-07-06 04:19:12.616847+00:00,2024-07-06 05:58:46.746000+00:00,True,True,0.0,10.601375640346003,12.234381648285673
2024-07-06 02:00:00+00:00,2024-07-06 04:00:00+00:00,nearest_neighbor,4,6688b510ff27bc1a834de7b1,2024-07-06 04:25:39.077516+00:00,2024-07-06 06:05:35.754000+00:00,True,True,0.0,5.429187277133614,6.441011154356809
2024-07-06 02:00:00+00:00,2024-07-06 04:00:00+00:00,nearest_neighbor,5,6688ae4fff27bc1a834de2e9,2024-07-06 04:45:46.561429+00:00,2024-07-06 09:00:00+00:00,True,True,0.0,20.71106809071201,20.124731879240322
2024-07-06 02:00:00+00:00,2024-07-06 04:00:00+00:00,nearest_neighbor,6,6688b44dff27bc1a834de77d,2024-07-06 04:55:10.872808+00:00,2024-07-06 06:02:38.345000+00:00,True,True,0.0,8.091660026406778,9.40518964994803
2024-07-06 02:00:00+00:00,2024-07-06 04:00:00+00:00,nearest_neighbor,7,6688af6eff27bc1a834de314,2024-07-06 05:07:12.269400+00:00,2024-07-06 10:00:00+00:00,True,True,0.0,10.292375225558933,12.023276530100919
2024-07-06 02:00:00+00:00,2024-07-06 04:00:00+00:00,priority_nearest_neighbor,1,6688b2e0ff27bc1a834de421,2024-07-06 04:02:32.437485+00:00,2024-07-06 05:54:53.991000+00:00,True,True,0.0,2.1436890764321874,2.540624753868548
2024-07-06 02:00:00+00:00,2024-07-06 04:00:00+00:00,priority_nearest_neighbor,2,6688b3cbff27bc1a834de76f,2024-07-06 04:06:58.553948+00:00,2024-07-06 05:59:40.064000+00:00,True,True,0.0,3.9825746086741156,4.435274387269211
2024-07-06 02:00:00+00:00,2024-07-06 04:00:00+00:00,priority_nearest_neighbor,3,6688b319ff27bc1a834de439,2024-07-06 04:19:12.616847+00:00,2024-07-06 05:58:46.746000+00:00,True,True,0.0,10.601375640346003,12.234381648285673
2024-07-06 02:00:00+00:00,2024-07-06 04:00:00+00:00,priority_nearest_neighbor,4,6688b510ff27bc1a834de7b1,2024-07-06 04:25:39.077516+00:00,2024-07-06 06:05:35.754000+00:00,True,True,0.0,5.429187277133614,6.441011154356809
2024-07-06 02:00:00+00:00,2024-07-06 04:00:00+00:00,priority_nearest_neighbor,5,6688b44dff27bc1a834de77d,2024-07-06 04:46:59.490540+00:00,2024-07-06 06:02:38.345000+00:00,True,True,0.0,21.2113822002663,21.340217068158474
2024-07-06 02:00:00+00:00,2024-07-06 04:00:00+00:00,priority_nearest_neighbor,6,6688ae4fff27bc1a834de2e9,2024-07-06 04:56:31.594668+00:00,2024-07-06 09:00:00+00:00,True,True,0.0,8.212905328706555,9.535068800330725
2024-07-06 02:00:00+00:00,2024-07-06 04:00:00+00:00,priority_nearest_neighbor,7,6688af6eff27bc1a834de314,2024-07-06 05:10:24.546037+00:00,2024-07-06 10:00:00+00:00,True,True,0.0,11.155090320647293,13.882522823753655
2024-07-06 02:00:00+00:00,2024-07-06 04:00:00+00:00,clarke_wright,1,6688b2e0ff27bc1a834de421,2024-07-06 04:02:32.437485+00:00,2024-07-06 05:54:53.991000+00:00,True,True,0.0,2.1436890764321874,2.540624753868548
2024-07-06 02:00:00+00:00,2024-07-06 04:00:00+00:00,clarke_wright,2,6688b319ff27bc1a834de439,2024-07-06 04:10:50.993226+00:00,2024-07-06 05:58:46.746000+00:00,True,True,0.0,7.114919491291061,8.309262348685447
2024-07-06 02:00:00+00:00,2024-07-06 04:00:00+00:00,clarke_wright,3,6688b510ff27bc1a834de7b1,2024-07-06 04:17:17.453895+00:00,2024-07-06 06:05:35.754000+00:00,True,True,0.0,5.429187277133614,6.441011154356809
2024-07-06 02:00:00+00:00,2024-07-06 04:00:00+00:00,clarke_wright,4,6688ae4fff27bc1a834de2e9,2024-07-06 04:37:24.937808+00:00,2024-07-06 09:00:00+00:00,True,True,0.0,20.71106809071201,20.124731879240322
2024-07-06 02:00:00+00:00,2024-07-06 04:00:00+00:00,clarke_wright,5,6688af6eff27bc1a834de314,2024-07-06 04:51:17.889177+00:00,2024-07-06 10:00:00+00:00,True,True,0.0,11.155090320647293,13.882522823753655
2024-07-06 02:00:00+00:00,2024-07-06 04:00:00+00:00,clarke_wright,6,6688b44dff27bc1a834de77d,2024-07-06 05:03:19.332768+00:00,2024-07-06 06:02:38.345000+00:00,True,True,0.0,10.289318655137036,12.02405984201091
2024-07-06 02:00:00+00:00,2024-07-06 04:00:00+00:00,clarke_wright,7,6688b3cbff27bc1a834de76f,2024-07-06 05:14:33.740695+00:00,2024-07-06 05:59:40.064000+00:00,True,True,0.0,11.201434528649717,11.240132111093347
2024-07-08 02:00:00+00:00,2024-07-08 04:00:00+00:00,nearest_neighbor,1,668b4b32ca82dc65928fe9d1,2024-07-08 04:03:35.348863+00:00,2024-07-09 03:00:00+00:00,True,True,0.0,3.157716650226642,3.589147720055879
2024-07-08 02:00:00+00:00,2024-07-08 04:00:00+00:00,nearest_neighbor,2,668b60f1ca82dc65928ffa28,2024-07-08 04:04:44.471635+00:00,2024-07-08 06:43:17.139000+00:00,True,True,0.0,0.9860783985727424,1.152046201713346
2024-07-08 02:00:00+00:00,2024-07-08 04:00:00+00:00,nearest_neighbor,3,668b53aeca82dc65928fea3c,2024-07-08 04:09:10.025459+00:00,2024-07-08 05:46:17.158000+00:00,True,True,0.0,3.9223562770520664,4.425897066025284
2024-07-08 02:00:00+00:00,2024-07-08 04:00:00+00:00,nearest_neighbor,4,668b53ccca82dc65928fea43,2024-07-08 04:11:12.531622+00:00,2024-07-08 05:43:03.822000+00:00,True,True,0.0,1.6793834274072557,2.0417693754983266
2024-07-08 02:00:00+00:00,2024-07-08 04:00:00+00:00,nearest_neighbor,5,668b631dca82dc65928ffb50,2024-07-08 04:17:58.079322+00:00,2024-07-08 06:54:01.510000+00:00,True,True,0.0,6.330146161274011,6.759128331229627
2024-07-08 02:00:00+00:00,2024-07-08 04:00:00+00:00,nearest_neighbor,6,668b6051ca82dc65928ffa0e,2024-07-08 04:18:55.539819+00:00,2024-07-08 06:39:13.694000+00:00,True,True,0.0,0.7354393076483385,0.9576749580790634
2024-07-08 02:00:00+00:00,2024-07-08 04:00:00+00:00,nearest_neighbor,7,668b5bdeca82dc65928feb64,2024-07-08 04:25:23.560806+00:00,2024-07-08 10:00:00+00:00,True,True,0.0,5.536113099583004,6.467016444838013
2024-07-08 02:00:00+00:00,2024-07-08 04:00:00+00:00,nearest_neighbor,8,668b5d03ca82dc65928ff48d,2024-07-08 04:28:42.333485+00:00,2024-07-08 06:27:31.184000+00:00,True,True,0.0,2.912540406994713,3.3128779785503437
2024-07-08 02:00:00+00:00,2024-07-08 04:00:00+00:00,nearest_neighbor,9,668b5f50ca82dc65928ff707,2024-07-08 04:35:39.700030+00:00,2024-07-08 06:30:48.882000+00:00,True,True,0.0,6.749191344763329,6.956109089879151
2024-07-08 02:00:00+00:00,2024-07-08 04:00:00+00:00,nearest_neighbor,10,668b5c68ca82dc65928ff183,2024-07-08 04:48:05.146746+00:00,2024-07-08 06:25:31.099000+00:00,True,True,0.0,13.218447011899656,12.424111940583044
2024-07-08 02:00:00+00:00,2024-07-08 04:00:00+00:00,nearest_neighbor,11,668b5ca0ca82dc65928ff18c,2024-07-08 05:06:29.620233+00:00,2024-07-08 10:00:00+00:00,True,True,0.0,17.603139816813417,18.407891446517645
2024-07-08 02:00:00+00:00,2024-07-08 04:00:00+00:00,nearest_neighbor,12,668b5c28ca82dc65928fee7e,2024-07-08 05:19:48.350490+00:00,2024-07-08 06:24:16.913000+00:00,True,True,0.0,14.032372422375675,13.312170946415913
2024-07-08 02:00:00+00:00,2024-07-08 04:00:00+00:00,priority_nearest_neighbor,1,668b53aeca82dc65928fea3c,2024-07-08 04:07:43.749072+00:00,2024-07-08 05:46:17.158000+00:00,True,True,0.0,7.303840952219854,7.729151200841661
2024-07-08 02:00:00+00:00,2024-07-08 04:00:00+00:00,priority_nearest_neighbor,2,668b53ccca82dc65928fea43,2024-07-08 04:09:46.255235+00:00,2024-07-08 05:43:03.822000+00:00,True,True,0.0,1.6793834274072557,2.0417693754983266
2024-07-08 02:00:00+00:00,2024-07-08 04:00:00+00:00,priority_nearest_neighbor,3,668b60f1ca82dc65928ffa28,2024-07-08 04:15:42.397319+00:00,2024-07-08 06:43:17.139000+00:00,True,True,0.0,4.993603501706836,5.935701401869313
2024-07-08 02:00:00+00:00,2024-07-08 04:00:00+00:00,priority_nearest_neighbor,4,668b4b32ca82dc65928fe9d1,2024-07-08 04:16:57.870466+00:00,2024-07-09 03:00:00+00:00,True,True,0.0,0.9860783985727425,1.2578857824198078
2024-07-08 02:00:00+00:00,2024-07-08 04:00:00+00:00,priority_nearest_neighbor,5,668b6051ca82dc65928ffa0e,2024-07-08 04:21:18.118038+00:00,2024-07-08 06:39:13.694000+00:00,True,True,0.0,4.114686800762067,4.337459540044973
2024-07-08 02:00:00+00:00,2024-07-08 04:00:00+00:00,priority_nearest_neighbor,6,668b631dca82dc65928ffb50,2024-07-08 04:22:15.692058+00:00,2024-07-08 06:54:01.510000+00:00,True,True,0.0,0.7515257518395534,0.9595670069065079
2024-07-08 02:00:00+00:00,2024-07-08 04:00:00+00:00,priority_nearest_neighbor,7,668b5d03ca82dc65928ff48d,2024-07-08 04:29:45.058471+00:00,2024-07-08 06:27:31.184000+00:00,True,True,0.0,6.932828850884841,7.489440217988976
2024-07-08 02:00:00+00:00,2024-07-08 04:00:00+00:00,priority_nearest_neighbor,8,668b5c68ca82dc65928ff183,2024-07-08 04:37:54.995654+00:00,2024-07-08 06:25:31.099000+00:00,True,True,0.0,8.463139223906603,8.16561971407083
2024-07-08 02:00:00+00:00,2024-07-08 04:00:00+00:00,priority_nearest_neighbor,9,668b5f50ca82dc65928ff707,2024-07-08 04:51:04.738326+00:00,2024-07-08 06:30:48.882000+00:00,True,True,0.0,13.744341421361165,13.162377867027597
2024-07-08 02:00:00+00:00,2024-07-08 04:00:00+00:00,priority_nearest_neighbor,10,668b5c28ca82dc65928fee7e,2024-07-08 05:13:33.744214+00:00,2024-07-08 06:24:16.913000+00:00,True,True,0.0,22.75150850670403,22.483431470910944
2024-07-08 02:00:00+00:00,2024-07-08 04:00:00+00:00,priority_nearest_neighbor,11,668b5ca0ca82dc65928ff18c,2024-07-08 05:26:33.702570+00:00,2024-07-08 10:00:00+00:00,True,True,0.0,13.462420909471685,12.999305931572879
2024-07-08 02:00:00+00:00,2024-07-08 04:00:00+00:00,priority_nearest_neighbor,12,668b5bdeca82dc65928feb64,2024-07-08 05:41:54.763907+00:00,2024-07-08 10:00:00+00:00,True,True,0.0,13.586550792098599,15.351022277174364
2024-07-08 02:00:00+00:00,2024-07-08 04:00:00+00:00,clarke_wright,1,668b5c68ca82dc65928ff183,2024-07-08 04:07:26.796845+00:00,2024-07-08 06:25:31.099000+00:00,True,True,0.0,7.072122174868906,7.446614084729284
2024-07-08 02:00:00+00:00,2024-07-08 04:00:00+00:00,clarke_wright,2,668b5bdeca82dc65928feb64,2024-07-08 04:14:16.949986+00:00,2024-07-08 10:00:00+00:00,True,True,0.0,6.590504131128839,6.835885682190376
2024-07-08 02:00:00+00:00,2024-07-08 04:00:00+00:00,clarke_wright,3,668b5d03ca82dc65928ff48d,2024-07-08 04:17:35.722665+00:00,2024-07-08 06:27:31.184000+00:00,True,True,0.0,2.912540406994713,3.3128779785503437
2024-07-08 02:00:00+00:00,2024-07-08 04:00:00+00:00,clarke_wright,4,668b5f50ca82dc65928ff707,2024-07-08 04:24:33.089210+00:00,2024-07-08 06:30:48.882000+00:00,True,True,0.0,6.749191344763329,6.956109089879151
2024-07-08 02:00:00+00:00,2024-07-08 04:00:00+00:00,clarke_wright,5,668b5ca0ca82dc65928ff18c,2024-07-08 04:41:20.804873+00:00,2024-07-08 10:00:00+00:00,True,True,0.0,15.105635167955475,16.795261051852737
2024-07-08 02:00:00+00:00,2024-07-08 04:00:00+00:00,clarke_wright,6,668b5c28ca82dc65928fee7e,2024-07-08 04:54:39.535130+00:00,2024-07-08 06:24:16.913000+00:00,True,True,0.0,14.032372422375675,13.312170946415913
2024-07-08 02:00:00+00:00,2024-07-08 04:00:00+00:00,clarke_wright,7,668b53ccca82dc65928fea43,2024-07-08 05:05:05.512229+00:00,2024-07-08 05:43:03.822000+00:00,True,True,0.0,10.338540295398829,10.43295164527957
2024-07-08 02:00:00+00:00,2024-07-08 04:00:00+00:00,clarke_wright,8,668b53aeca82dc65928fea3c,2024-07-08 05:07:08.018392+00:00,2024-07-08 05:46:17.158000+00:00,True,True,0.0,1.6793834274072554,2.0417693754983266
2024-07-08 02:00:00+00:00,2024-07-08 04:00:00+00:00,clarke_wright,9,668b60f1ca82dc65928ffa28,2024-07-08 05:11:38.324977+00:00,2024-07-08 06:43:17.139000+00:00,True,True,0.0,3.8994493361705325,4.505109752110874
2024-07-08 02:00:00+00:00,2024-07-08 04:00:00+00:00,clarke_wright,10,668b4b32ca82dc65928fe9d1,2024-07-08 05:12:53.798124+00:00,2024-07-09 03:00:00+00:00,True,True,0.0,0.9860783985727425,1.2578857824198078
2024-07-08 02:00:00+00:00,2024-07-08 04:00:00+00:00,clarke_wright,11,668b6051ca82dc65928ffa0e,2024-07-08 05:17:14.045696+00:00,2024-07-08 06:39:13.694000+00:00,True,True,0.0,4.114686800762067,4.337459540044973
2024-07-08 02:00:00+00:00,2024-07-08 04:00:00+00:00,clarke_wright,12,668b631dca82dc65928ffb50,2024-07-08 05:18:11.619716+00:00,2024-07-08 06:54:01.510000+00:00,True,True,0.0,0.7515257518395534,0.9595670069065079
2024-07-09 02:00:00+00:00,2024-07-09 04:00:00+00:00,nearest_neighbor,1,668cb1a1ca82dc659290319c,2024-07-09 04:00:52.833227+00:00,2024-07-09 06:39:55.852000+00:00,True,True,0.0,0.7020444823326748,0.8805537835187756
2024-07-09 02:00:00+00:00,2024-07-09 04:00:00+00:00,nearest_neighbor,2,668cb102ca82dc659290318a,2024-07-09 04:07:34.137621+00:00,2024-07-09 06:18:02.595000+00:00,True,True,0.0,6.54405812384653,6.688406561223494
2024-07-09 02:00:00+00:00,2024-07-09 04:00:00+00:00,nearest_neighbor,3,668cab2cca82dc65929029df,2024-07-09 04:22:46.397087+00:00,2024-07-09 06:05:04.382000+00:00,True,True,0.0,14.246876428192595,15.204324438001821
2024-07-09 02:00:00+00:00,2024-07-09 04:00:00+00:00,nearest_neighbor,4,668c9a5dca82dc65929025bd,2024-07-09 04:26:15.462459+00:00,2024-07-09 05:01:36.595000+00:00,True,True,0.0,3.051143900791301,3.4844228588428483
2024-07-09 02:00:00+00:00,2024-07-09 04:00:00+00:00,nearest_neighbor,5,668c9a8eca82dc65929025cb,2024-07-09 04:27:09.720568+00:00,2024-07-09 05:03:29.494000+00:00,True,True,0.0,0.7204706473936652,0.9043018221036668
2024-07-09 02:00:00+00:00,2024-07-09 04:00:00+00:00,nearest_neighbor,6,668cabe7ca82dc6592902cfe,2024-07-09 04:36:34.063770+00:00,2024-07-09 06:15:00.083000+00:00,True,True,0.0,10.173989303514102,9.405720033592795
2024-07-09 02:00:00+00:00,2024-07-09 04:00:00+00:00,priority_nearest_neighbor,1,668c9a5dca82dc65929025bd,2024-07-09 04:07:49.544825+00:00,2024-07-09 05:01:36.595000+00:00,True,True,0.0,7.353864361120405,7.825747090281558
2024-07-09 02:00:00+00:00,2024-07-09 04:00:00+00:00,priority_nearest_neighbor,2,668c9a8eca82dc65929025cb,2024-07-09 04:08:43.802934+00:00,2024-07-09 05:03:29.494000+00:00,True,True,0.0,0.7204706473936652,0.9043018221036668
2024-07-09 02:00:00+00:00,2024-07-09 04:00:00+00:00,priority_nearest_neighbor,3,668cab2cca82dc65929029df,2024-07-09 04:10:39.899289+00:00,2024-07-09 06:05:04.382000+00:00,True,True,0.0,1.6692777070329292,1.934939248491543
2024-07-09 02:00:00+00:00,2024-07-09 04:00:00+00:00,priority_nearest_neighbor,4,668cabe7ca82dc6592902cfe,2024-07-09 04:20:06.685517+00:00,2024-07-09 06:15:00.083000+00:00,True,True,0.0,10.75245820831356,9.446437129453427
2024-07-09 02:00:00+00:00,2024-07-09 04:00:00+00:00,priority_nearest_neighbor,5,668cb1a1ca82dc659290319c,2024-07-09 04:32:46.097561+00:00,2024-07-09 06:39:55.852000+00:00,True,True,0.0,12.711506955391435,12.656867391891097
2024-07-09 02:00:00+00:00,2024-07-09 04:00:00+00:00,priority_nearest_neighbor,6,668cb102ca82dc659290318a,2024-07-09 04:39:27.401955+00:00,2024-07-09 06:18:02.595000+00:00,True,True,0.0,6.54405812384653,6.688406561223494
2024-07-09 02:00:00+00:00,2024-07-09 04:00:00+00:00,clarke_wright,1,668cb1a1ca82dc659290319c,2024-07-09 04:00:52.833227+00:00,2024-07-09 06:39:55.852000+00:00,True,True,0.0,0.7020444823326748,0.8805537835187756
2024-07-09 02:00:00+00:00,2024-07-09 04:00:00+00:00,clarke_wright,2,668cb102ca82dc659290318a,2024-07-09 04:07:34.137621+00:00,2024-07-09 06:18:02.595000+00:00,True,True,0.0,6.54405812384653,6.688406561223494
2024-07-09 02:00:00+00:00,2024-07-09 04:00:00+00:00,clarke_wright,3,668cabe7ca82dc6592902cfe,2024-07-09 04:26:27.087292+00:00,2024-07-09 06:15:00.083000+00:00,True,True,0.0,19.690257879963312,18.882494510877635
2024-07-09 02:00:00+00:00,2024-07-09 04:00:00+00:00,clarke_wright,4,668c9a8eca82dc65929025cb,2024-07-09 04:35:52.087994+00:00,2024-07-09 05:03:29.494000+00:00,True,True,0.0,10.019758966411315,9.416678362937112
2024-07-09 02:00:00+00:00,2024-07-09 04:00:00+00:00,clarke_wright,5,668c9a5dca82dc65929025bd,2024-07-09 04:36:36.742455+00:00,2024-07-09 05:01:36.595000+00:00,True,True,0.0,0.5836882174343861,0.744241019507068
2024-07-09 02:00:00+00:00,2024-07-09 04:00:00+00:00,clarke_wright,6,668cab2cca82dc65929029df,2024-07-09 04:38:09.368005+00:00,2024-07-09 06:05:04.382000+00:00,True,True,0.0,1.2438280901740546,1.5437591622273215
2024-07-09 04:00:00+00:00,2024-07-09 06:00:00+00:00,nearest_neighbor,1,668cb615ca82dc65929033d8,2024-07-09 06:03:58.864512+00:00,2024-07-09 11:00:00+00:00,True,True,0.0,3.5339585905919333,3.9810751934804705
2024-07-09 04:00:00+00:00,2024-07-09 06:00:00+00:00,nearest_neighbor,2,668cb5d1ca82dc6592903396,2024-07-09 06:05:28.863940+00:00,2024-07-09 06:57:37.838000+00:00,True,True,0.0,1.2717571277432131,1.4999904722756852
2024-07-09 04:00:00+00:00,2024-07-09 06:00:00+00:00,nearest_neighbor,3,668cb8e9ca82dc659290378c,2024-07-09 06:11:15.336734+00:00,2024-07-09 07:09:56.100000+00:00,True,True,0.0,5.109676491487327,5.77454657135827
2024-07-09 04:00:00+00:00,2024-07-09 06:00:00+00:00,nearest_neighbor,4,668cbc02ca82dc659290385d,2024-07-09 06:23:53.071311+00:00,2024-07-09 07:24:52.074000+00:00,True,True,0.0,11.784539589137795,12.628909616971514
2024-07-09 04:00:00+00:00,2024-07-09 06:00:00+00:00,nearest_neighbor,5,668cba05ca82dc65929037ad,2024-07-09 06:44:17.649832+00:00,2024-07-09 07:15:15.648000+00:00,True,True,0.0,20.174985698960384,20.409642019230716
2024-07-09 04:00:00+00:00,2024-07-09 06:00:00+00:00,nearest_neighbor,6,668cb808ca82dc6592903760,2024-07-09 06:46:18.264308+00:00,2024-07-09 07:03:29.531000+00:00,True,True,0.0,1.4384924637552876,2.0102412649903427
2024-07-09 04:00:00+00:00,2024-07-09 06:00:00+00:00,priority_nearest_neighbor,1,668cb5d1ca82dc6592903396,2024-07-09 06:04:42.594602+00:00,2024-07-09 06:57:37.838000+00:00,True,True,0.0,3.9888695229739706,4.709910030622759
2024-07-09 04:00:00+00:00,2024-07-09 06:00:00+00:00,priority_nearest_neighbor,2,668cb8e9ca82dc659290378c,2024-07-09 06:10:29.067396+00:00,2024-07-09 07:09:56.100000+00:00,True,True,0.0,5.109676491487327,5.77454657135827
2024-07-09 04:00:00+00:00,2024-07-09 06:00:00+00:00,priority_nearest_neighbor,3,668cb808ca82dc6592903760,2024-07-09 06:41:05.960124+00:00,2024-07-09 07:03:29.531000+00:00,True,True,0.0,28.96548678847962,30.614878801042913
2024-07-09 04:00:00+00:00,2024-07-09 06:00:00+00:00,priority_nearest_neighbor,4,668cba05ca82dc65929037ad,2024-07-09 06:43:05.737906+00:00,2024-07-09 07:15:15.648000+00:00,True,True,0.0,1.4285137490159758,1.996296371536981
2024-07-09 04:00:00+00:00,2024-07-09 06:00:00+00:00,priority_nearest_neighbor,5,668cbc02ca82dc659290385d,2024-07-09 07:01:12.224840+00:00,2024-07-09 07:24:52.074000+00:00,True,True,0.0,17.95539013741271,18.108115561594186
2024-07-09 04:00:00+00:00,2024-07-09 06:00:00+00:00,priority_nearest_neighbor,6,668cb615ca82dc65929033d8,2024-07-09 07:08:06.931809+00:00,2024-07-09 11:00:00+00:00,True,True,0.0,6.239553261841931,6.911782815613088
2024-07-09 04:00:00+00:00,2024-07-09 06:00:00+00:00,clarke_wright,1,668cb5d1ca82dc6592903396,2024-07-09 06:04:42.594602+00:00,2024-07-09 06:57:37.838000+00:00,True,True,0.0,3.9888695229739706,4.709910030622759
2024-07-09 04:00:00+00:00,2024-07-09 06:00:00+00:00,clarke_wright,2,668cb8e9ca82dc659290378c,2024-07-09 06:10:29.067396+00:00,2024-07-09 07:09:56.100000+00:00,True,True,0.0,5.109676491487327,5.77454657135827
2024-07-09 04:00:00+00:00,2024-07-09 06:00:00+00:00,clarke_wright,3,668cb615ca82dc65929033d8,2024-07-09 06:16:42.737531+00:00,2024-07-09 11:00:00+00:00,True,True,0.0,5.507658998054517,6.227835581077128
2024-07-09 04:00:00+00:00,2024-07-09 06:00:00+00:00,clarke_wright,4,668cb808ca82dc6592903760,2024-07-09 06:42:18.438940+00:00,2024-07-09 07:03:29.531000+00:00,True,True,0.0,23.959244054544193,25.595023490042497
2024-07-09 04:00:00+00:00,2024-07-09 06:00:00+00:00,clarke_wright,5,668cba05ca82dc65929037ad,2024-07-09 06:44:18.216722+00:00,2024-07-09 07:15:15.648000+00:00,True,True,0.0,1.4285137490159758,1.996296371536981
2024-07-09 04:00:00+00:00,2024-07-09 06:00:00+00:00,clarke_wright,6,668cbc02ca82dc659290385d,2024-07-09 07:02:24.703656+00:00,2024-07-09 07:24:52.074000+00:00,True,True,0.0,17.95539013741271,18.108115561594186
2024-07-09 16:00:00+00:00,2024-07-09 18:00:00+00:00,nearest_neighbor,1,668d648afa7cccdc55984f62,2024-07-09 18:04:25.492133+00:00,2024-07-10 08:00:00+00:00,True,True,0.0,4.023227347434861,4.424868875874561
2024-07-09 16:00:00+00:00,2024-07-09 18:00:00+00:00,nearest_neighbor,2,668d78e3fa7cccdc55984f74,2024-07-09 18:12:09.065801+00:00,2024-07-10 08:00:00+00:00,True,True,0.0,6.819495546745295,7.726227807258005
2024-07-09 16:00:00+00:00,2024-07-09 18:00:00+00:00,nearest_neighbor,3,668d5efcfa7cccdc55984ec3,2024-07-09 18:18:48.718718+00:00,2024-07-10 08:00:00+00:00,True,True,0.0,5.383797352608567,6.660881951890842
2024-07-09 16:00:00+00:00,2024-07-09 18:00:00+00:00,nearest_neighbor,4,668d6182fa7cccdc55984f44,2024-07-09 18:26:28.043031+00:00,2024-07-10 08:00:00+00:00,True,True,0.0,6.367510835780196,7.65540522222137
2024-07-09 16:00:00+00:00,2024-07-09 18:00:00+00:00,nearest_neighbor,5,668d6419fa7cccdc55984f59,2024-07-09 18:57:24.302279+00:00,2024-07-10 08:00:00+00:00,True,True,0.0,28.661089048531892,30.93765413203232
2024-07-09 16:00:00+00:00,2024-07-09 18:00:00+00:00,priority_nearest_neighbor,1,668d648afa7cccdc55984f62,2024-07-09 18:04:25.492133+00:00,2024-07-10 08:00:00+00:00,True,True,0.0,4.023227347434861,4.424868875874561
2024-07-09 16:00:00+00:00,2024-07-09 18:00:00+00:00,priority_nearest_neighbor,2,668d5efcfa7cccdc55984ec3,2024-07-09 18:17:19.441037+00:00,2024-07-10 08:00:00+00:00,True,True,0.0,11.204334599881618,12.899148407082341
2024-07-09 16:00:00+00:00,2024-07-09 18:00:00+00:00,priority_nearest_neighbor,3,668d6182fa7cccdc55984f44,2024-07-09 18:24:58.765350+00:00,2024-07-10 08:00:00+00:00,True,True,0.0,6.367510835780196,7.65540522222137
2024-07-09 16:00:00+00:00,2024-07-09 18:00:00+00:00,priority_nearest_neighbor,4,668d78e3fa7cccdc55984f74,2024-07-09 18:36:36.917438+00:00,2024-07-10 08:00:00+00:00,True,True,0.0,9.904674661653843,11.635868129029893
2024-07-09 16:00:00+00:00,2024-07-09 18:00:00+00:00,priority_nearest_neighbor,5,668d6419fa7cccdc55984f59,2024-07-09 18:57:12.407020+00:00,2024-07-10 08:00:00+00:00,True,True,0.0,19.763441444168294,20.591493025645445
2024-07-09 16:00:00+00:00,2024-07-09 18:00:00+00:00,clarke_wright,1,668d6419fa7cccdc55984f59,2024-07-09 18:17:07.146828+00:00,2024-07-10 08:00:00+00:00,True,True,0.0,15.944527906068593,17.119113803903385
2024-07-09 16:00:00+00:00,2024-07-09 18:00:00+00:00,clarke_wright,2,668d648afa7cccdc55984f62,2024-07-09 18:33:20.728955+00:00,2024-07-10 08:00:00+00:00,True,True,0.0,14.985547974215548,16.226368791600237
2024-07-09 16:00:00+00:00,2024-07-09 18:00:00+00:00,clarke_wright,3,668d78e3fa7cccdc55984f74,2024-07-09 18:41:04.302623+00:00,2024-07-10 08:00:00+00:00,True,True,0.0,6.819495546745295,7.726227807258005
2024-07-09 16:00:00+00:00,2024-07-09 18:00:00+00:00,clarke_wright,4,668d5efcfa7cccdc55984ec3,2024-07-09 18:47:43.955540+00:00,2024-07-10 08:00:00+00:00,True,True,0.0,5.383797352608567,6.660881951890842
2024-07-09 16:00:00+00:00,2024-07-09 18:00:00+00:00,clarke_wright,5,668d6182fa7cccdc55984f44,2024-07-09 18:55:23.279853+00:00,2024-07-10 08:00:00+00:00,True,True,0.0,6.367510835780196,7.65540522222137
2024-07-10 02:00:00+00:00,2024-07-10 04:00:00+00:00,nearest_neighbor,1,668e071ffa7cccdc5598596e,2024-07-10 04:02:29.464973+00:00,2024-07-10 06:58:08.315000+00:00,True,True,0.0,2.084104387910274,2.4910828844277475
2024-07-10 02:00:00+00:00,2024-07-10 04:00:00+00:00,nearest_neighbor,2,668df432fa7cccdc55985237,2024-07-10 04:09:26.833950+00:00,2024-07-10 08:00:00+00:00,True,True,0.0,6.26838614944419,6.956149620346362
2024-07-10 02:00:00+00:00,2024-07-10 04:00:00+00:00,nearest_neighbor,3,668dfddcfa7cccdc55985806,2024-07-10 04:13:14.040553+00:00,2024-07-10 06:17:53.536000+00:00,True,True,0.0,3.2706657807119432,3.7867767249273854
2024-07-10 02:00:00+00:00,2024-07-10 04:00:00+00:00,nearest_neighbor,4,668dfe77fa7cccdc55985842,2024-07-10 04:17:32.599549+00:00,2024-07-10 06:20:15.471000+00:00,True,True,0.0,3.7082836582101995,4.309316605538493
2024-07-10 02:00:00+00:00,2024-07-10 04:00:00+00:00,nearest_neighbor,5,668dfc38fa7cccdc55985735,2024-07-10 04:26:08.358289+00:00,2024-07-10 06:03:28.964000+00:00,True,True,0.0,7.724379169669439,8.59597900455176
2024-07-10 02:00:00+00:00,2024-07-10 04:00:00+00:00,nearest_neighbor,6,668dff22fa7cccdc55985888,2024-07-10 04:33:17.043847+00:00,2024-07-10 06:22:37.574000+00:00,True,True,0.0,6.063693836087497,7.14475930729856
2024-07-10 02:00:00+00:00,2024-07-10 04:00:00+00:00,nearest_neighbor,7,668dfcd4fa7cccdc5598577c,2024-07-10 04:48:37.503316+00:00,2024-07-10 06:13:07.220000+00:00,True,True,0.0,13.944959407171618,15.34099115627067
2024-07-10 02:00:00+00:00,2024-07-10 04:00:00+00:00,nearest_neighbor,8,668df9e6fa7cccdc55985361,2024-07-10 04:56:00.030267+00:00,2024-07-10 06:01:26.487000+00:00,True,True,0.0,7.886114779920666,7.375449176883325
2024-07-10 02:00:00+00:00,2024-07-10 04:00:00+00:00,priority_nearest_neighbor,1,668dfcd4fa7cccdc5598577c,2024-07-10 04:06:25.661637+00:00,2024-07-10 06:13:07.220000+00:00,True,True,0.0,6.067185633297938,6.427693946597137
2024-07-10 02:00:00+00:00,2024-07-10 04:00:00+00:00,priority_nearest_neighbor,2,668df9e6fa7cccdc55985361,2024-07-10 04:13:48.188588+00:00,2024-07-10 06:01:26.487000+00:00,True,True,0.0,7.886114779920666,7.375449176883325
2024-07-10 02:00:00+00:00,2024-07-10 04:00:00+00:00,priority_nearest_neighbor,3,668e071ffa7cccdc5598596e,2024-07-10 04:27:47.735803+00:00,2024-07-10 06:58:08.315000+00:00,True,True,0.0,13.677426942451435,13.992453587016406
2024-07-10 02:00:00+00:00,2024-07-10 04:00:00+00:00,priority_nearest_neighbor,4,668dfe77fa7cccdc55985842,2024-07-10 04:36:03.770747+00:00,2024-07-10 06:20:15.471000+00:00,True,True,0.0,7.150780001149165,8.26724907427406
2024-07-10 02:00:00+00:00,2024-07-10 04:00:00+00:00,priority_nearest_neighbor,5,668dfddcfa7cccdc55985806,2024-07-10 04:40:24.538484+00:00,2024-07-10 06:17:53.536000+00:00,True,True,0.0,3.7395853711294436,4.346128952604697
2024-07-10 02:00:00+00:00,2024-07-10 04:00:00+00:00,priority_nearest_neighbor,6,668dfc38fa7cccdc55985735,2024-07-10 04:46:36.229858+00:00,2024-07-10 06:03:28.964000+00:00,True,True,0.0,5.521784194587638,6.194856240807207
2024-07-10 02:00:00+00:00,2024-07-10 04:00:00+00:00,priority_nearest_neighbor,7,668df432fa7cccdc55985237,2024-07-10 04:51:09.237636+00:00,2024-07-10 08:00:00+00:00,True,True,0.0,4.283038276328223,4.550129627707216
2024-07-10 02:00:00+00:00,2024-07-10 04:00:00+00:00,priority_nearest_neighbor,8,668dff22fa7cccdc55985888,2024-07-10 05:02:28.414633+00:00,2024-07-10 06:22:37.574000+00:00,True,True,0.0,9.777857987474713,11.319616622699636
2024-07-10 02:00:00+00:00,2024-07-10 04:00:00+00:00,clarke_wright,1,668e071ffa7cccdc5598596e,2024-07-10 04:02:29.464973+00:00,2024-07-10 06:58:08.315000+00:00,True,True,0.0,2.084104387910274,2.4910828844277475
2024-07-10 02:00:00+00:00,2024-07-10 04:00:00+00:00,clarke_wright,2,668df432fa7cccdc55985237,2024-07-10 04:09:26.833950+00:00,2024-07-10 08:00:00+00:00,True,True,0.0,6.26838614944419,6.956149620346362
2024-07-10 02:00:00+00:00,2024-07-10 04:00:00+00:00,clarke_wright,3,668dfe77fa7cccdc55985842,2024-07-10 04:13:43.358980+00:00,2024-07-10 06:20:15.471000+00:00,True,True,0.0,3.847048406994499,4.275417169463578
2024-07-10 02:00:00+00:00,2024-07-10 04:00:00+00:00,clarke_wright,4,668dfddcfa7cccdc55985806,2024-07-10 04:18:04.126717+00:00,2024-07-10 06:17:53.536000+00:00,True,True,0.0,3.7395853711294436,4.346128952604697
2024-07-10 02:00:00+00:00,2024-07-10 04:00:00+00:00,clarke_wright,5,668dfc38fa7cccdc55985735,2024-07-10 04:24:15.818091+00:00,2024-07-10 06:03:28.964000+00:00,True,True,0.0,5.521784194587638,6.194856240807207
2024-07-10 02:00:00+00:00,2024-07-10 04:00:00+00:00,clarke_wright,6,668dff22fa7cccdc55985888,2024-07-10 04:31:24.503649+00:00,2024-07-10 06:22:37.574000+00:00,True,True,0.0,6.063693836087497,7.14475930729856
2024-07-10 02:00:00+00:00,2024-07-10 04:00:00+00:00,clarke_wright,7,668df9e6fa7cccdc55985361,2024-07-10 04:50:16.163998+00:00,2024-07-10 06:01:26.487000+00:00,True,True,0.0,18.990793143671432,18.86100581643091
2024-07-10 02:00:00+00:00,2024-07-10 04:00:00+00:00,clarke_wright,8,668dfcd4fa7cccdc5598577c,2024-07-10 04:56:34.897315+00:00,2024-07-10 06:13:07.220000+00:00,True,True,0.0,6.747279631849893,6.312221947417232
2024-07-10 04:00:00+00:00,2024-07-10 06:00:00+00:00,nearest_neighbor,1,668e080efa7cccdc559859bd,2024-07-10 06:04:00.274609+00:00,2024-07-10 07:02:05.981000+00:00,True,True,0.0,3.7147117550077815,4.0045768138240225
2024-07-10 04:00:00+00:00,2024-07-10 06:00:00+00:00,nearest_neighbor,2,668e1a74fa7cccdc55986376,2024-07-10 06:09:20.083082+00:00,2024-07-10 12:00:00+00:00,True,True,0.0,4.79467340796172,5.330141218541554
2024-07-10 04:00:00+00:00,2024-07-10 06:00:00+00:00,nearest_neighbor,3,668e13e6fa7cccdc55985cc2,2024-07-10 06:16:35.765060+00:00,2024-07-10 11:00:00+00:00,True,True,0.0,6.114499381215659,7.261366294645768
2024-07-10 04:00:00+00:00,2024-07-10 06:00:00+00:00,nearest_neighbor,4,668e1d3dfa7cccdc55986436,2024-07-10 06:32:00.807916+00:00,2024-07-10 08:31:00.844000+00:00,True,True,0.0,13.832113141967284,15.417380930337625
2024-07-10 04:00:00+00:00,2024-07-10 06:00:00+00:00,nearest_neighbor,5,668e2026fa7cccdc559865e2,2024-07-10 06:41:25.902692+00:00,2024-07-10 08:45:34.708000+00:00,True,True,0.0,8.354624822533994,9.418246272710046
2024-07-10 04:00:00+00:00,2024-07-10 06:00:00+00:00,priority_nearest_neighbor,1,668e080efa7cccdc559859bd,2024-07-10 06:04:00.274609+00:00,2024-07-10 07:02:05.981000+00:00,True,True,0.0,3.7147117550077815,4.0045768138240225
2024-07-10 04:00:00+00:00,2024-07-10 06:00:00+00:00,priority_nearest_neighbor,2,668e1a74fa7cccdc55986376,2024-07-10 06:09:20.083082+00:00,2024-07-10 12:00:00+00:00,True,True,0.0,4.79467340796172,5.330141218541554
2024-07-10 04:00:00+00:00,2024-07-10 06:00:00+00:00,priority_nearest_neighbor,3,668e13e6fa7cccdc55985cc2,2024-07-10 06:16:35.765060+00:00,2024-07-10 11:00:00+00:00,True,True,0.0,6.114499381215659,7.261366294645768
2024-07-10 04:00:00+00:00,2024-07-10 06:00:00+00:00,priority_nearest_neighbor,4,668e1d3dfa7cccdc55986436,2024-07-10 06:32:00.807916+00:00,2024-07-10 08:31:00.844000+00:00,True,True,0.0,13.832113141967284,15.417380930337625
2024-07-10 04:00:00+00:00,2024-07-10 06:00:00+00:00,priority_nearest_neighbor,5,668e2026fa7cccdc559865e2,2024-07-10 06:41:25.902692+00:00,2024-07-10 08:45:34.708000+00:00,True,True,0.0,8.354624822533994,9.418246272710046
2024-07-10 04:00:00+00:00,2024-07-10 06:00:00+00:00,clarke_wright,1,668e2026fa7cccdc559865e2,2024-07-10 06:04:40.004449+00:00,2024-07-10 08:45:34.708000+00:00,True,True,0.0,4.288730589190254,4.666740814167099
2024-07-10 04:00:00+00:00,2024-07-10 06:00:00+00:00,clarke_wright,2,668e1d3dfa7cccdc55986436,2024-07-10 06:14:21.212626+00:00,2024-07-10 08:31:00.844000+00:00,True,True,0.0,8.526853803228272,9.686802941900243
2024-07-10 04:00:00+00:00,2024-07-10 06:00:00+00:00,clarke_wright,3,668e13e6fa7cccdc55985cc2,2024-07-10 06:30:01.833649+00:00,2024-07-10 11:00:00+00:00,True,True,0.0,13.844303199180269,15.677017057237562
2024-07-10 04:00:00+00:00,2024-07-10 06:00:00+00:00,clarke_wright,4,668e1a74fa7cccdc55986376,2024-07-10 06:37:04.843781+00:00,2024-07-10 12:00:00+00:00,True,True,0.0,6.013692791953903,7.050168860682832
2024-07-10 04:00:00+00:00,2024-07-10 06:00:00+00:00,clarke_wright,5,668e080efa7cccdc559859bd,2024-07-10 06:41:29.192881+00:00,2024-07-10 07:02:05.981000+00:00,True,True,0.0,3.8943634000307807,4.405818331228654
2024-07-11 02:00:00+00:00,2024-07-11 04:00:00+00:00,nearest_neighbor,1,668f5365fa7cccdc55989079,2024-07-11 04:02:20.966427+00:00,2024-07-11 06:34:34.486000+00:00,True,True,0.0,1.9346657235738602,2.349440444096489
2024-07-11 02:00:00+00:00,2024-07-11 04:00:00+00:00,nearest_neighbor,2,668f5215fa7cccdc55988c9e,2024-07-11 04:05:23.690712+00:00,2024-07-11 06:29:06.183000+00:00,True,True,0.0,2.7523331517139638,3.0454047490716794
2024-07-11 02:00:00+00:00,2024-07-11 04:00:00+00:00,nearest_neighbor,3,668f4ea0fa7cccdc559888e5,2024-07-11 04:08:02.439512+00:00,2024-07-11 06:15:49.313000+00:00,True,True,0.0,2.2035300233602535,2.6458133394251675
2024-07-11 02:00:00+00:00,2024-07-11 04:00:00+00:00,nearest_neighbor,4,668f4ccafa7cccdc55988882,2024-07-11 04:12:23.948659+00:00,2024-07-11 06:06:06.619000+00:00,True,True,0.0,4.832420616677466,4.358485781830554
2024-07-11 02:00:00+00:00,2024-07-11 04:00:00+00:00,nearest_neighbor,5,668f4e07fa7cccdc559888bc,2024-07-11 04:12:50.172454+00:00,2024-07-11 06:10:16.331000+00:00,True,True,0.0,0.3169947547065544,0.4370632535930997
2024-07-11 02:00:00+00:00,2024-07-11 04:00:00+00:00,nearest_neighbor,6,668f4ea4fa7cccdc559888ee,2024-07-11 04:17:37.304629+00:00,2024-07-11 06:14:31.233000+00:00,True,True,0.0,4.2131634824389055,4.78553624929226
2024-07-11 02:00:00+00:00,2024-07-11 04:00:00+00:00,nearest_neighbor,7,668f4c0dfa7cccdc55988876,2024-07-11 04:22:33.149392+00:00,2024-07-11 06:04:00.847000+00:00,True,True,0.0,4.486756140354737,4.930746047503607
2024-07-11 02:00:00+00:00,2024-07-11 04:00:00+00:00,nearest_neighbor,8,668f517ffa7cccdc55988c73,2024-07-11 04:34:52.360231+00:00,2024-07-11 06:27:06.270000+00:00,True,True,0.0,11.341383384147159,12.320180647465454
2024-07-11 02:00:00+00:00,2024-07-11 04:00:00+00:00,nearest_neighbor,9,668f528ffa7cccdc55988cb6,2024-07-11 04:42:33.891460+00:00,2024-07-11 06:31:42.981000+00:00,True,True,0.0,6.814780854265321,7.692187156312646
2024-07-11 02:00:00+00:00,2024-07-11 04:00:00+00:00,nearest_neighbor,10,668f52c7fa7cccdc55988cc6,2024-07-11 04:48:15.220061+00:00,2024-07-11 06:33:45.849000+00:00,True,True,0.0,5.736405399161679,5.688810013997618
2024-07-11 02:00:00+00:00,2024-07-11 04:00:00+00:00,priority_nearest_neighbor,1,668f5365fa7cccdc55989079,2024-07-11 04:02:20.966427+00:00,2024-07-11 06:34:34.486000+00:00,True,True,0.0,1.9346657235738602,2.349440444096489
2024-07-11 02:00:00+00:00,2024-07-11 04:00:00+00:00,priority_nearest_neighbor,2,668f5215fa7cccdc55988c9e,2024-07-11 04:05:23.690712+00:00,2024-07-11 06:29:06.183000+00:00,True,True,0.0,2.7523331517139638,3.0454047490716794
2024-07-11 02:00:00+00:00,2024-07-11 04:00:00+00:00,priority_nearest_neighbor,3,668f4ea0fa7cccdc559888e5,2024-07-11 04:08:02.439512+00:00,2024-07-11 06:15:49.313000+00:00,True,True,0.0,2.2035300233602535,2.6458133394251675
2024-07-11 02:00:00+00:00,2024-07-11 04:00:00+00:00,priority_nearest_neighbor,4,668f4ccafa7cccdc55988882,2024-07-11 04:12:23.948659+00:00,2024-07-11 06:06:06.619000+00:00,True,True,0.0,4.832420616677466,4.358485781830554
2024-07-11 02:00:00+00:00,2024-07-11 04:00:00+00:00,priority_nearest_neighbor,5,668f4e07fa7cccdc559888bc,2024-07-11 04:12:50.172454+00:00,2024-07-11 06:10:16.331000+00:00,True,True,0.0,0.3169947547065544,0.4370632535930997
2024-07-11 02:00:00+00:00,2024-07-11 04:00:00+00:00,priority_nearest_neighbor,6,668f4ea4fa7cccdc559888ee,2024-07-11 04:17:37.304629+00:00,2024-07-11 06:14:31.233000+00:00,True,True,0.0,4.2131634824389055,4.78553624929226
2024-07-11 02:00:00+00:00,2024-07-11 04:00:00+00:00,priority_nearest_neighbor,7,668f4c0dfa7cccdc55988876,2024-07-11 04:22:33.149392+00:00,2024-07-11 06:04:00.847000+00:00,True,True,0.0,4.486756140354737,4.930746047503607
2024-07-11 02:00:00+00:00,2024-07-11 04:00:00+00:00,priority_nearest_neighbor,8,668f517ffa7cccdc55988c73,2024-07-11 04:34:52.360231+00:00,2024-07-11 06:27:06.270000+00:00,True,True,0.0,11.341383384147159,12.320180647465454
2024-07-11 02:00:00+00:00,2024-07-11 04:00:00+00:00,priority_nearest_neighbor,9,668f528ffa7cccdc55988cb6,2024-07-11 04:42:33.891460+00:00,2024-07-11 06:31:42.981000+00:00,True,True,0.0,6.814780854265321,7.692187156312646
2024-07-11 02:00:00+00:00,2024-07-11 04:00:00+00:00,priority_nearest_neighbor,10,668f52c7fa7cccdc55988cc6,2024-07-11 04:48:15.220061+00:00,2024-07-11 06:33:45.849000+00:00,True,True,0.0,5.736405399161679,5.688810013997618
2024-07-11 02:00:00+00:00,2024-07-11 04:00:00+00:00,clarke_wright,1,668f517ffa7cccdc55988c73,2024-07-11 04:03:00.332683+00:00,2024-07-11 06:27:06.270000+00:00,True,True,0.0,2.834610434488408,3.005544710825883
2024-07-11 02:00:00+00:00,2024-07-11 04:00:00+00:00,clarke_wright,2,668f4ea4fa7cccdc559888ee,2024-07-11 04:10:55.610579+00:00,2024-07-11 06:14:31.233000+00:00,True,True,0.0,7.474929630074244,7.921298268668437
2024-07-11 02:00:00+00:00,2024-07-11 04:00:00+00:00,clarke_wright,3,668f4c0dfa7cccdc55988876,2024-07-11 04:15:51.455342+00:00,2024-07-11 06:04:00.847000+00:00,True,True,0.0,4.486756140354737,4.930746047503607
2024-07-11 02:00:00+00:00,2024-07-11 04:00:00+00:00,clarke_wright,4,668f4e07fa7cccdc559888bc,2024-07-11 04:24:02.627417+00:00,2024-07-11 06:10:16.331000+00:00,True,True,0.0,7.325214011072833,8.186201244334466
2024-07-11 02:00:00+00:00,2024-07-11 04:00:00+00:00,clarke_wright,5,668f4ccafa7cccdc55988882,2024-07-11 04:24:28.851212+00:00,2024-07-11 06:06:06.619000+00:00,True,True,0.0,0.3169947547065544,0.43706325359309967
2024-07-11 02:00:00+00:00,2024-07-11 04:00:00+00:00,clarke_wright,6,668f528ffa7cccdc55988cb6,2024-07-11 04:32:24.959074+00:00,2024-07-11 06:31:42.981000+00:00,True,True,0.0,7.715038013949802,7.935131041593803
2024-07-11 02:00:00+00:00,2024-07-11 04:00:00+00:00,clarke_wright,7,668f52c7fa7cccdc55988cc6,2024-07-11 04:38:06.287675+00:00,2024-07-11 06:33:45.849000+00:00,True,True,0.0,5.736405399161679,5.688810013997618
2024-07-11 02:00:00+00:00,2024-07-11 04:00:00+00:00,clarke_wright,8,668f4ea0fa7cccdc559888e5,2024-07-11 04:43:11.923156+00:00,2024-07-11 06:15:49.313000+00:00,True,True,0.0,5.048926404161511,5.09392467756319
2024-07-11 02:00:00+00:00,2024-07-11 04:00:00+00:00,clarke_wright,9,668f5215fa7cccdc55988c9e,2024-07-11 04:45:52.760987+00:00,2024-07-11 06:29:06.183000+00:00,True,True,0.0,2.277428386383008,2.6806305125879804
2024-07-11 02:00:00+00:00,2024-07-11 04:00:00+00:00,clarke_wright,10,668f5365fa7cccdc55989079,2024-07-11 04:48:56.126239+00:00,2024-07-11 06:34:34.486000+00:00,True,True,0.0,2.780451367393728,3.056087541590336
2024-07-11 06:00:00+00:00,2024-07-11 08:00:00+00:00,nearest_neighbor,1,668f7febf50a1c6b75384964,2024-07-11 08:03:50.039900+00:00,2024-07-11 09:45:19.028000+00:00,True,True,0.0,3.2181320426291644,3.8339983367515833
2024-07-11 06:00:00+00:00,2024-07-11 08:00:00+00:00,nearest_neighbor,2,668f80fcf50a1c6b75384cf0,2024-07-11 08:08:56.394058+00:00,2024-07-11 13:00:00+00:00,True,True,0.0,4.854664856087326,5.105902640972484
2024-07-11 06:00:00+00:00,2024-07-11 08:00:00+00:00,nearest_neighbor,3,668f76ecf50a1c6b75383b62,2024-07-11 08:20:35.565929+00:00,2024-07-11 13:00:00+00:00,True,True,0.0,11.081309846151685,11.652864511368387
2024-07-11 06:00:00+00:00,2024-07-11 08:00:00+00:00,nearest_neighbor,4,668f757ff50a1c6b75383b32,2024-07-11 08:25:54.927746+00:00,2024-07-11 13:00:00+00:00,True,True,0.0,4.6442220863080825,5.322696953374723
2024-07-11 06:00:00+00:00,2024-07-11 08:00:00+00:00,nearest_neighbor,5,668f7a76f50a1c6b75383f20,2024-07-11 08:42:37.054702+00:00,2024-07-11 09:22:40.631000+00:00,True,True,0.0,16.039366393380664,16.7021159368365
2024-07-11 06:00:00+00:00,2024-07-11 08:00:00+00:00,nearest_neighbor,6,668f7ee7f50a1c6b75384294,2024-07-11 08:46:24.889253+00:00,2024-07-11 09:23:53.605000+00:00,True,True,0.0,2.9354377774125413,3.7972425090847666
2024-07-11 06:00:00+00:00,2024-07-11 08:00:00+00:00,nearest_neighbor,7,668f7f70f50a1c6b753845e4,2024-07-11 08:49:12.407162+00:00,2024-07-11 09:42:50.633000+00:00,True,True,0.0,2.115311718914439,2.7919651528197553
2024-07-11 06:00:00+00:00,2024-07-11 08:00:00+00:00,nearest_neighbor,8,668f7637f50a1c6b75383b44,2024-07-11 08:54:10.038325+00:00,2024-07-11 13:00:00+00:00,True,True,0.0,3.7838182669470295,4.960519389803542
2024-07-11 06:00:00+00:00,2024-07-11 08:00:00+00:00,priority_nearest_neighbor,1,668f7a76f50a1c6b75383f20,2024-07-11 08:08:28.565698+00:00,2024-07-11 09:22:40.631000+00:00,True,True,0.0,7.966191091924592,8.476094967794399
2024-07-11 06:00:00+00:00,2024-07-11 08:00:00+00:00,priority_nearest_neighbor,2,668f7ee7f50a1c6b75384294,2024-07-11 08:12:16.400249+00:00,2024-07-11 09:23:53.605000+00:00,True,True,0.0,2.9354377774125413,3.7972425090847666
2024-07-11 06:00:00+00:00,2024-07-11 08:00:00+00:00,priority_nearest_neighbor,3,668f7f70f50a1c6b753845e4,2024-07-11 08:15:03.918158+00:00,2024-07-11 09:42:50.633000+00:00,True,True,0.0,2.115311718914439,2.7919651528197553
2024-07-11 06:00:00+00:00,2024-07-11 08:00:00+00:00,priority_nearest_neighbor,4,668f7febf50a1c6b75384964,2024-07-11 08:30:26.826964+00:00,2024-07-11 09:45:19.028000+00:00,True,True,0.0,13.568213098317633,15.381813441183642
2024-07-11 06:00:00+00:00,2024-07-11 08:00:00+00:00,priority_nearest_neighbor,5,668f80fcf50a1c6b75384cf0,2024-07-11 08:35:33.181122+00:00,2024-07-11 13:00:00+00:00,True,True,0.0,4.854664856087326,5.105902640972484
2024-07-11 06:00:00+00:00,2024-07-11 08:00:00+00:00,priority_nearest_neighbor,6,668f757ff50a1c6b75383b32,2024-07-11 08:45:52.333183+00:00,2024-07-11 13:00:00+00:00,True,True,0.0,11.384024638075196,10.319201010196233
2024-07-11 06:00:00+00:00,2024-07-11 08:00:00+00:00,priority_nearest_neighbor,7,668f76ecf50a1c6b75383b62,2024-07-11 08:51:12.804675+00:00,2024-07-11 13:00:00+00:00,True,True,0.0,4.649275088609816,5.34119153357039
2024-07-11 06:00:00+00:00,2024-07-11 08:00:00+00:00,priority_nearest_neighbor,8,668f7637f50a1c6b75383b44,2024-07-11 09:10:18.616323+00:00,2024-07-11 13:00:00+00:00,True,True,0.0,17.226450759272023,19.096860806584935
2024-07-11 06:00:00+00:00,2024-07-11 08:00:00+00:00,clarke_wright,1,668f7637f50a1c6b75383b44,2024-07-11 08:13:20.725777+00:00,2024-07-11 13:00:00+00:00,True,True,0.0,11.651903956378147,13.34542962143729
2024-07-11 06:00:00+00:00,2024-07-11 08:00:00+00:00,clarke_wright,2,668f7f70f50a1c6b753845e4,2024-07-11 08:18:27.988727+00:00,2024-07-11 09:42:50.633000+00:00,True,True,0.0,3.925713893095499,5.121049170374849
2024-07-11 06:00:00+00:00,2024-07-11 08:00:00+00:00,clarke_wright,3,668f7ee7f50a1c6b75384294,2024-07-11 08:21:15.506636+00:00,2024-07-11 09:23:53.605000+00:00,True,True,0.0,2.1153117189144393,2.7919651528197558
2024-07-11 06:00:00+00:00,2024-07-11 08:00:00+00:00,clarke_wright,4,668f7a76f50a1c6b75383f20,2024-07-11 08:24:09.638134+00:00,2024-07-11 09:22:40.631000+00:00,True,True,0.0,2.2845162020903347,2.9021916340566407
2024-07-11 06:00:00+00:00,2024-07-11 08:00:00+00:00,clarke_wright,5,668f7febf50a1c6b75384964,2024-07-11 08:35:56.169990+00:00,2024-07-11 09:45:19.028000+00:00,True,True,0.0,10.79653054796212,11.775530931867639
2024-07-11 06:00:00+00:00,2024-07-11 08:00:00+00:00,clarke_wright,6,668f80fcf50a1c6b75384cf0,2024-07-11 08:41:02.524148+00:00,2024-07-11 13:00:00+00:00,True,True,0.0,4.854664856087326,5.105902640972484
2024-07-11 06:00:00+00:00,2024-07-11 08:00:00+00:00,clarke_wright,7,668f757ff50a1c6b75383b32,2024-07-11 08:51:21.676209+00:00,2024-07-11 13:00:00+00:00,True,True,0.0,11.384024638075196,10.319201010196233
2024-07-11 06:00:00+00:00,2024-07-11 08:00:00+00:00,clarke_wright,8,668f76ecf50a1c6b75383b62,2024-07-11 08:56:42.147701+00:00,2024-07-11 13:00:00+00:00,True,True,0.0,4.649275088609816,5.34119153357039
2024-07-12 02:00:00+00:00,2024-07-12 04:00:00+00:00,nearest_neighbor,1,6690a829f50a1c6b75386cd2,2024-07-12 04:05:28.451688+00:00,2024-07-12 06:48:23.087000+00:00,True,True,0.0,4.881885687707294,5.474194792449533
2024-07-12 02:00:00+00:00,2024-07-12 04:00:00+00:00,nearest_neighbor,2,6690a937f50a1c6b75387372,2024-07-12 04:12:26.378151+00:00,2024-07-12 06:53:44.738000+00:00,True,True,0.0,6.202905576461502,6.965441052629978
2024-07-12 02:00:00+00:00,2024-07-12 04:00:00+00:00,nearest_neighbor,3,6690aa21f50a1c6b753873ec,2024-07-12 04:20:22.678852+00:00,2024-07-12 06:57:14.644000+00:00,True,True,0.0,7.7466951807740845,7.938345019783298
2024-07-12 02:00:00+00:00,2024-07-12 04:00:00+00:00,nearest_neighbor,4,6690a86ef50a1c6b75387013,2024-07-12 04:30:20.314091+00:00,2024-07-12 06:51:10.312000+00:00,True,True,0.0,9.256450627923346,9.960587320513955
2024-07-12 02:00:00+00:00,2024-07-12 04:00:00+00:00,nearest_neighbor,5,669097e0f50a1c6b753865b5,2024-07-12 04:33:54.186778+00:00,2024-07-12 08:00:00+00:00,True,True,0.0,3.6044751459292472,3.564544783244257
2024-07-12 02:00:00+00:00,2024-07-12 04:00:00+00:00,nearest_neighbor,6,6690a6c9f50a1c6b7538696f,2024-07-12 04:41:11.181935+00:00,2024-07-12 06:38:50.891000+00:00,True,True,0.0,7.770833275661245,7.283252610422127
2024-07-12 02:00:00+00:00,2024-07-12 04:00:00+00:00,nearest_neighbor,7,6690a3e3f50a1c6b75386904,2024-07-12 04:47:24.169613+00:00,2024-07-12 06:29:36.131000+00:00,True,True,0.0,5.530949655135638,6.216461294684095
2024-07-12 02:00:00+00:00,2024-07-12 04:00:00+00:00,priority_nearest_neighbor,1,6690a829f50a1c6b75386cd2,2024-07-12 04:05:28.451688+00:00,2024-07-12 06:48:23.087000+00:00,True,True,0.0,4.881885687707294,5.474194792449533
2024-07-12 02:00:00+00:00,2024-07-12 04:00:00+00:00,priority_nearest_neighbor,2,6690a937f50a1c6b75387372,2024-07-12 04:12:26.378151+00:00,2024-07-12 06:53:44.738000+00:00,True,True,0.0,6.202905576461502,6.965441052629978
2024-07-12 02:00:00+00:00,2024-07-12 04:00:00+00:00,priority_nearest_neighbor,3,6690aa21f50a1c6b753873ec,2024-07-12 04:20:22.678852+00:00,2024-07-12 06:57:14.644000+00:00,True,True,0.0,7.7466951807740845,7.938345019783298
2024-07-12 02:00:00+00:00,2024-07-12 04:00:00+00:00,priority_nearest_neighbor,4,6690a86ef50a1c6b75387013,2024-07-12 04:30:20.314091+00:00,2024-07-12 06:51:10.312000+00:00,True,True,0.0,9.256450627923346,9.960587320513955
2024-07-12 02:00:00+00:00,2024-07-12 04:00:00+00:00,priority_nearest_neighbor,5,669097e0f50a1c6b753865b5,2024-07-12 04:33:54.186778+00:00,2024-07-12 08:00:00+00:00,True,True,0.0,3.6044751459292472,3.564544783244257
2024-07-12 02:00:00+00:00,2024-07-12 04:00:00+00:00,priority_nearest_neighbor,6,6690a6c9f50a1c6b7538696f,2024-07-12 04:41:11.181935+00:00,2024-07-12 06:38:50.891000+00:00,True,True,0.0,7.770833275661245,7.283252610422127
2024-07-12 02:00:00+00:00,2024-07-12 04:00:00+00:00,priority_nearest_neighbor,7,6690a3e3f50a1c6b75386904,2024-07-12 04:47:24.169613+00:00,2024-07-12 06:29:36.131000+00:00,True,True,0.0,5.530949655135638,6.216461294684095
2024-07-12 02:00:00+00:00,2024-07-12 04:00:00+00:00,clarke_wright,1,6690a829f50a1c6b75386cd2,2024-07-12 04:05:28.451688+00:00,2024-07-12 06:48:23.087000+00:00,True,True,0.0,4.881885687707294,5.474194792449533
2024-07-12 02:00:00+00:00,2024-07-12 04:00:00+00:00,clarke_wright,2,6690a937f50a1c6b75387372,2024-07-12 04:12:26.378151+00:00,2024-07-12 06:53:44.738000+00:00,True,True,0.0,6.202905576461502,6.965441052629978
2024-07-12 02:00:00+00:00,2024-07-12 04:00:00+00:00,clarke_wright,3,6690aa21f50a1c6b753873ec,2024-07-12 04:20:22.678852+00:00,2024-07-12 06:57:14.644000+00:00,True,True,0.0,7.7466951807740845,7.938345019783298
2024-07-12 02:00:00+00:00,2024-07-12 04:00:00+00:00,clarke_wright,4,6690a3e3f50a1c6b75386904,2024-07-12 04:38:16.907618+00:00,2024-07-12 06:29:36.131000+00:00,True,True,0.0,16.977985697898173,17.903812762507467
2024-07-12 02:00:00+00:00,2024-07-12 04:00:00+00:00,clarke_wright,5,6690a6c9f50a1c6b7538696f,2024-07-12 04:44:25.663185+00:00,2024-07-12 06:38:50.891000+00:00,True,True,0.0,5.170406434833557,6.145926108628443
2024-07-12 02:00:00+00:00,2024-07-12 04:00:00+00:00,clarke_wright,6,669097e0f50a1c6b753865b5,2024-07-12 04:51:22.944592+00:00,2024-07-12 08:00:00+00:00,True,True,0.0,6.865204790824118,6.954690111573755
2024-07-12 02:00:00+00:00,2024-07-12 04:00:00+00:00,clarke_wright,7,6690a86ef50a1c6b75387013,2024-07-12 04:54:56.510919+00:00,2024-07-12 06:51:10.312000+00:00,True,True,0.0,3.412576895505279,3.5594387811261825
2024-07-12 04:00:00+00:00,2024-07-12 06:00:00+00:00,nearest_neighbor,1,6690acd3f50a1c6b753875d3,2024-07-12 06:02:30.668811+00:00,2024-07-12 07:08:35.495000+00:00,True,True,0.0,2.0669579134994827,2.5111468460800657
2024-07-12 04:00:00+00:00,2024-07-12 06:00:00+00:00,nearest_neighbor,2,6690bb8cf50a1c6b753880b4,2024-07-12 06:05:55.223959+00:00,2024-07-12 08:07:47.476000+00:00,True,True,0.0,2.832011258507727,3.4092524619159175
2024-07-12 04:00:00+00:00,2024-07-12 06:00:00+00:00,nearest_neighbor,3,6690ab3bf50a1c6b75387500,2024-07-12 06:08:42.244588+00:00,2024-07-12 07:02:23.470000+00:00,True,True,0.0,2.428860989720957,2.7836771573270407
2024-07-12 04:00:00+00:00,2024-07-12 06:00:00+00:00,nearest_neighbor,4,6690aed9f50a1c6b75387620,2024-07-12 06:11:08.933152+00:00,2024-07-12 07:18:49.391000+00:00,True,True,0.0,2.183541257634925,2.444809399640969
2024-07-12 04:00:00+00:00,2024-07-12 06:00:00+00:00,nearest_neighbor,5,6690ae39f50a1c6b75387604,2024-07-12 06:14:38.349667+00:00,2024-07-12 07:14:50.231000+00:00,True,True,0.0,3.3032419158419644,3.4902752507813677
2024-07-12 04:00:00+00:00,2024-07-12 06:00:00+00:00,nearest_neighbor,6,6690b3d7f50a1c6b75387bfd,2024-07-12 06:22:39.976950+00:00,2024-07-12 07:39:48.782000+00:00,True,True,0.0,7.085882338347238,8.027121387534539
2024-07-12 04:00:00+00:00,2024-07-12 06:00:00+00:00,nearest_neighbor,7,6690af64f50a1c6b753879af,2024-07-12 06:36:05.518012+00:00,2024-07-12 11:00:00+00:00,True,True,0.0,11.362313592354061,13.42568436761538
2024-07-12 04:00:00+00:00,2024-07-12 06:00:00+00:00,nearest_neighbor,8,6690c07bf50a1c6b753886b4,2024-07-12 06:37:58.144692+00:00,2024-07-12 08:28:56.758000+00:00,True,True,0.0,1.4423922558372535,1.8771113416496112
2024-07-12 04:00:00+00:00,2024-07-12 06:00:00+00:00,nearest_neighbor,9,6690ac34f50a1c6b75387594,2024-07-12 06:42:55.104285+00:00,2024-07-12 07:06:08.643000+00:00,True,True,0.0,3.8886942419082566,4.949326552542771
2024-07-12 04:00:00+00:00,2024-07-12 06:00:00+00:00,nearest_neighbor,10,6690aabff50a1c6b753874b1,2024-07-12 06:46:46.965266+00:00,2024-07-12 06:59:47.046000+00:00,True,True,0.0,3.156263446388088,3.864349689330539
2024-07-12 04:00:00+00:00,2024-07-12 06:00:00+00:00,nearest_neighbor,11,6690aee7f50a1c6b75387967,2024-07-12 06:55:03.405650+00:00,2024-07-12 07:19:51.776000+00:00,True,True,0.0,7.444212419876403,8.274006406479748
2024-07-12 04:00:00+00:00,2024-07-12 06:00:00+00:00,nearest_neighbor,12,6690ad4af50a1c6b753875ef,2024-07-12 07:09:40.419538+00:00,2024-07-12 07:11:53.748000+00:00,True,True,0.0,14.395003740678238,14.61689812892927
2024-07-12 04:00:00+00:00,2024-07-12 06:00:00+00:00,priority_nearest_neighbor,1,6690ab3bf50a1c6b75387500,2024-07-12 06:03:46.705807+00:00,2024-07-12 07:02:23.470000+00:00,True,True,0.0,3.3391927852521195,3.778430111961974
2024-07-12 04:00:00+00:00,2024-07-12 06:00:00+00:00,priority_nearest_neighbor,2,6690acd3f50a1c6b753875d3,2024-07-12 06:08:39.068948+00:00,2024-07-12 07:08:35.495000+00:00,True,True,0.0,4.232093467702533,4.872719021531124
2024-07-12 04:00:00+00:00,2024-07-12 06:00:00+00:00,priority_nearest_neighbor,3,6690aabff50a1c6b753874b1,2024-07-12 06:18:28.013014+00:00,2024-07-12 06:59:47.046000+00:00,True,True,0.0,8.489754651770276,9.81573443128752
2024-07-12 04:00:00+00:00,2024-07-12 06:00:00+00:00,priority_nearest_neighbor,4,6690ac34f50a1c6b75387594,2024-07-12 06:22:36.691418+00:00,2024-07-12 07:06:08.643000+00:00,True,True,0.0,3.4281607800203306,4.144640064951011
2024-07-12 04:00:00+00:00,2024-07-12 06:00:00+00:00,priority_nearest_neighbor,5,6690aed9f50a1c6b75387620,2024-07-12 06:27:46.291992+00:00,2024-07-12 07:18:49.391000+00:00,True,True,0.0,4.268230625642534,5.160009565505624
2024-07-12 04:00:00+00:00,2024-07-12 06:00:00+00:00,priority_nearest_neighbor,6,6690ae39f50a1c6b75387604,2024-07-12 06:31:15.708507+00:00,2024-07-12 07:14:50.231000+00:00,True,True,0.0,3.3032419158419644,3.4902752507813677
2024-07-12 04:00:00+00:00,2024-07-12 06:00:00+00:00,priority_nearest_neighbor,7,6690ad4af50a1c6b753875ef,2024-07-12 06:43:39.830001+00:00,2024-07-12 07:11:53.748000+00:00,True,True,0.0,12.777334858448297,12.402024902296295
2024-07-12 04:00:00+00:00,2024-07-12 06:00:00+00:00,priority_nearest_neighbor,8,6690aee7f50a1c6b75387967,2024-07-12 06:59:05.974139+00:00,2024-07-12 07:19:51.776000+00:00,True,True,0.0,14.952058875673005,15.435735632631125
2024-07-12 04:00:00+00:00,2024-07-12 06:00:00+00:00,priority_nearest_neighbor,9,6690b3d7f50a1c6b75387bfd,2024-07-12 07:19:00.012890+00:00,2024-07-12 07:39:48.782000+00:00,True,True,0.0,18.393525457490615,19.900645842022858
2024-07-12 04:00:00+00:00,2024-07-12 06:00:00+00:00,priority_nearest_neighbor,10,6690bb8cf50a1c6b753880b4,2024-07-12 07:33:15.719447+00:00,2024-07-12 08:07:47.476000+00:00,True,True,0.0,12.475058488972225,14.261775948333867
2024-07-12 04:00:00+00:00,2024-07-12 06:00:00+00:00,priority_nearest_neighbor,11,6690c07bf50a1c6b753886b4,2024-07-12 07:43:55.425306+00:00,2024-07-12 08:28:56.758000+00:00,True,True,0.0,9.919149918970204,10.661764313588286
2024-07-12 04:00:00+00:00,2024-07-12 06:00:00+00:00,priority_nearest_neighbor,12,6690af64f50a1c6b753879af,2024-07-12 07:45:23.868802+00:00,2024-07-12 11:00:00+00:00,True,True,0.0,1.1707793322531626,1.4740582604503991
2024-07-12 04:00:00+00:00,2024-07-12 06:00:00+00:00,clarke_wright,1,6690ac34f50a1c6b75387594,2024-07-12 06:04:34.963633+00:00,2024-07-12 07:06:08.643000+00:00,True,True,0.0,4.060569308560267,4.582727213027285
2024-07-12 04:00:00+00:00,2024-07-12 06:00:00+00:00,clarke_wright,2,6690aee7f50a1c6b75387967,2024-07-12 06:13:04.917850+00:00,2024-07-12 07:19:51.776000+00:00,True,True,0.0,7.689365429161322,8.499236951875243
2024-07-12 04:00:00+00:00,2024-07-12 06:00:00+00:00,clarke_wright,3,6690aabff50a1c6b753874b1,2024-07-12 06:20:16.034621+00:00,2024-07-12 06:59:47.046000+00:00,True,True,0.0,6.421637744861065,7.185279518370907
2024-07-12 04:00:00+00:00,2024-07-12 06:00:00+00:00,clarke_wright,4,6690c07bf50a1c6b753886b4,2024-07-12 06:25:13.198235+00:00,2024-07-12 08:28:56.758000+00:00,True,True,0.0,4.294827452677549,4.952726904199379
2024-07-12 04:00:00+00:00,2024-07-12 06:00:00+00:00,clarke_wright,5,6690af64f50a1c6b753879af,2024-07-12 06:26:41.641731+00:00,2024-07-12 11:00:00+00:00,True,True,0.0,1.1707793322531626,1.4740582604503991
2024-07-12 04:00:00+00:00,2024-07-12 06:00:00+00:00,clarke_wright,6,6690b3d7f50a1c6b75387bfd,2024-07-12 06:39:26.088277+00:00,2024-07-12 07:39:48.782000+00:00,True,True,0.0,11.340892542197107,12.740775771245165
2024-07-12 04:00:00+00:00,2024-07-12 06:00:00+00:00,clarke_wright,7,6690ae39f50a1c6b75387604,2024-07-12 06:47:12.463933+00:00,2024-07-12 07:14:50.231000+00:00,True,True,0.0,6.674677603411164,7.772927603828789
2024-07-12 04:00:00+00:00,2024-07-12 06:00:00+00:00,clarke_wright,8,6690ab3bf50a1c6b75387500,2024-07-12 06:51:23.548626+00:00,2024-07-12 07:02:23.470000+00:00,True,True,0.0,3.676966716557875,4.184744883908568
2024-07-12 04:00:00+00:00,2024-07-12 06:00:00+00:00,clarke_wright,9,6690aed9f50a1c6b75387620,2024-07-12 06:53:50.237190+00:00,2024-07-12 07:18:49.391000+00:00,True,True,0.0,2.183541257634925,2.444809399640969
2024-07-12 04:00:00+00:00,2024-07-12 06:00:00+00:00,clarke_wright,10,6690acd3f50a1c6b753875d3,2024-07-12 06:58:54.062994+00:00,2024-07-12 07:08:35.495000+00:00,True,True,0.0,4.312622415445308,5.0637634061377
2024-07-12 04:00:00+00:00,2024-07-12 06:00:00+00:00,clarke_wright,11,6690ad4af50a1c6b753875ef,2024-07-12 07:05:13.946700+00:00,2024-07-12 07:11:53.748000+00:00,True,True,0.0,6.042796936829108,6.331395101273165
2024-07-12 04:00:00+00:00,2024-07-12 06:00:00+00:00,clarke_wright,12,6690bb8cf50a1c6b753880b4,2024-07-12 07:13:56.481579+00:00,2024-07-12 08:07:47.476000+00:00,True,True,0.0,7.949895863714004,8.708914656466119
2024-07-13 02:00:00+00:00,2024-07-13 04:00:00+00:00,nearest_neighbor,1,6691ee35407172f67458f318,2024-07-13 04:02:32.437485+00:00,2024-07-13 06:00:31.768000+00:00,True,True,0.0,2.1436890764321874,2.540624753868548
2024-07-13 02:00:00+00:00,2024-07-13 04:00:00+00:00,nearest_neighbor,2,6691f28f407172f67458f6e4,2024-07-13 04:04:57.872988+00:00,2024-07-13 06:04:38.538000+00:00,True,True,0.0,2.01961699774011,2.423925050866778
2024-07-13 02:00:00+00:00,2024-07-13 04:00:00+00:00,nearest_neighbor,3,6691f6cc407172f67458fe89,2024-07-13 04:07:38.157670+00:00,2024-07-13 06:36:09.570000+00:00,True,True,0.0,2.093436729930828,2.671411365481657
2024-07-13 02:00:00+00:00,2024-07-13 04:00:00+00:00,nearest_neighbor,4,6691f5c8407172f67458fe0f,2024-07-13 04:09:34.371576+00:00,2024-07-13 10:00:00+00:00,True,True,0.0,1.6284788202655849,1.9368984260667375
2024-07-13 02:00:00+00:00,2024-07-13 04:00:00+00:00,nearest_neighbor,5,6691f95f407172f674590606,2024-07-13 04:11:52.502300+00:00,2024-07-13 06:46:59.467000+00:00,True,True,0.0,1.9531384894291457,2.3021787315017703
2024-07-13 02:00:00+00:00,2024-07-13 04:00:00+00:00,nearest_neighbor,6,6691f563407172f67458fe02,2024-07-13 04:14:46.641421+00:00,2024-07-13 10:00:00+00:00,True,True,0.0,2.359252209381508,2.9023186802737793
2024-07-13 02:00:00+00:00,2024-07-13 04:00:00+00:00,nearest_neighbor,7,6691f629407172f67458fe62,2024-07-13 04:16:33.860064+00:00,2024-07-13 10:00:00+00:00,True,True,0.0,1.504437970533499,1.7869773751932831
2024-07-13 02:00:00+00:00,2024-07-13 04:00:00+00:00,nearest_neighbor,8,6691eec3407172f67458f66a,2024-07-13 04:22:45.968471+00:00,2024-07-13 06:02:16.937000+00:00,True,True,0.0,5.174875618486485,6.201806776474812
2024-07-13 02:00:00+00:00,2024-07-13 04:00:00+00:00,nearest_neighbor,9,6691f9d6407172f674590660,2024-07-13 04:29:41.961615+00:00,2024-07-13 06:50:13.420000+00:00,True,True,0.0,6.538936942589435,6.933219066031972
2024-07-13 02:00:00+00:00,2024-07-13 04:00:00+00:00,nearest_neighbor,10,6691f697407172f67458fe70,2024-07-13 04:43:50.650834+00:00,2024-07-13 10:00:00+00:00,True,True,0.0,13.465918425311838,14.144820323269725
2024-07-13 02:00:00+00:00,2024-07-13 04:00:00+00:00,nearest_neighbor,11,6691f3c3407172f67458fa49,2024-07-13 04:47:45.620643+00:00,2024-07-13 06:20:50.938000+00:00,True,True,0.0,2.971319221992695,3.9161634906840543
2024-07-13 02:00:00+00:00,2024-07-13 04:00:00+00:00,nearest_neighbor,12,6691f730407172f67459020f,2024-07-13 04:55:34.310684+00:00,2024-07-13 06:38:39.978000+00:00,True,True,0.0,6.455112033186002,7.81150067570781
2024-07-13 02:00:00+00:00,2024-07-13 04:00:00+00:00,nearest_neighbor,13,6691f52e407172f67458fdf8,2024-07-13 05:03:38.847375+00:00,2024-07-13 06:25:58.750000+00:00,True,True,0.0,7.000790654016674,8.075611508565101
2024-07-13 02:00:00+00:00,2024-07-13 04:00:00+00:00,nearest_neighbor,14,6691f8a2407172f674590285,2024-07-13 05:22:43.565721+00:00,2024-07-13 06:40:00.722000+00:00,True,True,0.0,19.123646886398006,19.07863909482559
2024-07-13 02:00:00+00:00,2024-07-13 04:00:00+00:00,nearest_neighbor,15,6691f934407172f6745905e3,2024-07-13 05:29:46.120007+00:00,2024-07-13 10:00:00+00:00,True,True,0.0,5.819576724459663,7.042571427031082
2024-07-13 02:00:00+00:00,2024-07-13 04:00:00+00:00,priority_nearest_neighbor,1,6691ee35407172f67458f318,2024-07-13 04:02:32.437485+00:00,2024-07-13 06:00:31.768000+00:00,True,True,0.0,2.1436890764321874,2.540624753868548
2024-07-13 02:00:00+00:00,2024-07-13 04:00:00+00:00,priority_nearest_neighbor,2,6691eec3407172f67458f66a,2024-07-13 04:04:51.714803+00:00,2024-07-13 06:02:16.937000+00:00,True,True,0.0,2.1134133556990577,2.3212886393587837
2024-07-13 02:00:00+00:00,2024-07-13 04:00:00+00:00,priority_nearest_neighbor,3,6691f28f407172f67458f6e4,2024-07-13 04:06:56.293520+00:00,2024-07-13 06:04:38.538000+00:00,True,True,0.0,1.951252673568119,2.0763119457955557
2024-07-13 02:00:00+00:00,2024-07-13 04:00:00+00:00,priority_nearest_neighbor,4,6691f6cc407172f67458fe89,2024-07-13 04:09:36.578202+00:00,2024-07-13 06:36:09.570000+00:00,True,True,0.0,2.093436729930828,2.671411365481657
2024-07-13 02:00:00+00:00,2024-07-13 04:00:00+00:00,priority_nearest_neighbor,5,6691f95f407172f674590606,2024-07-13 04:12:26.858112+00:00,2024-07-13 06:46:59.467000+00:00,True,True,0.0,2.1486091682252706,2.837998498603284
2024-07-13 02:00:00+00:00,2024-07-13 04:00:00+00:00,priority_nearest_neighbor,6,6691f3c3407172f67458fa49,2024-07-13 04:17:29.745897+00:00,2024-07-13 06:20:50.938000+00:00,True,True,0.0,3.941916196814699,5.048129746659063
2024-07-13 02:00:00+00:00,2024-07-13 04:00:00+00:00,priority_nearest_neighbor,7,6691f52e407172f67458fdf8,2024-07-13 04:25:03.153118+00:00,2024-07-13 06:25:58.750000+00:00,True,True,0.0,6.644543671616557,7.556787014931098
2024-07-13 02:00:00+00:00,2024-07-13 04:00:00+00:00,priority_nearest_neighbor,8,6691f730407172f67459020f,2024-07-13 04:31:58.279398+00:00,2024-07-13 06:38:39.978000+00:00,True,True,0.0,6.506767850463006,6.918771330115087
2024-07-13 02:00:00+00:00,2024-07-13 04:00:00+00:00,priority_nearest_neighbor,9,6691f8a2407172f674590285,2024-07-13 04:45:32.818240+00:00,2024-07-13 06:40:00.722000+00:00,True,True,0.0,13.905271192574515,13.575647364740608
2024-07-13 02:00:00+00:00,2024-07-13 04:00:00+00:00,priority_nearest_neighbor,10,6691f934407172f6745905e3,2024-07-13 04:52:35.372526+00:00,2024-07-13 10:00:00+00:00,True,True,0.0,5.819576724459663,7.042571427031082
2024-07-13 02:00:00+00:00,2024-07-13 04:00:00+00:00,priority_nearest_neighbor,11,6691f9d6407172f674590660,2024-07-13 05:08:45.543331+00:00,2024-07-13 06:50:13.420000+00:00,True,True,0.0,16.47276099324306,16.1695134177868
2024-07-13 02:00:00+00:00,2024-07-13 04:00:00+00:00,priority_nearest_neighbor,12,6691f5c8407172f67458fe0f,2024-07-13 05:18:29.955607+00:00,2024-07-13 10:00:00+00:00,True,True,0.0,9.985823846066275,9.740204595851793
2024-07-13 02:00:00+00:00,2024-07-13 04:00:00+00:00,priority_nearest_neighbor,13,6691f563407172f67458fe02,2024-07-13 05:22:34.762799+00:00,2024-07-13 10:00:00+00:00,True,True,0.0,3.333252810549998,4.080119864025644
2024-07-13 02:00:00+00:00,2024-07-13 04:00:00+00:00,priority_nearest_neighbor,14,6691f629407172f67458fe62,2024-07-13 05:24:21.981442+00:00,2024-07-13 10:00:00+00:00,True,True,0.0,1.504437970533499,1.7869773751932831
2024-07-13 02:00:00+00:00,2024-07-13 04:00:00+00:00,priority_nearest_neighbor,15,6691f697407172f67458fe70,2024-07-13 05:32:13.980897+00:00,2024-07-13 10:00:00+00:00,True,True,0.0,6.273529475974921,7.866657586765626
2024-07-13 02:00:00+00:00,2024-07-13 04:00:00+00:00,clarke_wright,1,6691f9d6407172f674590660,2024-07-13 04:07:40.278143+00:00,2024-07-13 06:50:13.420000+00:00,True,True,0.0,7.371587154127487,7.671302377499945
2024-07-13 02:00:00+00:00,2024-07-13 04:00:00+00:00,clarke_wright,2,6691eec3407172f67458f66a,2024-07-13 04:13:53.122220+00:00,2024-07-13 06:02:16.937000+00:00,True,True,0.0,6.10222991049869,6.214067952191404
2024-07-13 02:00:00+00:00,2024-07-13 04:00:00+00:00,clarke_wright,3,6691f28f407172f67458f6e4,2024-07-13 04:15:57.700937+00:00,2024-07-13 06:04:38.538000+00:00,True,True,0.0,1.951252673568119,2.0763119457955557
2024-07-13 02:00:00+00:00,2024-07-13 04:00:00+00:00,clarke_wright,4,6691f6cc407172f67458fe89,2024-07-13 04:18:37.985619+00:00,2024-07-13 06:36:09.570000+00:00,True,True,0.0,2.093436729930828,2.671411365481657
2024-07-13 02:00:00+00:00,2024-07-13 04:00:00+00:00,clarke_wright,5,6691f5c8407172f67458fe0f,2024-07-13 04:20:34.199525+00:00,2024-07-13 10:00:00+00:00,True,True,0.0,1.6284788202655849,1.9368984260667375
2024-07-13 02:00:00+00:00,2024-07-13 04:00:00+00:00,clarke_wright,6,6691f95f407172f674590606,2024-07-13 04:22:52.330249+00:00,2024-07-13 06:46:59.467000+00:00,True,True,0.0,1.9531384894291457,2.3021787315017703
2024-07-13 02:00:00+00:00,2024-07-13 04:00:00+00:00,clarke_wright,7,6691f697407172f67458fe70,2024-07-13 04:26:56.768571+00:00,2024-07-13 10:00:00+00:00,True,True,0.0,3.1156014728633874,4.073972028254252
2024-07-13 02:00:00+00:00,2024-07-13 04:00:00+00:00,clarke_wright,8,6691f3c3407172f67458fa49,2024-07-13 04:30:51.738380+00:00,2024-07-13 06:20:50.938000+00:00,True,True,0.0,2.971319221992695,3.9161634906840543
2024-07-13 02:00:00+00:00,2024-07-13 04:00:00+00:00,clarke_wright,9,6691f52e407172f67458fdf8,2024-07-13 04:38:25.145601+00:00,2024-07-13 06:25:58.750000+00:00,True,True,0.0,6.644543671616557,7.556787014931098
2024-07-13 02:00:00+00:00,2024-07-13 04:00:00+00:00,clarke_wright,10,6691f730407172f67459020f,2024-07-13 04:45:20.271881+00:00,2024-07-13 06:38:39.978000+00:00,True,True,0.0,6.506767850463006,6.918771330115087
2024-07-13 02:00:00+00:00,2024-07-13 04:00:00+00:00,clarke_wright,11,6691f563407172f67458fe02,2024-07-13 04:55:47.125004+00:00,2024-07-13 10:00:00+00:00,True,True,0.0,9.47254051775788,10.447552045091548
2024-07-13 02:00:00+00:00,2024-07-13 04:00:00+00:00,clarke_wright,12,6691f629407172f67458fe62,2024-07-13 04:57:34.343647+00:00,2024-07-13 10:00:00+00:00,True,True,0.0,1.504437970533499,1.7869773751932831
2024-07-13 02:00:00+00:00,2024-07-13 04:00:00+00:00,clarke_wright,13,6691ee35407172f67458f318,2024-07-13 05:01:44.880600+00:00,2024-07-13 06:00:31.768000+00:00,True,True,0.0,3.3349557537195436,4.175615883379982
2024-07-13 02:00:00+00:00,2024-07-13 04:00:00+00:00,clarke_wright,14,6691f934407172f6745905e3,2024-07-13 05:15:59.135938+00:00,2024-07-13 10:00:00+00:00,True,True,0.0,13.807431530857636,14.237588961210859
2024-07-13 02:00:00+00:00,2024-07-13 04:00:00+00:00,clarke_wright,15,6691f8a2407172f674590285,2024-07-13 05:23:00.520714+00:00,2024-07-13 06:40:00.722000+00:00,True,True,0.0,5.799009789690799,7.023079607824135
2024-07-15 02:00:00+00:00,2024-07-15 04:00:00+00:00,nearest_neighbor,1,669492bfd54b84ac2ddb20c3,2024-07-15 04:00:54.988864+00:00,2024-07-15 05:54:20.072000+00:00,True,True,0.0,0.7010889401999238,0.9164810704413078
2024-07-15 02:00:00+00:00,2024-07-15 04:00:00+00:00,nearest_neighbor,2,669493f1d54b84ac2ddb2842,2024-07-15 04:03:23.508127+00:00,2024-07-15 06:12:08.876000+00:00,True,True,0.0,2.3152012145827987,2.475321052983063
2024-07-15 02:00:00+00:00,2024-07-15 04:00:00+00:00,nearest_neighbor,3,669493f6d54b84ac2ddb2ba1,2024-07-15 04:04:48.815858+00:00,2024-07-15 06:10:15.600000+00:00,True,True,0.0,1.1520112534743854,1.4217955103279205
2024-07-15 02:00:00+00:00,2024-07-15 04:00:00+00:00,nearest_neighbor,4,669491a1d54b84ac2ddb2081,2024-07-15 04:08:37.266250+00:00,2024-07-15 10:00:00+00:00,True,True,0.0,3.077541585367085,3.807506539233105
2024-07-15 02:00:00+00:00,2024-07-15 04:00:00+00:00,nearest_neighbor,5,6694926fd54b84ac2ddb20b3,2024-07-15 04:15:40.579689+00:00,2024-07-15 06:04:09.019000+00:00,True,True,0.0,5.968305434410361,7.055223991324139
2024-07-15 02:00:00+00:00,2024-07-15 04:00:00+00:00,nearest_neighbor,6,66949386d54b84ac2ddb24df,2024-07-15 04:18:43.791443+00:00,2024-07-15 10:00:00+00:00,True,True,0.0,2.6668921894678523,3.053529227026627
2024-07-15 02:00:00+00:00,2024-07-15 04:00:00+00:00,nearest_neighbor,7,6694908ed54b84ac2ddb1f81,2024-07-15 04:24:43.629509+00:00,2024-07-15 09:00:00+00:00,True,True,0.0,5.311019121634699,5.997301106919928
2024-07-15 02:00:00+00:00,2024-07-15 04:00:00+00:00,nearest_neighbor,8,66949b27d54b84ac2ddb32ed,2024-07-15 04:25:26.017024+00:00,2024-07-15 10:00:00+00:00,True,True,0.0,0.558510002459634,0.7064585803214573
2024-07-15 02:00:00+00:00,2024-07-15 04:00:00+00:00,nearest_neighbor,9,66949129d54b84ac2ddb2078,2024-07-15 04:33:38.681206+00:00,2024-07-15 10:00:00+00:00,True,True,0.0,7.2786516557485115,8.211069703232473
2024-07-15 02:00:00+00:00,2024-07-15 04:00:00+00:00,nearest_neighbor,10,669486afd54b84ac2ddb1ca7,2024-07-15 04:50:30.932283+00:00,2024-07-15 09:00:00+00:00,True,True,0.0,17.859507564910448,16.870851290816745
2024-07-15 02:00:00+00:00,2024-07-15 04:00:00+00:00,nearest_neighbor,11,669492ced54b84ac2ddb20ca,2024-07-15 04:57:47.927440+00:00,2024-07-15 05:44:54.505000+00:00,True,True,0.0,7.770833275661245,7.283252610422127
2024-07-15 02:00:00+00:00,2024-07-15 04:00:00+00:00,nearest_neighbor,12,66949521d54b84ac2ddb2c9b,2024-07-15 05:00:58.291943+00:00,2024-07-15 06:13:57.078000+00:00,True,True,0.0,2.5895283894875227,3.1727417186554896
2024-07-15 02:00:00+00:00,2024-07-15 04:00:00+00:00,nearest_neighbor,13,669492d6d54b84ac2ddb242b,2024-07-15 05:05:39.467107+00:00,2024-07-15 10:00:00+00:00,True,True,0.0,3.7879734732491093,4.686252734829399
2024-07-15 02:00:00+00:00,2024-07-15 04:00:00+00:00,nearest_neighbor,14,66949b75d54b84ac2ddb330c,2024-07-15 05:24:47.908392+00:00,2024-07-15 10:00:00+00:00,True,True,0.0,18.199645676150535,19.140688087829282
2024-07-15 02:00:00+00:00,2024-07-15 04:00:00+00:00,priority_nearest_neighbor,1,669492bfd54b84ac2ddb20c3,2024-07-15 04:00:54.988864+00:00,2024-07-15 05:54:20.072000+00:00,True,True,0.0,0.7010889401999238,0.9164810704413078
2024-07-15 02:00:00+00:00,2024-07-15 04:00:00+00:00,priority_nearest_neighbor,2,669493f1d54b84ac2ddb2842,2024-07-15 04:03:23.508127+00:00,2024-07-15 06:12:08.876000+00:00,True,True,0.0,2.3152012145827987,2.475321052983063
2024-07-15 02:00:00+00:00,2024-07-15 04:00:00+00:00,priority_nearest_neighbor,3,669493f6d54b84ac2ddb2ba1,2024-07-15 04:04:48.815858+00:00,2024-07-15 06:10:15.600000+00:00,True,True,0.0,1.1520112534743854,1.4217955103279205
2024-07-15 02:00:00+00:00,2024-07-15 04:00:00+00:00,priority_nearest_neighbor,4,6694926fd54b84ac2ddb20b3,2024-07-15 04:09:25.033810+00:00,2024-07-15 06:04:09.019000+00:00,True,True,0.0,4.10151692048754,4.603632535561086
2024-07-15 02:00:00+00:00,2024-07-15 04:00:00+00:00,priority_nearest_neighbor,5,669492ced54b84ac2ddb20ca,2024-07-15 04:25:46.638160+00:00,2024-07-15 05:44:54.505000+00:00,True,True,0.0,16.41948968181868,16.360072494172343
2024-07-15 02:00:00+00:00,2024-07-15 04:00:00+00:00,priority_nearest_neighbor,6,66949521d54b84ac2ddb2c9b,2024-07-15 04:28:57.002663+00:00,2024-07-15 06:13:57.078000+00:00,True,True,0.0,2.5895283894875227,3.1727417186554896
2024-07-15 02:00:00+00:00,2024-07-15 04:00:00+00:00,priority_nearest_neighbor,7,669486afd54b84ac2ddb1ca7,2024-07-15 04:38:30.368206+00:00,2024-07-15 09:00:00+00:00,True,True,0.0,9.119175641537456,9.556092377623617
2024-07-15 02:00:00+00:00,2024-07-15 04:00:00+00:00,priority_nearest_neighbor,8,669492d6d54b84ac2ddb242b,2024-07-15 04:47:14.485141+00:00,2024-07-15 10:00:00+00:00,True,True,0.0,8.831258893240413,8.735282250336047
2024-07-15 02:00:00+00:00,2024-07-15 04:00:00+00:00,priority_nearest_neighbor,9,669491a1d54b84ac2ddb2081,2024-07-15 04:56:54.229486+00:00,2024-07-15 10:00:00+00:00,True,True,0.0,9.454094897770535,9.662405753281517
2024-07-15 02:00:00+00:00,2024-07-15 04:00:00+00:00,priority_nearest_neighbor,10,66949386d54b84ac2ddb24df,2024-07-15 05:04:07.039750+00:00,2024-07-15 10:00:00+00:00,True,True,0.0,6.04039547775793,7.2135044006239415
2024-07-15 02:00:00+00:00,2024-07-15 04:00:00+00:00,priority_nearest_neighbor,11,6694908ed54b84ac2ddb1f81,2024-07-15 05:10:06.877816+00:00,2024-07-15 09:00:00+00:00,True,True,0.0,5.311019121634699,5.997301106919928
2024-07-15 02:00:00+00:00,2024-07-15 04:00:00+00:00,priority_nearest_neighbor,12,66949b27d54b84ac2ddb32ed,2024-07-15 05:10:49.265331+00:00,2024-07-15 10:00:00+00:00,True,True,0.0,0.558510002459634,0.7064585803214573
2024-07-15 02:00:00+00:00,2024-07-15 04:00:00+00:00,priority_nearest_neighbor,13,66949129d54b84ac2ddb2078,2024-07-15 05:19:01.929513+00:00,2024-07-15 10:00:00+00:00,True,True,0.0,7.2786516557485115,8.211069703232473
2024-07-15 02:00:00+00:00,2024-07-15 04:00:00+00:00,priority_nearest_neighbor,14,66949b75d54b84ac2ddb330c,2024-07-15 05:41:48.463672+00:00,2024-07-15 10:00:00+00:00,True,True,0.0,22.073794109416557,22.77556932142594
2024-07-15 02:00:00+00:00,2024-07-15 04:00:00+00:00,clarke_wright,1,669493f6d54b84ac2ddb2ba1,2024-07-15 04:03:05.734141+00:00,2024-07-15 06:10:15.600000+00:00,True,True,0.0,2.7520153235012037,3.095569010511487
2024-07-15 02:00:00+00:00,2024-07-15 04:00:00+00:00,clarke_wright,2,669493f1d54b84ac2ddb2842,2024-07-15 04:04:31.152915+00:00,2024-07-15 06:12:08.876000+00:00,True,True,0.0,1.2383656186237972,1.4236462348615342
2024-07-15 02:00:00+00:00,2024-07-15 04:00:00+00:00,clarke_wright,3,66949386d54b84ac2ddb24df,2024-07-15 04:07:04.116609+00:00,2024-07-15 10:00:00+00:00,True,True,0.0,2.2136274989696343,2.549394894780856
2024-07-15 02:00:00+00:00,2024-07-15 04:00:00+00:00,clarke_wright,4,6694926fd54b84ac2ddb20b3,2024-07-15 04:10:08.691691+00:00,2024-07-15 06:04:09.019000+00:00,True,True,0.0,2.7638946251204097,3.076251364280329
2024-07-15 02:00:00+00:00,2024-07-15 04:00:00+00:00,clarke_wright,5,66949b75d54b84ac2ddb330c,2024-07-15 04:18:17.432348+00:00,2024-07-15 10:00:00+00:00,True,True,0.0,7.071132222521521,8.14567762300086
2024-07-15 02:00:00+00:00,2024-07-15 04:00:00+00:00,clarke_wright,6,669491a1d54b84ac2ddb2081,2024-07-15 04:28:29.318842+00:00,2024-07-15 10:00:00+00:00,True,True,0.0,8.611823515296747,10.198108238500035
2024-07-15 02:00:00+00:00,2024-07-15 04:00:00+00:00,clarke_wright,7,669492d6d54b84ac2ddb242b,2024-07-15 04:37:40.160246+00:00,2024-07-15 10:00:00+00:00,True,True,0.0,9.420686731960902,9.180690073124975
2024-07-15 02:00:00+00:00,2024-07-15 04:00:00+00:00,clarke_wright,8,66949521d54b84ac2ddb2c9b,2024-07-15 04:42:21.335410+00:00,2024-07-15 06:13:57.078000+00:00,True,True,0.0,3.7879734732491084,4.6862527348294005
2024-07-15 02:00:00+00:00,2024-07-15 04:00:00+00:00,clarke_wright,9,669492ced54b84ac2ddb20ca,2024-07-15 04:45:23.216371+00:00,2024-07-15 05:44:54.505000+00:00,True,True,0.0,2.4902699208548467,3.031349350250366
2024-07-15 02:00:00+00:00,2024-07-15 04:00:00+00:00,clarke_wright,10,669486afd54b84ac2ddb1ca7,2024-07-15 04:52:20.497778+00:00,2024-07-15 09:00:00+00:00,True,True,0.0,6.865204790824118,6.954690111573755
2024-07-15 02:00:00+00:00,2024-07-15 04:00:00+00:00,clarke_wright,11,66949129d54b84ac2ddb2078,2024-07-15 05:08:14.222728+00:00,2024-07-15 10:00:00+00:00,True,True,0.0,17.456123393052152,15.895415826221722
2024-07-15 02:00:00+00:00,2024-07-15 04:00:00+00:00,clarke_wright,12,66949b27d54b84ac2ddb32ed,2024-07-15 05:16:26.924945+00:00,2024-07-15 10:00:00+00:00,True,True,0.0,7.285676547509987,8.211703620279085
2024-07-15 02:00:00+00:00,2024-07-15 04:00:00+00:00,clarke_wright,13,6694908ed54b84ac2ddb1f81,2024-07-15 05:17:09.248416+00:00,2024-07-15 09:00:00+00:00,True,True,0.0,0.5585100024596339,0.7053911784797887
2024-07-15 02:00:00+00:00,2024-07-15 04:00:00+00:00,clarke_wright,14,669492bfd54b84ac2ddb20c3,2024-07-15 05:22:53.866837+00:00,2024-07-15 05:54:20.072000+00:00,True,True,0.0,5.07647323000068,5.74364035706547
2024-07-15 04:00:00+00:00,2024-07-15 06:00:00+00:00,nearest_neighbor,1,6694aa74d54b84ac2ddb4115,2024-07-15 06:01:47.045223+00:00,2024-07-15 07:47:11.134000+00:00,True,True,0.0,1.6781817632007785,1.7840870459471998
2024-07-15 04:00:00+00:00,2024-07-15 06:00:00+00:00,nearest_neighbor,2,6694a27fd54b84ac2ddb3882,2024-07-15 06:06:49.366150+00:00,2024-07-15 07:10:33.648000+00:00,True,True,0.0,4.353626598118465,5.038682116082194
2024-07-15 04:00:00+00:00,2024-07-15 06:00:00+00:00,nearest_neighbor,3,6694a2e1d54b84ac2ddb38b3,2024-07-15 06:06:49.366150+00:00,2024-07-15 07:17:02.962000+00:00,True,True,0.0,0.0,0.0
2024-07-15 04:00:00+00:00,2024-07-15 06:00:00+00:00,nearest_neighbor,4,6694a434d54b84ac2ddb3ccf,2024-07-15 06:07:53.240891+00:00,2024-07-15 07:18:38.337000+00:00,True,True,0.0,0.9259322638880603,1.064579015119826
2024-07-15 04:00:00+00:00,2024-07-15 06:00:00+00:00,nearest_neighbor,5,6694a2f6d54b84ac2ddb38ba,2024-07-15 06:10:07.837680+00:00,2024-07-15 07:07:49.075000+00:00,True,True,0.0,1.8759989483320454,2.243279815019839
2024-07-15 04:00:00+00:00,2024-07-15 06:00:00+00:00,nearest_neighbor,6,6694a9ccd54b84ac2ddb402b,2024-07-15 06:15:03.461651+00:00,2024-07-15 11:00:00+00:00,True,True,0.0,4.196430713449124,4.927066175480496
2024-07-15 04:00:00+00:00,2024-07-15 06:00:00+00:00,nearest_neighbor,7,6694a3b3d54b84ac2ddb3c92,2024-07-15 06:22:13.873197+00:00,2024-07-15 11:00:00+00:00,True,True,0.0,5.653259407198218,7.173525769895703
2024-07-15 04:00:00+00:00,2024-07-15 06:00:00+00:00,nearest_neighbor,8,6694a5ead54b84ac2ddb3dfd,2024-07-15 06:30:39.692536+00:00,2024-07-15 07:26:45.313000+00:00,True,True,0.0,7.112013889183005,8.430322320419014
2024-07-15 04:00:00+00:00,2024-07-15 06:00:00+00:00,nearest_neighbor,9,6694a906d54b84ac2ddb3fbc,2024-07-15 06:45:38.654087+00:00,2024-07-15 07:41:11.777000+00:00,True,True,0.0,13.54108921069907,14.982692519535522
2024-07-15 04:00:00+00:00,2024-07-15 06:00:00+00:00,nearest_neighbor,10,6694aabbd54b84ac2ddb413a,2024-07-15 06:53:30.066637+00:00,2024-07-15 07:47:18.169000+00:00,True,True,0.0,7.763624940881643,7.856875831637117
2024-07-15 04:00:00+00:00,2024-07-15 06:00:00+00:00,nearest_neighbor,11,6694a748d54b84ac2ddb3e2d,2024-07-15 07:06:45.717792+00:00,2024-07-15 07:35:08.432000+00:00,True,True,0.0,15.087453594183165,13.260852583434914
2024-07-15 04:00:00+00:00,2024-07-15 06:00:00+00:00,nearest_neighbor,12,6694a133d54b84ac2ddb34c7,2024-07-15 07:19:46.822646+00:00,2024-07-15 07:09:18.930000+00:00,True,False,10.464877433333333,12.360104780214945,13.018414231921522
2024-07-15 04:00:00+00:00,2024-07-15 06:00:00+00:00,priority_nearest_neighbor,1,6694a27fd54b84ac2ddb3882,2024-07-15 06:04:19.631854+00:00,2024-07-15 07:10:33.648000+00:00,True,True,0.0,3.683131947976024,4.327197560415018
2024-07-15 04:00:00+00:00,2024-07-15 06:00:00+00:00,priority_nearest_neighbor,2,6694a2f6d54b84ac2ddb38ba,2024-07-15 06:05:31.744735+00:00,2024-07-15 07:07:49.075000+00:00,True,True,0.0,1.0051741907204534,1.2018813576799618
2024-07-15 04:00:00+00:00,2024-07-15 06:00:00+00:00,priority_nearest_neighbor,3,6694a2e1d54b84ac2ddb38b3,2024-07-15 06:06:43.892463+00:00,2024-07-15 07:17:02.962000+00:00,True,True,0.0,1.0077801856242452,1.2024621400379822
2024-07-15 04:00:00+00:00,2024-07-15 06:00:00+00:00,priority_nearest_neighbor,4,6694a434d54b84ac2ddb3ccf,2024-07-15 06:07:47.767204+00:00,2024-07-15 07:18:38.337000+00:00,True,True,0.0,0.9259322638880603,1.064579015119826
2024-07-15 04:00:00+00:00,2024-07-15 06:00:00+00:00,priority_nearest_neighbor,5,6694a133d54b84ac2ddb34c7,2024-07-15 06:17:50.345913+00:00,2024-07-15 07:09:18.930000+00:00,True,True,0.0,9.423031096868863,10.042978475954332
2024-07-15 04:00:00+00:00,2024-07-15 06:00:00+00:00,priority_nearest_neighbor,6,6694aa74d54b84ac2ddb4115,2024-07-15 06:23:23.717384+00:00,2024-07-15 07:47:11.134000+00:00,True,True,0.0,5.4810102111742625,5.556191188194516
2024-07-15 04:00:00+00:00,2024-07-15 06:00:00+00:00,priority_nearest_neighbor,7,6694a748d54b84ac2ddb3e2d,2024-07-15 06:32:27.729186+00:00,2024-07-15 07:35:08.432000+00:00,True,True,0.0,8.662923609549292,9.066863366440943
2024-07-15 04:00:00+00:00,2024-07-15 06:00:00+00:00,priority_nearest_neighbor,8,6694a906d54b84ac2ddb3fbc,2024-07-15 06:45:56.394273+00:00,2024-07-15 07:41:11.777000+00:00,True,True,0.0,13.773420532832706,13.477751444775544
2024-07-15 04:00:00+00:00,2024-07-15 06:00:00+00:00,priority_nearest_neighbor,9,6694a5ead54b84ac2ddb3dfd,2024-07-15 07:03:03.755782+00:00,2024-07-15 07:26:45.313000+00:00,True,True,0.0,14.9346306342622,17.122691812281214
2024-07-15 04:00:00+00:00,2024-07-15 06:00:00+00:00,priority_nearest_neighbor,10,6694aabbd54b84ac2ddb413a,2024-07-15 07:20:20.198942+00:00,2024-07-15 07:47:18.169000+00:00,True,True,0.0,17.978020806111395,17.274052664416136
2024-07-15 04:00:00+00:00,2024-07-15 06:00:00+00:00,priority_nearest_neighbor,11,6694a3b3d54b84ac2ddb3c92,2024-07-15 07:34:46.631313+00:00,2024-07-15 11:00:00+00:00,True,True,0.0,14.094724497117015,14.440539511306774
2024-07-15 04:00:00+00:00,2024-07-15 06:00:00+00:00,priority_nearest_neighbor,12,6694a9ccd54b84ac2ddb402b,2024-07-15 07:41:56.155722+00:00,2024-07-15 11:00:00+00:00,True,True,0.0,5.608426556635059,7.158740152258721
2024-07-15 04:00:00+00:00,2024-07-15 06:00:00+00:00,clarke_wright,1,6694aa74d54b84ac2ddb4115,2024-07-15 06:01:47.045223+00:00,2024-07-15 07:47:11.134000+00:00,True,True,0.0,1.6781817632007785,1.7840870459471998
2024-07-15 04:00:00+00:00,2024-07-15 06:00:00+00:00,clarke_wright,2,6694a133d54b84ac2ddb34c7,2024-07-15 06:07:14.595995+00:00,2024-07-15 07:09:18.930000+00:00,True,True,0.0,5.229597076887305,5.459179539728964
2024-07-15 04:00:00+00:00,2024-07-15 06:00:00+00:00,clarke_wright,3,6694a434d54b84ac2ddb3ccf,2024-07-15 06:17:40.421028+00:00,2024-07-15 07:18:38.337000+00:00,True,True,0.0,9.678868335945392,10.430417212693852
2024-07-15 04:00:00+00:00,2024-07-15 06:00:00+00:00,clarke_wright,4,6694a27fd54b84ac2ddb3882,2024-07-15 06:18:45.187403+00:00,2024-07-15 07:10:33.648000+00:00,True,True,0.0,0.9259322638880604,1.0794395828042787
2024-07-15 04:00:00+00:00,2024-07-15 06:00:00+00:00,clarke_wright,5,6694a2e1d54b84ac2ddb38b3,2024-07-15 06:18:45.187403+00:00,2024-07-15 07:17:02.962000+00:00,True,True,0.0,0.0,0.0
2024-07-15 04:00:00+00:00,2024-07-15 06:00:00+00:00,clarke_wright,6,6694a2f6d54b84ac2ddb38ba,2024-07-15 06:19:57.300284+00:00,2024-07-15 07:07:49.075000+00:00,True,True,0.0,1.0051741907204534,1.2018813576799618
2024-07-15 04:00:00+00:00,2024-07-15 06:00:00+00:00,clarke_wright,7,6694a9ccd54b84ac2ddb402b,2024-07-15 06:24:52.924255+00:00,2024-07-15 11:00:00+00:00,True,True,0.0,4.196430713449124,4.927066175480496
2024-07-15 04:00:00+00:00,2024-07-15 06:00:00+00:00,clarke_wright,8,6694a5ead54b84ac2ddb3dfd,2024-07-15 06:36:32.480144+00:00,2024-07-15 07:26:45.313000+00:00,True,True,0.0,10.4220990487315,11.659264818664212
2024-07-15 04:00:00+00:00,2024-07-15 06:00:00+00:00,clarke_wright,9,6694a3b3d54b84ac2ddb3c92,2024-07-15 06:43:14.592760+00:00,2024-07-15 11:00:00+00:00,True,True,0.0,5.983845737257439,6.701876926732408
2024-07-15 04:00:00+00:00,2024-07-15 06:00:00+00:00,clarke_wright,10,6694a906d54b84ac2ddb3fbc,2024-07-15 06:53:47.508635+00:00,2024-07-15 07:41:11.777000+00:00,True,True,0.0,8.777319840109712,10.548597916800452
2024-07-15 04:00:00+00:00,2024-07-15 06:00:00+00:00,clarke_wright,11,6694aabbd54b84ac2ddb413a,2024-07-15 07:01:38.921185+00:00,2024-07-15 07:47:18.169000+00:00,True,True,0.0,7.763624940881643,7.856875831637117
2024-07-15 04:00:00+00:00,2024-07-15 06:00:00+00:00,clarke_wright,12,6694a748d54b84ac2ddb3e2d,2024-07-15 07:14:54.572340+00:00,2024-07-15 07:35:08.432000+00:00,True,True,0.0,15.087453594183165,13.260852583434914
2024-07-16 02:00:00+00:00,2024-07-16 04:00:00+00:00,nearest_neighbor,1,6695e16854401ab379783b63,2024-07-16 04:01:40.114369+00:00,2024-07-16 05:51:53.392000+00:00,True,True,0.0,1.396696939905571,1.6685728118788559
2024-07-16 02:00:00+00:00,2024-07-16 04:00:00+00:00,nearest_neighbor,2,6695eb7354401ab379783c3e,2024-07-16 04:03:05.106208+00:00,2024-07-16 06:38:26.669000+00:00,True,True,0.0,1.1000209503812268,1.4165306468606853
2024-07-16 02:00:00+00:00,2024-07-16 04:00:00+00:00,nearest_neighbor,3,6695e49c54401ab379783bb5,2024-07-16 04:07:01.315998+00:00,2024-07-16 05:59:11.098000+00:00,True,True,0.0,3.531165968179862,3.936829835669364
2024-07-16 02:00:00+00:00,2024-07-16 04:00:00+00:00,nearest_neighbor,4,6695ee4854401ab37978481f,2024-07-16 04:09:27.665474+00:00,2024-07-16 06:47:40.209000+00:00,True,True,0.0,2.032482769016392,2.439157931654439
2024-07-16 02:00:00+00:00,2024-07-16 04:00:00+00:00,nearest_neighbor,5,6695f00354401ab379784871,2024-07-16 04:15:19.000249+00:00,2024-07-16 06:57:38.107000+00:00,True,True,0.0,5.134511175832983,5.855579576524928
2024-07-16 02:00:00+00:00,2024-07-16 04:00:00+00:00,nearest_neighbor,6,6695ef8354401ab379784857,2024-07-16 04:17:23.714519+00:00,2024-07-16 06:55:21.045000+00:00,True,True,0.0,1.7399070959532827,2.0785711629029437
2024-07-16 02:00:00+00:00,2024-07-16 04:00:00+00:00,nearest_neighbor,7,6695ef1754401ab379784834,2024-07-16 04:22:04.586416+00:00,2024-07-16 06:53:42.973000+00:00,True,True,0.0,4.8457269733006925,4.681198291611329
2024-07-16 02:00:00+00:00,2024-07-16 04:00:00+00:00,nearest_neighbor,8,6695ebdc54401ab379783fdf,2024-07-16 04:34:40.424535+00:00,2024-07-16 06:39:52.417000+00:00,True,True,0.0,11.646027163767561,12.597301982429835
2024-07-16 02:00:00+00:00,2024-07-16 04:00:00+00:00,nearest_neighbor,9,6695ed2454401ab3797843f5,2024-07-16 04:43:54.298439+00:00,2024-07-16 06:44:53.059000+00:00,True,True,0.0,8.243643897412692,9.231231733224893
2024-07-16 02:00:00+00:00,2024-07-16 04:00:00+00:00,nearest_neighbor,10,6695e5a054401ab379783bc9,2024-07-16 04:50:47.537562+00:00,2024-07-16 06:12:47.039000+00:00,True,True,0.0,5.799013506661745,6.887318716353507
2024-07-16 02:00:00+00:00,2024-07-16 04:00:00+00:00,nearest_neighbor,11,6695e1fc54401ab379783b6e,2024-07-16 05:03:42.447787+00:00,2024-07-16 05:56:45.942000+00:00,True,True,0.0,11.744653484964314,12.915170417436293
2024-07-16 02:00:00+00:00,2024-07-16 04:00:00+00:00,nearest_neighbor,12,6695e51754401ab379783bbe,2024-07-16 05:28:38.941338+00:00,2024-07-16 06:08:59.737000+00:00,True,True,0.0,23.576603512924862,24.94155917592007
2024-07-16 02:00:00+00:00,2024-07-16 04:00:00+00:00,nearest_neighbor,13,6695e62254401ab379783bef,2024-07-16 05:30:12.644478+00:00,2024-07-16 06:14:43.051000+00:00,True,True,0.0,1.1584169126523554,1.5617189999413066
2024-07-16 02:00:00+00:00,2024-07-16 04:00:00+00:00,priority_nearest_neighbor,1,6695e16854401ab379783b63,2024-07-16 04:01:40.114369+00:00,2024-07-16 05:51:53.392000+00:00,True,True,0.0,1.396696939905571,1.6685728118788559
2024-07-16 02:00:00+00:00,2024-07-16 04:00:00+00:00,priority_nearest_neighbor,2,6695e49c54401ab379783bb5,2024-07-16 04:05:59.320229+00:00,2024-07-16 05:59:11.098000+00:00,True,True,0.0,3.834569356908421,4.3200976739559795
2024-07-16 02:00:00+00:00,2024-07-16 04:00:00+00:00,priority_nearest_neighbor,3,6695eb7354401ab379783c3e,2024-07-16 04:10:13.551392+00:00,2024-07-16 06:38:26.669000+00:00,True,True,0.0,3.733414002086179,4.237186046601016
2024-07-16 02:00:00+00:00,2024-07-16 04:00:00+00:00,priority_nearest_neighbor,4,6695ee4854401ab37978481f,2024-07-16 04:16:01.497525+00:00,2024-07-16 06:47:40.209000+00:00,True,True,0.0,5.146079466361227,5.799102208807969
2024-07-16 02:00:00+00:00,2024-07-16 04:00:00+00:00,priority_nearest_neighbor,5,6695e5a054401ab379783bc9,2024-07-16 04:23:21.828754+00:00,2024-07-16 06:12:47.039000+00:00,True,True,0.0,6.315390560344061,7.338853809756264
2024-07-16 02:00:00+00:00,2024-07-16 04:00:00+00:00,priority_nearest_neighbor,6,6695e1fc54401ab379783b6e,2024-07-16 04:36:16.738979+00:00,2024-07-16 05:56:45.942000+00:00,True,True,0.0,11.744653484964314,12.915170417436293
2024-07-16 02:00:00+00:00,2024-07-16 04:00:00+00:00,priority_nearest_neighbor,7,6695ef8354401ab379784857,2024-07-16 04:47:51.422731+00:00,2024-07-16 06:55:21.045000+00:00,True,True,0.0,12.40237582494635,11.578062526768301
2024-07-16 02:00:00+00:00,2024-07-16 04:00:00+00:00,priority_nearest_neighbor,8,6695e51754401ab379783bbe,2024-07-16 05:09:39.648686+00:00,2024-07-16 06:08:59.737000+00:00,True,True,0.0,19.50829702658887,21.8037659188674
2024-07-16 02:00:00+00:00,2024-07-16 04:00:00+00:00,priority_nearest_neighbor,9,6695e62254401ab379783bef,2024-07-16 05:11:13.351826+00:00,2024-07-16 06:14:43.051000+00:00,True,True,0.0,1.1584169126523554,1.5617189999413066
2024-07-16 02:00:00+00:00,2024-07-16 04:00:00+00:00,priority_nearest_neighbor,10,6695ebdc54401ab379783fdf,2024-07-16 05:23:07.121560+00:00,2024-07-16 06:39:52.417000+00:00,True,True,0.0,9.979959724448944,11.896162238207333
2024-07-16 02:00:00+00:00,2024-07-16 04:00:00+00:00,priority_nearest_neighbor,11,6695ed2454401ab3797843f5,2024-07-16 05:32:20.995464+00:00,2024-07-16 06:44:53.059000+00:00,True,True,0.0,8.243643897412692,9.231231733224893
2024-07-16 02:00:00+00:00,2024-07-16 04:00:00+00:00,priority_nearest_neighbor,12,6695f00354401ab379784871,2024-07-16 05:44:16.379884+00:00,2024-07-16 06:57:38.107000+00:00,True,True,0.0,10.342096813497735,11.923073670564188
2024-07-16 02:00:00+00:00,2024-07-16 04:00:00+00:00,priority_nearest_neighbor,13,6695ef1754401ab379784834,2024-07-16 05:50:30.921099+00:00,2024-07-16 06:53:42.973000+00:00,True,True,0.0,5.43488181127022,6.242353584747278
2024-07-16 02:00:00+00:00,2024-07-16 04:00:00+00:00,clarke_wright,1,6695ebdc54401ab379783fdf,2024-07-16 04:07:13.108573+00:00,2024-07-16 06:39:52.417000+00:00,True,True,0.0,6.613591506578177,7.218476218228724
2024-07-16 02:00:00+00:00,2024-07-16 04:00:00+00:00,clarke_wright,2,6695e51754401ab379783bbe,2024-07-16 04:20:08.236970+00:00,2024-07-16 06:08:59.737000+00:00,True,True,0.0,11.118497313704523,12.918806623903512
2024-07-16 02:00:00+00:00,2024-07-16 04:00:00+00:00,clarke_wright,3,6695e62254401ab379783bef,2024-07-16 04:21:41.940110+00:00,2024-07-16 06:14:43.051000+00:00,True,True,0.0,1.1584169126523554,1.5617189999413066
2024-07-16 02:00:00+00:00,2024-07-16 04:00:00+00:00,clarke_wright,4,6695ed2454401ab3797843f5,2024-07-16 04:33:06.898966+00:00,2024-07-16 06:44:53.059000+00:00,True,True,0.0,10.602791073375041,11.415980933499855
2024-07-16 02:00:00+00:00,2024-07-16 04:00:00+00:00,clarke_wright,5,6695e5a054401ab379783bc9,2024-07-16 04:40:00.138089+00:00,2024-07-16 06:12:47.039000+00:00,True,True,0.0,5.799013506661745,6.887318716353507
2024-07-16 02:00:00+00:00,2024-07-16 04:00:00+00:00,clarke_wright,6,6695e1fc54401ab379783b6e,2024-07-16 04:52:55.048314+00:00,2024-07-16 05:56:45.942000+00:00,True,True,0.0,11.744653484964314,12.915170417436293
2024-07-16 02:00:00+00:00,2024-07-16 04:00:00+00:00,clarke_wright,7,6695ee4854401ab37978481f,2024-07-16 05:05:44.268758+00:00,2024-07-16 06:47:40.209000+00:00,True,True,0.0,12.059368282344586,12.82034073034917
2024-07-16 02:00:00+00:00,2024-07-16 04:00:00+00:00,clarke_wright,8,6695e49c54401ab379783bb5,2024-07-16 05:08:10.291110+00:00,2024-07-16 05:59:11.098000+00:00,True,True,0.0,2.026829704350437,2.4337058682158075
2024-07-16 02:00:00+00:00,2024-07-16 04:00:00+00:00,clarke_wright,9,6695ef8354401ab379784857,2024-07-16 05:12:48.562550+00:00,2024-07-16 06:55:21.045000+00:00,True,True,0.0,4.245055800146599,4.637857326045112
2024-07-16 02:00:00+00:00,2024-07-16 04:00:00+00:00,clarke_wright,10,6695f00354401ab379784871,2024-07-16 05:14:54.449725+00:00,2024-07-16 06:57:38.107000+00:00,True,True,0.0,1.8007905490554732,2.098119583485046
2024-07-16 02:00:00+00:00,2024-07-16 04:00:00+00:00,clarke_wright,11,6695ef1754401ab379784834,2024-07-16 05:21:08.990940+00:00,2024-07-16 06:53:42.973000+00:00,True,True,0.0,5.43488181127022,6.242353584747278
2024-07-16 02:00:00+00:00,2024-07-16 04:00:00+00:00,clarke_wright,12,6695eb7354401ab379783c3e,2024-07-16 05:27:19.798912+00:00,2024-07-16 06:38:26.669000+00:00,True,True,0.0,5.661604737499976,6.18013287323959
2024-07-16 02:00:00+00:00,2024-07-16 04:00:00+00:00,clarke_wright,13,6695e16854401ab379783b63,2024-07-16 05:28:48.917181+00:00,2024-07-16 05:51:53.392000+00:00,True,True,0.0,1.198030109232148,1.4853044839811074
2024-07-16 04:00:00+00:00,2024-07-16 06:00:00+00:00,nearest_neighbor,1,6695f06854401ab37978488e,2024-07-16 06:00:52.160727+00:00,2024-07-16 06:59:37.888000+00:00,True,True,0.0,0.6639912176718646,0.8693454532763634
2024-07-16 04:00:00+00:00,2024-07-16 06:00:00+00:00,nearest_neighbor,2,6695f08a54401ab3797848bf,2024-07-16 06:05:14.067103+00:00,2024-07-16 06:59:14.069000+00:00,True,True,0.0,3.5911282234623783,4.365106268678662
2024-07-16 04:00:00+00:00,2024-07-16 06:00:00+00:00,nearest_neighbor,3,6695f0d054401ab379784948,2024-07-16 06:08:55.409230+00:00,2024-07-16 11:00:00+00:00,True,True,0.0,3.3288690506045513,3.6890354542396655
2024-07-16 04:00:00+00:00,2024-07-16 06:00:00+00:00,nearest_neighbor,4,6695f38a54401ab379784b94,2024-07-16 06:19:38.011797+00:00,2024-07-16 07:12:52.204000+00:00,True,True,0.0,9.257710354321715,10.710042776905462
2024-07-16 04:00:00+00:00,2024-07-16 06:00:00+00:00,nearest_neighbor,5,6695fd5054401ab379784e5d,2024-07-16 06:33:33.093053+00:00,2024-07-16 11:00:00+00:00,True,True,0.0,13.657334111727975,13.918020932852466
2024-07-16 04:00:00+00:00,2024-07-16 06:00:00+00:00,nearest_neighbor,6,6695f0af54401ab37978491a,2024-07-16 06:43:08.846269+00:00,2024-07-16 07:00:54.704000+00:00,True,True,0.0,9.622776373654153,9.595886941565427
2024-07-16 04:00:00+00:00,2024-07-16 06:00:00+00:00,nearest_neighbor,7,6695fe5754401ab379784ec1,2024-07-16 06:44:33.987869+00:00,2024-07-16 08:00:07.816000+00:00,True,True,0.0,1.182522215835665,1.419026659002798
2024-07-16 04:00:00+00:00,2024-07-16 06:00:00+00:00,nearest_neighbor,8,6695fe9b54401ab379784ed4,2024-07-16 06:44:33.987869+00:00,2024-07-16 08:01:15.324000+00:00,True,True,0.0,0.0,0.0
2024-07-16 04:00:00+00:00,2024-07-16 06:00:00+00:00,priority_nearest_neighbor,1,6695f06854401ab37978488e,2024-07-16 06:00:52.160727+00:00,2024-07-16 06:59:37.888000+00:00,True,True,0.0,0.6639912176718646,0.8693454532763634
2024-07-16 04:00:00+00:00,2024-07-16 06:00:00+00:00,priority_nearest_neighbor,2,6695f08a54401ab3797848bf,2024-07-16 06:05:14.067103+00:00,2024-07-16 06:59:14.069000+00:00,True,True,0.0,3.5911282234623783,4.365106268678662
2024-07-16 04:00:00+00:00,2024-07-16 06:00:00+00:00,priority_nearest_neighbor,3,6695f0af54401ab37978491a,2024-07-16 06:15:08.584469+00:00,2024-07-16 07:00:54.704000+00:00,True,True,0.0,9.27839239295663,9.908622765286957
2024-07-16 04:00:00+00:00,2024-07-16 06:00:00+00:00,priority_nearest_neighbor,4,6695f38a54401ab379784b94,2024-07-16 06:30:26.214920+00:00,2024-07-16 07:12:52.204000+00:00,True,True,0.0,14.188686538315695,15.293840855071872
2024-07-16 04:00:00+00:00,2024-07-16 06:00:00+00:00,priority_nearest_neighbor,5,6695f0d054401ab379784948,2024-07-16 06:41:29.275997+00:00,2024-07-16 11:00:00+00:00,True,True,0.0,9.651036662705573,11.051017944356571
2024-07-16 04:00:00+00:00,2024-07-16 06:00:00+00:00,priority_nearest_neighbor,6,6695fe5754401ab379784ec1,2024-07-16 06:53:37.119330+00:00,2024-07-16 08:00:07.816000+00:00,True,True,0.0,11.21335702151759,12.130722216220068
2024-07-16 04:00:00+00:00,2024-07-16 06:00:00+00:00,priority_nearest_neighbor,7,6695fe9b54401ab379784ed4,2024-07-16 06:53:37.119330+00:00,2024-07-16 08:01:15.324000+00:00,True,True,0.0,0.0,0.0
2024-07-16 04:00:00+00:00,2024-07-16 06:00:00+00:00,priority_nearest_neighbor,8,6695fd5054401ab379784e5d,2024-07-16 07:02:04.943530+00:00,2024-07-16 11:00:00+00:00,True,True,0.0,8.347777576168044,8.463736672979772
2024-07-16 04:00:00+00:00,2024-07-16 06:00:00+00:00,clarke_wright,1,6695f0d054401ab379784948,2024-07-16 06:04:54.847382+00:00,2024-07-16 11:00:00+00:00,True,True,0.0,4.462726719692139,4.914123026297314
2024-07-16 04:00:00+00:00,2024-07-16 06:00:00+00:00,clarke_wright,2,6695f38a54401ab379784b94,2024-07-16 06:15:37.449949+00:00,2024-07-16 07:12:52.204000+00:00,True,True,0.0,9.257710354321715,10.710042776905462
2024-07-16 04:00:00+00:00,2024-07-16 06:00:00+00:00,clarke_wright,3,6695f08a54401ab3797848bf,2024-07-16 06:24:38.293186+00:00,2024-07-16 06:59:14.069000+00:00,True,True,0.0,7.688399215259901,9.014053942802008
2024-07-16 04:00:00+00:00,2024-07-16 06:00:00+00:00,clarke_wright,4,6695f06854401ab37978488e,2024-07-16 06:28:22.987522+00:00,2024-07-16 06:59:37.888000+00:00,True,True,0.0,3.157956293598401,3.7449055989139
2024-07-16 04:00:00+00:00,2024-07-16 06:00:00+00:00,clarke_wright,5,6695fe5754401ab379784ec1,2024-07-16 06:36:35.055914+00:00,2024-07-16 08:00:07.816000+00:00,True,True,0.0,7.593861143406066,8.20113987388586
2024-07-16 04:00:00+00:00,2024-07-16 06:00:00+00:00,clarke_wright,6,6695fe9b54401ab379784ed4,2024-07-16 06:36:35.055914+00:00,2024-07-16 08:01:15.324000+00:00,True,True,0.0,0.0,0.0
2024-07-16 04:00:00+00:00,2024-07-16 06:00:00+00:00,clarke_wright,7,6695f0af54401ab37978491a,2024-07-16 06:38:00.197514+00:00,2024-07-16 07:00:54.704000+00:00,True,True,0.0,1.1825222158356652,1.4190266590027985
2024-07-16 04:00:00+00:00,2024-07-16 06:00:00+00:00,clarke_wright,8,6695fd5054401ab379784e5d,2024-07-16 06:45:44.806869+00:00,2024-07-16 11:00:00+00:00,True,True,0.0,7.8381940508474,7.743489256370958
2024-07-16 18:00:00+00:00,2024-07-16 20:00:00+00:00,nearest_neighbor,1,6696bc45c7250ec426d89b88,2024-07-16 20:02:40.733420+00:00,2024-07-17 08:00:00+00:00,True,True,0.0,2.1799724187651375,2.6788903296007143
2024-07-16 18:00:00+00:00,2024-07-16 20:00:00+00:00,nearest_neighbor,2,6696b597c7250ec426d89a42,2024-07-16 20:04:44.939004+00:00,2024-07-17 08:00:00+00:00,True,True,0.0,1.680360695988148,2.07009307144426
2024-07-16 18:00:00+00:00,2024-07-16 20:00:00+00:00,nearest_neighbor,3,6696b6e1c7250ec426d89a4b,2024-07-16 20:06:40.651083+00:00,2024-07-17 08:00:00+00:00,True,True,0.0,1.7840418599407208,1.9285346553605502
2024-07-16 18:00:00+00:00,2024-07-16 20:00:00+00:00,nearest_neighbor,4,6696bb32c7250ec426d89af7,2024-07-16 20:11:46.135966+00:00,2024-07-17 08:00:00+00:00,True,True,0.0,4.484665165266712,5.0914147237899865
2024-07-16 18:00:00+00:00,2024-07-16 20:00:00+00:00,nearest_neighbor,5,6696b7e6c7250ec426d89adc,2024-07-16 20:17:43.396732+00:00,2024-07-17 08:00:00+00:00,True,True,0.0,5.6127091320341025,5.954346099712124
2024-07-16 18:00:00+00:00,2024-07-16 20:00:00+00:00,nearest_neighbor,6,6696b907c7250ec426d89ae5,2024-07-16 20:28:58.701829+00:00,2024-07-17 08:00:00+00:00,True,True,0.0,10.72972042742638,11.255084946829346
2024-07-16 18:00:00+00:00,2024-07-16 20:00:00+00:00,nearest_neighbor,7,6696bd0ec7250ec426d89b91,2024-07-16 20:40:56.671787+00:00,2024-07-17 08:00:00+00:00,True,True,0.0,10.932182470621965,11.966165972080109
2024-07-16 18:00:00+00:00,2024-07-16 20:00:00+00:00,nearest_neighbor,8,6696ba77c7250ec426d89aee,2024-07-16 20:54:37.415457+00:00,2024-07-17 08:00:00+00:00,True,True,0.0,11.634369817787988,13.679061174407375
2024-07-16 18:00:00+00:00,2024-07-16 20:00:00+00:00,priority_nearest_neighbor,1,6696b597c7250ec426d89a42,2024-07-16 20:02:53.208346+00:00,2024-07-17 08:00:00+00:00,True,True,0.0,2.607399175466835,2.886805766505715
2024-07-16 18:00:00+00:00,2024-07-16 20:00:00+00:00,priority_nearest_neighbor,2,6696b6e1c7250ec426d89a4b,2024-07-16 20:04:48.920425+00:00,2024-07-17 08:00:00+00:00,True,True,0.0,1.7840418599407208,1.9285346553605502
2024-07-16 18:00:00+00:00,2024-07-16 20:00:00+00:00,priority_nearest_neighbor,3,6696bc45c7250ec426d89b88,2024-07-16 20:09:07.562986+00:00,2024-07-17 08:00:00+00:00,True,True,0.0,3.6418115483347884,4.310709343011665
2024-07-16 18:00:00+00:00,2024-07-16 20:00:00+00:00,priority_nearest_neighbor,4,6696bd0ec7250ec426d89b91,2024-07-16 20:14:18.846927+00:00,2024-07-17 08:00:00+00:00,True,True,0.0,4.439412871933389,5.188065675286395
2024-07-16 18:00:00+00:00,2024-07-16 20:00:00+00:00,priority_nearest_neighbor,5,6696bb32c7250ec426d89af7,2024-07-16 20:22:30.083504+00:00,2024-07-17 08:00:00+00:00,True,True,0.0,7.025129851523917,8.187276280849794
2024-07-16 18:00:00+00:00,2024-07-16 20:00:00+00:00,priority_nearest_neighbor,6,6696b7e6c7250ec426d89adc,2024-07-16 20:28:27.344270+00:00,2024-07-17 08:00:00+00:00,True,True,0.0,5.6127091320341025,5.954346099712124
2024-07-16 18:00:00+00:00,2024-07-16 20:00:00+00:00,priority_nearest_neighbor,7,6696b907c7250ec426d89ae5,2024-07-16 20:39:42.649367+00:00,2024-07-17 08:00:00+00:00,True,True,0.0,10.72972042742638,11.255084946829346
2024-07-16 18:00:00+00:00,2024-07-16 20:00:00+00:00,priority_nearest_neighbor,8,6696ba77c7250ec426d89aee,2024-07-16 20:59:43.922793+00:00,2024-07-17 08:00:00+00:00,True,True,0.0,18.66403619646221,20.021223767278016
2024-07-16 18:00:00+00:00,2024-07-16 20:00:00+00:00,clarke_wright,1,6696bc45c7250ec426d89b88,2024-07-16 20:02:40.733420+00:00,2024-07-17 08:00:00+00:00,True,True,0.0,2.1799724187651375,2.6788903296007143
2024-07-16 18:00:00+00:00,2024-07-16 20:00:00+00:00,clarke_wright,2,6696ba77c7250ec426d89aee,2024-07-16 20:13:59.184656+00:00,2024-07-17 08:00:00+00:00,True,True,0.0,10.399129798938292,11.30752059838559
2024-07-16 18:00:00+00:00,2024-07-16 20:00:00+00:00,clarke_wright,3,6696bd0ec7250ec426d89b91,2024-07-16 20:25:59.482647+00:00,2024-07-17 08:00:00+00:00,True,True,0.0,9.791948574001365,12.004966514250942
2024-07-16 18:00:00+00:00,2024-07-16 20:00:00+00:00,clarke_wright,4,6696b597c7250ec426d89a42,2024-07-16 20:29:29.082934+00:00,2024-07-17 08:00:00+00:00,True,True,0.0,2.946862190365729,3.4933381147963862
2024-07-16 18:00:00+00:00,2024-07-16 20:00:00+00:00,clarke_wright,5,6696b6e1c7250ec426d89a4b,2024-07-16 20:31:24.795013+00:00,2024-07-17 08:00:00+00:00,True,True,0.0,1.7840418599407208,1.9285346553605502
2024-07-16 18:00:00+00:00,2024-07-16 20:00:00+00:00,clarke_wright,6,6696b7e6c7250ec426d89adc,2024-07-16 20:40:45.145929+00:00,2024-07-17 08:00:00+00:00,True,True,0.0,8.908879606179983,9.339181937087337
2024-07-16 18:00:00+00:00,2024-07-16 20:00:00+00:00,clarke_wright,7,6696bb32c7250ec426d89af7,2024-07-16 20:46:38.103327+00:00,2024-07-17 08:00:00+00:00,True,True,0.0,5.825224033087203,5.882623303644601
2024-07-16 18:00:00+00:00,2024-07-16 20:00:00+00:00,clarke_wright,8,6696b907c7250ec426d89ae5,2024-07-16 20:52:53.853810+00:00,2024-07-17 08:00:00+00:00,True,True,0.0,5.864463750437374,6.262508043051389
2024-07-17 16:00:00+00:00,2024-07-17 18:00:00+00:00,nearest_neighbor,1,6697fbc8c7250ec426d8cf4d,2024-07-17 18:03:05.734141+00:00,2024-07-18 08:00:00+00:00,True,True,0.0,2.7520153235012037,3.095569010511487
2024-07-17 16:00:00+00:00,2024-07-17 18:00:00+00:00,nearest_neighbor,2,6697fcdec7250ec426d8cf56,2024-07-17 18:05:39.353600+00:00,2024-07-18 08:00:00+00:00,True,True,0.0,2.0166380192490077,2.5603243248902463
2024-07-17 16:00:00+00:00,2024-07-17 18:00:00+00:00,nearest_neighbor,3,6697f672c7250ec426d8ce98,2024-07-17 18:10:03.577421+00:00,2024-07-18 08:00:00+00:00,True,True,0.0,3.8496032443096437,4.4037303547575934
2024-07-17 16:00:00+00:00,2024-07-17 18:00:00+00:00,nearest_neighbor,4,66980075c7250ec426d8d08b,2024-07-17 18:17:28.154627+00:00,2024-07-18 08:00:00+00:00,True,True,0.0,6.773672913970282,7.409620096586878
2024-07-17 16:00:00+00:00,2024-07-17 18:00:00+00:00,nearest_neighbor,5,6697fb29c7250ec426d8cf44,2024-07-17 18:27:06.370382+00:00,2024-07-18 08:00:00+00:00,True,True,0.0,9.355032719612616,9.636929247320415
2024-07-17 16:00:00+00:00,2024-07-17 18:00:00+00:00,nearest_neighbor,6,6697f83bc7250ec426d8cea5,2024-07-17 18:36:37.857733+00:00,2024-07-18 04:00:00+00:00,True,True,0.0,9.616353389311142,9.52478917985262
2024-07-17 16:00:00+00:00,2024-07-17 18:00:00+00:00,nearest_neighbor,7,6697fa2fc7250ec426d8cf3b,2024-07-17 18:45:59.076042+00:00,2024-07-18 08:00:00+00:00,True,True,0.0,7.778214184036524,9.353638479178082
2024-07-17 16:00:00+00:00,2024-07-17 18:00:00+00:00,nearest_neighbor,8,6697ff69c7250ec426d8d082,2024-07-17 19:11:38.085529+00:00,2024-07-18 08:00:00+00:00,True,True,0.0,23.348763148601652,25.650158110996284
2024-07-17 16:00:00+00:00,2024-07-17 18:00:00+00:00,nearest_neighbor,9,6697f42fc7250ec426d8ce8f,2024-07-17 19:20:38.013311+00:00,2024-07-18 08:00:00+00:00,True,True,0.0,7.951765027664731,8.998796363061679
2024-07-17 16:00:00+00:00,2024-07-17 18:00:00+00:00,nearest_neighbor,10,6697fdd2c7250ec426d8cfec,2024-07-17 19:29:56.507304+00:00,2024-07-18 08:00:00+00:00,True,True,0.0,7.370011042071122,9.308233210609812
2024-07-17 16:00:00+00:00,2024-07-17 18:00:00+00:00,priority_nearest_neighbor,1,6697f672c7250ec426d8ce98,2024-07-17 18:03:58.397889+00:00,2024-07-18 08:00:00+00:00,True,True,0.0,3.6472114556364112,3.973298155603467
2024-07-17 16:00:00+00:00,2024-07-17 18:00:00+00:00,priority_nearest_neighbor,2,6697fbc8c7250ec426d8cf4d,2024-07-17 18:08:18.749772+00:00,2024-07-18 08:00:00+00:00,True,True,0.0,3.778099605562996,4.339198043050405
2024-07-17 16:00:00+00:00,2024-07-17 18:00:00+00:00,priority_nearest_neighbor,3,6697fcdec7250ec426d8cf56,2024-07-17 18:10:52.369231+00:00,2024-07-18 08:00:00+00:00,True,True,0.0,2.0166380192490077,2.5603243248902463
2024-07-17 16:00:00+00:00,2024-07-17 18:00:00+00:00,priority_nearest_neighbor,4,6697f42fc7250ec426d8ce8f,2024-07-17 18:22:19.771904+00:00,2024-07-18 08:00:00+00:00,True,True,0.0,9.977799381574748,11.456711215965008
2024-07-17 16:00:00+00:00,2024-07-17 18:00:00+00:00,priority_nearest_neighbor,5,6697f83bc7250ec426d8cea5,2024-07-17 18:48:33.038670+00:00,2024-07-18 04:00:00+00:00,True,True,0.0,24.7772697484325,26.221112766371608
2024-07-17 16:00:00+00:00,2024-07-17 18:00:00+00:00,priority_nearest_neighbor,6,6697fa2fc7250ec426d8cf3b,2024-07-17 18:57:54.256979+00:00,2024-07-18 08:00:00+00:00,True,True,0.0,7.778214184036524,9.353638479178082
2024-07-17 16:00:00+00:00,2024-07-17 18:00:00+00:00,priority_nearest_neighbor,7,6697fb29c7250ec426d8cf44,2024-07-17 19:12:27.125346+00:00,2024-07-18 08:00:00+00:00,True,True,0.0,11.827019216502602,14.547806114969125
2024-07-17 16:00:00+00:00,2024-07-17 18:00:00+00:00,priority_nearest_neighbor,8,66980075c7250ec426d8d08b,2024-07-17 19:22:35.129681+00:00,2024-07-18 08:00:00+00:00,True,True,0.0,10.529029129864089,10.133405577535534
2024-07-17 16:00:00+00:00,2024-07-17 18:00:00+00:00,priority_nearest_neighbor,9,6697ff69c7250ec426d8d082,2024-07-17 19:35:37.553920+00:00,2024-07-18 08:00:00+00:00,True,True,0.0,11.185225960773824,13.040403978300299
2024-07-17 16:00:00+00:00,2024-07-17 18:00:00+00:00,priority_nearest_neighbor,10,6697fdd2c7250ec426d8cfec,2024-07-17 19:50:11.192300+00:00,2024-07-18 08:00:00+00:00,True,True,0.0,12.050184597199499,14.560639670221883
2024-07-17 16:00:00+00:00,2024-07-17 18:00:00+00:00,clarke_wright,1,6697f672c7250ec426d8ce98,2024-07-17 18:03:58.397889+00:00,2024-07-18 08:00:00+00:00,True,True,0.0,3.6472114556364112,3.973298155603467
2024-07-17 16:00:00+00:00,2024-07-17 18:00:00+00:00,clarke_wright,2,6697fbc8c7250ec426d8cf4d,2024-07-17 18:08:18.749772+00:00,2024-07-18 08:00:00+00:00,True,True,0.0,3.778099605562996,4.339198043050405
2024-07-17 16:00:00+00:00,2024-07-17 18:00:00+00:00,clarke_wright,3,6697fcdec7250ec426d8cf56,2024-07-17 18:10:52.369231+00:00,2024-07-18 08:00:00+00:00,True,True,0.0,2.0166380192490077,2.5603243248902463
2024-07-17 16:00:00+00:00,2024-07-17 18:00:00+00:00,clarke_wright,4,6697fdd2c7250ec426d8cfec,2024-07-17 18:20:32.200615+00:00,2024-07-18 08:00:00+00:00,True,True,0.0,7.758110987789715,9.663856398763938
2024-07-17 16:00:00+00:00,2024-07-17 18:00:00+00:00,clarke_wright,5,6697f42fc7250ec426d8ce8f,2024-07-17 18:29:49.691127+00:00,2024-07-18 08:00:00+00:00,True,True,0.0,7.36243921248812,9.291508540370744
2024-07-17 16:00:00+00:00,2024-07-17 18:00:00+00:00,clarke_wright,6,6697ff69c7250ec426d8d082,2024-07-17 18:38:46.855644+00:00,2024-07-18 08:00:00+00:00,True,True,0.0,7.559542361583534,8.952741957095295
2024-07-17 16:00:00+00:00,2024-07-17 18:00:00+00:00,clarke_wright,7,6697fb29c7250ec426d8cf44,2024-07-17 18:56:43.955869+00:00,2024-07-18 08:00:00+00:00,True,True,0.0,16.463106801241988,17.95167041187921
2024-07-17 16:00:00+00:00,2024-07-17 18:00:00+00:00,clarke_wright,8,6697fa2fc7250ec426d8cf3b,2024-07-17 19:11:16.565108+00:00,2024-07-18 08:00:00+00:00,True,True,0.0,11.826700342579302,14.543487320626781
2024-07-17 16:00:00+00:00,2024-07-17 18:00:00+00:00,clarke_wright,9,6697f83bc7250ec426d8cea5,2024-07-17 19:20:49.067984+00:00,2024-07-18 04:00:00+00:00,True,True,0.0,7.89278252684253,9.54171460200781
2024-07-17 16:00:00+00:00,2024-07-17 18:00:00+00:00,clarke_wright,10,66980075c7250ec426d8d08b,2024-07-17 19:34:50.243901+00:00,2024-07-18 08:00:00+00:00,True,True,0.0,16.059699324022088,14.019598617356776
2024-07-18 02:00:00+00:00,2024-07-18 04:00:00+00:00,nearest_neighbor,1,66987f26c7250ec426d8d8d1,2024-07-18 04:03:44.097953+00:00,2024-07-18 05:33:45.505000+00:00,True,True,0.0,3.05114424300564,3.734965879614443
2024-07-18 02:00:00+00:00,2024-07-18 04:00:00+00:00,nearest_neighbor,2,6698819ec7250ec426d8dcfc,2024-07-18 04:10:04.774322+00:00,2024-07-18 05:39:19.622000+00:00,True,True,0.0,5.750007949356825,6.344606154689865
2024-07-18 02:00:00+00:00,2024-07-18 04:00:00+00:00,nearest_neighbor,3,6698804cc7250ec426d8d913,2024-07-18 04:13:10.294278+00:00,2024-07-18 05:33:02.913000+00:00,True,True,0.0,2.5263483710681256,3.0919992742841043
2024-07-18 02:00:00+00:00,2024-07-18 04:00:00+00:00,nearest_neighbor,4,66988b01c7250ec426d8e2bd,2024-07-18 04:17:42.561330+00:00,2024-07-18 06:23:48.530000+00:00,True,True,0.0,4.152427440596342,4.537784193483572
2024-07-18 02:00:00+00:00,2024-07-18 04:00:00+00:00,nearest_neighbor,5,66987deec7250ec426d8d51f,2024-07-18 04:18:29.631858+00:00,2024-07-18 05:19:48.441000+00:00,True,True,0.0,0.6903807450022896,0.7845088078432768
2024-07-18 02:00:00+00:00,2024-07-18 04:00:00+00:00,nearest_neighbor,6,669883b2c7250ec426d8e0d2,2024-07-18 04:21:34.529901+00:00,2024-07-18 05:51:20.950000+00:00,True,True,0.0,2.6215684477263586,3.0816340444642116
2024-07-18 02:00:00+00:00,2024-07-18 04:00:00+00:00,nearest_neighbor,7,66988bdec7250ec426d8e2f7,2024-07-18 04:28:26.971368+00:00,2024-07-18 06:27:15.270000+00:00,True,True,0.0,5.876733470305526,6.874024447619716
2024-07-18 02:00:00+00:00,2024-07-18 04:00:00+00:00,nearest_neighbor,8,66987ed9c7250ec426d8d543,2024-07-18 04:31:50.802810+00:00,2024-07-18 05:30:18.632000+00:00,True,True,0.0,2.6902016182092563,3.397190699849691
2024-07-18 02:00:00+00:00,2024-07-18 04:00:00+00:00,nearest_neighbor,9,66988a97c7250ec426d8e2b0,2024-07-18 04:35:47.585800+00:00,2024-07-18 06:13:40.885000+00:00,True,True,0.0,3.580659106434418,3.946383160888449
2024-07-18 02:00:00+00:00,2024-07-18 04:00:00+00:00,nearest_neighbor,10,66988296c7250ec426d8e0b4,2024-07-18 04:54:28.781285+00:00,2024-07-18 05:44:49.619000+00:00,True,True,0.0,16.8064271190375,18.68659140935546
2024-07-18 02:00:00+00:00,2024-07-18 04:00:00+00:00,nearest_neighbor,11,66988324c7250ec426d8e0c8,2024-07-18 05:03:43.964765+00:00,2024-07-18 05:48:57.212000+00:00,True,True,0.0,7.925990704859282,9.253058003659815
2024-07-18 02:00:00+00:00,2024-07-18 04:00:00+00:00,nearest_neighbor,12,669884d8c7250ec426d8e12a,2024-07-18 05:29:55.758448+00:00,2024-07-18 05:53:41.538000+00:00,True,True,0.0,23.81945784492613,26.196561380412636
2024-07-18 02:00:00+00:00,2024-07-18 04:00:00+00:00,priority_nearest_neighbor,1,66987deec7250ec426d8d51f,2024-07-18 04:06:31.367852+00:00,2024-07-18 05:19:48.441000+00:00,True,True,0.0,5.629652802225467,6.522797536897416
2024-07-18 02:00:00+00:00,2024-07-18 04:00:00+00:00,priority_nearest_neighbor,2,66987ed9c7250ec426d8d543,2024-07-18 04:13:28.734397+00:00,2024-07-18 05:30:18.632000+00:00,True,True,0.0,6.749191344763329,6.956109089879151
2024-07-18 02:00:00+00:00,2024-07-18 04:00:00+00:00,priority_nearest_neighbor,3,6698804cc7250ec426d8d913,2024-07-18 04:24:40.084628+00:00,2024-07-18 05:33:02.913000+00:00,True,True,0.0,9.902624679529199,11.189170520786131
2024-07-18 02:00:00+00:00,2024-07-18 04:00:00+00:00,priority_nearest_neighbor,4,6698819ec7250ec426d8dcfc,2024-07-18 04:28:31.719008+00:00,2024-07-18 05:39:19.622000+00:00,True,True,0.0,2.939627615996172,3.8605730038579775
2024-07-18 02:00:00+00:00,2024-07-18 04:00:00+00:00,priority_nearest_neighbor,5,66987f26c7250ec426d8d8d1,2024-07-18 04:37:39.956535+00:00,2024-07-18 05:33:45.505000+00:00,True,True,0.0,7.592706502835917,9.137292121596195
2024-07-18 02:00:00+00:00,2024-07-18 04:00:00+00:00,priority_nearest_neighbor,6,669883b2c7250ec426d8e0d2,2024-07-18 04:44:15.827539+00:00,2024-07-18 05:51:20.950000+00:00,True,True,0.0,6.04721093519691,6.597850069895949
2024-07-18 02:00:00+00:00,2024-07-18 04:00:00+00:00,priority_nearest_neighbor,7,66988296c7250ec426d8e0b4,2024-07-18 04:56:59.934472+00:00,2024-07-18 05:44:49.619000+00:00,True,True,0.0,11.667040496106685,12.735115546258445
2024-07-18 02:00:00+00:00,2024-07-18 04:00:00+00:00,priority_nearest_neighbor,8,66988324c7250ec426d8e0c8,2024-07-18 05:06:15.117952+00:00,2024-07-18 05:48:57.212000+00:00,True,True,0.0,7.925990704859282,9.253058003659815
2024-07-18 02:00:00+00:00,2024-07-18 04:00:00+00:00,priority_nearest_neighbor,9,669884d8c7250ec426d8e12a,2024-07-18 05:32:26.911635+00:00,2024-07-18 05:53:41.538000+00:00,True,True,0.0,23.81945784492613,26.196561380412636
2024-07-18 02:00:00+00:00,2024-07-18 04:00:00+00:00,priority_nearest_neighbor,10,66988b01c7250ec426d8e2bd,2024-07-18 05:45:34.564917+00:00,2024-07-18 06:23:48.530000+00:00,True,True,0.0,13.140330587124138,13.127554697185522
2024-07-18 02:00:00+00:00,2024-07-18 04:00:00+00:00,priority_nearest_neighbor,11,66988bdec7250ec426d8e2f7,2024-07-18 05:51:45.985204+00:00,2024-07-18 06:27:15.270000+00:00,True,True,0.0,5.475152276142089,6.190338113269403
2024-07-18 02:00:00+00:00,2024-07-18 04:00:00+00:00,priority_nearest_neighbor,12,66988a97c7250ec426d8e2b0,2024-07-18 05:57:01.387778+00:00,2024-07-18 06:13:40.885000+00:00,True,True,0.0,4.743044400916841,5.256709561842412
2024-07-18 02:00:00+00:00,2024-07-18 04:00:00+00:00,clarke_wright,1,669884d8c7250ec426d8e12a,2024-07-18 04:10:38.184778+00:00,2024-07-18 05:53:41.538000+00:00,True,True,0.0,9.461357731657188,10.636412971752263
2024-07-18 02:00:00+00:00,2024-07-18 04:00:00+00:00,clarke_wright,2,66987f26c7250ec426d8d8d1,2024-07-18 04:20:10.974272+00:00,2024-07-18 05:33:45.505000+00:00,True,True,0.0,8.559152009009491,9.546491558852438
2024-07-18 02:00:00+00:00,2024-07-18 04:00:00+00:00,clarke_wright,3,66988b01c7250ec426d8e2bd,2024-07-18 04:27:01.514776+00:00,2024-07-18 06:23:48.530000+00:00,True,True,0.0,6.273711839747521,6.842341730691569
2024-07-18 02:00:00+00:00,2024-07-18 04:00:00+00:00,clarke_wright,4,66987deec7250ec426d8d51f,2024-07-18 04:27:48.585304+00:00,2024-07-18 05:19:48.441000+00:00,True,True,0.0,0.6903807450022896,0.7845088078432768
2024-07-18 02:00:00+00:00,2024-07-18 04:00:00+00:00,clarke_wright,5,66988a97c7250ec426d8e2b0,2024-07-18 04:35:56.950764+00:00,2024-07-18 06:13:40.885000+00:00,True,True,0.0,7.648596719556306,8.13942433797567
2024-07-18 02:00:00+00:00,2024-07-18 04:00:00+00:00,clarke_wright,6,66987ed9c7250ec426d8d543,2024-07-18 04:39:38.443166+00:00,2024-07-18 05:30:18.632000+00:00,True,True,0.0,3.1179171847775367,3.6915400373555585
2024-07-18 02:00:00+00:00,2024-07-18 04:00:00+00:00,clarke_wright,7,66988bdec7250ec426d8e2f7,2024-07-18 04:42:57.043448+00:00,2024-07-18 06:27:15.270000+00:00,True,True,0.0,2.690201618209256,3.310004695503825
2024-07-18 02:00:00+00:00,2024-07-18 04:00:00+00:00,clarke_wright,8,669883b2c7250ec426d8e0d2,2024-07-18 04:49:27.946033+00:00,2024-07-18 05:51:20.950000+00:00,True,True,0.0,5.8326940890438586,6.515043081069513
2024-07-18 02:00:00+00:00,2024-07-18 04:00:00+00:00,clarke_wright,9,6698819ec7250ec426d8dcfc,2024-07-18 04:56:14.699359+00:00,2024-07-18 05:39:19.622000+00:00,True,True,0.0,5.863717626457816,6.779222103337549
2024-07-18 02:00:00+00:00,2024-07-18 04:00:00+00:00,clarke_wright,10,6698804cc7250ec426d8d913,2024-07-18 04:59:20.219315+00:00,2024-07-18 05:33:02.913000+00:00,True,True,0.0,2.5263483710681256,3.0919992742841043
2024-07-18 02:00:00+00:00,2024-07-18 04:00:00+00:00,clarke_wright,11,66988324c7250ec426d8e0c8,2024-07-18 05:11:53.623456+00:00,2024-07-18 05:48:57.212000+00:00,True,True,0.0,11.71399433718833,12.556735678041253
2024-07-18 02:00:00+00:00,2024-07-18 04:00:00+00:00,clarke_wright,12,66988296c7250ec426d8e0b4,2024-07-18 05:20:37.608730+00:00,2024-07-18 05:44:49.619000+00:00,True,True,0.0,7.721680515694271,8.733087897568781
2024-07-18 04:00:00+00:00,2024-07-18 06:00:00+00:00,nearest_neighbor,1,66989ef7c7250ec426d8ec2b,2024-07-18 06:02:51.147819+00:00,2024-07-18 11:00:00+00:00,True,True,0.0,2.477795422911682,2.852463646428388
2024-07-18 04:00:00+00:00,2024-07-18 06:00:00+00:00,nearest_neighbor,2,66989f7ac7250ec426d8ec97,2024-07-18 06:08:01.111615+00:00,2024-07-18 11:00:00+00:00,True,True,0.0,4.341982387220835,5.166063258398721
2024-07-18 04:00:00+00:00,2024-07-18 06:00:00+00:00,nearest_neighbor,3,6698a6c8c7250ec426d8f6d5,2024-07-18 06:12:20.283624+00:00,2024-07-18 08:04:28.979000+00:00,True,True,0.0,3.472229077098319,4.31953348241711
2024-07-18 04:00:00+00:00,2024-07-18 06:00:00+00:00,nearest_neighbor,4,6698a53bc7250ec426d8f5fc,2024-07-18 06:19:35.269046+00:00,2024-07-18 12:00:00+00:00,True,True,0.0,5.8273612201168525,7.24975703973927
2024-07-18 04:00:00+00:00,2024-07-18 06:00:00+00:00,nearest_neighbor,5,66989c47c7250ec426d8e7ea,2024-07-18 06:41:06.438259+00:00,2024-07-18 11:00:00+00:00,True,True,0.0,19.67765605233903,21.51948687692017
2024-07-18 04:00:00+00:00,2024-07-18 06:00:00+00:00,nearest_neighbor,6,6698a9cfc7250ec426d8f9a6,2024-07-18 07:05:52.479196+00:00,2024-07-18 08:35:33.022000+00:00,True,True,0.0,22.64167799261376,24.7673489444886
2024-07-18 04:00:00+00:00,2024-07-18 06:00:00+00:00,priority_nearest_neighbor,1,6698a6c8c7250ec426d8f6d5,2024-07-18 06:08:03.541593+00:00,2024-07-18 08:04:28.979000+00:00,True,True,0.0,7.4045218540156235,8.059026543582698
2024-07-18 04:00:00+00:00,2024-07-18 06:00:00+00:00,priority_nearest_neighbor,2,66989f7ac7250ec426d8ec97,2024-07-18 06:11:49.511153+00:00,2024-07-18 11:00:00+00:00,True,True,0.0,3.232770786434671,3.7661593290188975
2024-07-18 04:00:00+00:00,2024-07-18 06:00:00+00:00,priority_nearest_neighbor,3,66989ef7c7250ec426d8ec2b,2024-07-18 06:16:53.402757+00:00,2024-07-18 11:00:00+00:00,True,True,0.0,4.323492110874418,5.0648600714126575
2024-07-18 04:00:00+00:00,2024-07-18 06:00:00+00:00,priority_nearest_neighbor,4,66989c47c7250ec426d8e7ea,2024-07-18 06:28:18.187461+00:00,2024-07-18 11:00:00+00:00,True,True,0.0,10.64639440463105,11.413078397836639
2024-07-18 04:00:00+00:00,2024-07-18 06:00:00+00:00,priority_nearest_neighbor,5,6698a53bc7250ec426d8f5fc,2024-07-18 06:49:44.551263+00:00,2024-07-18 12:00:00+00:00,True,True,0.0,19.73772104903133,21.439396705451262
2024-07-18 04:00:00+00:00,2024-07-18 06:00:00+00:00,priority_nearest_neighbor,6,6698a9cfc7250ec426d8f9a6,2024-07-18 07:14:59.683422+00:00,2024-07-18 08:35:33.022000+00:00,True,True,0.0,23.00682795105725,25.252202652686446
2024-07-18 04:00:00+00:00,2024-07-18 06:00:00+00:00,clarke_wright,1,66989ef7c7250ec426d8ec2b,2024-07-18 06:02:51.147819+00:00,2024-07-18 11:00:00+00:00,True,True,0.0,2.477795422911682,2.852463646428388
2024-07-18 04:00:00+00:00,2024-07-18 06:00:00+00:00,clarke_wright,2,66989f7ac7250ec426d8ec97,2024-07-18 06:08:01.111615+00:00,2024-07-18 11:00:00+00:00,True,True,0.0,4.341982387220835,5.166063258398721
2024-07-18 04:00:00+00:00,2024-07-18 06:00:00+00:00,clarke_wright,3,6698a53bc7250ec426d8f5fc,2024-07-18 06:16:38.331936+00:00,2024-07-18 12:00:00+00:00,True,True,0.0,7.037343514379701,8.62033868280029
2024-07-18 04:00:00+00:00,2024-07-18 06:00:00+00:00,clarke_wright,4,6698a6c8c7250ec426d8f6d5,2024-07-18 06:23:43.442566+00:00,2024-07-18 08:04:28.979000+00:00,True,True,0.0,5.814982341859197,7.0851771648324124
2024-07-18 04:00:00+00:00,2024-07-18 06:00:00+00:00,clarke_wright,5,6698a9cfc7250ec426d8f9a6,2024-07-18 06:43:17.061153+00:00,2024-07-18 08:35:33.022000+00:00,True,True,0.0,18.16190808693679,19.560309780437276
2024-07-18 04:00:00+00:00,2024-07-18 06:00:00+00:00,clarke_wright,6,66989c47c7250ec426d8e7ea,2024-07-18 07:07:23.654702+00:00,2024-07-18 11:00:00+00:00,True,True,0.0,22.744369643743966,24.109892477319715
2024-07-19 02:00:00+00:00,2024-07-19 04:00:00+00:00,nearest_neighbor,1,6699d580c7250ec426d93221,2024-07-19 04:03:39.207857+00:00,2024-07-19 05:53:22.528000+00:00,True,True,0.0,3.235054598402266,3.65346428774215
2024-07-19 02:00:00+00:00,2024-07-19 04:00:00+00:00,nearest_neighbor,2,6699d51fc7250ec426d92e50,2024-07-19 04:04:00.728944+00:00,2024-07-19 09:00:00+00:00,True,True,0.0,0.29890399218966723,0.3586847906276007
2024-07-19 02:00:00+00:00,2024-07-19 04:00:00+00:00,nearest_neighbor,3,6699d4cec7250ec426d92c4d,2024-07-19 04:09:44.743051+00:00,2024-07-19 05:49:12.232000+00:00,True,True,0.0,5.008524919840376,5.733568457694363
2024-07-19 02:00:00+00:00,2024-07-19 04:00:00+00:00,nearest_neighbor,4,6699d732c7250ec426d93591,2024-07-19 04:18:31.214892+00:00,2024-07-19 06:00:04.193000+00:00,True,True,0.0,7.501189038047639,8.77453068393112
2024-07-19 02:00:00+00:00,2024-07-19 04:00:00+00:00,nearest_neighbor,5,6699d3ccc7250ec426d9288f,2024-07-19 04:19:29.078669+00:00,2024-07-19 05:46:11.495000+00:00,True,True,0.0,0.7174861191950053,0.9643962753697104
2024-07-19 02:00:00+00:00,2024-07-19 04:00:00+00:00,nearest_neighbor,6,6699d4d1c7250ec426d92c54,2024-07-19 04:28:15.422907+00:00,2024-07-19 05:50:03.712000+00:00,True,True,0.0,7.587016400623086,8.772403971516246
2024-07-19 02:00:00+00:00,2024-07-19 04:00:00+00:00,nearest_neighbor,7,6699d707c7250ec426d93589,2024-07-19 04:30:06.501468+00:00,2024-07-19 06:00:58.465000+00:00,True,True,0.0,1.6244598551426706,1.851309354170021
2024-07-19 02:00:00+00:00,2024-07-19 04:00:00+00:00,nearest_neighbor,8,6699dcaec7250ec426d939dd,2024-07-19 04:39:33.299828+00:00,2024-07-19 06:21:51.987000+00:00,True,True,0.0,9.806655311516394,9.446639326788326
2024-07-19 02:00:00+00:00,2024-07-19 04:00:00+00:00,nearest_neighbor,9,6699dbc4c7250ec426d939c8,2024-07-19 04:53:49.718317+00:00,2024-07-19 10:00:00+00:00,True,True,0.0,13.455514562939662,14.27364148748594
2024-07-19 02:00:00+00:00,2024-07-19 04:00:00+00:00,nearest_neighbor,10,6699d5f2c7250ec426d934f3,2024-07-19 05:01:44.826806+00:00,2024-07-19 05:55:57.004000+00:00,True,True,0.0,8.768890693661794,7.918474809600002
2024-07-19 02:00:00+00:00,2024-07-19 04:00:00+00:00,nearest_neighbor,11,6699d657c7250ec426d934fd,2024-07-19 05:05:33.522072+00:00,2024-07-19 05:54:58.336000+00:00,True,True,0.0,3.3779289975728366,3.8115877696322635
2024-07-19 02:00:00+00:00,2024-07-19 04:00:00+00:00,priority_nearest_neighbor,1,6699d580c7250ec426d93221,2024-07-19 04:03:39.207857+00:00,2024-07-19 05:53:22.528000+00:00,True,True,0.0,3.235054598402266,3.65346428774215
2024-07-19 02:00:00+00:00,2024-07-19 04:00:00+00:00,priority_nearest_neighbor,2,6699d4cec7250ec426d92c4d,2024-07-19 04:09:26.679542+00:00,2024-07-19 05:49:12.232000+00:00,True,True,0.0,5.056435621086619,5.79119474477757
2024-07-19 02:00:00+00:00,2024-07-19 04:00:00+00:00,priority_nearest_neighbor,3,6699d3ccc7250ec426d9288f,2024-07-19 04:18:52.043925+00:00,2024-07-19 05:46:11.495000+00:00,True,True,0.0,8.12218377816442,9.422739712958167
2024-07-19 02:00:00+00:00,2024-07-19 04:00:00+00:00,priority_nearest_neighbor,4,6699d732c7250ec426d93591,2024-07-19 04:19:50.080992+00:00,2024-07-19 06:00:04.193000+00:00,True,True,0.0,0.7424915551706724,0.9672844428722045
2024-07-19 02:00:00+00:00,2024-07-19 04:00:00+00:00,priority_nearest_neighbor,5,6699d4d1c7250ec426d92c54,2024-07-19 04:28:10.657234+00:00,2024-07-19 05:50:03.712000+00:00,True,True,0.0,7.296081207475642,8.342937373371088
2024-07-19 02:00:00+00:00,2024-07-19 04:00:00+00:00,priority_nearest_neighbor,6,6699d707c7250ec426d93589,2024-07-19 04:30:01.735795+00:00,2024-07-19 06:00:58.465000+00:00,True,True,0.0,1.6244598551426706,1.851309354170021
2024-07-19 02:00:00+00:00,2024-07-19 04:00:00+00:00,priority_nearest_neighbor,7,6699d5f2c7250ec426d934f3,2024-07-19 04:40:55.806403+00:00,2024-07-19 05:55:57.004000+00:00,True,True,0.0,9.963268805649886,10.901176798448445
2024-07-19 02:00:00+00:00,2024-07-19 04:00:00+00:00,priority_nearest_neighbor,8,6699d657c7250ec426d934fd,2024-07-19 04:44:44.501669+00:00,2024-07-19 05:54:58.336000+00:00,True,True,0.0,3.3779289975728366,3.8115877696322635
2024-07-19 02:00:00+00:00,2024-07-19 04:00:00+00:00,priority_nearest_neighbor,9,6699d51fc7250ec426d92e50,2024-07-19 04:54:25.796783+00:00,2024-07-19 09:00:00+00:00,True,True,0.0,8.785738117149295,9.688251893128314
2024-07-19 02:00:00+00:00,2024-07-19 04:00:00+00:00,priority_nearest_neighbor,10,6699dcaec7250ec426d939dd,2024-07-19 05:08:43.132612+00:00,2024-07-19 06:21:51.987000+00:00,True,True,0.0,14.348625613901174,14.288930477580408
2024-07-19 02:00:00+00:00,2024-07-19 04:00:00+00:00,priority_nearest_neighbor,11,6699dbc4c7250ec426d939c8,2024-07-19 05:22:59.551101+00:00,2024-07-19 10:00:00+00:00,True,True,0.0,13.455514562939662,14.27364148748594
2024-07-19 02:00:00+00:00,2024-07-19 04:00:00+00:00,clarke_wright,1,6699d4d1c7250ec426d92c54,2024-07-19 04:04:49.159093+00:00,2024-07-19 05:50:03.712000+00:00,True,True,0.0,4.514011485148899,4.819318210599126
2024-07-19 02:00:00+00:00,2024-07-19 04:00:00+00:00,clarke_wright,2,6699d707c7250ec426d93589,2024-07-19 04:06:40.237654+00:00,2024-07-19 06:00:58.465000+00:00,True,True,0.0,1.6244598551426706,1.851309354170021
2024-07-19 02:00:00+00:00,2024-07-19 04:00:00+00:00,clarke_wright,3,6699dcaec7250ec426d939dd,2024-07-19 04:16:07.036014+00:00,2024-07-19 06:21:51.987000+00:00,True,True,0.0,9.806655311516394,9.446639326788326
2024-07-19 02:00:00+00:00,2024-07-19 04:00:00+00:00,clarke_wright,4,6699dbc4c7250ec426d939c8,2024-07-19 04:30:23.454503+00:00,2024-07-19 10:00:00+00:00,True,True,0.0,13.455514562939662,14.27364148748594
2024-07-19 02:00:00+00:00,2024-07-19 04:00:00+00:00,clarke_wright,5,6699d5f2c7250ec426d934f3,2024-07-19 04:38:18.562992+00:00,2024-07-19 05:55:57.004000+00:00,True,True,0.0,8.768890693661794,7.918474809600002
2024-07-19 02:00:00+00:00,2024-07-19 04:00:00+00:00,clarke_wright,6,6699d657c7250ec426d934fd,2024-07-19 04:42:07.258258+00:00,2024-07-19 05:54:58.336000+00:00,True,True,0.0,3.3779289975728366,3.8115877696322635
2024-07-19 02:00:00+00:00,2024-07-19 04:00:00+00:00,clarke_wright,7,6699d3ccc7250ec426d9288f,2024-07-19 04:58:10.213522+00:00,2024-07-19 05:46:11.495000+00:00,True,True,0.0,15.751991713674238,16.049254398437032
2024-07-19 02:00:00+00:00,2024-07-19 04:00:00+00:00,clarke_wright,8,6699d732c7250ec426d93591,2024-07-19 04:59:08.250589+00:00,2024-07-19 06:00:04.193000+00:00,True,True,0.0,0.7424915551706724,0.9672844428722045
2024-07-19 02:00:00+00:00,2024-07-19 04:00:00+00:00,clarke_wright,9,6699d4cec7250ec426d92c4d,2024-07-19 05:07:35.954448+00:00,2024-07-19 05:49:12.232000+00:00,True,True,0.0,7.142514395109429,8.461730981312611
2024-07-19 02:00:00+00:00,2024-07-19 04:00:00+00:00,clarke_wright,10,6699d51fc7250ec426d92e50,2024-07-19 05:13:07.470056+00:00,2024-07-19 09:00:00+00:00,True,True,0.0,4.876623808061003,5.52526012548967
2024-07-19 02:00:00+00:00,2024-07-19 04:00:00+00:00,clarke_wright,11,6699d580c7250ec426d93221,2024-07-19 05:13:28.991143+00:00,2024-07-19 05:53:22.528000+00:00,True,True,0.0,0.29890399218966723,0.3586847906276007
2024-07-19 18:00:00+00:00,2024-07-19 20:00:00+00:00,nearest_neighbor,1,669aac06c7250ec426d96ea0,2024-07-19 20:07:54.695246+00:00,2024-07-20 08:00:00+00:00,True,True,0.0,6.928930510823706,7.911587431175263
2024-07-19 18:00:00+00:00,2024-07-19 20:00:00+00:00,nearest_neighbor,2,669ab596c7250ec426d96f7c,2024-07-19 20:10:19.902845+00:00,2024-07-20 08:00:00+00:00,True,True,0.0,1.8341123584241958,2.4201266522884506
2024-07-19 18:00:00+00:00,2024-07-19 20:00:00+00:00,nearest_neighbor,3,669ab431c7250ec426d96f73,2024-07-19 20:15:06.097412+00:00,2024-07-20 08:00:00+00:00,True,True,0.0,4.158715429526033,4.769909441913199
2024-07-19 18:00:00+00:00,2024-07-19 20:00:00+00:00,nearest_neighbor,4,669ab30fc7250ec426d96f6a,2024-07-19 20:16:00.035818+00:00,2024-07-20 08:00:00+00:00,True,True,0.0,0.7662636980108051,0.898973426951564
2024-07-19 18:00:00+00:00,2024-07-19 20:00:00+00:00,nearest_neighbor,5,669aad30c7250ec426d96ea9,2024-07-19 20:28:00.355552+00:00,2024-07-20 08:00:00+00:00,True,True,0.0,10.37402007292975,12.005328898017078
2024-07-19 18:00:00+00:00,2024-07-19 20:00:00+00:00,nearest_neighbor,6,669aaf05c7250ec426d96eb2,2024-07-19 20:43:19.994460+00:00,2024-07-20 08:00:00+00:00,True,True,0.0,14.317239231124445,15.327315134713324
2024-07-19 18:00:00+00:00,2024-07-19 20:00:00+00:00,nearest_neighbor,7,669ab220c7250ec426d96ec5,2024-07-19 20:52:08.710361+00:00,2024-07-20 08:00:00+00:00,True,True,0.0,8.161428251961887,8.811931678200315
2024-07-19 18:00:00+00:00,2024-07-19 20:00:00+00:00,priority_nearest_neighbor,1,669aac06c7250ec426d96ea0,2024-07-19 20:07:54.695246+00:00,2024-07-20 08:00:00+00:00,True,True,0.0,6.928930510823706,7.911587431175263
2024-07-19 18:00:00+00:00,2024-07-19 20:00:00+00:00,priority_nearest_neighbor,2,669ab596c7250ec426d96f7c,2024-07-19 20:10:19.902845+00:00,2024-07-20 08:00:00+00:00,True,True,0.0,1.8341123584241958,2.4201266522884506
2024-07-19 18:00:00+00:00,2024-07-19 20:00:00+00:00,priority_nearest_neighbor,3,669ab30fc7250ec426d96f6a,2024-07-19 20:15:39.328526+00:00,2024-07-20 08:00:00+00:00,True,True,0.0,4.287395406333338,5.323761345754445
2024-07-19 18:00:00+00:00,2024-07-19 20:00:00+00:00,priority_nearest_neighbor,4,669ab431c7250ec426d96f73,2024-07-19 20:16:42.963936+00:00,2024-07-20 08:00:00+00:00,True,True,0.0,0.9221722177833508,1.0605901612803825
2024-07-19 18:00:00+00:00,2024-07-19 20:00:00+00:00,priority_nearest_neighbor,5,669aad30c7250ec426d96ea9,2024-07-19 20:28:45.103661+00:00,2024-07-20 08:00:00+00:00,True,True,0.0,10.40067923653273,12.035662077690395
2024-07-19 18:00:00+00:00,2024-07-19 20:00:00+00:00,priority_nearest_neighbor,6,669aaf05c7250ec426d96eb2,2024-07-19 20:44:04.742569+00:00,2024-07-20 08:00:00+00:00,True,True,0.0,14.317239231124445,15.327315134713324
2024-07-19 18:00:00+00:00,2024-07-19 20:00:00+00:00,priority_nearest_neighbor,7,669ab220c7250ec426d96ec5,2024-07-19 20:52:53.458470+00:00,2024-07-20 08:00:00+00:00,True,True,0.0,8.161428251961887,8.811931678200315
2024-07-19 18:00:00+00:00,2024-07-19 20:00:00+00:00,clarke_wright,1,669aaf05c7250ec426d96eb2,2024-07-19 20:11:34.465829+00:00,2024-07-20 08:00:00+00:00,True,True,0.0,12.06481062961126,11.574430485722518
2024-07-19 18:00:00+00:00,2024-07-19 20:00:00+00:00,clarke_wright,2,669ab220c7250ec426d96ec5,2024-07-19 20:20:23.181730+00:00,2024-07-20 08:00:00+00:00,True,True,0.0,8.161428251961887,8.811931678200315
2024-07-19 18:00:00+00:00,2024-07-19 20:00:00+00:00,clarke_wright,3,669aad30c7250ec426d96ea9,2024-07-19 20:38:42.168674+00:00,2024-07-20 08:00:00+00:00,True,True,0.0,17.60020073046297,18.316449072817665
2024-07-19 18:00:00+00:00,2024-07-19 20:00:00+00:00,clarke_wright,4,669aac06c7250ec426d96ea0,2024-07-19 20:54:48.767934+00:00,2024-07-20 08:00:00+00:00,True,True,0.0,14.576640782317993,16.109987664491
2024-07-19 18:00:00+00:00,2024-07-19 20:00:00+00:00,clarke_wright,5,669ab596c7250ec426d96f7c,2024-07-19 20:57:13.975533+00:00,2024-07-20 08:00:00+00:00,True,True,0.0,1.8341123584241958,2.4201266522884506
2024-07-19 18:00:00+00:00,2024-07-19 20:00:00+00:00,clarke_wright,6,669ab30fc7250ec426d96f6a,2024-07-19 21:02:33.401214+00:00,2024-07-20 08:00:00+00:00,True,True,0.0,4.287395406333338,5.323761345754445
2024-07-19 18:00:00+00:00,2024-07-19 20:00:00+00:00,clarke_wright,7,669ab431c7250ec426d96f73,2024-07-19 21:03:37.036624+00:00,2024-07-20 08:00:00+00:00,True,True,0.0,0.9221722177833508,1.0605901612803825
2024-07-20 02:00:00+00:00,2024-07-20 04:00:00+00:00,nearest_neighbor,1,669b3571c7250ec426d98692,2024-07-20 04:02:54.718087+00:00,2024-07-20 06:54:05.328000+00:00,True,True,0.0,2.3841571598720015,2.9119681183883754
2024-07-20 02:00:00+00:00,2024-07-20 04:00:00+00:00,nearest_neighbor,2,669b30b2c7250ec426d97fa4,2024-07-20 04:05:34.055955+00:00,2024-07-20 06:34:36.342000+00:00,True,True,0.0,2.076094967770505,2.6556311308004146
2024-07-20 02:00:00+00:00,2024-07-20 04:00:00+00:00,nearest_neighbor,3,669b2bd8c7250ec426d97784,2024-07-20 04:09:18.535339+00:00,2024-07-20 06:13:33.343000+00:00,True,True,0.0,3.3956493454740526,3.741323066591175
2024-07-20 02:00:00+00:00,2024-07-20 04:00:00+00:00,nearest_neighbor,4,669b2de9c7250ec426d977cf,2024-07-20 04:13:19.619587+00:00,2024-07-20 06:15:47.753000+00:00,True,True,0.0,3.3376746982834065,4.018070805264691
2024-07-20 02:00:00+00:00,2024-07-20 04:00:00+00:00,nearest_neighbor,5,669b2f46c7250ec426d9782e,2024-07-20 04:17:20.678649+00:00,2024-07-20 06:27:32.413000+00:00,True,True,0.0,3.20251103507616,4.017651025293034
2024-07-20 02:00:00+00:00,2024-07-20 04:00:00+00:00,nearest_neighbor,6,669b347cc7250ec426d984fd,2024-07-20 04:26:08.250155+00:00,2024-07-20 06:51:21.183000+00:00,True,True,0.0,7.685310235075764,8.792858434897456
2024-07-20 02:00:00+00:00,2024-07-20 04:00:00+00:00,nearest_neighbor,7,669b3249c7250ec426d9840b,2024-07-20 04:29:45.646780+00:00,2024-07-20 06:40:41.332000+00:00,True,True,0.0,3.012800534098662,3.623277091039232
2024-07-20 02:00:00+00:00,2024-07-20 04:00:00+00:00,nearest_neighbor,8,669b3033c7250ec426d97bf1,2024-07-20 04:38:35.740907+00:00,2024-07-20 06:30:50.632000+00:00,True,True,0.0,9.15126317817203,8.834902116392971
2024-07-20 02:00:00+00:00,2024-07-20 04:00:00+00:00,nearest_neighbor,9,669b318cc7250ec426d983a7,2024-07-20 04:54:44.622599+00:00,2024-07-20 06:36:33.297000+00:00,True,True,0.0,15.417228483365816,16.14802820337949
2024-07-20 02:00:00+00:00,2024-07-20 04:00:00+00:00,nearest_neighbor,10,669b329fc7250ec426d98434,2024-07-20 05:16:15.928444+00:00,2024-07-20 06:43:21.973000+00:00,True,True,0.0,20.43513368439446,21.5217640811415
2024-07-20 02:00:00+00:00,2024-07-20 04:00:00+00:00,priority_nearest_neighbor,1,669b2bd8c7250ec426d97784,2024-07-20 04:03:59.427761+00:00,2024-07-20 06:13:33.343000+00:00,True,True,0.0,3.9399877781871084,3.9904626818510094
2024-07-20 02:00:00+00:00,2024-07-20 04:00:00+00:00,priority_nearest_neighbor,2,669b2de9c7250ec426d977cf,2024-07-20 04:08:00.512009+00:00,2024-07-20 06:15:47.753000+00:00,True,True,0.0,3.3376746982834065,4.018070805264691
2024-07-20 02:00:00+00:00,2024-07-20 04:00:00+00:00,priority_nearest_neighbor,3,669b2f46c7250ec426d9782e,2024-07-20 04:12:01.571071+00:00,2024-07-20 06:27:32.413000+00:00,True,True,0.0,3.20251103507616,4.017651025293034
2024-07-20 02:00:00+00:00,2024-07-20 04:00:00+00:00,priority_nearest_neighbor,4,669b30b2c7250ec426d97fa4,2024-07-20 04:19:01.390941+00:00,2024-07-20 06:34:36.342000+00:00,True,True,0.0,6.099178448225023,6.996997838374473
2024-07-20 02:00:00+00:00,2024-07-20 04:00:00+00:00,priority_nearest_neighbor,5,669b3571c7250ec426d98692,2024-07-20 04:20:56.394328+00:00,2024-07-20 06:54:05.328000+00:00,True,True,0.0,1.5521478068216659,1.9167231206973065
2024-07-20 02:00:00+00:00,2024-07-20 04:00:00+00:00,priority_nearest_neighbor,6,669b3033c7250ec426d97bf1,2024-07-20 04:29:26.112216+00:00,2024-07-20 06:30:50.632000+00:00,True,True,0.0,7.730261063577576,8.495298134080027
2024-07-20 02:00:00+00:00,2024-07-20 04:00:00+00:00,priority_nearest_neighbor,7,669b347cc7250ec426d984fd,2024-07-20 04:34:29.814233+00:00,2024-07-20 06:51:21.183000+00:00,True,True,0.0,6.00475094772333,5.061700290241187
2024-07-20 02:00:00+00:00,2024-07-20 04:00:00+00:00,priority_nearest_neighbor,8,669b3249c7250ec426d9840b,2024-07-20 04:38:07.210858+00:00,2024-07-20 06:40:41.332000+00:00,True,True,0.0,3.012800534098662,3.623277091039232
2024-07-20 02:00:00+00:00,2024-07-20 04:00:00+00:00,priority_nearest_neighbor,9,669b318cc7250ec426d983a7,2024-07-20 04:54:59.287716+00:00,2024-07-20 06:36:33.297000+00:00,True,True,0.0,15.352406013683172,16.867947632111665
2024-07-20 02:00:00+00:00,2024-07-20 04:00:00+00:00,priority_nearest_neighbor,10,669b329fc7250ec426d98434,2024-07-20 05:16:30.593561+00:00,2024-07-20 06:43:21.973000+00:00,True,True,0.0,20.43513368439446,21.5217640811415
2024-07-20 02:00:00+00:00,2024-07-20 04:00:00+00:00,clarke_wright,1,669b3033c7250ec426d97bf1,2024-07-20 04:06:52.433659+00:00,2024-07-20 06:30:50.632000+00:00,True,True,0.0,6.639940045022255,6.873894322287085
2024-07-20 02:00:00+00:00,2024-07-20 04:00:00+00:00,clarke_wright,2,669b347cc7250ec426d984fd,2024-07-20 04:11:56.135676+00:00,2024-07-20 06:51:21.183000+00:00,True,True,0.0,6.00475094772333,5.061700290241187
2024-07-20 02:00:00+00:00,2024-07-20 04:00:00+00:00,clarke_wright,3,669b3249c7250ec426d9840b,2024-07-20 04:15:33.532301+00:00,2024-07-20 06:40:41.332000+00:00,True,True,0.0,3.012800534098662,3.623277091039232
2024-07-20 02:00:00+00:00,2024-07-20 04:00:00+00:00,clarke_wright,4,669b2f46c7250ec426d9782e,2024-07-20 04:26:02.072684+00:00,2024-07-20 06:27:32.413000+00:00,True,True,0.0,8.785289037136812,10.475673051654695
2024-07-20 02:00:00+00:00,2024-07-20 04:00:00+00:00,clarke_wright,5,669b2de9c7250ec426d977cf,2024-07-20 04:30:04.291506+00:00,2024-07-20 06:15:47.753000+00:00,True,True,0.0,3.181419712486203,4.036980360878559
2024-07-20 02:00:00+00:00,2024-07-20 04:00:00+00:00,clarke_wright,6,669b318cc7250ec426d983a7,2024-07-20 04:38:59.461558+00:00,2024-07-20 06:36:33.297000+00:00,True,True,0.0,7.769821745792787,8.91950086898882
2024-07-20 02:00:00+00:00,2024-07-20 04:00:00+00:00,clarke_wright,7,669b329fc7250ec426d98434,2024-07-20 05:00:30.767403+00:00,2024-07-20 06:43:21.973000+00:00,True,True,0.0,20.43513368439446,21.5217640811415
2024-07-20 02:00:00+00:00,2024-07-20 04:00:00+00:00,clarke_wright,8,669b2bd8c7250ec426d97784,2024-07-20 05:23:13.885500+00:00,2024-07-20 06:13:33.343000+00:00,True,True,0.0,21.742690965086947,22.71863494313093
2024-07-20 02:00:00+00:00,2024-07-20 04:00:00+00:00,clarke_wright,9,669b30b2c7250ec426d97fa4,2024-07-20 05:27:31.620259+00:00,2024-07-20 06:34:36.342000+00:00,True,True,0.0,3.683963841978024,4.29557932450247
2024-07-20 02:00:00+00:00,2024-07-20 04:00:00+00:00,clarke_wright,10,669b3571c7250ec426d98692,2024-07-20 05:29:26.623646+00:00,2024-07-20 06:54:05.328000+00:00,True,True,0.0,1.5521478068216659,1.9167231206973065
2024-07-21 20:00:00+00:00,2024-07-21 22:00:00+00:00,nearest_neighbor,1,669d69dbc7250ec426d9c993,2024-07-21 22:00:50.734838+00:00,2024-07-22 08:00:00+00:00,True,True,0.0,0.6823740235780993,0.8455806294690743
2024-07-21 20:00:00+00:00,2024-07-21 22:00:00+00:00,nearest_neighbor,2,669d68dec7250ec426d9c98a,2024-07-21 22:02:27.242833+00:00,2024-07-22 08:00:00+00:00,True,True,0.0,1.4367765511655752,1.6084665778285334
2024-07-21 20:00:00+00:00,2024-07-21 22:00:00+00:00,nearest_neighbor,3,669d6ac7c7250ec426d9c99c,2024-07-21 22:05:29.744822+00:00,2024-07-22 08:00:00+00:00,True,True,0.0,2.8356035380823106,3.041699822256265
2024-07-21 20:00:00+00:00,2024-07-21 22:00:00+00:00,nearest_neighbor,4,669d6e61c7250ec426d9c9c0,2024-07-21 22:14:06.250997+00:00,2024-07-22 08:00:00+00:00,True,True,0.0,7.8946788393847385,8.608436254657564
2024-07-21 20:00:00+00:00,2024-07-21 22:00:00+00:00,nearest_neighbor,5,669d6c35c7250ec426d9c9ae,2024-07-21 22:24:11.199223+00:00,2024-07-22 08:00:00+00:00,True,True,0.0,8.770723914971393,10.082470434808279
2024-07-21 20:00:00+00:00,2024-07-21 22:00:00+00:00,nearest_neighbor,6,669d6baec7250ec426d9c9a5,2024-07-21 22:32:16.790518+00:00,2024-07-22 08:00:00+00:00,True,True,0.0,6.611863815165698,8.09318824390047
2024-07-21 20:00:00+00:00,2024-07-21 22:00:00+00:00,nearest_neighbor,7,669d6d63c7250ec426d9c9b7,2024-07-21 22:55:54.945989+00:00,2024-07-22 08:00:00+00:00,True,True,0.0,21.27322780273669,23.635924509327136
2024-07-21 20:00:00+00:00,2024-07-21 22:00:00+00:00,nearest_neighbor,8,669d6f47c7250ec426d9c9c9,2024-07-21 22:58:08.424141+00:00,2024-07-22 08:00:00+00:00,True,True,0.0,1.7751217685173017,2.224635867402318
2024-07-21 20:00:00+00:00,2024-07-21 22:00:00+00:00,priority_nearest_neighbor,1,669d69dbc7250ec426d9c993,2024-07-21 22:00:50.734838+00:00,2024-07-22 08:00:00+00:00,True,True,0.0,0.6823740235780993,0.8455806294690743
2024-07-21 20:00:00+00:00,2024-07-21 22:00:00+00:00,priority_nearest_neighbor,2,669d68dec7250ec426d9c98a,2024-07-21 22:02:27.242833+00:00,2024-07-22 08:00:00+00:00,True,True,0.0,1.4367765511655752,1.6084665778285334
2024-07-21 20:00:00+00:00,2024-07-21 22:00:00+00:00,priority_nearest_neighbor,3,669d6ac7c7250ec426d9c99c,2024-07-21 22:05:29.744822+00:00,2024-07-22 08:00:00+00:00,True,True,0.0,2.8356035380823106,3.041699822256265
2024-07-21 20:00:00+00:00,2024-07-21 22:00:00+00:00,priority_nearest_neighbor,4,669d6e61c7250ec426d9c9c0,2024-07-21 22:14:06.250997+00:00,2024-07-22 08:00:00+00:00,True,True,0.0,7.8946788393847385,8.608436254657564
2024-07-21 20:00:00+00:00,2024-07-21 22:00:00+00:00,priority_nearest_neighbor,5,669d6c35c7250ec426d9c9ae,2024-07-21 22:24:11.199223+00:00,2024-07-22 08:00:00+00:00,True,True,0.0,8.770723914971393,10.082470434808279
2024-07-21 20:00:00+00:00,2024-07-21 22:00:00+00:00,priority_nearest_neighbor,6,669d6baec7250ec426d9c9a5,2024-07-21 22:32:16.790518+00:00,2024-07-22 08:00:00+00:00,True,True,0.0,6.611863815165698,8.09318824390047
2024-07-21 20:00:00+00:00,2024-07-21 22:00:00+00:00,priority_nearest_neighbor,7,669d6d63c7250ec426d9c9b7,2024-07-21 22:55:54.945989+00:00,2024-07-22 08:00:00+00:00,True,True,0.0,21.27322780273669,23.635924509327136
2024-07-21 20:00:00+00:00,2024-07-21 22:00:00+00:00,priority_nearest_neighbor,8,669d6f47c7250ec426d9c9c9,2024-07-21 22:58:08.424141+00:00,2024-07-22 08:00:00+00:00,True,True,0.0,1.7751217685173017,2.224635867402318
2024-07-21 20:00:00+00:00,2024-07-21 22:00:00+00:00,clarke_wright,1,669d68dec7250ec426d9c98a,2024-07-21 22:01:26.331404+00:00,2024-07-22 08:00:00+00:00,True,True,0.0,1.2213578609475684,1.4388567300098416
2024-07-21 20:00:00+00:00,2024-07-21 22:00:00+00:00,clarke_wright,2,669d6d63c7250ec426d9c9b7,2024-07-21 22:09:34.395868+00:00,2024-07-22 08:00:00+00:00,True,True,0.0,7.292165596679957,8.134407736503519
2024-07-21 20:00:00+00:00,2024-07-21 22:00:00+00:00,clarke_wright,3,669d6f47c7250ec426d9c9c9,2024-07-21 22:11:47.874020+00:00,2024-07-22 08:00:00+00:00,True,True,0.0,1.7751217685173017,2.224635867402318
2024-07-21 20:00:00+00:00,2024-07-21 22:00:00+00:00,clarke_wright,4,669d6ac7c7250ec426d9c99c,2024-07-21 22:23:01.809017+00:00,2024-07-22 08:00:00+00:00,True,True,0.0,9.845500587270637,11.232249947165009
2024-07-21 20:00:00+00:00,2024-07-21 22:00:00+00:00,clarke_wright,5,669d6c35c7250ec426d9c9ae,2024-07-21 22:36:59.037873+00:00,2024-07-22 08:00:00+00:00,True,True,0.0,12.286132078879024,13.95381427013544
2024-07-21 20:00:00+00:00,2024-07-21 22:00:00+00:00,clarke_wright,6,669d6baec7250ec426d9c9a5,2024-07-21 22:45:04.629168+00:00,2024-07-22 08:00:00+00:00,True,True,0.0,6.611863815165698,8.09318824390047
2024-07-21 20:00:00+00:00,2024-07-21 22:00:00+00:00,clarke_wright,7,669d6e61c7250ec426d9c9c0,2024-07-21 22:55:38.240321+00:00,2024-07-22 08:00:00+00:00,True,True,0.0,9.232743892492184,10.560185889693177
2024-07-21 20:00:00+00:00,2024-07-21 22:00:00+00:00,clarke_wright,8,669d69dbc7250ec426d9c993,2024-07-21 23:01:37.347453+00:00,2024-07-22 08:00:00+00:00,True,True,0.0,5.226518288572956,5.985118874112811
2024-07-22 02:00:00+00:00,2024-07-22 04:00:00+00:00,nearest_neighbor,1,669dc9aec7250ec426d9d1fe,2024-07-22 04:05:57.785071+00:00,2024-07-22 05:46:03.797000+00:00,True,True,0.0,5.371272466952603,5.963084518935906
2024-07-22 02:00:00+00:00,2024-07-22 04:00:00+00:00,nearest_neighbor,2,669dd72bc7250ec426d9d692,2024-07-22 04:14:14.618617+00:00,2024-07-22 10:00:00+00:00,True,True,0.0,7.190005171997325,8.280559097604
2024-07-22 02:00:00+00:00,2024-07-22 04:00:00+00:00,nearest_neighbor,3,669dce9dc7250ec426d9d312,2024-07-22 04:27:50.132858+00:00,2024-07-22 13:00:00+00:00,True,True,0.0,13.599192306591885,13.59190402468934
2024-07-22 02:00:00+00:00,2024-07-22 04:00:00+00:00,nearest_neighbor,4,669dd6e2c7250ec426d9d676,2024-07-22 04:37:03.914894+00:00,2024-07-22 06:40:26.208000+00:00,True,True,0.0,8.78879065536983,9.229700604497927
2024-07-22 02:00:00+00:00,2024-07-22 04:00:00+00:00,nearest_neighbor,5,669dcd0ec7250ec426d9d29c,2024-07-22 04:40:54.782643+00:00,2024-07-22 06:06:16.005000+00:00,True,True,0.0,3.281906618991228,3.847795820221042
2024-07-22 02:00:00+00:00,2024-07-22 04:00:00+00:00,nearest_neighbor,6,669dd080c7250ec426d9d379,2024-07-22 04:48:44.149797+00:00,2024-07-22 06:16:05.993000+00:00,True,True,0.0,7.410729507850686,7.822785902478384
2024-07-22 02:00:00+00:00,2024-07-22 04:00:00+00:00,nearest_neighbor,7,669dd885c7250ec426d9d754,2024-07-22 04:56:56.336633+00:00,2024-07-22 10:00:00+00:00,True,True,0.0,7.1396800405469145,8.203113936972008
2024-07-22 02:00:00+00:00,2024-07-22 04:00:00+00:00,nearest_neighbor,8,669dd4bfc7250ec426d9d45c,2024-07-22 05:28:47.258601+00:00,2024-07-22 06:40:12.935000+00:00,True,True,0.0,30.61490608574861,31.848699470687112
2024-07-22 02:00:00+00:00,2024-07-22 04:00:00+00:00,priority_nearest_neighbor,1,669dc9aec7250ec426d9d1fe,2024-07-22 04:05:57.785071+00:00,2024-07-22 05:46:03.797000+00:00,True,True,0.0,5.371272466952603,5.963084518935906
2024-07-22 02:00:00+00:00,2024-07-22 04:00:00+00:00,priority_nearest_neighbor,2,669dcd0ec7250ec426d9d29c,2024-07-22 04:19:27.984636+00:00,2024-07-22 06:06:16.005000+00:00,True,True,0.0,12.323034461514522,13.50332607676904
2024-07-22 02:00:00+00:00,2024-07-22 04:00:00+00:00,priority_nearest_neighbor,3,669dd080c7250ec426d9d379,2024-07-22 04:27:17.351790+00:00,2024-07-22 06:16:05.993000+00:00,True,True,0.0,7.410729507850686,7.822785902478384
2024-07-22 02:00:00+00:00,2024-07-22 04:00:00+00:00,priority_nearest_neighbor,4,669dd6e2c7250ec426d9d676,2024-07-22 04:36:22.524324+00:00,2024-07-22 06:40:26.208000+00:00,True,True,0.0,7.883602424954079,9.086208903887785
2024-07-22 02:00:00+00:00,2024-07-22 04:00:00+00:00,priority_nearest_neighbor,5,669dce9dc7250ec426d9d312,2024-07-22 04:46:10.913037+00:00,2024-07-22 13:00:00+00:00,True,True,0.0,9.500953978123812,9.806478548974924
2024-07-22 02:00:00+00:00,2024-07-22 04:00:00+00:00,priority_nearest_neighbor,6,669dd4bfc7250ec426d9d45c,2024-07-22 05:03:58.571071+00:00,2024-07-22 06:40:12.935000+00:00,True,True,0.0,15.905404422143103,17.794300563211515
2024-07-22 02:00:00+00:00,2024-07-22 04:00:00+00:00,priority_nearest_neighbor,7,669dd72bc7250ec426d9d692,2024-07-22 05:26:45.805796+00:00,2024-07-22 10:00:00+00:00,True,True,0.0,21.797907212714982,22.78724541273197
2024-07-22 02:00:00+00:00,2024-07-22 04:00:00+00:00,priority_nearest_neighbor,8,669dd885c7250ec426d9d754,2024-07-22 05:53:19.326485+00:00,2024-07-22 10:00:00+00:00,True,True,0.0,24.076230735651155,26.55867814944784
2024-07-22 02:00:00+00:00,2024-07-22 04:00:00+00:00,clarke_wright,1,669dc9aec7250ec426d9d1fe,2024-07-22 04:05:57.785071+00:00,2024-07-22 05:46:03.797000+00:00,True,True,0.0,5.371272466952603,5.963084518935906
2024-07-22 02:00:00+00:00,2024-07-22 04:00:00+00:00,clarke_wright,2,669dd72bc7250ec426d9d692,2024-07-22 04:14:14.618617+00:00,2024-07-22 10:00:00+00:00,True,True,0.0,7.190005171997325,8.280559097604
2024-07-22 02:00:00+00:00,2024-07-22 04:00:00+00:00,clarke_wright,3,669dd4bfc7250ec426d9d45c,2024-07-22 04:37:42.137862+00:00,2024-07-22 06:40:12.935000+00:00,True,True,0.0,21.705199502333897,23.45865407651416
2024-07-22 02:00:00+00:00,2024-07-22 04:00:00+00:00,clarke_wright,4,669dce9dc7250ec426d9d312,2024-07-22 04:54:38.581589+00:00,2024-07-22 13:00:00+00:00,True,True,0.0,15.775852888131732,16.94072877742767
2024-07-22 02:00:00+00:00,2024-07-22 04:00:00+00:00,clarke_wright,5,669dd080c7250ec426d9d379,2024-07-22 05:07:52.688756+00:00,2024-07-22 06:16:05.993000+00:00,True,True,0.0,12.543020815995332,13.235119453417589
2024-07-22 02:00:00+00:00,2024-07-22 04:00:00+00:00,clarke_wright,6,669dd885c7250ec426d9d754,2024-07-22 05:16:04.875592+00:00,2024-07-22 10:00:00+00:00,True,True,0.0,7.1396800405469145,8.203113936972008
2024-07-22 02:00:00+00:00,2024-07-22 04:00:00+00:00,clarke_wright,7,669dcd0ec7250ec426d9d29c,2024-07-22 05:27:49.648372+00:00,2024-07-22 06:06:16.005000+00:00,True,True,0.0,11.107568410219358,11.74621299721656
2024-07-22 02:00:00+00:00,2024-07-22 04:00:00+00:00,clarke_wright,8,669dd6e2c7250ec426d9d676,2024-07-22 05:31:39.591075+00:00,2024-07-22 06:40:26.208000+00:00,True,True,0.0,3.26987987441644,3.8323783885493663
2024-07-22 04:00:00+00:00,2024-07-22 06:00:00+00:00,nearest_neighbor,1,669de96ac7250ec426d9e048,2024-07-22 06:00:54.988864+00:00,2024-07-22 07:41:29.822000+00:00,True,True,0.0,0.7010889401999238,0.9164810704413078
2024-07-22 04:00:00+00:00,2024-07-22 06:00:00+00:00,nearest_neighbor,2,669de086c7250ec426d9db0d,2024-07-22 06:02:55.407993+00:00,2024-07-22 07:29:02.158000+00:00,True,True,0.0,1.892606924029422,2.0069854820540494
2024-07-22 04:00:00+00:00,2024-07-22 06:00:00+00:00,nearest_neighbor,3,669deb4dc7250ec426d9e1f7,2024-07-22 06:06:58.638263+00:00,2024-07-22 08:14:58.440000+00:00,True,True,0.0,3.489597476698869,4.053837837737425
2024-07-22 04:00:00+00:00,2024-07-22 06:00:00+00:00,nearest_neighbor,4,669ddeb6c7250ec426d9da1a,2024-07-22 06:11:41.964368+00:00,2024-07-22 07:20:12.438000+00:00,True,True,0.0,4.439550095377941,4.722101755035074
2024-07-22 04:00:00+00:00,2024-07-22 06:00:00+00:00,nearest_neighbor,5,669df050c7250ec426d9e3ba,2024-07-22 06:18:40.182242+00:00,2024-07-22 12:00:00+00:00,True,True,0.0,7.491171086125849,6.970297894389405
2024-07-22 04:00:00+00:00,2024-07-22 06:00:00+00:00,nearest_neighbor,6,669ddde8c7250ec426d9d96d,2024-07-22 06:29:15.508780+00:00,2024-07-22 07:18:11.626000+00:00,True,True,0.0,10.75762257883725,10.588775634457722
2024-07-22 04:00:00+00:00,2024-07-22 06:00:00+00:00,nearest_neighbor,7,669de6b6c7250ec426d9de35,2024-07-22 06:39:38.252187+00:00,2024-07-22 07:56:01.262000+00:00,True,True,0.0,9.832770782302946,10.37905678768534
2024-07-22 04:00:00+00:00,2024-07-22 06:00:00+00:00,nearest_neighbor,8,669de9f6c7250ec426d9e0d7,2024-07-22 06:44:20.730294+00:00,2024-07-22 08:09:51.257000+00:00,True,True,0.0,3.905096655296067,4.7079684539240025
2024-07-22 04:00:00+00:00,2024-07-22 06:00:00+00:00,nearest_neighbor,9,669ddf84c7250ec426d9da50,2024-07-22 06:47:50.026532+00:00,2024-07-22 07:24:11.760000+00:00,True,True,0.0,3.0906173208875054,3.488270639763907
2024-07-22 04:00:00+00:00,2024-07-22 06:00:00+00:00,nearest_neighbor,10,669de13ec7250ec426d9db24,2024-07-22 06:56:03.176094+00:00,2024-07-22 07:32:00.092000+00:00,True,True,0.0,6.707971005870947,8.219159361928783
2024-07-22 04:00:00+00:00,2024-07-22 06:00:00+00:00,priority_nearest_neighbor,1,669de086c7250ec426d9db0d,2024-07-22 06:01:46.873678+00:00,2024-07-22 07:29:02.158000+00:00,True,True,0.0,1.5619396221703494,1.781227966094812
2024-07-22 04:00:00+00:00,2024-07-22 06:00:00+00:00,priority_nearest_neighbor,2,669ddde8c7250ec426d9d96d,2024-07-22 06:08:09.745897+00:00,2024-07-22 07:18:11.626000+00:00,True,True,0.0,5.834117330629983,6.381203647864877
2024-07-22 04:00:00+00:00,2024-07-22 06:00:00+00:00,priority_nearest_neighbor,3,669ddeb6c7250ec426d9da1a,2024-07-22 06:17:33.345224+00:00,2024-07-22 07:20:12.438000+00:00,True,True,0.0,8.170343943028923,9.393322111658051
2024-07-22 04:00:00+00:00,2024-07-22 06:00:00+00:00,priority_nearest_neighbor,4,669ddf84c7250ec426d9da50,2024-07-22 06:31:10.618607+00:00,2024-07-22 07:24:11.760000+00:00,True,True,0.0,13.034769571706157,13.621223041674684
2024-07-22 04:00:00+00:00,2024-07-22 06:00:00+00:00,priority_nearest_neighbor,5,669de13ec7250ec426d9db24,2024-07-22 06:39:23.768169+00:00,2024-07-22 07:32:00.092000+00:00,True,True,0.0,6.707971005870947,8.219159361928783
2024-07-22 04:00:00+00:00,2024-07-22 06:00:00+00:00,priority_nearest_neighbor,6,669de6b6c7250ec426d9de35,2024-07-22 06:44:08.574684+00:00,2024-07-22 07:56:01.262000+00:00,True,True,0.0,4.002777175272926,4.746775248915781
2024-07-22 04:00:00+00:00,2024-07-22 06:00:00+00:00,priority_nearest_neighbor,7,669de96ac7250ec426d9e048,2024-07-22 06:53:41.349078+00:00,2024-07-22 07:41:29.822000+00:00,True,True,0.0,8.260973149676635,9.546239900559552
2024-07-22 04:00:00+00:00,2024-07-22 06:00:00+00:00,priority_nearest_neighbor,8,669deb4dc7250ec426d9e1f7,2024-07-22 06:55:52.763435+00:00,2024-07-22 08:14:58.440000+00:00,True,True,0.0,1.9223660620923357,2.1902392842170704
2024-07-22 04:00:00+00:00,2024-07-22 06:00:00+00:00,priority_nearest_neighbor,9,669de9f6c7250ec426d9e0d7,2024-07-22 07:02:53.626666+00:00,2024-07-22 08:09:51.257000+00:00,True,True,0.0,6.526057234491445,7.014387181375317
2024-07-22 04:00:00+00:00,2024-07-22 06:00:00+00:00,priority_nearest_neighbor,10,669df050c7250ec426d9e3ba,2024-07-22 07:18:56.080516+00:00,2024-07-22 12:00:00+00:00,True,True,0.0,17.074083906388985,16.040897501514102
2024-07-22 04:00:00+00:00,2024-07-22 06:00:00+00:00,clarke_wright,1,669ddde8c7250ec426d9d96d,2024-07-22 06:06:45.794514+00:00,2024-07-22 07:18:11.626000+00:00,True,True,0.0,6.129359993994684,6.763241897618881
2024-07-22 04:00:00+00:00,2024-07-22 06:00:00+00:00,clarke_wright,2,669df050c7250ec426d9e3ba,2024-07-22 06:17:06.014250+00:00,2024-07-22 12:00:00+00:00,True,True,0.0,10.525590474311617,10.336995595035207
2024-07-22 04:00:00+00:00,2024-07-22 06:00:00+00:00,clarke_wright,3,669ddeb6c7250ec426d9da1a,2024-07-22 06:26:05.487734+00:00,2024-07-22 07:20:12.438000+00:00,True,True,0.0,8.928527760372145,8.991224735327455
2024-07-22 04:00:00+00:00,2024-07-22 06:00:00+00:00,clarke_wright,4,669de086c7250ec426d9db0d,2024-07-22 06:31:35.378163+00:00,2024-07-22 07:29:02.158000+00:00,True,True,0.0,5.105512969323598,5.498173809964341
2024-07-22 04:00:00+00:00,2024-07-22 06:00:00+00:00,clarke_wright,5,669de6b6c7250ec426d9de35,2024-07-22 06:38:38.719023+00:00,2024-07-22 07:56:01.262000+00:00,True,True,0.0,6.440679688698803,7.055680997418359
2024-07-22 04:00:00+00:00,2024-07-22 06:00:00+00:00,clarke_wright,6,669de13ec7250ec426d9db24,2024-07-22 06:44:15.324620+00:00,2024-07-22 07:32:00.092000+00:00,True,True,0.0,4.756784858576174,5.610093281410241
2024-07-22 04:00:00+00:00,2024-07-22 06:00:00+00:00,clarke_wright,7,669ddf84c7250ec426d9da50,2024-07-22 06:52:28.768736+00:00,2024-07-22 07:24:11.760000+00:00,True,True,0.0,6.695023134520948,8.224068606914058
2024-07-22 04:00:00+00:00,2024-07-22 06:00:00+00:00,clarke_wright,8,669de9f6c7250ec426d9e0d7,2024-07-22 06:55:55.449572+00:00,2024-07-22 08:09:51.257000+00:00,True,True,0.0,3.0626185709003617,3.444680596611771
2024-07-22 04:00:00+00:00,2024-07-22 06:00:00+00:00,clarke_wright,9,669deb4dc7250ec426d9e1f7,2024-07-22 07:02:43.027575+00:00,2024-07-22 08:14:58.440000+00:00,True,True,0.0,6.547235989585565,6.792966715887392
2024-07-22 04:00:00+00:00,2024-07-22 06:00:00+00:00,clarke_wright,10,669de96ac7250ec426d9e048,2024-07-22 07:05:12.502315+00:00,2024-07-22 07:41:29.822000+00:00,True,True,0.0,2.1336753074024037,2.4912456738735815
2024-07-23 02:00:00+00:00,2024-07-23 04:00:00+00:00,nearest_neighbor,1,669f1959c7250ec426da1416,2024-07-23 04:00:52.160727+00:00,2024-07-23 09:00:00+00:00,True,True,0.0,0.6639912176718646,0.8693454532763634
2024-07-23 02:00:00+00:00,2024-07-23 04:00:00+00:00,nearest_neighbor,2,669f18fcc7250ec426da1406,2024-07-23 04:02:12.431178+00:00,2024-07-23 05:40:30.947000+00:00,True,True,0.0,1.0206635252088776,1.337840847752864
2024-07-23 02:00:00+00:00,2024-07-23 04:00:00+00:00,nearest_neighbor,3,669f1c06c7250ec426da1813,2024-07-23 04:06:07.590490+00:00,2024-07-23 05:54:58.980000+00:00,True,True,0.0,3.371571734410917,3.9193218743102856
2024-07-23 02:00:00+00:00,2024-07-23 04:00:00+00:00,nearest_neighbor,4,669f1e6bc7250ec426da1f9d,2024-07-23 04:09:20.147155+00:00,2024-07-23 06:06:07.900000+00:00,True,True,0.0,2.660001462713698,3.2092777578730605
2024-07-23 02:00:00+00:00,2024-07-23 04:00:00+00:00,nearest_neighbor,5,669f1b7fc7250ec426da145f,2024-07-23 04:11:07.097154+00:00,2024-07-23 05:53:30.426000+00:00,True,True,0.0,1.4294935715211698,1.782499976243769
2024-07-23 02:00:00+00:00,2024-07-23 04:00:00+00:00,nearest_neighbor,6,669f0ff4c7250ec426da1380,2024-07-23 04:17:33.768069+00:00,2024-07-23 05:03:26.785000+00:00,True,True,0.0,5.491497541738014,6.44451525402015
2024-07-23 02:00:00+00:00,2024-07-23 04:00:00+00:00,nearest_neighbor,7,669f1a9ec7250ec426da144a,2024-07-23 04:25:25.317356+00:00,2024-07-23 05:50:02.612000+00:00,True,True,0.0,6.774809600171998,7.859154777221137
2024-07-23 02:00:00+00:00,2024-07-23 04:00:00+00:00,nearest_neighbor,8,669f1d91c7250ec426da1f81,2024-07-23 04:30:35.735202+00:00,2024-07-23 06:00:10.363000+00:00,True,True,0.0,4.100920747209901,5.173630774545758
2024-07-23 02:00:00+00:00,2024-07-23 04:00:00+00:00,nearest_neighbor,9,669f1c5fc7250ec426da1bc3,2024-07-23 04:40:20.959168+00:00,2024-07-23 05:57:14.197000+00:00,True,True,0.0,8.072300384058739,9.75373277341407
2024-07-23 02:00:00+00:00,2024-07-23 04:00:00+00:00,nearest_neighbor,10,669f1e12c7250ec426da1f92,2024-07-23 04:46:22.921313+00:00,2024-07-23 06:04:04.322000+00:00,True,True,0.0,4.8743486887756236,6.03270240992278
2024-07-23 02:00:00+00:00,2024-07-23 04:00:00+00:00,nearest_neighbor,11,669f18f0c7250ec426da13ff,2024-07-23 04:59:57.558499+00:00,2024-07-23 09:00:00+00:00,True,True,0.0,12.847850216151041,13.577286429837844
2024-07-23 02:00:00+00:00,2024-07-23 04:00:00+00:00,priority_nearest_neighbor,1,669f0ff4c7250ec426da1380,2024-07-23 04:05:23.047106+00:00,2024-07-23 05:03:26.785000+00:00,True,True,0.0,5.241060851208344,5.38411842739625
2024-07-23 02:00:00+00:00,2024-07-23 04:00:00+00:00,priority_nearest_neighbor,2,669f18fcc7250ec426da1406,2024-07-23 04:12:36.958815+00:00,2024-07-23 05:40:30.947000+00:00,True,True,0.0,6.6434149016166275,7.231861813206601
2024-07-23 02:00:00+00:00,2024-07-23 04:00:00+00:00,priority_nearest_neighbor,3,669f1c06c7250ec426da1813,2024-07-23 04:16:32.118127+00:00,2024-07-23 05:54:58.980000+00:00,True,True,0.0,3.371571734410917,3.9193218743102856
2024-07-23 02:00:00+00:00,2024-07-23 04:00:00+00:00,priority_nearest_neighbor,4,669f1b7fc7250ec426da145f,2024-07-23 04:20:09.159839+00:00,2024-07-23 05:53:30.426000+00:00,True,True,0.0,3.2016859466237064,3.6173618596225006
2024-07-23 02:00:00+00:00,2024-07-23 04:00:00+00:00,priority_nearest_neighbor,5,669f1e6bc7250ec426da1f9d,2024-07-23 04:21:56.050411+00:00,2024-07-23 06:06:07.900000+00:00,True,True,0.0,1.4294935715211698,1.7815095349279735
2024-07-23 02:00:00+00:00,2024-07-23 04:00:00+00:00,priority_nearest_neighbor,6,669f1e12c7250ec426da1f92,2024-07-23 04:30:07.359617+00:00,2024-07-23 06:04:04.322000+00:00,True,True,0.0,7.430303155223051,8.18848677476028
2024-07-23 02:00:00+00:00,2024-07-23 04:00:00+00:00,priority_nearest_neighbor,7,669f1c5fc7250ec426da1bc3,2024-07-23 04:35:51.965271+00:00,2024-07-23 05:57:14.197000+00:00,True,True,0.0,4.807226865895017,5.743427569915796
2024-07-23 02:00:00+00:00,2024-07-23 04:00:00+00:00,priority_nearest_neighbor,8,669f1d91c7250ec426da1f81,2024-07-23 04:45:36.112121+00:00,2024-07-23 06:00:10.363000+00:00,True,True,0.0,8.062389527013925,9.73578082793772
2024-07-23 02:00:00+00:00,2024-07-23 04:00:00+00:00,priority_nearest_neighbor,9,669f1a9ec7250ec426da144a,2024-07-23 04:50:41.328120+00:00,2024-07-23 05:50:02.612000+00:00,True,True,0.0,4.004523272262377,5.086933324282555
2024-07-23 02:00:00+00:00,2024-07-23 04:00:00+00:00,priority_nearest_neighbor,10,669f1959c7250ec426da1416,2024-07-23 05:02:38.467835+00:00,2024-07-23 09:00:00+00:00,True,True,0.0,10.531441662182827,11.952328576049432
2024-07-23 02:00:00+00:00,2024-07-23 04:00:00+00:00,priority_nearest_neighbor,11,669f18f0c7250ec426da13ff,2024-07-23 05:10:19.306646+00:00,2024-07-23 09:00:00+00:00,True,True,0.0,6.703763610170304,7.680646843518102
2024-07-23 02:00:00+00:00,2024-07-23 04:00:00+00:00,clarke_wright,1,669f1959c7250ec426da1416,2024-07-23 04:00:52.160727+00:00,2024-07-23 09:00:00+00:00,True,True,0.0,0.6639912176718646,0.8693454532763634
2024-07-23 02:00:00+00:00,2024-07-23 04:00:00+00:00,clarke_wright,2,669f18fcc7250ec426da1406,2024-07-23 04:02:12.431178+00:00,2024-07-23 05:40:30.947000+00:00,True,True,0.0,1.0206635252088776,1.337840847752864
2024-07-23 02:00:00+00:00,2024-07-23 04:00:00+00:00,clarke_wright,3,669f0ff4c7250ec426da1380,2024-07-23 04:07:50.296468+00:00,2024-07-23 05:03:26.785000+00:00,True,True,0.0,5.1840420684796396,5.631088170147435
2024-07-23 02:00:00+00:00,2024-07-23 04:00:00+00:00,clarke_wright,4,669f1a9ec7250ec426da144a,2024-07-23 04:15:41.845755+00:00,2024-07-23 05:50:02.612000+00:00,True,True,0.0,6.774809600171998,7.859154777221137
2024-07-23 02:00:00+00:00,2024-07-23 04:00:00+00:00,clarke_wright,5,669f1d91c7250ec426da1f81,2024-07-23 04:20:52.263601+00:00,2024-07-23 06:00:10.363000+00:00,True,True,0.0,4.100920747209901,5.173630774545758
2024-07-23 02:00:00+00:00,2024-07-23 04:00:00+00:00,clarke_wright,6,669f1c5fc7250ec426da1bc3,2024-07-23 04:30:37.487567+00:00,2024-07-23 05:57:14.197000+00:00,True,True,0.0,8.072300384058739,9.75373277341407
2024-07-23 02:00:00+00:00,2024-07-23 04:00:00+00:00,clarke_wright,7,669f1e12c7250ec426da1f92,2024-07-23 04:36:39.449712+00:00,2024-07-23 06:04:04.322000+00:00,True,True,0.0,4.8743486887756236,6.03270240992278
2024-07-23 02:00:00+00:00,2024-07-23 04:00:00+00:00,clarke_wright,8,669f1b7fc7250ec426da145f,2024-07-23 04:43:38.323224+00:00,2024-07-23 05:53:30.426000+00:00,True,True,0.0,6.251691889619657,6.981225196945262
2024-07-23 02:00:00+00:00,2024-07-23 04:00:00+00:00,clarke_wright,9,669f1e6bc7250ec426da1f9d,2024-07-23 04:45:25.213796+00:00,2024-07-23 06:06:07.900000+00:00,True,True,0.0,1.4294935715211698,1.7815095349279735
2024-07-23 02:00:00+00:00,2024-07-23 04:00:00+00:00,clarke_wright,10,669f1c06c7250ec426da1813,2024-07-23 04:47:30.373008+00:00,2024-07-23 05:54:58.980000+00:00,True,True,0.0,1.8404033010079697,2.0859868706186786
2024-07-23 02:00:00+00:00,2024-07-23 04:00:00+00:00,clarke_wright,11,669f18f0c7250ec426da13ff,2024-07-23 04:56:06.675924+00:00,2024-07-23 09:00:00+00:00,True,True,0.0,7.488571772880996,8.605048602923619
2024-07-23 04:00:00+00:00,2024-07-23 06:00:00+00:00,nearest_neighbor,1,669f2d22c7250ec426da2287,2024-07-23 06:02:32.437485+00:00,2024-07-23 07:08:47.883000+00:00,True,True,0.0,2.1436890764321874,2.540624753868548
2024-07-23 04:00:00+00:00,2024-07-23 06:00:00+00:00,nearest_neighbor,2,669f32b1c7250ec426da26d9,2024-07-23 06:05:04.440071+00:00,2024-07-23 07:32:56.358000+00:00,True,True,0.0,2.210668406791399,2.533376436177371
2024-07-23 04:00:00+00:00,2024-07-23 06:00:00+00:00,nearest_neighbor,3,669f2ddac7250ec426da2643,2024-07-23 06:10:43.496689+00:00,2024-07-23 07:11:44.466000+00:00,True,True,0.0,4.989993022599888,5.650943632692923
2024-07-23 04:00:00+00:00,2024-07-23 06:00:00+00:00,nearest_neighbor,4,669f338cc7250ec426da26ec,2024-07-23 06:30:33.694415+00:00,2024-07-23 07:35:25.235000+00:00,True,True,0.0,18.455686333177653,19.836628773296916
2024-07-23 04:00:00+00:00,2024-07-23 06:00:00+00:00,nearest_neighbor,5,669f376bc7250ec426da2855,2024-07-23 06:33:13.028466+00:00,2024-07-23 07:53:09.219000+00:00,True,True,0.0,2.0433224609646476,2.655567517605827
2024-07-23 04:00:00+00:00,2024-07-23 06:00:00+00:00,priority_nearest_neighbor,1,669f2d22c7250ec426da2287,2024-07-23 06:02:32.437485+00:00,2024-07-23 07:08:47.883000+00:00,True,True,0.0,2.1436890764321874,2.540624753868548
2024-07-23 04:00:00+00:00,2024-07-23 06:00:00+00:00,priority_nearest_neighbor,2,669f2ddac7250ec426da2643,2024-07-23 06:08:57.700977+00:00,2024-07-23 07:11:44.466000+00:00,True,True,0.0,5.823451181344633,6.421058198073696
2024-07-23 04:00:00+00:00,2024-07-23 06:00:00+00:00,priority_nearest_neighbor,3,669f32b1c7250ec426da26d9,2024-07-23 06:14:36.660499+00:00,2024-07-23 07:32:56.358000+00:00,True,True,0.0,4.959355609740364,5.649325360356385
2024-07-23 04:00:00+00:00,2024-07-23 06:00:00+00:00,priority_nearest_neighbor,4,669f338cc7250ec426da26ec,2024-07-23 06:30:32.381054+00:00,2024-07-23 07:35:25.235000+00:00,True,True,0.0,14.319247980350129,15.928675908764147
2024-07-23 04:00:00+00:00,2024-07-23 06:00:00+00:00,priority_nearest_neighbor,5,669f376bc7250ec426da2855,2024-07-23 06:33:11.715105+00:00,2024-07-23 07:53:09.219000+00:00,True,True,0.0,2.0433224609646476,2.655567517605827
2024-07-23 04:00:00+00:00,2024-07-23 06:00:00+00:00,clarke_wright,1,669f338cc7250ec426da26ec,2024-07-23 06:14:49.937662+00:00,2024-07-23 07:35:25.235000+00:00,True,True,0.0,14.176213530286017,14.832294374836334
2024-07-23 04:00:00+00:00,2024-07-23 06:00:00+00:00,clarke_wright,2,669f376bc7250ec426da2855,2024-07-23 06:17:29.271713+00:00,2024-07-23 07:53:09.219000+00:00,True,True,0.0,2.0433224609646476,2.655567517605827
2024-07-23 04:00:00+00:00,2024-07-23 06:00:00+00:00,clarke_wright,3,669f2d22c7250ec426da2287,2024-07-23 06:33:50.061780+00:00,2024-07-23 07:08:47.883000+00:00,True,True,0.0,13.840319586409885,16.346501110833255
2024-07-23 04:00:00+00:00,2024-07-23 06:00:00+00:00,clarke_wright,4,669f32b1c7250ec426da26d9,2024-07-23 06:36:22.064366+00:00,2024-07-23 07:32:56.358000+00:00,True,True,0.0,2.210668406791399,2.533376436177371
2024-07-23 04:00:00+00:00,2024-07-23 06:00:00+00:00,clarke_wright,5,669f2ddac7250ec426da2643,2024-07-23 06:42:01.120984+00:00,2024-07-23 07:11:44.466000+00:00,True,True,0.0,4.989993022599888,5.650943632692923
2024-07-23 16:00:00+00:00,2024-07-23 18:00:00+00:00,nearest_neighbor,1,669feb05c7250ec426da42b3,2024-07-23 18:02:07.195568+00:00,2024-07-24 08:00:00+00:00,True,True,0.0,1.9006377960781289,2.1199261400025917
2024-07-23 16:00:00+00:00,2024-07-23 18:00:00+00:00,nearest_neighbor,2,669fe7d5c7250ec426da42a1,2024-07-23 18:12:37.427811+00:00,2024-07-24 08:00:00+00:00,True,True,0.0,9.424405299130145,10.503870715133637
2024-07-23 16:00:00+00:00,2024-07-23 18:00:00+00:00,nearest_neighbor,3,669fe180c7250ec426da4287,2024-07-23 18:29:17.958377+00:00,2024-07-24 08:00:00+00:00,True,True,0.0,16.800457936144127,16.67550943389922
2024-07-23 16:00:00+00:00,2024-07-23 18:00:00+00:00,nearest_neighbor,4,669fe89ac7250ec426da42aa,2024-07-23 18:37:02.902337+00:00,2024-07-24 08:00:00+00:00,True,True,0.0,6.641713447236207,7.749066000973827
2024-07-23 16:00:00+00:00,2024-07-23 18:00:00+00:00,nearest_neighbor,5,669fe4acc7250ec426da4298,2024-07-23 19:02:41.648799+00:00,2024-07-24 08:00:00+00:00,True,True,0.0,25.191652317047993,25.64577436916608
2024-07-23 16:00:00+00:00,2024-07-23 18:00:00+00:00,nearest_neighbor,6,669fec44c7250ec426da42bc,2024-07-23 19:11:17.837946+00:00,2024-07-24 08:00:00+00:00,True,True,0.0,7.18679036182153,8.603152446234732
2024-07-23 16:00:00+00:00,2024-07-23 18:00:00+00:00,priority_nearest_neighbor,1,669feb05c7250ec426da42b3,2024-07-23 18:02:07.195568+00:00,2024-07-24 08:00:00+00:00,True,True,0.0,1.9006377960781289,2.1199261400025917
2024-07-23 16:00:00+00:00,2024-07-23 18:00:00+00:00,priority_nearest_neighbor,2,669fe7d5c7250ec426da42a1,2024-07-23 18:12:37.427811+00:00,2024-07-24 08:00:00+00:00,True,True,0.0,9.424405299130145,10.503870715133637
2024-07-23 16:00:00+00:00,2024-07-23 18:00:00+00:00,priority_nearest_neighbor,3,669fe180c7250ec426da4287,2024-07-23 18:29:17.958377+00:00,2024-07-24 08:00:00+00:00,True,True,0.0,16.800457936144127,16.67550943389922
2024-07-23 16:00:00+00:00,2024-07-23 18:00:00+00:00,priority_nearest_neighbor,4,669fe89ac7250ec426da42aa,2024-07-23 18:37:02.902337+00:00,2024-07-24 08:00:00+00:00,True,True,0.0,6.641713447236207,7.749066000973827
2024-07-23 16:00:00+00:00,2024-07-23 18:00:00+00:00,priority_nearest_neighbor,5,669fe4acc7250ec426da4298,2024-07-23 19:02:41.648799+00:00,2024-07-24 08:00:00+00:00,True,True,0.0,25.191652317047993,25.64577436916608
2024-07-23 16:00:00+00:00,2024-07-23 18:00:00+00:00,priority_nearest_neighbor,6,669fec44c7250ec426da42bc,2024-07-23 19:11:17.837946+00:00,2024-07-24 08:00:00+00:00,True,True,0.0,7.18679036182153,8.603152446234732
2024-07-23 16:00:00+00:00,2024-07-23 18:00:00+00:00,clarke_wright,1,669feb05c7250ec426da42b3,2024-07-23 18:02:07.195568+00:00,2024-07-24 08:00:00+00:00,True,True,0.0,1.9006377960781289,2.1199261400025917
2024-07-23 16:00:00+00:00,2024-07-23 18:00:00+00:00,clarke_wright,2,669fe4acc7250ec426da4298,2024-07-23 18:14:11.499188+00:00,2024-07-24 08:00:00+00:00,True,True,0.0,11.184504538972883,12.071727004715033
2024-07-23 16:00:00+00:00,2024-07-23 18:00:00+00:00,clarke_wright,3,669fec44c7250ec426da42bc,2024-07-23 18:22:47.688335+00:00,2024-07-24 08:00:00+00:00,True,True,0.0,7.18679036182153,8.603152446234732
2024-07-23 16:00:00+00:00,2024-07-23 18:00:00+00:00,clarke_wright,4,669fe89ac7250ec426da42aa,2024-07-23 18:52:29.194745+00:00,2024-07-24 08:00:00+00:00,True,True,0.0,28.563784110900905,29.69177350588283
2024-07-23 16:00:00+00:00,2024-07-23 18:00:00+00:00,clarke_wright,5,669fe180c7250ec426da4287,2024-07-23 19:00:37.281208+00:00,2024-07-24 08:00:00+00:00,True,True,0.0,6.543703339125208,8.134774378438285
2024-07-23 16:00:00+00:00,2024-07-23 18:00:00+00:00,clarke_wright,6,669fe7d5c7250ec426da42a1,2024-07-23 19:16:59.304147+00:00,2024-07-24 08:00:00+00:00,True,True,0.0,16.708113939483567,16.367048990736688
2024-07-24 02:00:00+00:00,2024-07-24 04:00:00+00:00,nearest_neighbor,1,66a066f0c7250ec426da458a,2024-07-24 04:01:47.045223+00:00,2024-07-24 05:26:38.141000+00:00,True,True,0.0,1.6781817632007785,1.7840870459471998
2024-07-24 02:00:00+00:00,2024-07-24 04:00:00+00:00,nearest_neighbor,2,66a06949c7250ec426da4995,2024-07-24 04:03:07.340708+00:00,2024-07-24 09:00:00+00:00,True,True,0.0,1.1786838888539888,1.3382580793537788
2024-07-24 02:00:00+00:00,2024-07-24 04:00:00+00:00,nearest_neighbor,3,66a067b6c7250ec426da4949,2024-07-24 04:06:40.137184+00:00,2024-07-24 05:29:11.335000+00:00,True,True,0.0,3.032160325616586,3.5466079386471643
2024-07-24 02:00:00+00:00,2024-07-24 04:00:00+00:00,nearest_neighbor,4,66a06e6bc7250ec426da526b,2024-07-24 04:09:46.805560+00:00,2024-07-24 05:59:28.428000+00:00,True,True,0.0,2.9244290947289935,3.1111395996911493
2024-07-24 02:00:00+00:00,2024-07-24 04:00:00+00:00,nearest_neighbor,5,66a06d68c7250ec426da4e6c,2024-07-24 04:18:41.770079+00:00,2024-07-24 09:00:00+00:00,True,True,0.0,8.122062256760113,8.91607531956409
2024-07-24 02:00:00+00:00,2024-07-24 04:00:00+00:00,nearest_neighbor,6,66a071ccc7250ec426da53fc,2024-07-24 04:20:46.826919+00:00,2024-07-24 06:15:24.957000+00:00,True,True,0.0,1.8577112532672027,2.084280674448615
2024-07-24 02:00:00+00:00,2024-07-24 04:00:00+00:00,nearest_neighbor,7,66a06c21c7250ec426da4a41,2024-07-24 04:24:32.447897+00:00,2024-07-24 05:49:32.342000+00:00,True,True,0.0,3.334147257063286,3.760349628222871
2024-07-24 02:00:00+00:00,2024-07-24 04:00:00+00:00,nearest_neighbor,8,66a06c8ac7250ec426da4a6b,2024-07-24 04:26:12.073971+00:00,2024-07-24 05:51:17.281000+00:00,True,True,0.0,1.481328125637226,1.6604345722896703
2024-07-24 02:00:00+00:00,2024-07-24 04:00:00+00:00,nearest_neighbor,9,66a06d2cc7250ec426da4e5f,2024-07-24 04:29:06.250701+00:00,2024-07-24 05:53:03.040000+00:00,True,True,0.0,2.6187650487843603,2.902945505654479
2024-07-24 02:00:00+00:00,2024-07-24 04:00:00+00:00,nearest_neighbor,10,66a0689ac7250ec426da498a,2024-07-24 04:32:42.765867+00:00,2024-07-24 09:00:00+00:00,True,True,0.0,3.0791473685901276,3.6085860927000653
2024-07-24 02:00:00+00:00,2024-07-24 04:00:00+00:00,nearest_neighbor,11,66a06e0cc7250ec426da5247,2024-07-24 04:43:59.102417+00:00,2024-07-24 05:56:42.914000+00:00,True,True,0.0,11.839118274774545,11.272275826381732
2024-07-24 02:00:00+00:00,2024-07-24 04:00:00+00:00,nearest_neighbor,12,66a06bb9c7250ec426da49c6,2024-07-24 04:53:24.978223+00:00,2024-07-24 05:35:29.795000+00:00,True,True,0.0,8.262717489111518,9.431263438696828
2024-07-24 02:00:00+00:00,2024-07-24 04:00:00+00:00,nearest_neighbor,13,66a06867c7250ec426da497b,2024-07-24 05:14:43.516505+00:00,2024-07-24 05:32:25.131000+00:00,True,True,0.0,21.072509261407944,21.3089713648064
2024-07-24 02:00:00+00:00,2024-07-24 04:00:00+00:00,priority_nearest_neighbor,1,66a066f0c7250ec426da458a,2024-07-24 04:01:47.045223+00:00,2024-07-24 05:26:38.141000+00:00,True,True,0.0,1.6781817632007785,1.7840870459471998
2024-07-24 02:00:00+00:00,2024-07-24 04:00:00+00:00,priority_nearest_neighbor,2,66a067b6c7250ec426da4949,2024-07-24 04:06:00.989897+00:00,2024-07-24 05:29:11.335000+00:00,True,True,0.0,3.861601391518301,4.232411234898238
2024-07-24 02:00:00+00:00,2024-07-24 04:00:00+00:00,priority_nearest_neighbor,3,66a06e6bc7250ec426da526b,2024-07-24 04:09:07.658273+00:00,2024-07-24 05:59:28.428000+00:00,True,True,0.0,2.9244290947289935,3.1111395996911493
2024-07-24 02:00:00+00:00,2024-07-24 04:00:00+00:00,priority_nearest_neighbor,4,66a06867c7250ec426da497b,2024-07-24 04:21:09.227730+00:00,2024-07-24 05:32:25.131000+00:00,True,True,0.0,11.895987076238997,12.026157609361949
2024-07-24 02:00:00+00:00,2024-07-24 04:00:00+00:00,priority_nearest_neighbor,5,66a06c21c7250ec426da4a41,2024-07-24 04:38:11.431760+00:00,2024-07-24 05:49:32.342000+00:00,True,True,0.0,17.1944357095701,17.036733837273893
2024-07-24 02:00:00+00:00,2024-07-24 04:00:00+00:00,priority_nearest_neighbor,6,66a06c8ac7250ec426da4a6b,2024-07-24 04:39:51.057834+00:00,2024-07-24 05:51:17.281000+00:00,True,True,0.0,1.481328125637226,1.6604345722896703
2024-07-24 02:00:00+00:00,2024-07-24 04:00:00+00:00,priority_nearest_neighbor,7,66a06d2cc7250ec426da4e5f,2024-07-24 04:42:45.234564+00:00,2024-07-24 05:53:03.040000+00:00,True,True,0.0,2.6187650487843603,2.902945505654479
2024-07-24 02:00:00+00:00,2024-07-24 04:00:00+00:00,priority_nearest_neighbor,8,66a06bb9c7250ec426da49c6,2024-07-24 04:57:26.457480+00:00,2024-07-24 05:35:29.795000+00:00,True,True,0.0,13.344611709769634,14.687048598314677
2024-07-24 02:00:00+00:00,2024-07-24 04:00:00+00:00,priority_nearest_neighbor,9,66a06e0cc7250ec426da5247,2024-07-24 05:07:09.113538+00:00,2024-07-24 05:56:42.914000+00:00,True,True,0.0,8.459179556795887,9.7109343058575
2024-07-24 02:00:00+00:00,2024-07-24 04:00:00+00:00,priority_nearest_neighbor,10,66a071ccc7250ec426da53fc,2024-07-24 05:11:09.581733+00:00,2024-07-24 06:15:24.957000+00:00,True,True,0.0,3.6026985861105207,4.0078032514478705
2024-07-24 02:00:00+00:00,2024-07-24 04:00:00+00:00,priority_nearest_neighbor,11,66a06d68c7250ec426da4e6c,2024-07-24 05:12:38.877829+00:00,2024-07-24 09:00:00+00:00,True,True,0.0,1.2402235581608174,1.488268269792981
2024-07-24 02:00:00+00:00,2024-07-24 04:00:00+00:00,priority_nearest_neighbor,12,66a06949c7250ec426da4995,2024-07-24 05:18:16.351286+00:00,2024-07-24 09:00:00+00:00,True,True,0.0,5.082698976826444,5.624557618425006
2024-07-24 02:00:00+00:00,2024-07-24 04:00:00+00:00,priority_nearest_neighbor,13,66a0689ac7250ec426da498a,2024-07-24 05:27:52.510536+00:00,2024-07-24 09:00:00+00:00,True,True,0.0,9.243485838452447,9.602654166844532
2024-07-24 02:00:00+00:00,2024-07-24 04:00:00+00:00,clarke_wright,1,66a0689ac7250ec426da498a,2024-07-24 04:07:16.790194+00:00,2024-07-24 09:00:00+00:00,True,True,0.0,6.96309055201685,7.279836569580621
2024-07-24 02:00:00+00:00,2024-07-24 04:00:00+00:00,clarke_wright,2,66a06d2cc7250ec426da4e5f,2024-07-24 04:10:53.513051+00:00,2024-07-24 05:53:03.040000+00:00,True,True,0.0,3.0769978160746443,3.612047612719437
2024-07-24 02:00:00+00:00,2024-07-24 04:00:00+00:00,clarke_wright,3,66a06c8ac7250ec426da4a6b,2024-07-24 04:13:32.348591+00:00,2024-07-24 05:51:17.281000+00:00,True,True,0.0,2.346973955918587,2.647259002145087
2024-07-24 02:00:00+00:00,2024-07-24 04:00:00+00:00,clarke_wright,4,66a06c21c7250ec426da4a41,2024-07-24 04:14:57.399806+00:00,2024-07-24 05:49:32.342000+00:00,True,True,0.0,1.2661525672581246,1.4175202516030025
2024-07-24 02:00:00+00:00,2024-07-24 04:00:00+00:00,clarke_wright,5,66a06d68c7250ec426da4e6c,2024-07-24 04:17:08.665002+00:00,2024-07-24 09:00:00+00:00,True,True,0.0,1.9558399413623264,2.1877532668347306
2024-07-24 02:00:00+00:00,2024-07-24 04:00:00+00:00,clarke_wright,6,66a071ccc7250ec426da53fc,2024-07-24 04:19:13.721842+00:00,2024-07-24 06:15:24.957000+00:00,True,True,0.0,1.8577112532672027,2.084280674448615
2024-07-24 02:00:00+00:00,2024-07-24 04:00:00+00:00,clarke_wright,7,66a06e0cc7250ec426da5247,2024-07-24 04:23:27.028384+00:00,2024-07-24 05:56:42.914000+00:00,True,True,0.0,3.7408335795827843,4.221775701637009
2024-07-24 02:00:00+00:00,2024-07-24 04:00:00+00:00,clarke_wright,8,66a06bb9c7250ec426da49c6,2024-07-24 04:32:52.904190+00:00,2024-07-24 05:35:29.795000+00:00,True,True,0.0,8.262717489111518,9.431263438696828
2024-07-24 02:00:00+00:00,2024-07-24 04:00:00+00:00,clarke_wright,9,66a06867c7250ec426da497b,2024-07-24 04:54:11.442472+00:00,2024-07-24 05:32:25.131000+00:00,True,True,0.0,21.072509261407944,21.3089713648064
2024-07-24 02:00:00+00:00,2024-07-24 04:00:00+00:00,clarke_wright,10,66a06e6bc7250ec426da526b,2024-07-24 05:06:07.313191+00:00,2024-07-24 05:59:28.428000+00:00,True,True,0.0,11.665165775104434,11.931178643148423
2024-07-24 02:00:00+00:00,2024-07-24 04:00:00+00:00,clarke_wright,11,66a067b6c7250ec426da4949,2024-07-24 05:09:36.721145+00:00,2024-07-24 05:29:11.335000+00:00,True,True,0.0,2.9395568587182956,3.4901325619163104
2024-07-24 02:00:00+00:00,2024-07-24 04:00:00+00:00,clarke_wright,12,66a06949c7250ec426da4995,2024-07-24 05:13:10.866631+00:00,2024-07-24 09:00:00+00:00,True,True,0.0,3.158180248829603,3.569091438376711
2024-07-24 02:00:00+00:00,2024-07-24 04:00:00+00:00,clarke_wright,13,66a066f0c7250ec426da458a,2024-07-24 05:14:45.345816+00:00,2024-07-24 05:26:38.141000+00:00,True,True,0.0,1.444308303558405,1.5746530767925064
2024-07-24 04:00:00+00:00,2024-07-24 06:00:00+00:00,nearest_neighbor,1,66a086044131ebe6bf0187d3,2024-07-24 06:08:15.945737+00:00,2024-07-24 11:00:00+00:00,True,True,0.0,7.6225993822704226,8.265762286464017
2024-07-24 04:00:00+00:00,2024-07-24 06:00:00+00:00,nearest_neighbor,2,66a093544131ebe6bf018d36,2024-07-24 06:25:18.586590+00:00,2024-07-24 08:36:06.546000+00:00,True,True,0.0,15.607586750015411,17.044014221003565
2024-07-24 04:00:00+00:00,2024-07-24 06:00:00+00:00,nearest_neighbor,3,66a091ec4131ebe6bf018d24,2024-07-24 06:31:51.434997+00:00,2024-07-24 08:30:11.866000+00:00,True,True,0.0,5.423531942058716,6.547473442445672
2024-07-24 04:00:00+00:00,2024-07-24 06:00:00+00:00,nearest_neighbor,4,66a08d5e4131ebe6bf018bf4,2024-07-24 06:33:41.300757+00:00,2024-07-24 12:00:00+00:00,True,True,0.0,1.3233671378292158,1.831096005140314
2024-07-24 04:00:00+00:00,2024-07-24 06:00:00+00:00,nearest_neighbor,5,66a096ed4131ebe6bf018ee4,2024-07-24 06:36:22.410347+00:00,2024-07-24 08:53:04.949000+00:00,True,True,0.0,2.265806949599422,2.6851598257594733
2024-07-24 04:00:00+00:00,2024-07-24 06:00:00+00:00,nearest_neighbor,6,66a086624131ebe6bf01882c,2024-07-24 06:54:19.465941+00:00,2024-07-24 07:42:23.347000+00:00,True,True,0.0,17.509500213543507,17.950926562263582
2024-07-24 04:00:00+00:00,2024-07-24 06:00:00+00:00,priority_nearest_neighbor,1,66a093544131ebe6bf018d36,2024-07-24 06:08:47.896411+00:00,2024-07-24 08:36:06.546000+00:00,True,True,0.0,7.887945171486677,8.798273508998712
2024-07-24 04:00:00+00:00,2024-07-24 06:00:00+00:00,priority_nearest_neighbor,2,66a091ec4131ebe6bf018d24,2024-07-24 06:15:20.744818+00:00,2024-07-24 08:30:11.866000+00:00,True,True,0.0,5.423531942058716,6.547473442445672
2024-07-24 04:00:00+00:00,2024-07-24 06:00:00+00:00,priority_nearest_neighbor,3,66a086624131ebe6bf01882c,2024-07-24 06:34:34.330050+00:00,2024-07-24 07:42:23.347000+00:00,True,True,0.0,18.993531920436663,19.226420525192403
2024-07-24 04:00:00+00:00,2024-07-24 06:00:00+00:00,priority_nearest_neighbor,4,66a096ed4131ebe6bf018ee4,2024-07-24 06:53:49.116207+00:00,2024-07-24 08:53:04.949000+00:00,True,True,0.0,18.47442965400177,19.246435955911572
2024-07-24 04:00:00+00:00,2024-07-24 06:00:00+00:00,priority_nearest_neighbor,5,66a08d5e4131ebe6bf018bf4,2024-07-24 06:56:30.225797+00:00,2024-07-24 12:00:00+00:00,True,True,0.0,2.2658069495994217,2.6851598257594733
2024-07-24 04:00:00+00:00,2024-07-24 06:00:00+00:00,priority_nearest_neighbor,6,66a086044131ebe6bf0187d3,2024-07-24 07:16:23.186617+00:00,2024-07-24 11:00:00+00:00,True,True,0.0,18.01886316642392,19.88268032760121
2024-07-24 04:00:00+00:00,2024-07-24 06:00:00+00:00,clarke_wright,1,66a091ec4131ebe6bf018d24,2024-07-24 06:09:40.352466+00:00,2024-07-24 08:30:11.866000+00:00,True,True,0.0,8.934541400589403,9.672541096317309
2024-07-24 04:00:00+00:00,2024-07-24 06:00:00+00:00,clarke_wright,2,66a08d5e4131ebe6bf018bf4,2024-07-24 06:11:30.218226+00:00,2024-07-24 12:00:00+00:00,True,True,0.0,1.3233671378292158,1.831096005140314
2024-07-24 04:00:00+00:00,2024-07-24 06:00:00+00:00,clarke_wright,3,66a096ed4131ebe6bf018ee4,2024-07-24 06:14:11.327816+00:00,2024-07-24 08:53:04.949000+00:00,True,True,0.0,2.265806949599422,2.6851598257594733
2024-07-24 04:00:00+00:00,2024-07-24 06:00:00+00:00,clarke_wright,4,66a086624131ebe6bf01882c,2024-07-24 06:32:08.383410+00:00,2024-07-24 07:42:23.347000+00:00,True,True,0.0,17.509500213543507,17.950926562263582
2024-07-24 04:00:00+00:00,2024-07-24 06:00:00+00:00,clarke_wright,5,66a093544131ebe6bf018d36,2024-07-24 06:48:09.877392+00:00,2024-07-24 08:36:06.546000+00:00,True,True,0.0,15.787969117391484,16.024899705216114
2024-07-24 04:00:00+00:00,2024-07-24 06:00:00+00:00,clarke_wright,6,66a086044131ebe6bf0187d3,2024-07-24 07:04:17.337334+00:00,2024-07-24 11:00:00+00:00,True,True,0.0,14.648083950745528,16.124332369194068
2024-07-25 02:00:00+00:00,2024-07-25 04:00:00+00:00,nearest_neighbor,1,66a1bf9c4131ebe6bf01d02b,2024-07-25 04:03:58.864512+00:00,2024-07-25 09:00:00+00:00,True,True,0.0,3.5339585905919333,3.9810751934804705
2024-07-25 02:00:00+00:00,2024-07-25 04:00:00+00:00,nearest_neighbor,2,66a1c4544131ebe6bf01d4ec,2024-07-25 04:05:40.348407+00:00,2024-07-25 10:00:00+00:00,True,True,0.0,1.4886850017073379,1.691398251644585
2024-07-25 02:00:00+00:00,2024-07-25 04:00:00+00:00,nearest_neighbor,3,66a1bd074131ebe6bf01cb9f,2024-07-25 04:09:50.967513+00:00,2024-07-25 05:46:08.262000+00:00,True,True,0.0,3.8291187861642944,4.176985098755178
2024-07-25 02:00:00+00:00,2024-07-25 04:00:00+00:00,nearest_neighbor,4,66a1be134131ebe6bf01cfbc,2024-07-25 04:15:11.188419+00:00,2024-07-25 05:52:19.907000+00:00,True,True,0.0,4.616810285753477,5.33701510674212
2024-07-25 02:00:00+00:00,2024-07-25 04:00:00+00:00,nearest_neighbor,5,66a1cc0c4131ebe6bf01d674,2024-07-25 04:19:41.909464+00:00,2024-07-25 06:51:15.323000+00:00,True,True,0.0,3.654532873299749,4.512017413258456
2024-07-25 02:00:00+00:00,2024-07-25 04:00:00+00:00,nearest_neighbor,6,66a1bf976badf0453bda8fce,2024-07-25 04:29:57.523108+00:00,2024-07-25 08:00:00+00:00,True,True,0.0,9.095914762962531,10.260227401237943
2024-07-25 02:00:00+00:00,2024-07-25 04:00:00+00:00,nearest_neighbor,7,66a1c0214131ebe6bf01d430,2024-07-25 04:37:49.676977+00:00,2024-07-25 06:00:17.851000+00:00,True,True,0.0,7.000227741171322,7.869231146347603
2024-07-25 02:00:00+00:00,2024-07-25 04:00:00+00:00,nearest_neighbor,8,66a1bed14131ebe6bf01d00a,2024-07-25 04:43:21.697251+00:00,2024-07-25 09:00:00+00:00,True,True,0.0,4.6034639483172874,5.533671236581782
2024-07-25 02:00:00+00:00,2024-07-25 04:00:00+00:00,nearest_neighbor,9,66a1c3494131ebe6bf01d4c2,2024-07-25 05:01:48.849170+00:00,2024-07-25 06:14:19.168000+00:00,True,True,0.0,17.67618444002997,18.45253197749287
2024-07-25 02:00:00+00:00,2024-07-25 04:00:00+00:00,nearest_neighbor,10,66a1bf404131ebe6bf01d018,2024-07-25 05:19:14.426412+00:00,2024-07-25 05:53:09.674000+00:00,True,True,0.0,16.18634172550047,17.426287364121844
2024-07-25 02:00:00+00:00,2024-07-25 04:00:00+00:00,priority_nearest_neighbor,1,66a1bd074131ebe6bf01cb9f,2024-07-25 04:06:08.658814+00:00,2024-07-25 05:46:08.262000+00:00,True,True,0.0,5.530302071338092,6.144313566006797
2024-07-25 02:00:00+00:00,2024-07-25 04:00:00+00:00,priority_nearest_neighbor,2,66a1be134131ebe6bf01cfbc,2024-07-25 04:11:28.879720+00:00,2024-07-25 05:52:19.907000+00:00,True,True,0.0,4.616810285753477,5.33701510674212
2024-07-25 02:00:00+00:00,2024-07-25 04:00:00+00:00,priority_nearest_neighbor,3,66a1c3494131ebe6bf01d4c2,2024-07-25 04:19:12.355089+00:00,2024-07-25 06:14:19.168000+00:00,True,True,0.0,6.520733652525121,7.724589482618734
2024-07-25 02:00:00+00:00,2024-07-25 04:00:00+00:00,priority_nearest_neighbor,4,66a1c0214131ebe6bf01d430,2024-07-25 04:34:08.281172+00:00,2024-07-25 06:00:17.851000+00:00,True,True,0.0,13.302221015273002,14.932101389293962
2024-07-25 02:00:00+00:00,2024-07-25 04:00:00+00:00,priority_nearest_neighbor,5,66a1bf404131ebe6bf01d018,2024-07-25 04:57:22.632741+00:00,2024-07-25 05:53:09.674000+00:00,True,True,0.0,22.280542798306367,23.239192808596535
2024-07-25 02:00:00+00:00,2024-07-25 04:00:00+00:00,priority_nearest_neighbor,6,66a1cc0c4131ebe6bf01d674,2024-07-25 05:10:42.610590+00:00,2024-07-25 06:51:15.323000+00:00,True,True,0.0,13.275262309496418,13.332964153296569
2024-07-25 02:00:00+00:00,2024-07-25 04:00:00+00:00,priority_nearest_neighbor,7,66a1bf976badf0453bda8fce,2024-07-25 05:20:58.224234+00:00,2024-07-25 08:00:00+00:00,True,True,0.0,9.095914762962531,10.260227401237943
2024-07-25 02:00:00+00:00,2024-07-25 04:00:00+00:00,priority_nearest_neighbor,8,66a1bf9c4131ebe6bf01d02b,2024-07-25 05:27:57.242512+00:00,2024-07-25 09:00:00+00:00,True,True,0.0,6.2231211344166555,6.983637964340706
2024-07-25 02:00:00+00:00,2024-07-25 04:00:00+00:00,priority_nearest_neighbor,9,66a1c4544131ebe6bf01d4ec,2024-07-25 05:29:38.726407+00:00,2024-07-25 10:00:00+00:00,True,True,0.0,1.4886850017073379,1.691398251644585
2024-07-25 02:00:00+00:00,2024-07-25 04:00:00+00:00,priority_nearest_neighbor,10,66a1bed14131ebe6bf01d00a,2024-07-25 05:41:35.837422+00:00,2024-07-25 09:00:00+00:00,True,True,0.0,10.462453199811534,11.951850250245304
2024-07-25 02:00:00+00:00,2024-07-25 04:00:00+00:00,clarke_wright,1,66a1cc0c4131ebe6bf01d674,2024-07-25 04:05:56.198229+00:00,2024-07-25 06:51:15.323000+00:00,True,True,0.0,5.558062912572632,5.936637142185057
2024-07-25 02:00:00+00:00,2024-07-25 04:00:00+00:00,clarke_wright,2,66a1be134131ebe6bf01cfbc,2024-07-25 04:10:33.449007+00:00,2024-07-25 05:52:19.907000+00:00,True,True,0.0,3.906642284744142,4.620846300736096
2024-07-25 02:00:00+00:00,2024-07-25 04:00:00+00:00,clarke_wright,3,66a1bf404131ebe6bf01d018,2024-07-25 04:22:39.709860+00:00,2024-07-25 05:53:09.674000+00:00,True,True,0.0,11.93045469788376,12.104347545842597
2024-07-25 02:00:00+00:00,2024-07-25 04:00:00+00:00,clarke_wright,4,66a1c3494131ebe6bf01d4c2,2024-07-25 04:38:44.247568+00:00,2024-07-25 06:14:19.168000+00:00,True,True,0.0,15.977280428650824,16.075628466801323
2024-07-25 02:00:00+00:00,2024-07-25 04:00:00+00:00,clarke_wright,5,66a1bd074131ebe6bf01cb9f,2024-07-25 04:45:47.608925+00:00,2024-07-25 05:46:08.262000+00:00,True,True,0.0,6.251801086977214,7.056022617632903
2024-07-25 02:00:00+00:00,2024-07-25 04:00:00+00:00,clarke_wright,6,66a1bf9c4131ebe6bf01d02b,2024-07-25 04:48:30.658239+00:00,2024-07-25 09:00:00+00:00,True,True,0.0,2.427094237804992,2.7174885663352644
2024-07-25 02:00:00+00:00,2024-07-25 04:00:00+00:00,clarke_wright,7,66a1c4544131ebe6bf01d4ec,2024-07-25 04:50:12.142134+00:00,2024-07-25 10:00:00+00:00,True,True,0.0,1.4886850017073379,1.691398251644585
2024-07-25 02:00:00+00:00,2024-07-25 04:00:00+00:00,clarke_wright,8,66a1bed14131ebe6bf01d00a,2024-07-25 05:02:09.253149+00:00,2024-07-25 09:00:00+00:00,True,True,0.0,10.462453199811534,11.951850250245304
2024-07-25 02:00:00+00:00,2024-07-25 04:00:00+00:00,clarke_wright,9,66a1c0214131ebe6bf01d430,2024-07-25 05:07:39.030316+00:00,2024-07-25 06:00:17.851000+00:00,True,True,0.0,4.633388804151453,5.496286110553907
2024-07-25 02:00:00+00:00,2024-07-25 04:00:00+00:00,clarke_wright,10,66a1bf976badf0453bda8fce,2024-07-25 05:15:14.452841+00:00,2024-07-25 08:00:00+00:00,True,True,0.0,6.730774565019698,7.590375409108007
2024-07-25 16:00:00+00:00,2024-07-25 18:00:00+00:00,nearest_neighbor,1,66a279fa0183a7b440089bf4,2024-07-25 18:00:42.893760+00:00,2024-07-26 08:00:00+00:00,True,True,0.0,0.5534699681336096,0.7148959986715802
2024-07-25 16:00:00+00:00,2024-07-25 18:00:00+00:00,nearest_neighbor,2,66a28a540183a7b440089d4b,2024-07-25 18:05:05.462383+00:00,2024-07-26 08:00:00+00:00,True,True,0.0,4.123840781418379,4.376143719661434
2024-07-25 16:00:00+00:00,2024-07-25 18:00:00+00:00,nearest_neighbor,3,66a289030183a7b440089c73,2024-07-25 18:08:42.123465+00:00,2024-07-26 08:00:00+00:00,True,True,0.0,3.0830807034956784,3.611018036031409
2024-07-25 16:00:00+00:00,2024-07-25 18:00:00+00:00,nearest_neighbor,4,66a277760183a7b440089be8,2024-07-25 18:14:52.087875+00:00,2024-07-26 08:00:00+00:00,True,True,0.0,6.914214397872222,6.166073507235988
2024-07-25 16:00:00+00:00,2024-07-25 18:00:00+00:00,nearest_neighbor,5,66a28afe0183a7b440089d54,2024-07-25 18:30:47.539843+00:00,2024-07-26 08:00:00+00:00,True,True,0.0,15.420707221588971,15.924199462616297
2024-07-25 16:00:00+00:00,2024-07-25 18:00:00+00:00,nearest_neighbor,6,66a289740183a7b440089d39,2024-07-25 18:35:53.438308+00:00,2024-07-26 08:00:00+00:00,True,True,0.0,5.142463742665251,5.098307744959447
2024-07-25 16:00:00+00:00,2024-07-25 18:00:00+00:00,nearest_neighbor,7,66a289e40183a7b440089d42,2024-07-25 18:57:06.081700+00:00,2024-07-26 08:00:00+00:00,True,True,0.0,19.985239009767394,21.210723205342504
2024-07-25 16:00:00+00:00,2024-07-25 18:00:00+00:00,nearest_neighbor,8,66a285b60183a7b440089c43,2024-07-25 19:29:03.310416+00:00,2024-07-26 08:00:00+00:00,True,True,0.0,29.367766047527045,31.953811935112366
2024-07-25 16:00:00+00:00,2024-07-25 18:00:00+00:00,priority_nearest_neighbor,1,66a279fa0183a7b440089bf4,2024-07-25 18:00:42.893760+00:00,2024-07-26 08:00:00+00:00,True,True,0.0,0.5534699681336096,0.7148959986715802
2024-07-25 16:00:00+00:00,2024-07-25 18:00:00+00:00,priority_nearest_neighbor,2,66a277760183a7b440089be8,2024-07-25 18:08:57.489638+00:00,2024-07-26 08:00:00+00:00,True,True,0.0,7.89295438546375,8.243264634055997
2024-07-25 16:00:00+00:00,2024-07-25 18:00:00+00:00,priority_nearest_neighbor,3,66a289030183a7b440089c73,2024-07-25 18:16:05.005223+00:00,2024-07-26 08:00:00+00:00,True,True,0.0,7.730943102370098,7.1252597432854285
2024-07-25 16:00:00+00:00,2024-07-25 18:00:00+00:00,priority_nearest_neighbor,4,66a28a540183a7b440089d4b,2024-07-25 18:20:08.795767+00:00,2024-07-26 08:00:00+00:00,True,True,0.0,3.4760218026075536,4.0631757375622515
2024-07-25 16:00:00+00:00,2024-07-25 18:00:00+00:00,priority_nearest_neighbor,5,66a289e40183a7b440089d42,2024-07-25 18:30:30.206125+00:00,2024-07-26 08:00:00+00:00,True,True,0.0,9.790842028250442,10.356839292223913
2024-07-25 16:00:00+00:00,2024-07-25 18:00:00+00:00,priority_nearest_neighbor,6,66a28afe0183a7b440089d54,2024-07-25 18:50:13.818682+00:00,2024-07-26 08:00:00+00:00,True,True,0.0,18.554610985125898,19.726875951678377
2024-07-25 16:00:00+00:00,2024-07-25 18:00:00+00:00,priority_nearest_neighbor,7,66a289740183a7b440089d39,2024-07-25 18:55:19.717147+00:00,2024-07-26 08:00:00+00:00,True,True,0.0,5.142463742665251,5.098307744959447
2024-07-25 16:00:00+00:00,2024-07-25 18:00:00+00:00,priority_nearest_neighbor,8,66a285b60183a7b440089c43,2024-07-25 19:23:11.530471+00:00,2024-07-26 08:00:00+00:00,True,True,0.0,26.312020818405912,27.863555406121623
2024-07-25 16:00:00+00:00,2024-07-25 18:00:00+00:00,clarke_wright,1,66a279fa0183a7b440089bf4,2024-07-25 18:00:42.893760+00:00,2024-07-26 08:00:00+00:00,True,True,0.0,0.5534699681336096,0.7148959986715802
2024-07-25 16:00:00+00:00,2024-07-25 18:00:00+00:00,clarke_wright,2,66a289030183a7b440089c73,2024-07-25 18:06:48.434613+00:00,2024-07-26 08:00:00+00:00,True,True,0.0,5.523565726667977,6.092347542285248
2024-07-25 16:00:00+00:00,2024-07-25 18:00:00+00:00,clarke_wright,3,66a289e40183a7b440089d42,2024-07-25 18:16:59.753575+00:00,2024-07-26 08:00:00+00:00,True,True,0.0,9.399141562337627,10.18864937388628
2024-07-25 16:00:00+00:00,2024-07-25 18:00:00+00:00,clarke_wright,4,66a28a540183a7b440089d4b,2024-07-25 18:27:23.268115+00:00,2024-07-26 08:00:00+00:00,True,True,0.0,9.385151097861867,10.39190899763757
2024-07-25 16:00:00+00:00,2024-07-25 18:00:00+00:00,clarke_wright,5,66a277760183a7b440089be8,2024-07-25 18:35:21.444455+00:00,2024-07-26 08:00:00+00:00,True,True,0.0,8.220133211445113,7.9696056688150065
2024-07-25 16:00:00+00:00,2024-07-25 18:00:00+00:00,clarke_wright,6,66a285b60183a7b440089c43,2024-07-25 18:52:42.346148+00:00,2024-07-26 08:00:00+00:00,True,True,0.0,15.752406761752084,17.348361544151945
2024-07-25 16:00:00+00:00,2024-07-25 18:00:00+00:00,clarke_wright,7,66a28afe0183a7b440089d54,2024-07-25 19:15:39.991618+00:00,2024-07-26 08:00:00+00:00,True,True,0.0,21.772678089454985,22.960757834842248
2024-07-25 16:00:00+00:00,2024-07-25 18:00:00+00:00,clarke_wright,8,66a289740183a7b440089d39,2024-07-25 19:20:45.890083+00:00,2024-07-26 08:00:00+00:00,True,True,0.0,5.142463742665251,5.098307744959447
2024-07-26 02:00:00+00:00,2024-07-26 04:00:00+00:00,nearest_neighbor,1,66a31bd80183a7b44008b247,2024-07-26 04:01:31.392257+00:00,2024-07-26 06:42:26.299000+00:00,True,True,0.0,1.2324388711089393,1.5232042908004382
2024-07-26 02:00:00+00:00,2024-07-26 04:00:00+00:00,nearest_neighbor,2,66a31b120183a7b44008adef,2024-07-26 04:02:50.662198+00:00,2024-07-26 06:40:18.573000+00:00,True,True,0.0,1.1286048205561507,1.321165687799166
2024-07-26 02:00:00+00:00,2024-07-26 04:00:00+00:00,nearest_neighbor,3,66a318be0183a7b44008a7c7,2024-07-26 04:05:37.867966+00:00,2024-07-26 10:00:00+00:00,True,True,0.0,2.454561409411427,2.7867628034810936
2024-07-26 02:00:00+00:00,2024-07-26 04:00:00+00:00,nearest_neighbor,4,66a31d090183a7b44008b6e9,2024-07-26 04:08:28.766531+00:00,2024-07-26 06:48:46.847000+00:00,True,True,0.0,2.651619144707648,2.848309414781454
2024-07-26 02:00:00+00:00,2024-07-26 04:00:00+00:00,nearest_neighbor,5,66a3167d0183a7b44008a322,2024-07-26 04:13:57.654051+00:00,2024-07-26 06:21:24.941000+00:00,True,True,0.0,4.730345476600401,5.481458659938414
2024-07-26 02:00:00+00:00,2024-07-26 04:00:00+00:00,nearest_neighbor,6,66a316e20183a7b44008a339,2024-07-26 04:22:45.816210+00:00,2024-07-26 06:22:52.787000+00:00,True,True,0.0,7.876904491235126,8.802702657398028
2024-07-26 02:00:00+00:00,2024-07-26 04:00:00+00:00,nearest_neighbor,7,66a30b450183a7b44008a065,2024-07-26 04:29:00.940323+00:00,2024-07-26 05:33:12.080000+00:00,True,True,0.0,5.890446100475243,6.252068553912683
2024-07-26 02:00:00+00:00,2024-07-26 04:00:00+00:00,nearest_neighbor,8,66a319a60183a7b44008acff,2024-07-26 04:34:20.433379+00:00,2024-07-26 06:35:10.128000+00:00,True,True,0.0,4.417226193216836,5.32488426173737
2024-07-26 02:00:00+00:00,2024-07-26 04:00:00+00:00,nearest_neighbor,9,66a31c240183a7b44008b2e3,2024-07-26 04:50:00.535903+00:00,2024-07-26 10:00:00+00:00,True,True,0.0,14.700223677343264,15.668375402848154
2024-07-26 02:00:00+00:00,2024-07-26 04:00:00+00:00,nearest_neighbor,10,66a31a890183a7b44008adb5,2024-07-26 05:09:49.134785+00:00,2024-07-26 06:36:23.122000+00:00,True,True,0.0,19.84462990715207,19.80998136086855
2024-07-26 02:00:00+00:00,2024-07-26 04:00:00+00:00,priority_nearest_neighbor,1,66a30b450183a7b44008a065,2024-07-26 04:02:38.350158+00:00,2024-07-26 05:33:12.080000+00:00,True,True,0.0,2.5057283267381685,2.6391693058831356
2024-07-26 02:00:00+00:00,2024-07-26 04:00:00+00:00,priority_nearest_neighbor,2,66a31b120183a7b44008adef,2024-07-26 04:06:18.177442+00:00,2024-07-26 06:40:18.573000+00:00,True,True,0.0,3.2875123622083717,3.6637880710080255
2024-07-26 02:00:00+00:00,2024-07-26 04:00:00+00:00,priority_nearest_neighbor,3,66a316e20183a7b44008a339,2024-07-26 04:10:48.236346+00:00,2024-07-26 06:22:52.787000+00:00,True,True,0.0,3.95694515193294,4.500981733247864
2024-07-26 02:00:00+00:00,2024-07-26 04:00:00+00:00,priority_nearest_neighbor,4,66a31bd80183a7b44008b247,2024-07-26 04:14:01.866830+00:00,2024-07-26 06:42:26.299000+00:00,True,True,0.0,3.0234772873793774,3.2271747413299314
2024-07-26 02:00:00+00:00,2024-07-26 04:00:00+00:00,priority_nearest_neighbor,5,66a319a60183a7b44008acff,2024-07-26 04:20:08.011388+00:00,2024-07-26 06:35:10.128000+00:00,True,True,0.0,5.292454942895054,6.102409297693186
2024-07-26 02:00:00+00:00,2024-07-26 04:00:00+00:00,priority_nearest_neighbor,6,66a31d090183a7b44008b6e9,2024-07-26 04:27:32.074130+00:00,2024-07-26 06:48:46.847000+00:00,True,True,0.0,6.462369165985907,7.401045696354953
2024-07-26 02:00:00+00:00,2024-07-26 04:00:00+00:00,priority_nearest_neighbor,7,66a3167d0183a7b44008a322,2024-07-26 04:33:00.961650+00:00,2024-07-26 06:21:24.941000+00:00,True,True,0.0,4.730345476600401,5.481458659938414
2024-07-26 02:00:00+00:00,2024-07-26 04:00:00+00:00,priority_nearest_neighbor,8,66a318be0183a7b44008a7c7,2024-07-26 04:40:35.559443+00:00,2024-07-26 10:00:00+00:00,True,True,0.0,6.701882691001975,7.576629887755886
2024-07-26 02:00:00+00:00,2024-07-26 04:00:00+00:00,priority_nearest_neighbor,9,66a31c240183a7b44008b2e3,2024-07-26 04:52:55.400319+00:00,2024-07-26 10:00:00+00:00,True,True,0.0,11.823344647964337,12.330681268098921
2024-07-26 02:00:00+00:00,2024-07-26 04:00:00+00:00,priority_nearest_neighbor,10,66a31a890183a7b44008adb5,2024-07-26 05:12:43.999201+00:00,2024-07-26 06:36:23.122000+00:00,True,True,0.0,19.84462990715207,19.80998136086855
2024-07-26 02:00:00+00:00,2024-07-26 04:00:00+00:00,clarke_wright,1,66a31a890183a7b44008adb5,2024-07-26 04:13:03.831346+00:00,2024-07-26 06:36:23.122000+00:00,True,True,0.0,13.047417234081987,13.063855759901566
2024-07-26 02:00:00+00:00,2024-07-26 04:00:00+00:00,clarke_wright,2,66a30b450183a7b44008a065,2024-07-26 04:24:35.390014+00:00,2024-07-26 05:33:12.080000+00:00,True,True,0.0,11.88304692570789,11.525977796147513
2024-07-26 02:00:00+00:00,2024-07-26 04:00:00+00:00,clarke_wright,3,66a319a60183a7b44008acff,2024-07-26 04:29:54.883070+00:00,2024-07-26 06:35:10.128000+00:00,True,True,0.0,4.417226193216836,5.32488426173737
2024-07-26 02:00:00+00:00,2024-07-26 04:00:00+00:00,clarke_wright,4,66a318be0183a7b44008a7c7,2024-07-26 04:36:06.257221+00:00,2024-07-26 10:00:00+00:00,True,True,0.0,4.760146824596625,6.189569179539077
2024-07-26 02:00:00+00:00,2024-07-26 04:00:00+00:00,clarke_wright,5,66a31d090183a7b44008b6e9,2024-07-26 04:38:57.155786+00:00,2024-07-26 06:48:46.847000+00:00,True,True,0.0,2.651619144707648,2.848309414781454
2024-07-26 02:00:00+00:00,2024-07-26 04:00:00+00:00,clarke_wright,6,66a3167d0183a7b44008a322,2024-07-26 04:44:26.043306+00:00,2024-07-26 06:21:24.941000+00:00,True,True,0.0,4.730345476600401,5.481458659938414
2024-07-26 02:00:00+00:00,2024-07-26 04:00:00+00:00,clarke_wright,7,66a31c240183a7b44008b2e3,2024-07-26 04:57:24.597712+00:00,2024-07-26 10:00:00+00:00,True,True,0.0,12.819854317028012,12.975906759858425
2024-07-26 02:00:00+00:00,2024-07-26 04:00:00+00:00,clarke_wright,8,66a316e20183a7b44008a339,2024-07-26 05:07:34.370185+00:00,2024-07-26 06:22:52.787000+00:00,True,True,0.0,9.008922335043248,10.16287455530332
2024-07-26 02:00:00+00:00,2024-07-26 04:00:00+00:00,clarke_wright,9,66a31bd80183a7b44008b247,2024-07-26 05:10:48.000669+00:00,2024-07-26 06:42:26.299000+00:00,True,True,0.0,3.0234772873793774,3.2271747413299314
2024-07-26 02:00:00+00:00,2024-07-26 04:00:00+00:00,clarke_wright,10,66a31b120183a7b44008adef,2024-07-26 05:12:07.270610+00:00,2024-07-26 06:40:18.573000+00:00,True,True,0.0,1.1286048205561507,1.321165687799166
2024-07-26 08:00:00+00:00,2024-07-26 10:00:00+00:00,nearest_neighbor,1,66a35a110183a7b44008cffe,2024-07-26 10:01:25.097213+00:00,2024-07-26 11:08:29.188000+00:00,True,True,0.0,1.1783358922210485,1.4182868868876102
2024-07-26 08:00:00+00:00,2024-07-26 10:00:00+00:00,nearest_neighbor,2,66a359260183a7b44008cfd7,2024-07-26 10:02:42.238106+00:00,2024-07-26 10:59:55.808000+00:00,True,True,0.0,1.0782025234630797,1.2856815493034195
2024-07-26 08:00:00+00:00,2024-07-26 10:00:00+00:00,nearest_neighbor,3,66a36cad0183a7b44008de53,2024-07-26 10:05:42.042657+00:00,2024-07-26 12:19:15.550000+00:00,True,True,0.0,2.6415686015989954,2.9967425217325427
2024-07-26 08:00:00+00:00,2024-07-26 10:00:00+00:00,nearest_neighbor,4,66a35a1d0183a7b44008d009,2024-07-26 10:16:13.337831+00:00,2024-07-26 11:08:53.821000+00:00,True,True,0.0,10.100418429261769,10.521586230607765
2024-07-26 08:00:00+00:00,2024-07-26 10:00:00+00:00,nearest_neighbor,5,66a361896badf0453bda95d8,2024-07-26 10:29:12.098277+00:00,2024-07-26 11:42:29.635000+00:00,True,True,0.0,11.469344853716011,12.979340771571627
2024-07-26 08:00:00+00:00,2024-07-26 10:00:00+00:00,priority_nearest_neighbor,1,66a359260183a7b44008cfd7,2024-07-26 10:02:38.719176+00:00,2024-07-26 10:59:55.808000+00:00,True,True,0.0,2.1933482788534375,2.6453195984866387
2024-07-26 08:00:00+00:00,2024-07-26 10:00:00+00:00,priority_nearest_neighbor,2,66a35a110183a7b44008cffe,2024-07-26 10:04:03.422899+00:00,2024-07-26 11:08:29.188000+00:00,True,True,0.0,1.208262896008371,1.4117287096645936
2024-07-26 08:00:00+00:00,2024-07-26 10:00:00+00:00,priority_nearest_neighbor,3,66a35a1d0183a7b44008d009,2024-07-26 10:12:28.662562+00:00,2024-07-26 11:08:53.821000+00:00,True,True,0.0,7.764744363052173,8.420661054697513
2024-07-26 08:00:00+00:00,2024-07-26 10:00:00+00:00,priority_nearest_neighbor,4,66a36cad0183a7b44008de53,2024-07-26 10:22:19.867068+00:00,2024-07-26 12:19:15.550000+00:00,True,True,0.0,9.575202672221968,9.853408426463368
2024-07-26 08:00:00+00:00,2024-07-26 10:00:00+00:00,priority_nearest_neighbor,5,66a361896badf0453bda95d8,2024-07-26 10:34:44.346161+00:00,2024-07-26 11:42:29.635000+00:00,True,True,0.0,11.2879574853614,12.40798489141709
2024-07-26 08:00:00+00:00,2024-07-26 10:00:00+00:00,clarke_wright,1,66a35a110183a7b44008cffe,2024-07-26 10:01:25.097213+00:00,2024-07-26 11:08:29.188000+00:00,True,True,0.0,1.1783358922210485,1.4182868868876102
2024-07-26 08:00:00+00:00,2024-07-26 10:00:00+00:00,clarke_wright,2,66a36cad0183a7b44008de53,2024-07-26 10:05:06.813674+00:00,2024-07-26 12:19:15.550000+00:00,True,True,0.0,3.289751590178063,3.69527435335174
2024-07-26 08:00:00+00:00,2024-07-26 10:00:00+00:00,clarke_wright,3,66a359260183a7b44008cfd7,2024-07-26 10:08:11.235500+00:00,2024-07-26 10:59:55.808000+00:00,True,True,0.0,2.771340693744173,3.073697104838759
2024-07-26 08:00:00+00:00,2024-07-26 10:00:00+00:00,clarke_wright,4,66a361896badf0453bda95d8,2024-07-26 10:20:42.027040+00:00,2024-07-26 11:42:29.635000+00:00,True,True,0.0,10.964678267248956,12.513192336021858
2024-07-26 08:00:00+00:00,2024-07-26 10:00:00+00:00,clarke_wright,5,66a35a1d0183a7b44008d009,2024-07-26 10:34:05.934129+00:00,2024-07-26 11:08:53.821000+00:00,True,True,0.0,11.931892671472985,13.39845148829423
2024-07-26 14:00:00+00:00,2024-07-26 16:00:00+00:00,nearest_neighbor,1,66a3c3930183a7b44008efaf,2024-07-26 16:04:05.930409+00:00,2024-07-27 10:00:00+00:00,True,True,0.0,3.4666735840702105,4.098840152103164
2024-07-26 14:00:00+00:00,2024-07-26 16:00:00+00:00,nearest_neighbor,2,66a3c1d10183a7b44008eea7,2024-07-26 16:11:53.462985+00:00,2024-07-27 08:00:00+00:00,True,True,0.0,7.15224394453366,7.792209608253105
2024-07-26 14:00:00+00:00,2024-07-26 16:00:00+00:00,nearest_neighbor,3,66a3c2d80183a7b44008efa0,2024-07-26 16:28:24.949733+00:00,2024-07-27 08:00:00+00:00,True,True,0.0,14.685207570721873,16.52477912606662
2024-07-26 14:00:00+00:00,2024-07-26 16:00:00+00:00,nearest_neighbor,4,66a3c22e0183a7b44008ef8e,2024-07-26 16:40:55.727528+00:00,2024-07-27 08:00:00+00:00,True,True,0.0,11.67790914912074,12.512963251771652
2024-07-26 14:00:00+00:00,2024-07-26 16:00:00+00:00,nearest_neighbor,5,66a3c12b0183a7b44008ee8d,2024-07-26 16:53:08.322711+00:00,2024-07-27 08:00:00+00:00,True,True,0.0,11.666634190009324,12.209919717796287
2024-07-26 14:00:00+00:00,2024-07-26 16:00:00+00:00,priority_nearest_neighbor,1,66a3c3930183a7b44008efaf,2024-07-26 16:04:05.930409+00:00,2024-07-27 10:00:00+00:00,True,True,0.0,3.4666735840702105,4.098840152103164
2024-07-26 14:00:00+00:00,2024-07-26 16:00:00+00:00,priority_nearest_neighbor,2,66a3c1d10183a7b44008eea7,2024-07-26 16:11:53.462985+00:00,2024-07-27 08:00:00+00:00,True,True,0.0,7.15224394453366,7.792209608253105
2024-07-26 14:00:00+00:00,2024-07-26 16:00:00+00:00,priority_nearest_neighbor,3,66a3c2d80183a7b44008efa0,2024-07-26 16:28:24.949733+00:00,2024-07-27 08:00:00+00:00,True,True,0.0,14.685207570721873,16.52477912606662
2024-07-26 14:00:00+00:00,2024-07-26 16:00:00+00:00,priority_nearest_neighbor,4,66a3c22e0183a7b44008ef8e,2024-07-26 16:40:55.727528+00:00,2024-07-27 08:00:00+00:00,True,True,0.0,11.67790914912074,12.512963251771652
2024-07-26 14:00:00+00:00,2024-07-26 16:00:00+00:00,priority_nearest_neighbor,5,66a3c12b0183a7b44008ee8d,2024-07-26 16:53:08.322711+00:00,2024-07-27 08:00:00+00:00,True,True,0.0,11.666634190009324,12.209919717796287
2024-07-26 14:00:00+00:00,2024-07-26 16:00:00+00:00,clarke_wright,1,66a3c1d10183a7b44008eea7,2024-07-26 16:10:20.442362+00:00,2024-07-27 08:00:00+00:00,True,True,0.0,9.314539619725661,10.340706041349323
2024-07-26 14:00:00+00:00,2024-07-26 16:00:00+00:00,clarke_wright,2,66a3c3930183a7b44008efaf,2024-07-26 16:17:27.918424+00:00,2024-07-27 10:00:00+00:00,True,True,0.0,6.485739348076609,7.124601033969893
2024-07-26 14:00:00+00:00,2024-07-26 16:00:00+00:00,clarke_wright,3,66a3c2d80183a7b44008efa0,2024-07-26 16:27:21.907466+00:00,2024-07-27 08:00:00+00:00,True,True,0.0,9.238705874437043,9.89981735978011
2024-07-26 14:00:00+00:00,2024-07-26 16:00:00+00:00,clarke_wright,4,66a3c12b0183a7b44008ee8d,2024-07-26 16:40:52.276158+00:00,2024-07-27 08:00:00+00:00,True,True,0.0,13.106004250479419,13.506144861557225
2024-07-26 14:00:00+00:00,2024-07-26 16:00:00+00:00,clarke_wright,5,66a3c22e0183a7b44008ef8e,2024-07-26 16:53:07.622620+00:00,2024-07-27 08:00:00+00:00,True,True,0.0,11.743053777593339,12.255774360277595
2024-07-29 04:00:00+00:00,2024-07-29 06:00:00+00:00,nearest_neighbor,1,66a71fdc0183a7b440091d41,2024-07-29 06:01:25.763610+00:00,2024-07-29 11:00:00+00:00,True,True,0.0,1.2073282911347891,1.42939350160197
2024-07-29 04:00:00+00:00,2024-07-29 06:00:00+00:00,nearest_neighbor,2,66a724150183a7b440091f8c,2024-07-29 06:02:33.338533+00:00,2024-07-29 08:07:48.702000+00:00,True,True,0.0,0.9606870965327818,1.1262487162551245
2024-07-29 04:00:00+00:00,2024-07-29 06:00:00+00:00,nearest_neighbor,3,66a7144d0183a7b440091626,2024-07-29 06:05:55.645147+00:00,2024-07-29 11:00:00+00:00,True,True,0.0,2.9380384003046562,3.371776898141
2024-07-29 04:00:00+00:00,2024-07-29 06:00:00+00:00,nearest_neighbor,4,66a7226b0183a7b440091da7,2024-07-29 06:11:51.141389+00:00,2024-07-29 12:00:00+00:00,True,True,0.0,5.626131553185207,5.924937363725296
2024-07-29 04:00:00+00:00,2024-07-29 06:00:00+00:00,nearest_neighbor,5,66a71fa10183a7b440091d2c,2024-07-29 06:17:33.416096+00:00,2024-07-29 07:50:41.346000+00:00,True,True,0.0,5.225099694903971,5.704578455040038
2024-07-29 04:00:00+00:00,2024-07-29 06:00:00+00:00,nearest_neighbor,6,66a71fd90183a7b440091d3a,2024-07-29 06:17:33.416096+00:00,2024-07-29 07:51:37.623000+00:00,True,True,0.0,0.0,0.0
2024-07-29 04:00:00+00:00,2024-07-29 06:00:00+00:00,nearest_neighbor,7,66a7180d0183a7b440091ab6,2024-07-29 06:24:58.623169+00:00,2024-07-29 11:00:00+00:00,True,True,0.0,6.535403945920068,7.420117877357708
2024-07-29 04:00:00+00:00,2024-07-29 06:00:00+00:00,nearest_neighbor,8,66a72c690183a7b440092245,2024-07-29 06:35:58.606050+00:00,2024-07-29 12:00:00+00:00,True,True,0.0,10.65247113300196,10.99971467876588
2024-07-29 04:00:00+00:00,2024-07-29 06:00:00+00:00,nearest_neighbor,9,66a71d2b0183a7b440091cda,2024-07-29 06:41:30.013556+00:00,2024-07-29 11:00:00+00:00,True,True,0.0,5.156099628566629,5.523458425903047
2024-07-29 04:00:00+00:00,2024-07-29 06:00:00+00:00,nearest_neighbor,10,66a71ea50183a7b440091d16,2024-07-29 06:45:21.945944+00:00,2024-07-29 11:00:00+00:00,True,True,0.0,3.6185730098889297,3.8655398043267537
2024-07-29 04:00:00+00:00,2024-07-29 06:00:00+00:00,nearest_neighbor,11,66a719bd0183a7b440091bb2,2024-07-29 06:47:33.145650+00:00,2024-07-29 11:00:00+00:00,True,True,0.0,1.7875640747443116,2.1866617662887506
2024-07-29 04:00:00+00:00,2024-07-29 06:00:00+00:00,nearest_neighbor,12,66a720806badf0453bda9a2b,2024-07-29 06:54:36.524500+00:00,2024-07-29 11:00:00+00:00,True,True,0.0,6.082116763138245,7.056314172723435
2024-07-29 04:00:00+00:00,2024-07-29 06:00:00+00:00,nearest_neighbor,13,66a71c0c0183a7b440091cca,2024-07-29 07:06:38.562566+00:00,2024-07-29 11:00:00+00:00,True,True,0.0,10.01792122849702,12.033967769925043
2024-07-29 04:00:00+00:00,2024-07-29 06:00:00+00:00,nearest_neighbor,14,66a723330183a7b440091dec,2024-07-29 07:24:04.408248+00:00,2024-07-29 12:00:00+00:00,True,True,0.0,17.257391027126562,17.430761366398176
2024-07-29 04:00:00+00:00,2024-07-29 06:00:00+00:00,nearest_neighbor,15,66a71af30183a7b440091cba,2024-07-29 07:37:24.236553+00:00,2024-07-29 11:00:00+00:00,True,True,0.0,13.060349883211348,13.33047174857533
2024-07-29 04:00:00+00:00,2024-07-29 06:00:00+00:00,nearest_neighbor,16,66a721b20183a7b440091d88,2024-07-29 07:38:52.092588+00:00,2024-07-29 11:00:00+00:00,True,True,0.0,1.2342158135567194,1.4642672528955978
2024-07-29 04:00:00+00:00,2024-07-29 06:00:00+00:00,priority_nearest_neighbor,1,66a724150183a7b440091f8c,2024-07-29 06:02:09.890625+00:00,2024-07-29 08:07:48.702000+00:00,True,True,0.0,1.756515465694734,2.1648437468097623
2024-07-29 04:00:00+00:00,2024-07-29 06:00:00+00:00,priority_nearest_neighbor,2,66a71fa10183a7b440091d2c,2024-07-29 06:11:57.255225+00:00,2024-07-29 07:50:41.346000+00:00,True,True,0.0,9.069066889403697,9.789410001537952
2024-07-29 04:00:00+00:00,2024-07-29 06:00:00+00:00,priority_nearest_neighbor,3,66a71fd90183a7b440091d3a,2024-07-29 06:11:57.255225+00:00,2024-07-29 07:51:37.623000+00:00,True,True,0.0,0.0,0.0
2024-07-29 04:00:00+00:00,2024-07-29 06:00:00+00:00,priority_nearest_neighbor,4,66a7144d0183a7b440091626,2024-07-29 06:20:46.654019+00:00,2024-07-29 11:00:00+00:00,True,True,0.0,8.343313072860445,8.823313231724855
2024-07-29 04:00:00+00:00,2024-07-29 06:00:00+00:00,priority_nearest_neighbor,5,66a71fdc0183a7b440091d41,2024-07-29 06:22:34.832836+00:00,2024-07-29 11:00:00+00:00,True,True,0.0,1.5275761268886119,1.8029802847922303
2024-07-29 04:00:00+00:00,2024-07-29 06:00:00+00:00,priority_nearest_neighbor,6,66a7180d0183a7b440091ab6,2024-07-29 06:29:08.729252+00:00,2024-07-29 11:00:00+00:00,True,True,0.0,6.8744368478251054,6.564940262590737
2024-07-29 04:00:00+00:00,2024-07-29 06:00:00+00:00,priority_nearest_neighbor,7,66a7226b0183a7b440091da7,2024-07-29 06:34:38.929980+00:00,2024-07-29 12:00:00+00:00,True,True,0.0,5.816645368006906,5.503345458468805
2024-07-29 04:00:00+00:00,2024-07-29 06:00:00+00:00,priority_nearest_neighbor,8,66a71d2b0183a7b440091cda,2024-07-29 06:41:45.812112+00:00,2024-07-29 11:00:00+00:00,True,True,0.0,6.124759454828854,7.114702198187439
2024-07-29 04:00:00+00:00,2024-07-29 06:00:00+00:00,priority_nearest_neighbor,9,66a719bd0183a7b440091bb2,2024-07-29 06:46:18.633205+00:00,2024-07-29 11:00:00+00:00,True,True,0.0,4.177981996161461,4.547018208399505
2024-07-29 04:00:00+00:00,2024-07-29 06:00:00+00:00,priority_nearest_neighbor,10,66a71ea50183a7b440091d16,2024-07-29 06:48:24.545092+00:00,2024-07-29 11:00:00+00:00,True,True,0.0,1.633226793289335,2.098531448146486
2024-07-29 04:00:00+00:00,2024-07-29 06:00:00+00:00,priority_nearest_neighbor,11,66a720806badf0453bda9a2b,2024-07-29 06:55:02.340335+00:00,2024-07-29 11:00:00+00:00,True,True,0.0,5.644867469157662,6.629920711976567
2024-07-29 04:00:00+00:00,2024-07-29 06:00:00+00:00,priority_nearest_neighbor,12,66a71c0c0183a7b440091cca,2024-07-29 07:07:04.378401+00:00,2024-07-29 11:00:00+00:00,True,True,0.0,10.01792122849702,12.033967769925043
2024-07-29 04:00:00+00:00,2024-07-29 06:00:00+00:00,priority_nearest_neighbor,13,66a723330183a7b440091dec,2024-07-29 07:24:30.224083+00:00,2024-07-29 12:00:00+00:00,True,True,0.0,17.257391027126562,17.430761366398176
2024-07-29 04:00:00+00:00,2024-07-29 06:00:00+00:00,priority_nearest_neighbor,14,66a71af30183a7b440091cba,2024-07-29 07:37:50.052388+00:00,2024-07-29 11:00:00+00:00,True,True,0.0,13.060349883211348,13.33047174857533
2024-07-29 04:00:00+00:00,2024-07-29 06:00:00+00:00,priority_nearest_neighbor,15,66a721b20183a7b440091d88,2024-07-29 07:39:17.908423+00:00,2024-07-29 11:00:00+00:00,True,True,0.0,1.2342158135567194,1.4642672528955978
2024-07-29 04:00:00+00:00,2024-07-29 06:00:00+00:00,priority_nearest_neighbor,16,66a72c690183a7b440092245,2024-07-29 07:56:14.963629+00:00,2024-07-29 12:00:00+00:00,True,True,0.0,15.643801906895904,16.950920105274864
2024-07-29 04:00:00+00:00,2024-07-29 06:00:00+00:00,clarke_wright,1,66a7226b0183a7b440091da7,2024-07-29 06:04:21.227007+00:00,2024-07-29 12:00:00+00:00,True,True,0.0,4.067183454353106,4.353783457925551
2024-07-29 04:00:00+00:00,2024-07-29 06:00:00+00:00,clarke_wright,2,66a7180d0183a7b440091ab6,2024-07-29 06:09:52.962502+00:00,2024-07-29 11:00:00+00:00,True,True,0.0,5.788139663257913,5.528924916308262
2024-07-29 04:00:00+00:00,2024-07-29 06:00:00+00:00,clarke_wright,3,66a71fa10183a7b440091d2c,2024-07-29 06:16:35.491777+00:00,2024-07-29 07:50:41.346000+00:00,True,True,0.0,5.710650858452228,6.708821243814006
2024-07-29 04:00:00+00:00,2024-07-29 06:00:00+00:00,clarke_wright,4,66a71fd90183a7b440091d3a,2024-07-29 06:16:35.491777+00:00,2024-07-29 07:51:37.623000+00:00,True,True,0.0,0.0,0.0
2024-07-29 04:00:00+00:00,2024-07-29 06:00:00+00:00,clarke_wright,5,66a72c690183a7b440092245,2024-07-29 06:24:31.167168+00:00,2024-07-29 12:00:00+00:00,True,True,0.0,7.380518488342463,7.92792318618926
2024-07-29 04:00:00+00:00,2024-07-29 06:00:00+00:00,clarke_wright,6,66a71d2b0183a7b440091cda,2024-07-29 06:30:02.574674+00:00,2024-07-29 11:00:00+00:00,True,True,0.0,5.156099628566629,5.523458425903047
2024-07-29 04:00:00+00:00,2024-07-29 06:00:00+00:00,clarke_wright,7,66a719bd0183a7b440091bb2,2024-07-29 06:34:35.395767+00:00,2024-07-29 11:00:00+00:00,True,True,0.0,4.177981996161461,4.547018208399505
2024-07-29 04:00:00+00:00,2024-07-29 06:00:00+00:00,clarke_wright,8,66a71ea50183a7b440091d16,2024-07-29 06:36:41.307654+00:00,2024-07-29 11:00:00+00:00,True,True,0.0,1.633226793289335,2.098531448146486
2024-07-29 04:00:00+00:00,2024-07-29 06:00:00+00:00,clarke_wright,9,66a720806badf0453bda9a2b,2024-07-29 06:43:19.102897+00:00,2024-07-29 11:00:00+00:00,True,True,0.0,5.644867469157662,6.629920711976567
2024-07-29 04:00:00+00:00,2024-07-29 06:00:00+00:00,clarke_wright,10,66a71c0c0183a7b440091cca,2024-07-29 06:55:21.140963+00:00,2024-07-29 11:00:00+00:00,True,True,0.0,10.01792122849702,12.033967769925043
2024-07-29 04:00:00+00:00,2024-07-29 06:00:00+00:00,clarke_wright,11,66a723330183a7b440091dec,2024-07-29 07:12:46.986645+00:00,2024-07-29 12:00:00+00:00,True,True,0.0,17.257391027126562,17.430761366398176
2024-07-29 04:00:00+00:00,2024-07-29 06:00:00+00:00,clarke_wright,12,66a71af30183a7b440091cba,2024-07-29 07:26:06.814950+00:00,2024-07-29 11:00:00+00:00,True,True,0.0,13.060349883211348,13.33047174857533
2024-07-29 04:00:00+00:00,2024-07-29 06:00:00+00:00,clarke_wright,13,66a721b20183a7b440091d88,2024-07-29 07:27:34.670985+00:00,2024-07-29 11:00:00+00:00,True,True,0.0,1.2342158135567194,1.4642672528955978
2024-07-29 04:00:00+00:00,2024-07-29 06:00:00+00:00,clarke_wright,14,66a7144d0183a7b440091626,2024-07-29 07:35:23.326335+00:00,2024-07-29 11:00:00+00:00,True,True,0.0,7.1369293791834645,7.810922501367101
2024-07-29 04:00:00+00:00,2024-07-29 06:00:00+00:00,clarke_wright,15,66a724150183a7b440091f8c,2024-07-29 07:38:17.788227+00:00,2024-07-29 08:07:48.702000+00:00,True,True,0.0,2.469478747444743,2.9076981923470577
2024-07-29 04:00:00+00:00,2024-07-29 06:00:00+00:00,clarke_wright,16,66a71fdc0183a7b440091d41,2024-07-29 07:39:25.085688+00:00,2024-07-29 11:00:00+00:00,True,True,0.0,0.9365817932649897,1.12162434412514
2024-07-30 16:00:00+00:00,2024-07-30 18:00:00+00:00,nearest_neighbor,1,66a910217e3bd50e54fe8f1d,2024-07-30 18:04:13.925670+00:00,2024-07-31 08:00:00+00:00,True,True,0.0,4.015731942935426,4.232094502135291
2024-07-30 16:00:00+00:00,2024-07-30 18:00:00+00:00,nearest_neighbor,2,66a916a77e3bd50e54fe8f58,2024-07-30 18:09:26.532818+00:00,2024-07-31 08:00:00+00:00,True,True,0.0,4.312775489623202,5.210119137601938
2024-07-30 16:00:00+00:00,2024-07-30 18:00:00+00:00,nearest_neighbor,3,66a912287e3bd50e54fe8f26,2024-07-30 18:17:44.799542+00:00,2024-07-31 04:00:00+00:00,True,True,0.0,6.896875897640153,8.30444539376466
2024-07-30 16:00:00+00:00,2024-07-30 18:00:00+00:00,nearest_neighbor,4,66a9152c7e3bd50e54fe8f46,2024-07-30 18:29:52.866380+00:00,2024-07-31 08:00:00+00:00,True,True,0.0,10.365758056187563,12.13444729939087
2024-07-30 16:00:00+00:00,2024-07-30 18:00:00+00:00,nearest_neighbor,5,66a915c97e3bd50e54fe8f4f,2024-07-30 18:35:51.941110+00:00,2024-07-31 08:00:00+00:00,True,True,0.0,5.346180542896445,5.984578836551474
2024-07-30 16:00:00+00:00,2024-07-30 18:00:00+00:00,nearest_neighbor,6,66a90ecb7e3bd50e54fe8f14,2024-07-30 18:50:10.308449+00:00,2024-07-31 08:00:00+00:00,True,True,0.0,12.011212841848854,14.30612231854503
2024-07-30 16:00:00+00:00,2024-07-30 18:00:00+00:00,nearest_neighbor,7,66a913e67e3bd50e54fe8f2f,2024-07-30 19:12:28.678836+00:00,2024-07-31 08:00:00+00:00,True,True,0.0,19.583052108048324,22.30617310974249
2024-07-30 16:00:00+00:00,2024-07-30 18:00:00+00:00,priority_nearest_neighbor,1,66a912287e3bd50e54fe8f26,2024-07-30 18:10:19.876210+00:00,2024-07-31 04:00:00+00:00,True,True,0.0,9.503209394203385,10.331270163833922
2024-07-30 16:00:00+00:00,2024-07-30 18:00:00+00:00,priority_nearest_neighbor,2,66a910217e3bd50e54fe8f1d,2024-07-30 18:17:54.628747+00:00,2024-07-31 08:00:00+00:00,True,True,0.0,6.621523944813309,7.579208944433506
2024-07-30 16:00:00+00:00,2024-07-30 18:00:00+00:00,priority_nearest_neighbor,3,66a9152c7e3bd50e54fe8f46,2024-07-30 18:23:18.062316+00:00,2024-07-31 08:00:00+00:00,True,True,0.0,4.329774495943701,5.39055948124686
2024-07-30 16:00:00+00:00,2024-07-30 18:00:00+00:00,priority_nearest_neighbor,4,66a915c97e3bd50e54fe8f4f,2024-07-30 18:29:17.137046+00:00,2024-07-31 08:00:00+00:00,True,True,0.0,5.346180542896445,5.984578836551474
2024-07-30 16:00:00+00:00,2024-07-30 18:00:00+00:00,priority_nearest_neighbor,5,66a90ecb7e3bd50e54fe8f14,2024-07-30 18:43:35.504385+00:00,2024-07-31 08:00:00+00:00,True,True,0.0,12.011212841848854,14.30612231854503
2024-07-30 16:00:00+00:00,2024-07-30 18:00:00+00:00,priority_nearest_neighbor,6,66a916a77e3bd50e54fe8f58,2024-07-30 18:59:34.190376+00:00,2024-07-31 08:00:00+00:00,True,True,0.0,13.27078403285223,15.978099850533152
2024-07-30 16:00:00+00:00,2024-07-30 18:00:00+00:00,priority_nearest_neighbor,7,66a913e67e3bd50e54fe8f2f,2024-07-30 19:13:12.168814+00:00,2024-07-31 08:00:00+00:00,True,True,0.0,12.70287962081082,13.632973970951417
2024-07-30 16:00:00+00:00,2024-07-30 18:00:00+00:00,clarke_wright,1,66a910217e3bd50e54fe8f1d,2024-07-30 18:04:13.925670+00:00,2024-07-31 08:00:00+00:00,True,True,0.0,4.015731942935426,4.232094502135291
2024-07-30 16:00:00+00:00,2024-07-30 18:00:00+00:00,clarke_wright,2,66a912287e3bd50e54fe8f26,2024-07-30 18:11:00.021244+00:00,2024-07-31 04:00:00+00:00,True,True,0.0,5.867864221356587,6.768259567567381
2024-07-30 16:00:00+00:00,2024-07-30 18:00:00+00:00,clarke_wright,3,66a916a77e3bd50e54fe8f58,2024-07-30 18:18:40.156343+00:00,2024-07-31 08:00:00+00:00,True,True,0.0,6.450129210874689,7.668918321784057
2024-07-30 16:00:00+00:00,2024-07-30 18:00:00+00:00,clarke_wright,4,66a913e67e3bd50e54fe8f2f,2024-07-30 18:32:18.134781+00:00,2024-07-31 08:00:00+00:00,True,True,0.0,12.70287962081082,13.632973970951417
2024-07-30 16:00:00+00:00,2024-07-30 18:00:00+00:00,clarke_wright,5,66a9152c7e3bd50e54fe8f46,2024-07-30 18:50:13.731966+00:00,2024-07-31 08:00:00+00:00,True,True,0.0,17.463407259182958,17.92661974602604
2024-07-30 16:00:00+00:00,2024-07-30 18:00:00+00:00,clarke_wright,6,66a915c97e3bd50e54fe8f4f,2024-07-30 18:56:12.806696+00:00,2024-07-31 08:00:00+00:00,True,True,0.0,5.346180542896445,5.984578836551474
2024-07-30 16:00:00+00:00,2024-07-30 18:00:00+00:00,clarke_wright,7,66a90ecb7e3bd50e54fe8f14,2024-07-30 19:10:31.174035+00:00,2024-07-31 08:00:00+00:00,True,True,0.0,12.011212841848854,14.30612231854503
2024-08-01 02:00:00+00:00,2024-08-01 04:00:00+00:00,nearest_neighbor,1,66aaf9577e3bd50e54feab5d,2024-08-01 04:01:13.034303+00:00,2024-08-01 09:00:00+00:00,True,True,0.0,0.9590689915111601,1.2172383754500113
2024-08-01 02:00:00+00:00,2024-08-01 04:00:00+00:00,nearest_neighbor,2,66aaf5197e3bd50e54fea915,2024-08-01 04:03:06.546804+00:00,2024-08-01 09:00:00+00:00,True,True,0.0,1.813409633332169,1.8918750192549771
2024-08-01 02:00:00+00:00,2024-08-01 04:00:00+00:00,nearest_neighbor,3,66aaf6597e3bd50e54feaa3e,2024-08-01 04:07:55.626841+00:00,2024-08-01 09:00:00+00:00,True,True,0.0,4.252577540818793,4.818000616555805
2024-08-01 02:00:00+00:00,2024-08-01 04:00:00+00:00,nearest_neighbor,4,66aafc1e7e3bd50e54feac85,2024-08-01 04:18:01.848205+00:00,2024-08-01 06:07:29.598000+00:00,True,True,0.0,9.602470700138284,10.103689403079626
2024-08-01 02:00:00+00:00,2024-08-01 04:00:00+00:00,nearest_neighbor,5,66aaf3567e3bd50e54fea8df,2024-08-01 04:20:46.430634+00:00,2024-08-01 05:28:58.794000+00:00,True,True,0.0,2.4380224242322646,2.7430404915411675
2024-08-01 02:00:00+00:00,2024-08-01 04:00:00+00:00,nearest_neighbor,6,66aaf8dc7e3bd50e54feaa6a,2024-08-01 04:40:38.980390+00:00,2024-08-01 09:00:00+00:00,True,True,0.0,18.544662528645738,19.87582927228277
2024-08-01 02:00:00+00:00,2024-08-01 04:00:00+00:00,priority_nearest_neighbor,1,66aaf3567e3bd50e54fea8df,2024-08-01 04:07:45.970442+00:00,2024-08-01 05:28:58.794000+00:00,True,True,0.0,7.9289002014609435,7.766174026215182
2024-08-01 02:00:00+00:00,2024-08-01 04:00:00+00:00,priority_nearest_neighbor,2,66aafc1e7e3bd50e54feac85,2024-08-01 04:10:45.523784+00:00,2024-08-01 06:07:29.598000+00:00,True,True,0.0,2.473456601596975,2.9925556963189295
2024-08-01 02:00:00+00:00,2024-08-01 04:00:00+00:00,priority_nearest_neighbor,3,66aaf5197e3bd50e54fea915,2024-08-01 04:16:59.431881+00:00,2024-08-01 09:00:00+00:00,True,True,0.0,6.078027489886728,6.231801621949444
2024-08-01 02:00:00+00:00,2024-08-01 04:00:00+00:00,priority_nearest_neighbor,4,66aaf9577e3bd50e54feab5d,2024-08-01 04:19:25.648079+00:00,2024-08-01 09:00:00+00:00,True,True,0.0,2.048013799361161,2.4369366326354522
2024-08-01 02:00:00+00:00,2024-08-01 04:00:00+00:00,priority_nearest_neighbor,5,66aaf6597e3bd50e54feaa3e,2024-08-01 04:22:53.429091+00:00,2024-08-01 09:00:00+00:00,True,True,0.0,2.926190022055454,3.4630168669826875
2024-08-01 02:00:00+00:00,2024-08-01 04:00:00+00:00,priority_nearest_neighbor,6,66aaf8dc7e3bd50e54feaa6a,2024-08-01 04:34:13.776186+00:00,2024-08-01 09:00:00+00:00,True,True,0.0,9.98144149174039,11.339118245974941
2024-08-01 02:00:00+00:00,2024-08-01 04:00:00+00:00,clarke_wright,1,66aafc1e7e3bd50e54feac85,2024-08-01 04:06:45.619223+00:00,2024-08-01 06:07:29.598000+00:00,True,True,0.0,6.416203306208673,6.760320391147384
2024-08-01 02:00:00+00:00,2024-08-01 04:00:00+00:00,clarke_wright,2,66aaf3567e3bd50e54fea8df,2024-08-01 04:09:30.201652+00:00,2024-08-01 05:28:58.794000+00:00,True,True,0.0,2.4380224242322646,2.7430404915411675
2024-08-01 02:00:00+00:00,2024-08-01 04:00:00+00:00,clarke_wright,3,66aaf5197e3bd50e54fea915,2024-08-01 04:16:32.436023+00:00,2024-08-01 09:00:00+00:00,True,True,0.0,6.870733248197555,7.037239524546362
2024-08-01 02:00:00+00:00,2024-08-01 04:00:00+00:00,clarke_wright,4,66aaf8dc7e3bd50e54feaa6a,2024-08-01 04:30:10.640808+00:00,2024-08-01 09:00:00+00:00,True,True,0.0,12.283898646412206,13.636746419200042
2024-08-01 02:00:00+00:00,2024-08-01 04:00:00+00:00,clarke_wright,5,66aaf6597e3bd50e54feaa3e,2024-08-01 04:41:50.912748+00:00,2024-08-01 09:00:00+00:00,True,True,0.0,10.062062703551092,11.671199002813648
2024-08-01 02:00:00+00:00,2024-08-01 04:00:00+00:00,clarke_wright,6,66aaf9577e3bd50e54feab5d,2024-08-01 04:45:10.917921+00:00,2024-08-01 09:00:00+00:00,True,True,0.0,2.810935870495331,3.333419557906882
2024-08-02 08:00:00+00:00,2024-08-02 10:00:00+00:00,nearest_neighbor,1,66ac9d9441dd95a0cd971c16,2024-08-02 10:01:13.518154+00:00,2024-08-02 11:48:43.330000+00:00,True,True,0.0,1.0292698930734439,1.2253025644416515
2024-08-02 08:00:00+00:00,2024-08-02 10:00:00+00:00,nearest_neighbor,2,66ac9dcf41dd95a0cd971c27,2024-08-02 10:04:33.069787+00:00,2024-08-02 11:49:31.171000+00:00,True,True,0.0,2.951203760948819,3.32586055269871
2024-08-02 08:00:00+00:00,2024-08-02 10:00:00+00:00,nearest_neighbor,3,66ac9e3941dd95a0cd971c45,2024-08-02 10:13:34.373916+00:00,2024-08-02 11:49:17.583000+00:00,True,True,0.0,8.760988174993166,9.021735488317868
2024-08-02 08:00:00+00:00,2024-08-02 10:00:00+00:00,nearest_neighbor,4,66ac9dff41dd95a0cd971c33,2024-08-02 10:21:27.323476+00:00,2024-08-02 11:50:30.178000+00:00,True,True,0.0,7.790054332530207,7.882492672456258
2024-08-02 08:00:00+00:00,2024-08-02 10:00:00+00:00,nearest_neighbor,5,66acab0a41dd95a0cd9720c0,2024-08-02 10:45:57.216292+00:00,2024-08-02 12:46:09.727000+00:00,True,True,0.0,24.358960145849224,24.49821359437573
2024-08-02 08:00:00+00:00,2024-08-02 10:00:00+00:00,nearest_neighbor,6,66ac9e2541dd95a0cd971c3e,2024-08-02 10:46:04.327649+00:00,2024-08-02 11:51:17.270000+00:00,True,True,0.0,0.08640158823637752,0.11852261569860162
2024-08-02 08:00:00+00:00,2024-08-02 10:00:00+00:00,priority_nearest_neighbor,1,66ac9d9441dd95a0cd971c16,2024-08-02 10:01:13.518154+00:00,2024-08-02 11:48:43.330000+00:00,True,True,0.0,1.0292698930734439,1.2253025644416515
2024-08-02 08:00:00+00:00,2024-08-02 10:00:00+00:00,priority_nearest_neighbor,2,66ac9dcf41dd95a0cd971c27,2024-08-02 10:04:33.069787+00:00,2024-08-02 11:49:31.171000+00:00,True,True,0.0,2.951203760948819,3.32586055269871
2024-08-02 08:00:00+00:00,2024-08-02 10:00:00+00:00,priority_nearest_neighbor,3,66ac9e3941dd95a0cd971c45,2024-08-02 10:13:34.373916+00:00,2024-08-02 11:49:17.583000+00:00,True,True,0.0,8.760988174993166,9.021735488317868
2024-08-02 08:00:00+00:00,2024-08-02 10:00:00+00:00,priority_nearest_neighbor,4,66ac9dff41dd95a0cd971c33,2024-08-02 10:21:27.323476+00:00,2024-08-02 11:50:30.178000+00:00,True,True,0.0,7.790054332530207,7.882492672456258
2024-08-02 08:00:00+00:00,2024-08-02 10:00:00+00:00,priority_nearest_neighbor,5,66acab0a41dd95a0cd9720c0,2024-08-02 10:45:57.216292+00:00,2024-08-02 12:46:09.727000+00:00,True,True,0.0,24.358960145849224,24.49821359437573
2024-08-02 08:00:00+00:00,2024-08-02 10:00:00+00:00,priority_nearest_neighbor,6,66ac9e2541dd95a0cd971c3e,2024-08-02 10:46:04.327649+00:00,2024-08-02 11:51:17.270000+00:00,True,True,0.0,0.08640158823637752,0.11852261569860162
2024-08-02 08:00:00+00:00,2024-08-02 10:00:00+00:00,clarke_wright,1,66ac9e2541dd95a0cd971c3e,2024-08-02 10:07:58.586070+00:00,2024-08-02 11:51:17.270000+00:00,True,True,0.0,7.500935037455757,7.976434494475232
2024-08-02 08:00:00+00:00,2024-08-02 10:00:00+00:00,clarke_wright,2,66acab0a41dd95a0cd9720c0,2024-08-02 10:08:05.697427+00:00,2024-08-02 12:46:09.727000+00:00,True,True,0.0,0.08640158823637752,0.11852261569860162
2024-08-02 08:00:00+00:00,2024-08-02 10:00:00+00:00,clarke_wright,3,66ac9dcf41dd95a0cd971c27,2024-08-02 10:17:52.536183+00:00,2024-08-02 11:49:31.171000+00:00,True,True,0.0,9.560180439777861,9.780645931244038
2024-08-02 08:00:00+00:00,2024-08-02 10:00:00+00:00,clarke_wright,4,66ac9dff41dd95a0cd971c33,2024-08-02 10:32:13.183445+00:00,2024-08-02 11:50:30.178000+00:00,True,True,0.0,14.857598997719002,14.344121033663713
2024-08-02 08:00:00+00:00,2024-08-02 10:00:00+00:00,clarke_wright,5,66ac9e3941dd95a0cd971c45,2024-08-02 10:39:46.529278+00:00,2024-08-02 11:49:17.583000+00:00,True,True,0.0,7.379587318695647,7.555763886929581
2024-08-02 08:00:00+00:00,2024-08-02 10:00:00+00:00,clarke_wright,6,66ac9d9441dd95a0cd971c16,2024-08-02 10:50:44.631389+00:00,2024-08-02 11:48:43.330000+00:00,True,True,0.0,10.754246443002753,10.968368509723662
2024-08-06 02:00:00+00:00,2024-08-06 04:00:00+00:00,nearest_neighbor,1,66b19d2941dd95a0cd976d23,2024-08-06 04:05:11.584176+00:00,2024-08-06 06:38:36.760000+00:00,True,True,0.0,4.52525220038842,5.19306960203765
2024-08-06 02:00:00+00:00,2024-08-06 04:00:00+00:00,nearest_neighbor,2,66b19dbe41dd95a0cd976d7a,2024-08-06 04:13:24.455953+00:00,2024-08-06 06:49:01.310000+00:00,True,True,0.0,7.172719715767625,8.214529613216012
2024-08-06 02:00:00+00:00,2024-08-06 04:00:00+00:00,nearest_neighbor,3,66b189f641dd95a0cd976b84,2024-08-06 04:25:48.834769+00:00,2024-08-06 05:24:50.595000+00:00,True,True,0.0,11.235928617148748,12.40631359697903
2024-08-06 02:00:00+00:00,2024-08-06 04:00:00+00:00,nearest_neighbor,4,66b19f6d41dd95a0cd976e2b,2024-08-06 04:42:43.562838+00:00,2024-08-06 06:56:43.761000+00:00,True,True,0.0,15.933551963084813,16.912134489756287
2024-08-06 02:00:00+00:00,2024-08-06 04:00:00+00:00,nearest_neighbor,5,66b19ab241dd95a0cd976ca4,2024-08-06 05:14:45.989945+00:00,2024-08-06 06:36:56.726000+00:00,True,True,0.0,30.35866972778926,32.04045178937856
2024-08-06 02:00:00+00:00,2024-08-06 04:00:00+00:00,priority_nearest_neighbor,1,66b189f641dd95a0cd976b84,2024-08-06 04:07:25.334033+00:00,2024-08-06 05:24:50.595000+00:00,True,True,0.0,6.7809762173901555,7.4222338753779695
2024-08-06 02:00:00+00:00,2024-08-06 04:00:00+00:00,priority_nearest_neighbor,2,66b19d2941dd95a0cd976d23,2024-08-06 04:18:58.301901+00:00,2024-08-06 06:38:36.760000+00:00,True,True,0.0,10.385080816123944,11.549464462818474
2024-08-06 02:00:00+00:00,2024-08-06 04:00:00+00:00,priority_nearest_neighbor,3,66b19dbe41dd95a0cd976d7a,2024-08-06 04:27:11.173678+00:00,2024-08-06 06:49:01.310000+00:00,True,True,0.0,7.172719715767625,8.214529613216012
2024-08-06 02:00:00+00:00,2024-08-06 04:00:00+00:00,priority_nearest_neighbor,4,66b19f6d41dd95a0cd976e2b,2024-08-06 04:42:34.292868+00:00,2024-08-06 06:56:43.761000+00:00,True,True,0.0,13.906268840783486,15.385319839981971
2024-08-06 02:00:00+00:00,2024-08-06 04:00:00+00:00,priority_nearest_neighbor,5,66b19ab241dd95a0cd976ca4,2024-08-06 05:14:36.719975+00:00,2024-08-06 06:36:56.726000+00:00,True,True,0.0,30.35866972778926,32.04045178937856
2024-08-06 02:00:00+00:00,2024-08-06 04:00:00+00:00,clarke_wright,1,66b19d2941dd95a0cd976d23,2024-08-06 04:05:11.584176+00:00,2024-08-06 06:38:36.760000+00:00,True,True,0.0,4.52525220038842,5.19306960203765
2024-08-06 02:00:00+00:00,2024-08-06 04:00:00+00:00,clarke_wright,2,66b19f6d41dd95a0cd976e2b,2024-08-06 04:14:01.621908+00:00,2024-08-06 06:56:43.761000+00:00,True,True,0.0,7.843542419407124,8.833962196688192
2024-08-06 02:00:00+00:00,2024-08-06 04:00:00+00:00,clarke_wright,3,66b189f641dd95a0cd976b84,2024-08-06 04:30:16.534586+00:00,2024-08-06 05:24:50.595000+00:00,True,True,0.0,15.74935583902942,16.248544635958055
2024-08-06 02:00:00+00:00,2024-08-06 04:00:00+00:00,clarke_wright,4,66b19ab241dd95a0cd976ca4,2024-08-06 04:49:48.925241+00:00,2024-08-06 06:36:56.726000+00:00,True,True,0.0,18.050374033664916,19.539844248575378
2024-08-06 02:00:00+00:00,2024-08-06 04:00:00+00:00,clarke_wright,5,66b19dbe41dd95a0cd976d7a,2024-08-06 05:09:01.856279+00:00,2024-08-06 06:49:01.310000+00:00,True,True,0.0,18.30329153823261,19.215517307615137
2024-08-06 04:00:00+00:00,2024-08-06 06:00:00+00:00,nearest_neighbor,1,66b1aef78bafc7aafe84102c,2024-08-06 06:02:42.567639+00:00,2024-08-06 08:03:46.802000+00:00,True,True,0.0,2.455742209151572,2.709460643912484
2024-08-06 04:00:00+00:00,2024-08-06 06:00:00+00:00,nearest_neighbor,2,66b1af828bafc7aafe84104f,2024-08-06 06:03:59.567798+00:00,2024-08-06 12:00:00+00:00,True,True,0.0,1.164362424369182,1.2833359797066355
2024-08-06 04:00:00+00:00,2024-08-06 06:00:00+00:00,nearest_neighbor,3,66b1a3a841dd95a0cd977312,2024-08-06 06:08:45.855127+00:00,2024-08-06 07:15:19.034000+00:00,True,True,0.0,4.428263496760779,4.771455484726925
2024-08-06 04:00:00+00:00,2024-08-06 06:00:00+00:00,nearest_neighbor,4,66b1add041dd95a0cd97754b,2024-08-06 06:10:22.580825+00:00,2024-08-06 07:58:56.292000+00:00,True,True,0.0,1.280393894023412,1.6120949713558788
2024-08-06 04:00:00+00:00,2024-08-06 06:00:00+00:00,nearest_neighbor,5,66b1ac0c41dd95a0cd9774ae,2024-08-06 06:15:23.922828+00:00,2024-08-06 07:51:31.579000+00:00,True,True,0.0,4.424667811114876,5.022366714738821
2024-08-06 04:00:00+00:00,2024-08-06 06:00:00+00:00,nearest_neighbor,6,66b1b07141dd95a0cd977755,2024-08-06 06:23:07.733565+00:00,2024-08-06 08:09:35.617000+00:00,True,True,0.0,6.549547191082389,7.730178956857744
2024-08-06 04:00:00+00:00,2024-08-06 06:00:00+00:00,nearest_neighbor,7,66b1afe941dd95a0cd9776fe,2024-08-06 06:38:56.557183+00:00,2024-08-06 08:02:32.233000+00:00,True,True,0.0,14.695923693188357,15.81372696976507
2024-08-06 04:00:00+00:00,2024-08-06 06:00:00+00:00,nearest_neighbor,8,66b1adfc41dd95a0cd977570,2024-08-06 06:47:22.493773+00:00,2024-08-06 11:00:00+00:00,True,True,0.0,7.42803823056794,8.432276492765554
2024-08-06 04:00:00+00:00,2024-08-06 06:00:00+00:00,nearest_neighbor,9,66b1aedf41dd95a0cd97757d,2024-08-06 06:59:19.174374+00:00,2024-08-06 12:00:00+00:00,True,True,0.0,9.877213329124258,11.944676684658093
2024-08-06 04:00:00+00:00,2024-08-06 06:00:00+00:00,nearest_neighbor,10,66b1a22241dd95a0cd976f21,2024-08-06 07:28:42.711376+00:00,2024-08-06 07:09:08.954000+00:00,True,False,19.562622933333333,26.82833747105916,29.392283373568198
2024-08-06 04:00:00+00:00,2024-08-06 06:00:00+00:00,nearest_neighbor,11,66b1ad7b41dd95a0cd9774fb,2024-08-06 07:46:09.976632+00:00,2024-08-06 07:57:47.552000+00:00,True,True,0.0,14.77996441643416,17.454420938011012
2024-08-06 04:00:00+00:00,2024-08-06 06:00:00+00:00,nearest_neighbor,12,66b1a2f041dd95a0cd9772cb,2024-08-06 07:54:42.424354+00:00,2024-08-06 07:10:44.092000+00:00,True,False,43.9722059,7.641546868135041,8.540795371825942
2024-08-06 04:00:00+00:00,2024-08-06 06:00:00+00:00,nearest_neighbor,13,66b1a12a41dd95a0cd976eec,2024-08-06 07:56:07.656311+00:00,2024-08-06 06:59:58.795000+00:00,True,False,56.14768851666667,1.3093103641423518,1.4205326100379974
2024-08-06 04:00:00+00:00,2024-08-06 06:00:00+00:00,priority_nearest_neighbor,1,66b1a12a41dd95a0cd976eec,2024-08-06 06:12:04.151044+00:00,2024-08-06 06:59:58.795000+00:00,True,True,0.0,11.616243636653788,12.069184065615735
2024-08-06 04:00:00+00:00,2024-08-06 06:00:00+00:00,priority_nearest_neighbor,2,66b1a2f041dd95a0cd9772cb,2024-08-06 06:13:43.225768+00:00,2024-08-06 07:10:44.092000+00:00,True,True,0.0,1.5135576989630202,1.6512453934026936
2024-08-06 04:00:00+00:00,2024-08-06 06:00:00+00:00,priority_nearest_neighbor,3,66b1a3a841dd95a0cd977312,2024-08-06 06:20:51.951753+00:00,2024-08-06 07:15:19.034000+00:00,True,True,0.0,6.804527294061494,7.145433088077602
2024-08-06 04:00:00+00:00,2024-08-06 06:00:00+00:00,priority_nearest_neighbor,4,66b1a22241dd95a0cd976f21,2024-08-06 06:40:47.159593+00:00,2024-08-06 07:09:08.954000+00:00,True,True,0.0,17.809568401992944,19.920130671407314
2024-08-06 04:00:00+00:00,2024-08-06 06:00:00+00:00,priority_nearest_neighbor,5,66b1ad7b41dd95a0cd9774fb,2024-08-06 06:58:14.424849+00:00,2024-08-06 07:57:47.552000+00:00,True,True,0.0,14.77996441643416,17.454420938011012
2024-08-06 04:00:00+00:00,2024-08-06 06:00:00+00:00,priority_nearest_neighbor,6,66b1ac0c41dd95a0cd9774ae,2024-08-06 07:10:59.488429+00:00,2024-08-06 07:51:31.579000+00:00,True,True,0.0,11.037119831472083,12.751059667981634
2024-08-06 04:00:00+00:00,2024-08-06 06:00:00+00:00,priority_nearest_neighbor,7,66b1add041dd95a0cd97754b,2024-08-06 07:16:02.743517+00:00,2024-08-06 07:58:56.292000+00:00,True,True,0.0,4.537856144853318,5.054251467716538
2024-08-06 04:00:00+00:00,2024-08-06 06:00:00+00:00,priority_nearest_neighbor,8,66b1aef78bafc7aafe84102c,2024-08-06 07:22:29.137710+00:00,2024-08-06 08:03:46.802000+00:00,True,True,0.0,6.002462377364367,6.439903220384933
2024-08-06 04:00:00+00:00,2024-08-06 06:00:00+00:00,priority_nearest_neighbor,9,66b1afe941dd95a0cd9776fe,2024-08-06 07:29:51.781504+00:00,2024-08-06 08:02:32.233000+00:00,True,True,0.0,6.973883128502416,7.377396573697904
2024-08-06 04:00:00+00:00,2024-08-06 06:00:00+00:00,priority_nearest_neighbor,10,66b1b07141dd95a0cd977755,2024-08-06 07:45:35.238672+00:00,2024-08-06 08:09:35.617000+00:00,True,True,0.0,14.19160864402872,15.72428613415891
2024-08-06 04:00:00+00:00,2024-08-06 06:00:00+00:00,priority_nearest_neighbor,11,66b1af828bafc7aafe84104f,2024-08-06 07:55:01.194710+00:00,2024-08-06 12:00:00+00:00,True,True,0.0,8.583287031415495,9.432600626859335
2024-08-06 04:00:00+00:00,2024-08-06 06:00:00+00:00,priority_nearest_neighbor,12,66b1adfc41dd95a0cd977570,2024-08-06 08:06:23.365052+00:00,2024-08-06 11:00:00+00:00,True,True,0.0,11.983740088816958,11.369505701139493
2024-08-06 04:00:00+00:00,2024-08-06 06:00:00+00:00,priority_nearest_neighbor,13,66b1aedf41dd95a0cd97757d,2024-08-06 08:18:20.045653+00:00,2024-08-06 12:00:00+00:00,True,True,0.0,9.877213329124258,11.944676684658093
2024-08-06 04:00:00+00:00,2024-08-06 06:00:00+00:00,clarke_wright,1,66b1b07141dd95a0cd977755,2024-08-06 06:06:30.658870+00:00,2024-08-06 08:09:35.617000+00:00,True,True,0.0,5.725876767894492,6.510981162600824
2024-08-06 04:00:00+00:00,2024-08-06 06:00:00+00:00,clarke_wright,2,66b1ac0c41dd95a0cd9774ae,2024-08-06 06:14:43.822004+00:00,2024-08-06 07:51:31.579000+00:00,True,True,0.0,7.1104188486384,8.21938556490579
2024-08-06 04:00:00+00:00,2024-08-06 06:00:00+00:00,clarke_wright,3,66b1a3a841dd95a0cd977312,2024-08-06 06:19:53.811386+00:00,2024-08-06 07:15:19.034000+00:00,True,True,0.0,4.469569961538332,5.166489703414846
2024-08-06 04:00:00+00:00,2024-08-06 06:00:00+00:00,clarke_wright,4,66b1add041dd95a0cd97754b,2024-08-06 06:21:30.537084+00:00,2024-08-06 07:58:56.292000+00:00,True,True,0.0,1.280393894023412,1.6120949713558788
2024-08-06 04:00:00+00:00,2024-08-06 06:00:00+00:00,clarke_wright,5,66b1a2f041dd95a0cd9772cb,2024-08-06 06:27:20.602342+00:00,2024-08-06 07:10:44.092000+00:00,True,True,0.0,5.633401797092557,5.834420971972947
2024-08-06 04:00:00+00:00,2024-08-06 06:00:00+00:00,clarke_wright,6,66b1a12a41dd95a0cd976eec,2024-08-06 06:28:45.834299+00:00,2024-08-06 06:59:58.795000+00:00,True,True,0.0,1.3093103641423518,1.4205326100379974
2024-08-06 04:00:00+00:00,2024-08-06 06:00:00+00:00,clarke_wright,7,66b1ad7b41dd95a0cd9774fb,2024-08-06 06:38:00.137063+00:00,2024-08-06 07:57:47.552000+00:00,True,True,0.0,7.908177791470961,9.238379402151025
2024-08-06 04:00:00+00:00,2024-08-06 06:00:00+00:00,clarke_wright,8,66b1a22241dd95a0cd976f21,2024-08-06 06:54:52.308292+00:00,2024-08-06 07:09:08.954000+00:00,True,True,0.0,14.245681970125128,16.86952048864089
2024-08-06 04:00:00+00:00,2024-08-06 06:00:00+00:00,clarke_wright,9,66b1afe941dd95a0cd9776fe,2024-08-06 07:11:39.406245+00:00,2024-08-06 08:02:32.233000+00:00,True,True,0.0,15.004754034564835,16.784965882706945
2024-08-06 04:00:00+00:00,2024-08-06 06:00:00+00:00,clarke_wright,10,66b1aedf41dd95a0cd97757d,2024-08-06 07:28:55.802784+00:00,2024-08-06 12:00:00+00:00,True,True,0.0,15.389114248679835,17.273275653330202
2024-08-06 04:00:00+00:00,2024-08-06 06:00:00+00:00,clarke_wright,11,66b1adfc41dd95a0cd977570,2024-08-06 07:40:55.778865+00:00,2024-08-06 11:00:00+00:00,True,True,0.0,9.91850404748162,11.999601351063287
2024-08-06 04:00:00+00:00,2024-08-06 06:00:00+00:00,clarke_wright,12,66b1aef78bafc7aafe84102c,2024-08-06 07:51:06.293939+00:00,2024-08-06 08:03:46.802000+00:00,True,True,0.0,10.977627051176714,10.175251225876714
2024-08-06 04:00:00+00:00,2024-08-06 06:00:00+00:00,clarke_wright,13,66b1af828bafc7aafe84104f,2024-08-06 07:52:23.294098+00:00,2024-08-06 12:00:00+00:00,True,True,0.0,1.164362424369182,1.2833359797066355
2024-08-07 02:00:00+00:00,2024-08-07 04:00:00+00:00,nearest_neighbor,1,66b2e1a441dd95a0cd979ea1,2024-08-07 04:00:54.988864+00:00,2024-08-07 05:51:52.878000+00:00,True,True,0.0,0.7010889401999238,0.9164810704413078
2024-08-07 02:00:00+00:00,2024-08-07 04:00:00+00:00,nearest_neighbor,2,66b2e38841dd95a0cd979ecb,2024-08-07 04:06:30.150205+00:00,2024-08-07 05:56:07.660000+00:00,True,True,0.0,5.120299468393076,5.586022347581337
2024-08-07 02:00:00+00:00,2024-08-07 04:00:00+00:00,nearest_neighbor,3,66b2e4c241dd95a0cd97ad47,2024-08-07 04:07:56.682132+00:00,2024-08-07 06:01:37.327000+00:00,True,True,0.0,1.222867738495394,1.4421987788520345
2024-08-07 02:00:00+00:00,2024-08-07 04:00:00+00:00,nearest_neighbor,4,66b2ec357cb3f11298e31524,2024-08-07 04:11:05.549501+00:00,2024-08-07 10:00:00+00:00,True,True,0.0,2.5665498070946864,3.1477894899048637
2024-08-07 02:00:00+00:00,2024-08-07 04:00:00+00:00,nearest_neighbor,5,66b2ecaa7cb3f11298e31553,2024-08-07 04:16:25.496958+00:00,2024-08-07 06:38:33.130000+00:00,True,True,0.0,4.2531500181877995,5.332457621922015
2024-08-07 02:00:00+00:00,2024-08-07 04:00:00+00:00,nearest_neighbor,6,66b2e7807cb3f11298e313d1,2024-08-07 04:31:57.837694+00:00,2024-08-07 06:15:22.266000+00:00,True,True,0.0,14.579137211608565,15.539012265845287
2024-08-07 02:00:00+00:00,2024-08-07 04:00:00+00:00,nearest_neighbor,7,66b2e6c77cb3f11298e313c5,2024-08-07 04:35:58.418622+00:00,2024-08-07 06:14:28.142000+00:00,True,True,0.0,3.4885790269494374,4.009682141134687
2024-08-07 02:00:00+00:00,2024-08-07 04:00:00+00:00,nearest_neighbor,8,66b2ed167cb3f11298e31657,2024-08-07 04:54:08.982292+00:00,2024-08-07 10:00:00+00:00,True,True,0.0,14.951793762110551,18.17606117006345
2024-08-07 02:00:00+00:00,2024-08-07 04:00:00+00:00,priority_nearest_neighbor,1,66b2e1a441dd95a0cd979ea1,2024-08-07 04:00:54.988864+00:00,2024-08-07 05:51:52.878000+00:00,True,True,0.0,0.7010889401999238,0.9164810704413078
2024-08-07 02:00:00+00:00,2024-08-07 04:00:00+00:00,priority_nearest_neighbor,2,66b2e38841dd95a0cd979ecb,2024-08-07 04:06:30.150205+00:00,2024-08-07 05:56:07.660000+00:00,True,True,0.0,5.120299468393076,5.586022347581337
2024-08-07 02:00:00+00:00,2024-08-07 04:00:00+00:00,priority_nearest_neighbor,3,66b2e4c241dd95a0cd97ad47,2024-08-07 04:07:56.682132+00:00,2024-08-07 06:01:37.327000+00:00,True,True,0.0,1.222867738495394,1.4421987788520345
2024-08-07 02:00:00+00:00,2024-08-07 04:00:00+00:00,priority_nearest_neighbor,4,66b2e7807cb3f11298e313d1,2024-08-07 04:17:37.667709+00:00,2024-08-07 06:15:22.266000+00:00,True,True,0.0,9.196504477180422,9.683092942171422
2024-08-07 02:00:00+00:00,2024-08-07 04:00:00+00:00,priority_nearest_neighbor,5,66b2e6c77cb3f11298e313c5,2024-08-07 04:21:38.248637+00:00,2024-08-07 06:14:28.142000+00:00,True,True,0.0,3.4885790269494374,4.009682141134687
2024-08-07 02:00:00+00:00,2024-08-07 04:00:00+00:00,priority_nearest_neighbor,6,66b2ec357cb3f11298e31524,2024-08-07 04:35:55.418312+00:00,2024-08-07 10:00:00+00:00,True,True,0.0,14.151020450148517,14.286161258068548
2024-08-07 02:00:00+00:00,2024-08-07 04:00:00+00:00,priority_nearest_neighbor,7,66b2ecaa7cb3f11298e31553,2024-08-07 04:41:15.365769+00:00,2024-08-07 06:38:33.130000+00:00,True,True,0.0,4.2531500181877995,5.332457621922015
2024-08-07 02:00:00+00:00,2024-08-07 04:00:00+00:00,priority_nearest_neighbor,8,66b2ed167cb3f11298e31657,2024-08-07 05:11:10.413790+00:00,2024-08-07 10:00:00+00:00,True,True,0.0,29.671289884253014,29.917467009568973
2024-08-07 02:00:00+00:00,2024-08-07 04:00:00+00:00,clarke_wright,1,66b2e4c241dd95a0cd97ad47,2024-08-07 04:04:44.621734+00:00,2024-08-07 06:01:37.327000+00:00,True,True,0.0,4.635183346278835,4.743695571977421
2024-08-07 02:00:00+00:00,2024-08-07 04:00:00+00:00,clarke_wright,2,66b2e38841dd95a0cd979ecb,2024-08-07 04:06:09.523676+00:00,2024-08-07 05:56:07.660000+00:00,True,True,0.0,1.2014506452337759,1.41503236702492
2024-08-07 02:00:00+00:00,2024-08-07 04:00:00+00:00,clarke_wright,3,66b2ec357cb3f11298e31524,2024-08-07 04:07:57.939046+00:00,2024-08-07 10:00:00+00:00,True,True,0.0,1.3976274293634656,1.8069228339900074
2024-08-07 02:00:00+00:00,2024-08-07 04:00:00+00:00,clarke_wright,4,66b2ecaa7cb3f11298e31553,2024-08-07 04:13:17.886503+00:00,2024-08-07 06:38:33.130000+00:00,True,True,0.0,4.2531500181877995,5.332457621922015
2024-08-07 02:00:00+00:00,2024-08-07 04:00:00+00:00,clarke_wright,5,66b2e7807cb3f11298e313d1,2024-08-07 04:28:50.227239+00:00,2024-08-07 06:15:22.266000+00:00,True,True,0.0,14.579137211608565,15.539012265845287
2024-08-07 02:00:00+00:00,2024-08-07 04:00:00+00:00,clarke_wright,6,66b2ed167cb3f11298e31657,2024-08-07 04:45:41.497294+00:00,2024-08-07 10:00:00+00:00,True,True,0.0,17.002729607322703,16.854500918950215
2024-08-07 02:00:00+00:00,2024-08-07 04:00:00+00:00,clarke_wright,7,66b2e6c77cb3f11298e313c5,2024-08-07 05:03:52.228102+00:00,2024-08-07 06:14:28.142000+00:00,True,True,0.0,14.956094437351021,18.178846807117317
2024-08-07 02:00:00+00:00,2024-08-07 04:00:00+00:00,clarke_wright,8,66b2e1a441dd95a0cd979ea1,2024-08-07 05:13:13.626391+00:00,2024-08-07 05:51:52.878000+00:00,True,True,0.0,9.495714113964025,9.356638143727757
2024-08-08 02:00:00+00:00,2024-08-08 04:00:00+00:00,nearest_neighbor,1,66b433587cb3f11298e33d66,2024-08-08 04:01:33.269294+00:00,2024-08-08 05:52:40.648000+00:00,True,True,0.0,1.4868494197697546,1.5544882338299713
2024-08-08 02:00:00+00:00,2024-08-08 04:00:00+00:00,nearest_neighbor,2,66b434b37cb3f11298e33d8d,2024-08-08 04:08:49.782204+00:00,2024-08-08 05:58:21.766000+00:00,True,True,0.0,6.412002421882528,7.275215166364366
2024-08-08 02:00:00+00:00,2024-08-08 04:00:00+00:00,nearest_neighbor,3,66b4354d7cb3f11298e33dbd,2024-08-08 04:15:26.238823+00:00,2024-08-08 06:00:06.480000+00:00,True,True,0.0,5.301483349801777,6.607610311082808
2024-08-08 02:00:00+00:00,2024-08-08 04:00:00+00:00,nearest_neighbor,4,66b42f430f42ac1ad11ca1e4,2024-08-08 04:16:50.977365+00:00,2024-08-08 09:00:00+00:00,True,True,0.0,1.0967587418018938,1.4123090276353885
2024-08-08 02:00:00+00:00,2024-08-08 04:00:00+00:00,nearest_neighbor,5,66b442417cb3f11298e3468b,2024-08-08 04:28:46.638169+00:00,2024-08-08 10:00:00+00:00,True,True,0.0,12.056934639989247,11.927680070073547
2024-08-08 02:00:00+00:00,2024-08-08 04:00:00+00:00,nearest_neighbor,6,66b441337cb3f11298e33e7d,2024-08-08 04:49:02.620563+00:00,2024-08-08 06:51:55.965000+00:00,True,True,0.0,20.323035251862734,20.266373229236287
2024-08-08 02:00:00+00:00,2024-08-08 04:00:00+00:00,nearest_neighbor,7,66b43b797cb3f11298e33e32,2024-08-08 04:50:42.007254+00:00,2024-08-08 06:24:08.877000+00:00,True,True,0.0,1.3116289379999002,1.6564448528457845
2024-08-08 02:00:00+00:00,2024-08-08 04:00:00+00:00,nearest_neighbor,8,66b441737cb3f11298e34269,2024-08-08 05:09:34.913357+00:00,2024-08-08 10:00:00+00:00,True,True,0.0,18.14794120325092,18.881768377683088
2024-08-08 02:00:00+00:00,2024-08-08 04:00:00+00:00,priority_nearest_neighbor,1,66b433587cb3f11298e33d66,2024-08-08 04:01:33.269294+00:00,2024-08-08 05:52:40.648000+00:00,True,True,0.0,1.4868494197697546,1.5544882338299713
2024-08-08 02:00:00+00:00,2024-08-08 04:00:00+00:00,priority_nearest_neighbor,2,66b434b37cb3f11298e33d8d,2024-08-08 04:08:49.782204+00:00,2024-08-08 05:58:21.766000+00:00,True,True,0.0,6.412002421882528,7.275215166364366
2024-08-08 02:00:00+00:00,2024-08-08 04:00:00+00:00,priority_nearest_neighbor,3,66b4354d7cb3f11298e33dbd,2024-08-08 04:15:26.238823+00:00,2024-08-08 06:00:06.480000+00:00,True,True,0.0,5.301483349801777,6.607610311082808
2024-08-08 02:00:00+00:00,2024-08-08 04:00:00+00:00,priority_nearest_neighbor,4,66b42f430f42ac1ad11ca1e4,2024-08-08 04:16:50.977365+00:00,2024-08-08 09:00:00+00:00,True,True,0.0,1.0967587418018938,1.4123090276353885
2024-08-08 02:00:00+00:00,2024-08-08 04:00:00+00:00,priority_nearest_neighbor,5,66b43b797cb3f11298e33e32,2024-08-08 04:34:40.410164+00:00,2024-08-08 06:24:08.877000+00:00,True,True,0.0,14.921349905602764,17.823879975029836
2024-08-08 02:00:00+00:00,2024-08-08 04:00:00+00:00,priority_nearest_neighbor,6,66b441337cb3f11298e33e7d,2024-08-08 04:36:19.796855+00:00,2024-08-08 06:51:55.965000+00:00,True,True,0.0,1.3116289379999007,1.6564448528457847
2024-08-08 02:00:00+00:00,2024-08-08 04:00:00+00:00,priority_nearest_neighbor,7,66b441737cb3f11298e34269,2024-08-08 04:54:40.939025+00:00,2024-08-08 10:00:00+00:00,True,True,0.0,17.7735789685731,18.352369501051335
2024-08-08 02:00:00+00:00,2024-08-08 04:00:00+00:00,priority_nearest_neighbor,8,66b442417cb3f11298e3468b,2024-08-08 05:15:34.922067+00:00,2024-08-08 10:00:00+00:00,True,True,0.0,21.48318667378847,20.89971737337679
2024-08-08 02:00:00+00:00,2024-08-08 04:00:00+00:00,clarke_wright,1,66b433587cb3f11298e33d66,2024-08-08 04:01:33.269294+00:00,2024-08-08 05:52:40.648000+00:00,True,True,0.0,1.4868494197697546,1.5544882338299713
2024-08-08 02:00:00+00:00,2024-08-08 04:00:00+00:00,clarke_wright,2,66b442417cb3f11298e3468b,2024-08-08 04:11:26.643257+00:00,2024-08-08 10:00:00+00:00,True,True,0.0,10.321984258284296,9.889566045047335
2024-08-08 02:00:00+00:00,2024-08-08 04:00:00+00:00,clarke_wright,3,66b434b37cb3f11298e33d8d,2024-08-08 04:18:27.196375+00:00,2024-08-08 05:58:21.766000+00:00,True,True,0.0,7.807370047026186,7.009218632302661
2024-08-08 02:00:00+00:00,2024-08-08 04:00:00+00:00,clarke_wright,4,66b42f430f42ac1ad11ca1e4,2024-08-08 04:26:26.536615+00:00,2024-08-08 09:00:00+00:00,True,True,0.0,6.398242091603671,7.989004005155284
2024-08-08 02:00:00+00:00,2024-08-08 04:00:00+00:00,clarke_wright,5,66b4354d7cb3f11298e33dbd,2024-08-08 04:27:51.275157+00:00,2024-08-08 06:00:06.480000+00:00,True,True,0.0,1.0967587418018936,1.4123090276353882
2024-08-08 02:00:00+00:00,2024-08-08 04:00:00+00:00,clarke_wright,6,66b441337cb3f11298e33e7d,2024-08-08 04:43:22.230865+00:00,2024-08-08 06:51:55.965000+00:00,True,True,0.0,13.883876625163468,15.515928459760605
2024-08-08 02:00:00+00:00,2024-08-08 04:00:00+00:00,clarke_wright,7,66b43b797cb3f11298e33e32,2024-08-08 04:45:01.617556+00:00,2024-08-08 06:24:08.877000+00:00,True,True,0.0,1.3116289379999002,1.6564448528457845
2024-08-08 02:00:00+00:00,2024-08-08 04:00:00+00:00,clarke_wright,8,66b441737cb3f11298e34269,2024-08-08 05:03:54.523659+00:00,2024-08-08 10:00:00+00:00,True,True,0.0,18.14794120325092,18.881768377683088
2024-08-08 06:00:00+00:00,2024-08-08 08:00:00+00:00,nearest_neighbor,1,66b4689a7cb3f11298e3543e,2024-08-08 08:01:25.117686+00:00,2024-08-08 09:37:01.844000+00:00,True,True,0.0,1.1979360531464638,1.4186280972518217
2024-08-08 06:00:00+00:00,2024-08-08 08:00:00+00:00,nearest_neighbor,2,66b461ed0f42ac1ad11ca378,2024-08-08 08:04:02.591346+00:00,2024-08-08 09:12:32.466000+00:00,True,True,0.0,2.3151452439011138,2.6245609929431453
2024-08-08 06:00:00+00:00,2024-08-08 08:00:00+00:00,nearest_neighbor,3,66b46d6a7cb3f11298e35520,2024-08-08 08:05:36.618206+00:00,2024-08-08 10:01:03.221000+00:00,True,True,0.0,1.2999175573739024,1.5671143402217098
2024-08-08 06:00:00+00:00,2024-08-08 08:00:00+00:00,nearest_neighbor,4,66b471827cb3f11298e3566f,2024-08-08 08:15:08.325444+00:00,2024-08-08 10:17:29.172000+00:00,True,True,0.0,8.474901371617083,9.528453960495586
2024-08-08 06:00:00+00:00,2024-08-08 08:00:00+00:00,nearest_neighbor,5,66b460207cb3f11298e35196,2024-08-08 08:26:27.379419+00:00,2024-08-08 09:04:44.158000+00:00,True,True,0.0,11.551201510757457,11.317566255686577
2024-08-08 06:00:00+00:00,2024-08-08 08:00:00+00:00,nearest_neighbor,6,66b46a517cb3f11298e35463,2024-08-08 08:44:30.755483+00:00,2024-08-08 09:48:03.031000+00:00,True,True,0.0,17.887820382548174,18.056267725256795
2024-08-08 06:00:00+00:00,2024-08-08 08:00:00+00:00,nearest_neighbor,7,66b45f0e0f42ac1ad11ca340,2024-08-08 09:02:20.768536+00:00,2024-08-08 08:58:18.308000+00:00,True,False,4.041008933333333,17.436999962397632,17.833550885162786
2024-08-08 06:00:00+00:00,2024-08-08 08:00:00+00:00,priority_nearest_neighbor,1,66b461ed0f42ac1ad11ca378,2024-08-08 08:03:38.822691+00:00,2024-08-08 09:12:32.466000+00:00,True,True,0.0,3.111673767822447,3.647044842360331
2024-08-08 06:00:00+00:00,2024-08-08 08:00:00+00:00,priority_nearest_neighbor,2,66b460207cb3f11298e35196,2024-08-08 08:12:20.821781+00:00,2024-08-08 09:04:44.158000+00:00,True,True,0.0,8.134641213074898,8.699984837213895
2024-08-08 06:00:00+00:00,2024-08-08 08:00:00+00:00,priority_nearest_neighbor,3,66b45f0e0f42ac1ad11ca340,2024-08-08 08:31:13.374729+00:00,2024-08-08 08:58:18.308000+00:00,True,True,0.0,18.151500323200686,18.875882462602327
2024-08-08 06:00:00+00:00,2024-08-08 08:00:00+00:00,priority_nearest_neighbor,4,66b4689a7cb3f11298e3543e,2024-08-08 08:44:33.867181+00:00,2024-08-08 09:37:01.844000+00:00,True,True,0.0,12.341853702602458,13.341540869046144
2024-08-08 06:00:00+00:00,2024-08-08 08:00:00+00:00,priority_nearest_neighbor,5,66b46d6a7cb3f11298e35520,2024-08-08 08:47:03.935073+00:00,2024-08-08 10:01:03.221000+00:00,True,True,0.0,2.3619003857936094,2.5011315311254747
2024-08-08 06:00:00+00:00,2024-08-08 08:00:00+00:00,priority_nearest_neighbor,6,66b46a517cb3f11298e35463,2024-08-08 09:00:58.132243+00:00,2024-08-08 09:48:03.031000+00:00,True,True,0.0,14.064349591436576,13.903286172662753
2024-08-08 06:00:00+00:00,2024-08-08 08:00:00+00:00,priority_nearest_neighbor,7,66b471827cb3f11298e3566f,2024-08-08 09:21:32.125351+00:00,2024-08-08 10:17:29.172000+00:00,True,True,0.0,20.040354442540156,20.566551804102467
2024-08-08 06:00:00+00:00,2024-08-08 08:00:00+00:00,clarke_wright,1,66b4689a7cb3f11298e3543e,2024-08-08 08:01:25.117686+00:00,2024-08-08 09:37:01.844000+00:00,True,True,0.0,1.1979360531464638,1.4186280972518217
2024-08-08 06:00:00+00:00,2024-08-08 08:00:00+00:00,clarke_wright,2,66b460207cb3f11298e35196,2024-08-08 08:07:45.670031+00:00,2024-08-08 09:04:44.158000+00:00,True,True,0.0,6.1117169483735,6.342539086306939
2024-08-08 06:00:00+00:00,2024-08-08 08:00:00+00:00,clarke_wright,3,66b461ed0f42ac1ad11ca378,2024-08-08 08:16:11.530470+00:00,2024-08-08 09:12:32.466000+00:00,True,True,0.0,7.935518044431147,8.431007317128644
2024-08-08 06:00:00+00:00,2024-08-08 08:00:00+00:00,clarke_wright,4,66b46d6a7cb3f11298e35520,2024-08-08 08:17:45.557330+00:00,2024-08-08 10:01:03.221000+00:00,True,True,0.0,1.2999175573739024,1.5671143402217098
2024-08-08 06:00:00+00:00,2024-08-08 08:00:00+00:00,clarke_wright,5,66b471827cb3f11298e3566f,2024-08-08 08:27:17.264568+00:00,2024-08-08 10:17:29.172000+00:00,True,True,0.0,8.474901371617083,9.528453960495586
2024-08-08 06:00:00+00:00,2024-08-08 08:00:00+00:00,clarke_wright,6,66b45f0e0f42ac1ad11ca340,2024-08-08 08:40:51.654967+00:00,2024-08-08 08:58:18.308000+00:00,True,True,0.0,12.708898958380704,13.573173319623988
2024-08-08 06:00:00+00:00,2024-08-08 08:00:00+00:00,clarke_wright,7,66b46a517cb3f11298e35463,2024-08-08 08:58:29.847191+00:00,2024-08-08 09:48:03.031000+00:00,True,True,0.0,17.276606780646215,17.636537059191582
2024-08-09 02:00:00+00:00,2024-08-09 04:00:00+00:00,nearest_neighbor,1,66b58bed7cb3f11298e37b91,2024-08-09 04:03:05.734141+00:00,2024-08-09 10:00:00+00:00,True,True,0.0,2.7520153235012037,3.095569010511487
2024-08-09 02:00:00+00:00,2024-08-09 04:00:00+00:00,nearest_neighbor,2,66b589047cb3f11298e37790,2024-08-09 04:07:39.077808+00:00,2024-08-09 06:08:42.056000+00:00,True,True,0.0,4.19733363981162,4.5557277796352205
2024-08-09 02:00:00+00:00,2024-08-09 04:00:00+00:00,nearest_neighbor,3,66b588377cb3f11298e37782,2024-08-09 04:13:04.965228+00:00,2024-08-09 06:04:05.230000+00:00,True,True,0.0,4.549417619094522,5.431457002713321
2024-08-09 02:00:00+00:00,2024-08-09 04:00:00+00:00,nearest_neighbor,4,66b58edf7cb3f11298e37bea,2024-08-09 04:23:37.298957+00:00,2024-08-09 06:33:01.680000+00:00,True,True,0.0,10.11207985175446,10.538895490171312
2024-08-09 02:00:00+00:00,2024-08-09 04:00:00+00:00,nearest_neighbor,5,66b58b477cb3f11298e37b88,2024-08-09 04:33:34.776395+00:00,2024-08-09 06:20:18.441000+00:00,True,True,0.0,8.561695435955745,9.957957296665722
2024-08-09 02:00:00+00:00,2024-08-09 04:00:00+00:00,nearest_neighbor,6,66b58e557cb3f11298e37bcd,2024-08-09 04:39:31.350376+00:00,2024-08-09 06:31:58.812000+00:00,True,True,0.0,5.228508759122921,5.942899676468196
2024-08-09 02:00:00+00:00,2024-08-09 04:00:00+00:00,nearest_neighbor,7,66b58c807cb3f11298e37ba1,2024-08-09 05:00:24.521920+00:00,2024-08-09 06:24:32.819000+00:00,True,True,0.0,21.285948936247333,20.88619240817696
2024-08-09 02:00:00+00:00,2024-08-09 04:00:00+00:00,priority_nearest_neighbor,1,66b589047cb3f11298e37790,2024-08-09 04:03:40.445683+00:00,2024-08-09 06:08:42.056000+00:00,True,True,0.0,3.3628984497688754,3.6740947228456147
2024-08-09 02:00:00+00:00,2024-08-09 04:00:00+00:00,priority_nearest_neighbor,2,66b588377cb3f11298e37782,2024-08-09 04:09:06.333103+00:00,2024-08-09 06:04:05.230000+00:00,True,True,0.0,4.549417619094522,5.431457002713321
2024-08-09 02:00:00+00:00,2024-08-09 04:00:00+00:00,priority_nearest_neighbor,3,66b58edf7cb3f11298e37bea,2024-08-09 04:19:38.666832+00:00,2024-08-09 06:33:01.680000+00:00,True,True,0.0,10.11207985175446,10.538895490171312
2024-08-09 02:00:00+00:00,2024-08-09 04:00:00+00:00,priority_nearest_neighbor,4,66b58b477cb3f11298e37b88,2024-08-09 04:29:36.144270+00:00,2024-08-09 06:20:18.441000+00:00,True,True,0.0,8.561695435955745,9.957957296665722
2024-08-09 02:00:00+00:00,2024-08-09 04:00:00+00:00,priority_nearest_neighbor,5,66b58e557cb3f11298e37bcd,2024-08-09 04:35:32.718251+00:00,2024-08-09 06:31:58.812000+00:00,True,True,0.0,5.228508759122921,5.942899676468196
2024-08-09 02:00:00+00:00,2024-08-09 04:00:00+00:00,priority_nearest_neighbor,6,66b58bed7cb3f11298e37b91,2024-08-09 04:43:14.858266+00:00,2024-08-09 10:00:00+00:00,True,True,0.0,6.982376198311271,7.7023335771237
2024-08-09 02:00:00+00:00,2024-08-09 04:00:00+00:00,priority_nearest_neighbor,7,66b58c807cb3f11298e37ba1,2024-08-09 05:01:26.666596+00:00,2024-08-09 06:24:32.819000+00:00,True,True,0.0,17.577830120150587,18.196805496486608
2024-08-09 02:00:00+00:00,2024-08-09 04:00:00+00:00,clarke_wright,1,66b58c807cb3f11298e37ba1,2024-08-09 04:15:37.023886+00:00,2024-08-09 06:24:32.819000+00:00,True,True,0.0,15.039410872322561,15.61706477106185
2024-08-09 02:00:00+00:00,2024-08-09 04:00:00+00:00,clarke_wright,2,66b589047cb3f11298e37790,2024-08-09 04:31:23.363141+00:00,2024-08-09 06:08:42.056000+00:00,True,True,0.0,14.50535556413834,15.772320918892975
2024-08-09 02:00:00+00:00,2024-08-09 04:00:00+00:00,clarke_wright,3,66b588377cb3f11298e37782,2024-08-09 04:36:49.250561+00:00,2024-08-09 06:04:05.230000+00:00,True,True,0.0,4.549417619094522,5.431457002713321
2024-08-09 02:00:00+00:00,2024-08-09 04:00:00+00:00,clarke_wright,4,66b58edf7cb3f11298e37bea,2024-08-09 04:47:21.584290+00:00,2024-08-09 06:33:01.680000+00:00,True,True,0.0,10.11207985175446,10.538895490171312
2024-08-09 02:00:00+00:00,2024-08-09 04:00:00+00:00,clarke_wright,5,66b58b477cb3f11298e37b88,2024-08-09 04:57:19.061728+00:00,2024-08-09 06:20:18.441000+00:00,True,True,0.0,8.561695435955745,9.957957296665722
2024-08-09 02:00:00+00:00,2024-08-09 04:00:00+00:00,clarke_wright,6,66b58e557cb3f11298e37bcd,2024-08-09 05:03:15.635709+00:00,2024-08-09 06:31:58.812000+00:00,True,True,0.0,5.228508759122921,5.942899676468196
2024-08-09 02:00:00+00:00,2024-08-09 04:00:00+00:00,clarke_wright,7,66b58bed7cb3f11298e37b91,2024-08-09 05:10:57.775724+00:00,2024-08-09 10:00:00+00:00,True,True,0.0,6.982376198311271,7.7023335771237
2024-08-09 16:00:00+00:00,2024-08-09 18:00:00+00:00,nearest_neighbor,1,66b653c97cb3f11298e39e46,2024-08-09 18:05:13.311524+00:00,2024-08-10 08:00:00+00:00,True,True,0.0,4.7602769001277885,5.221858725418861
2024-08-09 16:00:00+00:00,2024-08-09 18:00:00+00:00,nearest_neighbor,2,66b64f327cb3f11298e39e19,2024-08-09 18:10:42.205999+00:00,2024-08-10 04:00:00+00:00,True,True,0.0,4.606698786830664,5.481574584359845
2024-08-09 16:00:00+00:00,2024-08-09 18:00:00+00:00,nearest_neighbor,3,66b6562f7cb3f11298e39e50,2024-08-09 18:19:52.735330+00:00,2024-08-10 08:00:00+00:00,True,True,0.0,8.318755427340324,9.175488849723196
2024-08-09 16:00:00+00:00,2024-08-09 18:00:00+00:00,nearest_neighbor,4,66b642c07cb3f11298e39dd6,2024-08-09 18:23:57.026474+00:00,2024-08-10 08:00:00+00:00,True,True,0.0,3.4614039674117723,4.071519073641929
2024-08-09 16:00:00+00:00,2024-08-09 18:00:00+00:00,nearest_neighbor,5,66b643c27cb3f11298e39ddf,2024-08-09 18:29:21.562739+00:00,2024-08-10 08:00:00+00:00,True,True,0.0,4.171496164924674,5.40893775053598
2024-08-09 16:00:00+00:00,2024-08-09 18:00:00+00:00,nearest_neighbor,6,66b64d3e7cb3f11298e39dff,2024-08-09 18:35:34.350171+00:00,2024-08-10 04:00:00+00:00,True,True,0.0,4.979929776177916,6.213123865158548
2024-08-09 16:00:00+00:00,2024-08-09 18:00:00+00:00,nearest_neighbor,7,66b652f37cb3f11298e39e3a,2024-08-09 18:49:12.025211+00:00,2024-08-10 08:00:00+00:00,True,True,0.0,12.592431664063339,13.627917334635564
2024-08-09 16:00:00+00:00,2024-08-09 18:00:00+00:00,nearest_neighbor,8,66b651fe7cb3f11298e39e2e,2024-08-09 18:54:39.739603+00:00,2024-08-10 08:00:00+00:00,True,True,0.0,4.73345599149962,5.461906535788604
2024-08-09 16:00:00+00:00,2024-08-09 18:00:00+00:00,nearest_neighbor,9,66b6446f7cb3f11298e39dea,2024-08-09 19:12:34.418816+00:00,2024-08-10 08:00:00+00:00,True,True,0.0,16.033738659330606,17.911320224413704
2024-08-09 16:00:00+00:00,2024-08-09 18:00:00+00:00,nearest_neighbor,10,66b64a7c7cb3f11298e39df4,2024-08-09 19:26:52.973449+00:00,2024-08-10 08:00:00+00:00,True,True,0.0,14.101793289221066,14.309243891073892
2024-08-09 16:00:00+00:00,2024-08-09 18:00:00+00:00,nearest_neighbor,11,66b650677cb3f11298e39e23,2024-08-09 19:31:05.279086+00:00,2024-08-10 08:00:00+00:00,True,True,0.0,3.9556823884876446,4.205093950760423
2024-08-09 16:00:00+00:00,2024-08-09 18:00:00+00:00,priority_nearest_neighbor,1,66b64f327cb3f11298e39e19,2024-08-09 18:09:38.353479+00:00,2024-08-10 04:00:00+00:00,True,True,0.0,8.60429347227819,9.639224647199736
2024-08-09 16:00:00+00:00,2024-08-09 18:00:00+00:00,priority_nearest_neighbor,2,66b642c07cb3f11298e39dd6,2024-08-09 18:19:43.220359+00:00,2024-08-10 08:00:00+00:00,True,True,0.0,8.61069790939563,10.081114671737653
2024-08-09 16:00:00+00:00,2024-08-09 18:00:00+00:00,priority_nearest_neighbor,3,66b64d3e7cb3f11298e39dff,2024-08-09 18:26:05.633803+00:00,2024-08-10 04:00:00+00:00,True,True,0.0,5.861339130820877,6.3735573940379
2024-08-09 16:00:00+00:00,2024-08-09 18:00:00+00:00,priority_nearest_neighbor,4,66b643c27cb3f11298e39ddf,2024-08-09 18:32:16.551510+00:00,2024-08-10 08:00:00+00:00,True,True,0.0,4.951826364085522,6.18196179069955
2024-08-09 16:00:00+00:00,2024-08-09 18:00:00+00:00,priority_nearest_neighbor,5,66b6562f7cb3f11298e39e50,2024-08-09 18:38:53.774346+00:00,2024-08-10 08:00:00+00:00,True,True,0.0,5.433300392020475,6.620380603986175
2024-08-09 16:00:00+00:00,2024-08-09 18:00:00+00:00,priority_nearest_neighbor,6,66b653c97cb3f11298e39e46,2024-08-09 18:48:53.458588+00:00,2024-08-10 08:00:00+00:00,True,True,0.0,8.838854435758957,9.994737361431612
2024-08-09 16:00:00+00:00,2024-08-09 18:00:00+00:00,priority_nearest_neighbor,7,66b6446f7cb3f11298e39dea,2024-08-09 18:56:34.622415+00:00,2024-08-10 08:00:00+00:00,True,True,0.0,6.938750542724015,7.686063775628641
2024-08-09 16:00:00+00:00,2024-08-09 18:00:00+00:00,priority_nearest_neighbor,8,66b64a7c7cb3f11298e39df4,2024-08-09 19:10:53.177048+00:00,2024-08-10 08:00:00+00:00,True,True,0.0,14.101793289221066,14.309243891073892
2024-08-09 16:00:00+00:00,2024-08-09 18:00:00+00:00,priority_nearest_neighbor,9,66b650677cb3f11298e39e23,2024-08-09 19:15:05.482685+00:00,2024-08-10 08:00:00+00:00,True,True,0.0,3.9556823884876446,4.205093950760423
2024-08-09 16:00:00+00:00,2024-08-09 18:00:00+00:00,priority_nearest_neighbor,10,66b651fe7cb3f11298e39e2e,2024-08-09 19:37:22.548248+00:00,2024-08-10 08:00:00+00:00,True,True,0.0,22.230946691297998,22.28442604946361
2024-08-09 16:00:00+00:00,2024-08-09 18:00:00+00:00,priority_nearest_neighbor,11,66b652f37cb3f11298e39e3a,2024-08-09 19:42:54.694338+00:00,2024-08-10 08:00:00+00:00,True,True,0.0,5.033757682020837,5.535768173361542
2024-08-09 16:00:00+00:00,2024-08-09 18:00:00+00:00,clarke_wright,1,66b650677cb3f11298e39e23,2024-08-09 18:10:01.769304+00:00,2024-08-10 08:00:00+00:00,True,True,0.0,10.329298330672035,10.02948839381238
2024-08-09 16:00:00+00:00,2024-08-09 18:00:00+00:00,clarke_wright,2,66b64a7c7cb3f11298e39df4,2024-08-09 18:14:55.215404+00:00,2024-08-10 08:00:00+00:00,True,True,0.0,4.798494910765338,4.890768340129763
2024-08-09 16:00:00+00:00,2024-08-09 18:00:00+00:00,clarke_wright,3,66b6562f7cb3f11298e39e50,2024-08-09 18:26:25.763131+00:00,2024-08-10 08:00:00+00:00,True,True,0.0,11.081055966380827,11.509128779363856
2024-08-09 16:00:00+00:00,2024-08-09 18:00:00+00:00,clarke_wright,4,66b642c07cb3f11298e39dd6,2024-08-09 18:30:30.054275+00:00,2024-08-10 08:00:00+00:00,True,True,0.0,3.4614039674117723,4.071519073641929
2024-08-09 16:00:00+00:00,2024-08-09 18:00:00+00:00,clarke_wright,5,66b64d3e7cb3f11298e39dff,2024-08-09 18:36:52.467719+00:00,2024-08-10 04:00:00+00:00,True,True,0.0,5.861339130820877,6.3735573940379
2024-08-09 16:00:00+00:00,2024-08-09 18:00:00+00:00,clarke_wright,6,66b643c27cb3f11298e39ddf,2024-08-09 18:43:03.385426+00:00,2024-08-10 08:00:00+00:00,True,True,0.0,4.951826364085522,6.18196179069955
2024-08-09 16:00:00+00:00,2024-08-09 18:00:00+00:00,clarke_wright,7,66b652f37cb3f11298e39e3a,2024-08-09 18:53:00.582417+00:00,2024-08-10 08:00:00+00:00,True,True,0.0,8.76350054913564,9.953283186626297
2024-08-09 16:00:00+00:00,2024-08-09 18:00:00+00:00,clarke_wright,8,66b651fe7cb3f11298e39e2e,2024-08-09 18:58:28.296809+00:00,2024-08-10 08:00:00+00:00,True,True,0.0,4.73345599149962,5.461906535788604
2024-08-09 16:00:00+00:00,2024-08-09 18:00:00+00:00,clarke_wright,9,66b64f327cb3f11298e39e19,2024-08-09 19:08:40.976444+00:00,2024-08-10 04:00:00+00:00,True,True,0.0,9.362294982315266,10.211327254342605
2024-08-09 16:00:00+00:00,2024-08-09 18:00:00+00:00,clarke_wright,10,66b653c97cb3f11298e39e46,2024-08-09 19:14:09.928502+00:00,2024-08-10 08:00:00+00:00,True,True,0.0,4.607064902294363,5.482534295145977
2024-08-09 16:00:00+00:00,2024-08-09 18:00:00+00:00,clarke_wright,11,66b6446f7cb3f11298e39dea,2024-08-09 19:21:51.092329+00:00,2024-08-10 08:00:00+00:00,True,True,0.0,6.938750542724015,7.686063775628641
2024-08-10 04:00:00+00:00,2024-08-10 06:00:00+00:00,nearest_neighbor,1,66b6ed487cb3f11298e3b495,2024-08-10 06:02:32.437485+00:00,2024-08-10 07:31:16.232000+00:00,True,True,0.0,2.1436890764321874,2.540624753868548
2024-08-10 04:00:00+00:00,2024-08-10 06:00:00+00:00,nearest_neighbor,2,66b6eb687cb3f11298e3b379,2024-08-10 06:04:09.708603+00:00,2024-08-10 07:22:24.880000+00:00,True,True,0.0,1.3207575608052575,1.621185303378432
2024-08-10 04:00:00+00:00,2024-08-10 06:00:00+00:00,nearest_neighbor,3,66b6ea627cb3f11298e3b33c,2024-08-10 06:06:02.602040+00:00,2024-08-10 07:16:43.594000+00:00,True,True,0.0,1.612115004507709,1.8815572839235457
2024-08-10 04:00:00+00:00,2024-08-10 06:00:00+00:00,nearest_neighbor,4,66b6ecff7cb3f11298e3b484,2024-08-10 06:10:46.833686+00:00,2024-08-10 07:26:58.418000+00:00,True,True,0.0,3.8456690443454944,4.737194100327934
2024-08-10 04:00:00+00:00,2024-08-10 06:00:00+00:00,nearest_neighbor,5,66b6e7367cb3f11298e3aee8,2024-08-10 06:18:18.211883+00:00,2024-08-10 07:05:10.162000+00:00,True,True,0.0,6.577728822431777,7.522969952630406
2024-08-10 04:00:00+00:00,2024-08-10 06:00:00+00:00,nearest_neighbor,6,66b6f52b7cb3f11298e3be60,2024-08-10 06:22:28.053840+00:00,2024-08-10 12:00:00+00:00,True,True,0.0,3.4409852082568895,4.164032609025795
2024-08-10 04:00:00+00:00,2024-08-10 06:00:00+00:00,nearest_neighbor,7,66b6e98a7cb3f11298e3b31f,2024-08-10 06:32:46.597203+00:00,2024-08-10 07:15:01.520000+00:00,True,True,0.0,9.414019038776077,10.309056055140994
2024-08-10 04:00:00+00:00,2024-08-10 06:00:00+00:00,nearest_neighbor,8,66b6e87c7cb3f11298e3b2e3,2024-08-10 06:33:32.734003+00:00,2024-08-10 07:07:00.771000+00:00,True,True,0.0,0.6708647303395439,0.7689466658889663
2024-08-10 04:00:00+00:00,2024-08-10 06:00:00+00:00,nearest_neighbor,9,66b6e72e0f42ac1ad11caa1e,2024-08-10 06:40:46.283715+00:00,2024-08-10 11:00:00+00:00,True,True,0.0,6.071970893701652,7.225828539260618
2024-08-10 04:00:00+00:00,2024-08-10 06:00:00+00:00,nearest_neighbor,10,66b6f6ea7cb3f11298e3bee6,2024-08-10 07:00:55.461537+00:00,2024-08-10 08:12:25.379000+00:00,True,True,0.0,18.791538031559366,20.15296370496668
2024-08-10 04:00:00+00:00,2024-08-10 06:00:00+00:00,nearest_neighbor,11,66b6edad7cb3f11298e3b88f,2024-08-10 07:24:48.585771+00:00,2024-08-10 07:32:28.573000+00:00,True,True,0.0,23.986062206827967,23.885403899556156
2024-08-10 04:00:00+00:00,2024-08-10 06:00:00+00:00,priority_nearest_neighbor,1,66b6e7367cb3f11298e3aee8,2024-08-10 06:08:43.539754+00:00,2024-08-10 07:05:10.162000+00:00,True,True,0.0,7.710987043669993,8.725662568905618
2024-08-10 04:00:00+00:00,2024-08-10 06:00:00+00:00,priority_nearest_neighbor,2,66b6e87c7cb3f11298e3b2e3,2024-08-10 06:22:07.053761+00:00,2024-08-10 07:07:00.771000+00:00,True,True,0.0,12.276345871325908,13.391900124986993
2024-08-10 04:00:00+00:00,2024-08-10 06:00:00+00:00,priority_nearest_neighbor,3,66b6e98a7cb3f11298e3b31f,2024-08-10 06:22:53.318845+00:00,2024-08-10 07:15:01.520000+00:00,True,True,0.0,0.6727300727530863,0.7710847255674185
2024-08-10 04:00:00+00:00,2024-08-10 06:00:00+00:00,priority_nearest_neighbor,4,66b6ea627cb3f11298e3b33c,2024-08-10 06:28:50.600967+00:00,2024-08-10 07:16:43.594000+00:00,True,True,0.0,5.082975758502588,5.95470203078445
2024-08-10 04:00:00+00:00,2024-08-10 06:00:00+00:00,priority_nearest_neighbor,5,66b6eb687cb3f11298e3b379,2024-08-10 06:31:08.641563+00:00,2024-08-10 07:22:24.880000+00:00,True,True,0.0,1.9394434148258966,2.3006766046285407
2024-08-10 04:00:00+00:00,2024-08-10 06:00:00+00:00,priority_nearest_neighbor,6,66b6ed487cb3f11298e3b495,2024-08-10 06:33:09.399679+00:00,2024-08-10 07:31:16.232000+00:00,True,True,0.0,1.550780320485481,2.0126352730452974
2024-08-10 04:00:00+00:00,2024-08-10 06:00:00+00:00,priority_nearest_neighbor,7,66b6ecff7cb3f11298e3b484,2024-08-10 06:38:56.117125+00:00,2024-08-10 07:26:58.418000+00:00,True,True,0.0,4.983187801134854,5.77862410370379
2024-08-10 04:00:00+00:00,2024-08-10 06:00:00+00:00,priority_nearest_neighbor,8,66b6edad7cb3f11298e3b88f,2024-08-10 06:57:36.054430+00:00,2024-08-10 07:32:28.573000+00:00,True,True,0.0,17.888812785117874,18.665621751274543
2024-08-10 04:00:00+00:00,2024-08-10 06:00:00+00:00,priority_nearest_neighbor,9,66b6f6ea7cb3f11298e3bee6,2024-08-10 07:22:34.430387+00:00,2024-08-10 08:12:25.379000+00:00,True,True,0.0,24.16079298347311,24.972932623332426
2024-08-10 04:00:00+00:00,2024-08-10 06:00:00+00:00,priority_nearest_neighbor,10,66b6e72e0f42ac1ad11caa1e,2024-08-10 07:43:13.143256+00:00,2024-08-10 11:00:00+00:00,True,True,0.0,18.70190481603747,20.645214476715108
2024-08-10 04:00:00+00:00,2024-08-10 06:00:00+00:00,priority_nearest_neighbor,11,66b6f52b7cb3f11298e3be60,2024-08-10 07:59:21.069361+00:00,2024-08-10 12:00:00+00:00,True,True,0.0,13.786747792955087,16.132101751993495
2024-08-10 04:00:00+00:00,2024-08-10 06:00:00+00:00,clarke_wright,1,66b6e72e0f42ac1ad11caa1e,2024-08-10 06:11:06.844300+00:00,2024-08-10 11:00:00+00:00,True,True,0.0,10.063368053296923,11.114071659026921
2024-08-10 04:00:00+00:00,2024-08-10 06:00:00+00:00,clarke_wright,2,66b6e98a7cb3f11298e3b31f,2024-08-10 06:17:46.778634+00:00,2024-08-10 07:15:01.520000+00:00,True,True,0.0,5.5366036055022505,6.665572239413579
2024-08-10 04:00:00+00:00,2024-08-10 06:00:00+00:00,clarke_wright,3,66b6e87c7cb3f11298e3b2e3,2024-08-10 06:18:32.915434+00:00,2024-08-10 07:07:00.771000+00:00,True,True,0.0,0.6708647303395439,0.7689466658889663
2024-08-10 04:00:00+00:00,2024-08-10 06:00:00+00:00,clarke_wright,4,66b6f6ea7cb3f11298e3bee6,2024-08-10 06:33:16.101284+00:00,2024-08-10 08:12:25.379000+00:00,True,True,0.0,14.584942272434242,14.719764165672208
2024-08-10 04:00:00+00:00,2024-08-10 06:00:00+00:00,clarke_wright,5,66b6edad7cb3f11298e3b88f,2024-08-10 06:57:09.225518+00:00,2024-08-10 07:32:28.573000+00:00,True,True,0.0,23.986062206827967,23.885403899556156
2024-08-10 04:00:00+00:00,2024-08-10 06:00:00+00:00,clarke_wright,6,66b6ed487cb3f11298e3b495,2024-08-10 07:11:34.818864+00:00,2024-08-10 07:31:16.232000+00:00,True,True,0.0,13.507131550420791,14.42655576362743
2024-08-10 04:00:00+00:00,2024-08-10 06:00:00+00:00,clarke_wright,7,66b6eb687cb3f11298e3b379,2024-08-10 07:13:12.089982+00:00,2024-08-10 07:22:24.880000+00:00,True,True,0.0,1.3207575608052575,1.621185303378432
2024-08-10 04:00:00+00:00,2024-08-10 06:00:00+00:00,clarke_wright,8,66b6ea627cb3f11298e3b33c,2024-08-10 07:15:04.983419+00:00,2024-08-10 07:16:43.594000+00:00,True,True,0.0,1.612115004507709,1.8815572839235457
2024-08-10 04:00:00+00:00,2024-08-10 06:00:00+00:00,clarke_wright,9,66b6ecff7cb3f11298e3b484,2024-08-10 07:19:49.215065+00:00,2024-08-10 07:26:58.418000+00:00,True,True,0.0,3.8456690443454944,4.737194100327934
2024-08-10 04:00:00+00:00,2024-08-10 06:00:00+00:00,clarke_wright,10,66b6e7367cb3f11298e3aee8,2024-08-10 07:27:20.593262+00:00,2024-08-10 07:05:10.162000+00:00,True,False,22.173854366666667,6.577728822431777,7.522969952630406
2024-08-10 04:00:00+00:00,2024-08-10 06:00:00+00:00,clarke_wright,11,66b6f52b7cb3f11298e3be60,2024-08-10 07:31:30.435219+00:00,2024-08-10 12:00:00+00:00,True,True,0.0,3.4409852082568895,4.164032609025795
2024-08-13 02:00:00+00:00,2024-08-13 04:00:00+00:00,nearest_neighbor,1,66baca4e7cb3f11298e42933,2024-08-13 04:03:14.626524+00:00,2024-08-13 05:49:57.266000+00:00,True,True,0.0,2.93174411030473,3.243775394921909
2024-08-13 02:00:00+00:00,2024-08-13 04:00:00+00:00,nearest_neighbor,2,66bacbac7cb3f11298e42d69,2024-08-13 04:05:29.309395+00:00,2024-08-13 05:54:22.459000+00:00,True,True,0.0,1.727974620863243,2.2447145122360666
2024-08-13 02:00:00+00:00,2024-08-13 04:00:00+00:00,nearest_neighbor,3,66bacfa37cb3f11298e42db0,2024-08-13 04:09:35.129667+00:00,2024-08-13 06:13:03.073000+00:00,True,True,0.0,3.414304685678593,4.097004534243846
2024-08-13 02:00:00+00:00,2024-08-13 04:00:00+00:00,nearest_neighbor,4,66bacada7cb3f11298e42940,2024-08-13 04:11:34.858746+00:00,2024-08-13 05:52:39.873000+00:00,True,True,0.0,2.1150308809163905,1.9954846489580487
2024-08-13 02:00:00+00:00,2024-08-13 04:00:00+00:00,nearest_neighbor,5,66bad1820f42ac1ad11cb212,2024-08-13 04:18:49.844168+00:00,2024-08-13 10:00:00+00:00,True,True,0.0,5.8273612201168525,7.24975703973927
2024-08-13 02:00:00+00:00,2024-08-13 04:00:00+00:00,nearest_neighbor,6,66bac1527cb3f11298e42891,2024-08-13 04:24:39.751080+00:00,2024-08-13 05:12:04.825000+00:00,True,True,0.0,4.682894015354401,5.831781864353747
2024-08-13 02:00:00+00:00,2024-08-13 04:00:00+00:00,nearest_neighbor,7,66bacfe87cb3f11298e42dc0,2024-08-13 04:34:34.795294+00:00,2024-08-13 06:15:15.993000+00:00,True,True,0.0,8.532520791274921,9.917403567590585
2024-08-13 02:00:00+00:00,2024-08-13 04:00:00+00:00,nearest_neighbor,8,66bacf3c7cb3f11298e42da7,2024-08-13 04:40:44.986443+00:00,2024-08-13 06:06:10.318000+00:00,True,True,0.0,5.268520028534887,6.169852487850363
2024-08-13 02:00:00+00:00,2024-08-13 04:00:00+00:00,nearest_neighbor,9,66bacd9f7cb3f11298e42d90,2024-08-13 04:53:21.609292+00:00,2024-08-13 05:57:58.192000+00:00,True,True,0.0,10.848686868696692,12.610380819491537
2024-08-13 02:00:00+00:00,2024-08-13 04:00:00+00:00,nearest_neighbor,10,66bac9d07cb3f11298e42924,2024-08-13 05:07:42.217239+00:00,2024-08-13 09:00:00+00:00,True,True,0.0,14.221764909465879,14.343465786566892
2024-08-13 02:00:00+00:00,2024-08-13 04:00:00+00:00,nearest_neighbor,11,66bad1d17cb3f11298e431e9,2024-08-13 05:21:20.981864+00:00,2024-08-13 06:23:28.082000+00:00,True,True,0.0,13.828577835036304,13.646077087748695
2024-08-13 02:00:00+00:00,2024-08-13 04:00:00+00:00,nearest_neighbor,12,66bac5c77cb3f11298e428d8,2024-08-13 05:28:08.208553+00:00,2024-08-13 05:31:09.285000+00:00,True,True,0.0,6.326264211311927,6.787111491641443
2024-08-13 02:00:00+00:00,2024-08-13 04:00:00+00:00,nearest_neighbor,13,66bac56a7cb3f11298e428ce,2024-08-13 05:47:30.605819+00:00,2024-08-13 05:18:35.033000+00:00,True,False,28.92621365,17.56607560490324,19.37328777222675
2024-08-13 02:00:00+00:00,2024-08-13 04:00:00+00:00,priority_nearest_neighbor,1,66bac1527cb3f11298e42891,2024-08-13 04:12:10.483194+00:00,2024-08-13 05:12:04.825000+00:00,True,True,0.0,11.36963371142366,12.174719904370185
2024-08-13 02:00:00+00:00,2024-08-13 04:00:00+00:00,priority_nearest_neighbor,2,66bac5c77cb3f11298e428d8,2024-08-13 04:30:26.135024+00:00,2024-08-13 05:31:09.285000+00:00,True,True,0.0,16.44574378697314,18.260863841395143
2024-08-13 02:00:00+00:00,2024-08-13 04:00:00+00:00,priority_nearest_neighbor,3,66bac56a7cb3f11298e428ce,2024-08-13 04:49:48.532290+00:00,2024-08-13 05:18:35.033000+00:00,True,True,0.0,17.56607560490324,19.37328777222675
2024-08-13 02:00:00+00:00,2024-08-13 04:00:00+00:00,priority_nearest_neighbor,4,66baca4e7cb3f11298e42933,2024-08-13 05:10:31.355506+00:00,2024-08-13 05:49:57.266000+00:00,True,True,0.0,20.004285543855367,20.713720259885225
2024-08-13 02:00:00+00:00,2024-08-13 04:00:00+00:00,priority_nearest_neighbor,5,66bacbac7cb3f11298e42d69,2024-08-13 05:12:46.038377+00:00,2024-08-13 05:54:22.459000+00:00,True,True,0.0,1.727974620863243,2.2447145122360666
2024-08-13 02:00:00+00:00,2024-08-13 04:00:00+00:00,priority_nearest_neighbor,6,66bacada7cb3f11298e42940,2024-08-13 05:18:09.605728+00:00,2024-08-13 05:52:39.873000+00:00,True,True,0.0,4.6894665456995375,5.392789180207661
2024-08-13 02:00:00+00:00,2024-08-13 04:00:00+00:00,priority_nearest_neighbor,7,66bacfa37cb3f11298e42db0,2024-08-13 05:20:35.454413+00:00,2024-08-13 06:13:03.073000+00:00,True,True,0.0,2.279102730198232,2.430811424491159
2024-08-13 02:00:00+00:00,2024-08-13 04:00:00+00:00,priority_nearest_neighbor,8,66bacf3c7cb3f11298e42da7,2024-08-13 05:33:11.227392+00:00,2024-08-13 06:06:10.318000+00:00,True,True,0.0,11.559915023675785,12.596216309382031
2024-08-13 02:00:00+00:00,2024-08-13 04:00:00+00:00,priority_nearest_neighbor,9,66bacd9f7cb3f11298e42d90,2024-08-13 05:45:47.850241+00:00,2024-08-13 05:57:58.192000+00:00,True,True,0.0,10.848686868696692,12.610380819491537
2024-08-13 02:00:00+00:00,2024-08-13 04:00:00+00:00,priority_nearest_neighbor,10,66bacfe87cb3f11298e42dc0,2024-08-13 05:58:12.867882+00:00,2024-08-13 06:15:15.993000+00:00,True,True,0.0,10.734898055971813,12.416960685286336
2024-08-13 02:00:00+00:00,2024-08-13 04:00:00+00:00,priority_nearest_neighbor,11,66bad1d17cb3f11298e431e9,2024-08-13 06:09:36.947270+00:00,2024-08-13 06:23:28.082000+00:00,True,True,0.0,10.986834778836524,11.401323137996505
2024-08-13 02:00:00+00:00,2024-08-13 04:00:00+00:00,priority_nearest_neighbor,12,66bac9d07cb3f11298e42924,2024-08-13 06:21:26.792540+00:00,2024-08-13 09:00:00+00:00,True,True,0.0,13.20138795140831,11.83075450714557
2024-08-13 02:00:00+00:00,2024-08-13 04:00:00+00:00,priority_nearest_neighbor,13,66bad1820f42ac1ad11cb212,2024-08-13 06:42:41.617650+00:00,2024-08-13 10:00:00+00:00,True,True,0.0,19.474737480961487,21.247085173724958
2024-08-13 02:00:00+00:00,2024-08-13 04:00:00+00:00,clarke_wright,1,66bacfe87cb3f11298e42dc0,2024-08-13 04:05:44.826605+00:00,2024-08-13 06:15:15.993000+00:00,True,True,0.0,5.104293876643002,5.747110079275831
2024-08-13 02:00:00+00:00,2024-08-13 04:00:00+00:00,clarke_wright,2,66bac9d07cb3f11298e42924,2024-08-13 04:20:34.025023+00:00,2024-08-13 09:00:00+00:00,True,True,0.0,13.860818267045673,14.819973625207409
2024-08-13 02:00:00+00:00,2024-08-13 04:00:00+00:00,clarke_wright,3,66bacd9f7cb3f11298e42d90,2024-08-13 04:34:20.600689+00:00,2024-08-13 05:57:58.192000+00:00,True,True,0.0,14.368291641306046,13.776261102892457
2024-08-13 02:00:00+00:00,2024-08-13 04:00:00+00:00,clarke_wright,4,66bacf3c7cb3f11298e42da7,2024-08-13 04:47:16.200605+00:00,2024-08-13 06:06:10.318000+00:00,True,True,0.0,11.141941435636205,12.926665266858784
2024-08-13 02:00:00+00:00,2024-08-13 04:00:00+00:00,clarke_wright,5,66bac1527cb3f11298e42891,2024-08-13 04:56:14.130833+00:00,2024-08-13 05:12:04.825000+00:00,True,True,0.0,8.264591099024722,8.965503795402809
2024-08-13 02:00:00+00:00,2024-08-13 04:00:00+00:00,clarke_wright,6,66bad1820f42ac1ad11cb212,2024-08-13 05:02:07.134162+00:00,2024-08-13 10:00:00+00:00,True,True,0.0,4.726768876775398,5.883388810380151
2024-08-13 02:00:00+00:00,2024-08-13 04:00:00+00:00,clarke_wright,7,66bacada7cb3f11298e42940,2024-08-13 05:09:12.244792+00:00,2024-08-13 05:52:39.873000+00:00,True,True,0.0,5.814982341859197,7.0851771648324124
2024-08-13 02:00:00+00:00,2024-08-13 04:00:00+00:00,clarke_wright,8,66bacfa37cb3f11298e42db0,2024-08-13 05:11:38.093477+00:00,2024-08-13 06:13:03.073000+00:00,True,True,0.0,2.279102730198232,2.430811424491159
2024-08-13 02:00:00+00:00,2024-08-13 04:00:00+00:00,clarke_wright,9,66bacbac7cb3f11298e42d69,2024-08-13 05:15:58.577661+00:00,2024-08-13 05:54:22.459000+00:00,True,True,0.0,3.652926011292999,4.341403062528864
2024-08-13 02:00:00+00:00,2024-08-13 04:00:00+00:00,clarke_wright,10,66baca4e7cb3f11298e42933,2024-08-13 05:18:13.410360+00:00,2024-08-13 05:49:57.266000+00:00,True,True,0.0,1.7299655305595414,2.247211651818867
2024-08-13 02:00:00+00:00,2024-08-13 04:00:00+00:00,clarke_wright,11,66bac5c77cb3f11298e428d8,2024-08-13 05:25:08.498717+00:00,2024-08-13 05:31:09.285000+00:00,True,True,0.0,6.285150817079123,6.918139284274054
2024-08-13 02:00:00+00:00,2024-08-13 04:00:00+00:00,clarke_wright,12,66bac56a7cb3f11298e428ce,2024-08-13 05:44:30.895983+00:00,2024-08-13 05:18:35.033000+00:00,True,False,25.931049716666667,17.56607560490324,19.37328777222675
2024-08-13 02:00:00+00:00,2024-08-13 04:00:00+00:00,clarke_wright,13,66bad1d17cb3f11298e431e9,2024-08-13 06:02:02.123524+00:00,2024-08-13 06:23:28.082000+00:00,True,True,0.0,15.528998204802527,17.5204590184294
2024-08-14 02:00:00+00:00,2024-08-14 04:00:00+00:00,nearest_neighbor,1,66bc21097cb3f11298e44c2c,2024-08-14 04:06:05.883894+00:00,2024-08-14 06:12:47.076000+00:00,True,True,0.0,5.4798400878064255,6.098064894174039
2024-08-14 02:00:00+00:00,2024-08-14 04:00:00+00:00,nearest_neighbor,2,66bc28757cb3f11298e44cb3,2024-08-14 04:16:58.906967+00:00,2024-08-14 06:45:03.807000+00:00,True,True,0.0,9.58707529475505,10.883717882922703
2024-08-14 02:00:00+00:00,2024-08-14 04:00:00+00:00,nearest_neighbor,3,66bc2b8f0f42ac1ad11cb354,2024-08-14 04:21:23.382233+00:00,2024-08-14 06:58:17.150000+00:00,True,True,0.0,3.269877001494573,4.407921098403249
2024-08-14 02:00:00+00:00,2024-08-14 04:00:00+00:00,nearest_neighbor,4,66bc295e7cb3f11298e4516d,2024-08-14 04:28:04.430192+00:00,2024-08-14 06:48:51.597000+00:00,True,True,0.0,5.539528267962288,6.684132645700843
2024-08-14 02:00:00+00:00,2024-08-14 04:00:00+00:00,nearest_neighbor,5,66bc281c7cb3f11298e44c8f,2024-08-14 04:33:30.228683+00:00,2024-08-14 10:00:00+00:00,True,True,0.0,4.637559755344844,5.429974849505479
2024-08-14 02:00:00+00:00,2024-08-14 04:00:00+00:00,priority_nearest_neighbor,1,66bc21097cb3f11298e44c2c,2024-08-14 04:06:05.883894+00:00,2024-08-14 06:12:47.076000+00:00,True,True,0.0,5.4798400878064255,6.098064894174039
2024-08-14 02:00:00+00:00,2024-08-14 04:00:00+00:00,priority_nearest_neighbor,2,66bc28757cb3f11298e44cb3,2024-08-14 04:16:58.906967+00:00,2024-08-14 06:45:03.807000+00:00,True,True,0.0,9.58707529475505,10.883717882922703
2024-08-14 02:00:00+00:00,2024-08-14 04:00:00+00:00,priority_nearest_neighbor,3,66bc2b8f0f42ac1ad11cb354,2024-08-14 04:21:23.382233+00:00,2024-08-14 06:58:17.150000+00:00,True,True,0.0,3.269877001494573,4.407921098403249
2024-08-14 02:00:00+00:00,2024-08-14 04:00:00+00:00,priority_nearest_neighbor,4,66bc295e7cb3f11298e4516d,2024-08-14 04:28:04.430192+00:00,2024-08-14 06:48:51.597000+00:00,True,True,0.0,5.539528267962288,6.684132645700843
2024-08-14 02:00:00+00:00,2024-08-14 04:00:00+00:00,priority_nearest_neighbor,5,66bc281c7cb3f11298e44c8f,2024-08-14 04:33:30.228683+00:00,2024-08-14 10:00:00+00:00,True,True,0.0,4.637559755344844,5.429974849505479
2024-08-14 02:00:00+00:00,2024-08-14 04:00:00+00:00,clarke_wright,1,66bc21097cb3f11298e44c2c,2024-08-14 04:06:05.883894+00:00,2024-08-14 06:12:47.076000+00:00,True,True,0.0,5.4798400878064255,6.098064894174039
2024-08-14 02:00:00+00:00,2024-08-14 04:00:00+00:00,clarke_wright,2,66bc28757cb3f11298e44cb3,2024-08-14 04:16:58.906967+00:00,2024-08-14 06:45:03.807000+00:00,True,True,0.0,9.58707529475505,10.883717882922703
2024-08-14 02:00:00+00:00,2024-08-14 04:00:00+00:00,clarke_wright,3,66bc2b8f0f42ac1ad11cb354,2024-08-14 04:21:23.382233+00:00,2024-08-14 06:58:17.150000+00:00,True,True,0.0,3.269877001494573,4.407921098403249
2024-08-14 02:00:00+00:00,2024-08-14 04:00:00+00:00,clarke_wright,4,66bc295e7cb3f11298e4516d,2024-08-14 04:28:04.430192+00:00,2024-08-14 06:48:51.597000+00:00,True,True,0.0,5.539528267962288,6.684132645700843
2024-08-14 02:00:00+00:00,2024-08-14 04:00:00+00:00,clarke_wright,5,66bc281c7cb3f11298e44c8f,2024-08-14 04:33:30.228683+00:00,2024-08-14 10:00:00+00:00,True,True,0.0,4.637559755344844,5.429974849505479
2024-08-14 04:00:00+00:00,2024-08-14 06:00:00+00:00,nearest_neighbor,1,66bc2be07cb3f11298e45800,2024-08-14 06:05:38.227443+00:00,2024-08-14 06:53:23.073000+00:00,True,True,0.0,5.092233081298898,5.637124043878728
2024-08-14 04:00:00+00:00,2024-08-14 06:00:00+00:00,nearest_neighbor,2,66bc2e787cb3f11298e460d6,2024-08-14 06:10:52.601435+00:00,2024-08-14 07:08:58.558000+00:00,True,True,0.0,4.20449584460867,5.239566530460006
2024-08-14 04:00:00+00:00,2024-08-14 06:00:00+00:00,nearest_neighbor,3,66bc2d797cb3f11298e45c95,2024-08-14 06:17:09.783281+00:00,2024-08-14 07:01:38.787000+00:00,True,True,0.0,5.311475244561063,6.286364103940808
2024-08-14 04:00:00+00:00,2024-08-14 06:00:00+00:00,nearest_neighbor,4,66bc34ba7cb3f11298e465ae,2024-08-14 06:36:09.475927+00:00,2024-08-14 07:37:27.695000+00:00,True,True,0.0,16.740723785448754,18.99487743818355
2024-08-14 04:00:00+00:00,2024-08-14 06:00:00+00:00,nearest_neighbor,5,66bc33f97cb3f11298e46180,2024-08-14 06:53:47.426437+00:00,2024-08-14 07:33:14.829000+00:00,True,True,0.0,16.48720577457249,17.632508507094677
2024-08-14 04:00:00+00:00,2024-08-14 06:00:00+00:00,priority_nearest_neighbor,1,66bc2be07cb3f11298e45800,2024-08-14 06:05:38.227443+00:00,2024-08-14 06:53:23.073000+00:00,True,True,0.0,5.092233081298898,5.637124043878728
2024-08-14 04:00:00+00:00,2024-08-14 06:00:00+00:00,priority_nearest_neighbor,2,66bc2e787cb3f11298e460d6,2024-08-14 06:10:52.601435+00:00,2024-08-14 07:08:58.558000+00:00,True,True,0.0,4.20449584460867,5.239566530460006
2024-08-14 04:00:00+00:00,2024-08-14 06:00:00+00:00,priority_nearest_neighbor,3,66bc2d797cb3f11298e45c95,2024-08-14 06:17:09.783281+00:00,2024-08-14 07:01:38.787000+00:00,True,True,0.0,5.311475244561063,6.286364103940808
2024-08-14 04:00:00+00:00,2024-08-14 06:00:00+00:00,priority_nearest_neighbor,4,66bc34ba7cb3f11298e465ae,2024-08-14 06:36:09.475927+00:00,2024-08-14 07:37:27.695000+00:00,True,True,0.0,16.740723785448754,18.99487743818355
2024-08-14 04:00:00+00:00,2024-08-14 06:00:00+00:00,priority_nearest_neighbor,5,66bc33f97cb3f11298e46180,2024-08-14 06:53:47.426437+00:00,2024-08-14 07:33:14.829000+00:00,True,True,0.0,16.48720577457249,17.632508507094677
2024-08-14 04:00:00+00:00,2024-08-14 06:00:00+00:00,clarke_wright,1,66bc33f97cb3f11298e46180,2024-08-14 06:12:26.601585+00:00,2024-08-14 07:33:14.829000+00:00,True,True,0.0,11.641162851881207,12.443359751923264
2024-08-14 04:00:00+00:00,2024-08-14 06:00:00+00:00,clarke_wright,2,66bc2be07cb3f11298e45800,2024-08-14 06:29:57.984888+00:00,2024-08-14 06:53:23.073000+00:00,True,True,0.0,16.4556755552875,17.52305505363761
2024-08-14 04:00:00+00:00,2024-08-14 06:00:00+00:00,clarke_wright,3,66bc2e787cb3f11298e460d6,2024-08-14 06:35:12.358880+00:00,2024-08-14 07:08:58.558000+00:00,True,True,0.0,4.20449584460867,5.239566530460006
2024-08-14 04:00:00+00:00,2024-08-14 06:00:00+00:00,clarke_wright,4,66bc2d797cb3f11298e45c95,2024-08-14 06:41:29.540726+00:00,2024-08-14 07:01:38.787000+00:00,True,True,0.0,5.311475244561063,6.286364103940808
2024-08-14 04:00:00+00:00,2024-08-14 06:00:00+00:00,clarke_wright,5,66bc34ba7cb3f11298e465ae,2024-08-14 07:00:29.233372+00:00,2024-08-14 07:37:27.695000+00:00,True,True,0.0,16.740723785448754,18.99487743818355
2024-08-15 04:00:00+00:00,2024-08-15 06:00:00+00:00,nearest_neighbor,1,66bd87e29973faa9d132e88c,2024-08-15 06:04:19.631854+00:00,2024-08-15 07:44:18.759000+00:00,True,True,0.0,3.683131947976024,4.327197560415018
2024-08-15 04:00:00+00:00,2024-08-15 06:00:00+00:00,nearest_neighbor,2,66bd881e9973faa9d132e8a2,2024-08-15 06:04:19.631854+00:00,2024-08-15 07:45:24.821000+00:00,True,True,0.0,0.0,0.0
2024-08-15 04:00:00+00:00,2024-08-15 06:00:00+00:00,nearest_neighbor,3,66bd7f869973faa9d132e02c,2024-08-15 06:06:01.132848+00:00,2024-08-15 11:00:00+00:00,True,True,0.0,1.4342128777571552,1.6916832286819767
2024-08-15 04:00:00+00:00,2024-08-15 06:00:00+00:00,nearest_neighbor,4,66bd7e119973faa9d132deee,2024-08-15 06:09:11.186426+00:00,2024-08-15 11:00:00+00:00,True,True,0.0,2.717184246530338,3.16755964040508
2024-08-15 04:00:00+00:00,2024-08-15 06:00:00+00:00,nearest_neighbor,5,66bd83809973faa9d132e145,2024-08-15 06:12:39.848652+00:00,2024-08-15 11:00:00+00:00,True,True,0.0,3.1640466194001475,3.47770376766729
2024-08-15 04:00:00+00:00,2024-08-15 06:00:00+00:00,nearest_neighbor,6,66bd84639973faa9d132e294,2024-08-15 06:15:17.589273+00:00,2024-08-15 07:29:46.341000+00:00,True,True,0.0,2.7845487652830263,2.6290103519551233
2024-08-15 04:00:00+00:00,2024-08-15 06:00:00+00:00,nearest_neighbor,7,66bd88859973faa9d132e8ae,2024-08-15 06:31:28.511460+00:00,2024-08-15 07:46:25.393000+00:00,True,True,0.0,16.10578764913085,16.182036447128954
2024-08-15 04:00:00+00:00,2024-08-15 06:00:00+00:00,nearest_neighbor,8,66bd82039973faa9d132e085,2024-08-15 06:43:50.881087+00:00,2024-08-15 11:00:00+00:00,True,True,0.0,11.043628028678667,12.37282712012605
2024-08-15 04:00:00+00:00,2024-08-15 06:00:00+00:00,nearest_neighbor,9,66bd845e9973faa9d132e28d,2024-08-15 06:45:42.162183+00:00,2024-08-15 11:00:00+00:00,True,True,0.0,1.4103248179732737,1.8546849342539202
2024-08-15 04:00:00+00:00,2024-08-15 06:00:00+00:00,priority_nearest_neighbor,1,66bd87e29973faa9d132e88c,2024-08-15 06:04:19.631854+00:00,2024-08-15 07:44:18.759000+00:00,True,True,0.0,3.683131947976024,4.327197560415018
2024-08-15 04:00:00+00:00,2024-08-15 06:00:00+00:00,priority_nearest_neighbor,2,66bd881e9973faa9d132e8a2,2024-08-15 06:04:19.631854+00:00,2024-08-15 07:45:24.821000+00:00,True,True,0.0,0.0,0.0
2024-08-15 04:00:00+00:00,2024-08-15 06:00:00+00:00,priority_nearest_neighbor,3,66bd84639973faa9d132e294,2024-08-15 06:11:48.739992+00:00,2024-08-15 07:29:46.341000+00:00,True,True,0.0,7.328644733659807,7.485135639936217
2024-08-15 04:00:00+00:00,2024-08-15 06:00:00+00:00,priority_nearest_neighbor,4,66bd88859973faa9d132e8ae,2024-08-15 06:27:59.662179+00:00,2024-08-15 07:46:25.393000+00:00,True,True,0.0,16.10578764913085,16.182036447128954
2024-08-15 04:00:00+00:00,2024-08-15 06:00:00+00:00,priority_nearest_neighbor,5,66bd7f869973faa9d132e02c,2024-08-15 06:38:10.769911+00:00,2024-08-15 11:00:00+00:00,True,True,0.0,9.680991239284685,10.185128861923888
2024-08-15 04:00:00+00:00,2024-08-15 06:00:00+00:00,priority_nearest_neighbor,6,66bd7e119973faa9d132deee,2024-08-15 06:41:20.823489+00:00,2024-08-15 11:00:00+00:00,True,True,0.0,2.717184246530338,3.16755964040508
2024-08-15 04:00:00+00:00,2024-08-15 06:00:00+00:00,priority_nearest_neighbor,7,66bd83809973faa9d132e145,2024-08-15 06:44:49.485715+00:00,2024-08-15 11:00:00+00:00,True,True,0.0,3.1640466194001475,3.47770376766729
2024-08-15 04:00:00+00:00,2024-08-15 06:00:00+00:00,priority_nearest_neighbor,8,66bd82039973faa9d132e085,2024-08-15 07:01:16.226900+00:00,2024-08-15 11:00:00+00:00,True,True,0.0,14.801964672797975,16.445686411464607
2024-08-15 04:00:00+00:00,2024-08-15 06:00:00+00:00,priority_nearest_neighbor,9,66bd845e9973faa9d132e28d,2024-08-15 07:03:07.507996+00:00,2024-08-15 11:00:00+00:00,True,True,0.0,1.4103248179732737,1.8546849342539202
2024-08-15 04:00:00+00:00,2024-08-15 06:00:00+00:00,clarke_wright,1,66bd87e29973faa9d132e88c,2024-08-15 06:04:19.631854+00:00,2024-08-15 07:44:18.759000+00:00,True,True,0.0,3.683131947976024,4.327197560415018
2024-08-15 04:00:00+00:00,2024-08-15 06:00:00+00:00,clarke_wright,2,66bd881e9973faa9d132e8a2,2024-08-15 06:04:19.631854+00:00,2024-08-15 07:45:24.821000+00:00,True,True,0.0,0.0,0.0
2024-08-15 04:00:00+00:00,2024-08-15 06:00:00+00:00,clarke_wright,3,66bd7f869973faa9d132e02c,2024-08-15 06:06:01.132848+00:00,2024-08-15 11:00:00+00:00,True,True,0.0,1.4342128777571552,1.6916832286819767
2024-08-15 04:00:00+00:00,2024-08-15 06:00:00+00:00,clarke_wright,4,66bd83809973faa9d132e145,2024-08-15 06:11:55.062929+00:00,2024-08-15 11:00:00+00:00,True,True,0.0,5.229479189645794,5.898834685918215
2024-08-15 04:00:00+00:00,2024-08-15 06:00:00+00:00,clarke_wright,5,66bd84639973faa9d132e294,2024-08-15 06:14:32.803550+00:00,2024-08-15 07:29:46.341000+00:00,True,True,0.0,2.7845487652830263,2.6290103519551233
2024-08-15 04:00:00+00:00,2024-08-15 06:00:00+00:00,clarke_wright,6,66bd7e119973faa9d132deee,2024-08-15 06:20:27.908768+00:00,2024-08-15 11:00:00+00:00,True,True,0.0,6.027482526885557,5.91842030414571
2024-08-15 04:00:00+00:00,2024-08-15 06:00:00+00:00,clarke_wright,7,66bd82039973faa9d132e085,2024-08-15 06:33:47.298965+00:00,2024-08-15 11:00:00+00:00,True,True,0.0,12.237600173457098,13.323169952641019
2024-08-15 04:00:00+00:00,2024-08-15 06:00:00+00:00,clarke_wright,8,66bd845e9973faa9d132e28d,2024-08-15 06:35:38.580061+00:00,2024-08-15 11:00:00+00:00,True,True,0.0,1.4103248179732737,1.8546849342539202
2024-08-15 04:00:00+00:00,2024-08-15 06:00:00+00:00,clarke_wright,9,66bd88859973faa9d132e8ae,2024-08-15 06:48:47.499406+00:00,2024-08-15 07:46:25.393000+00:00,True,True,0.0,11.75626019131587,13.148655747720483
2024-08-16 02:00:00+00:00,2024-08-16 04:00:00+00:00,nearest_neighbor,1,66bece979973faa9d133011a,2024-08-16 04:00:54.988864+00:00,2024-08-16 06:57:50.380000+00:00,True,True,0.0,0.7010889401999238,0.9164810704413078
2024-08-16 02:00:00+00:00,2024-08-16 04:00:00+00:00,nearest_neighbor,2,66bebbf19973faa9d132fda9,2024-08-16 04:07:40.495578+00:00,2024-08-16 09:00:00+00:00,True,True,0.0,6.159006808330645,6.758445227443567
2024-08-16 02:00:00+00:00,2024-08-16 04:00:00+00:00,nearest_neighbor,3,66beceaa9973faa9d1330129,2024-08-16 04:15:51.780548+00:00,2024-08-16 06:49:10.859000+00:00,True,True,0.0,7.2108221309647975,8.188082825506289
2024-08-16 02:00:00+00:00,2024-08-16 04:00:00+00:00,nearest_neighbor,4,66bebf9a0f42ac1ad11cb88f,2024-08-16 04:22:38.145394+00:00,2024-08-16 09:00:00+00:00,True,True,0.0,5.76064759296782,6.772747427588209
2024-08-16 02:00:00+00:00,2024-08-16 04:00:00+00:00,nearest_neighbor,5,66bebc4c9973faa9d132fdb9,2024-08-16 04:39:46.469058+00:00,2024-08-16 09:00:00+00:00,True,True,0.0,15.191002620541221,17.138727725708172
2024-08-16 02:00:00+00:00,2024-08-16 04:00:00+00:00,priority_nearest_neighbor,1,66bece979973faa9d133011a,2024-08-16 04:00:54.988864+00:00,2024-08-16 06:57:50.380000+00:00,True,True,0.0,0.7010889401999238,0.9164810704413078
2024-08-16 02:00:00+00:00,2024-08-16 04:00:00+00:00,priority_nearest_neighbor,2,66bebbf19973faa9d132fda9,2024-08-16 04:07:40.495578+00:00,2024-08-16 09:00:00+00:00,True,True,0.0,6.159006808330645,6.758445227443567
2024-08-16 02:00:00+00:00,2024-08-16 04:00:00+00:00,priority_nearest_neighbor,3,66beceaa9973faa9d1330129,2024-08-16 04:15:51.780548+00:00,2024-08-16 06:49:10.859000+00:00,True,True,0.0,7.2108221309647975,8.188082825506289
2024-08-16 02:00:00+00:00,2024-08-16 04:00:00+00:00,priority_nearest_neighbor,4,66bebf9a0f42ac1ad11cb88f,2024-08-16 04:22:38.145394+00:00,2024-08-16 09:00:00+00:00,True,True,0.0,5.76064759296782,6.772747427588209
2024-08-16 02:00:00+00:00,2024-08-16 04:00:00+00:00,priority_nearest_neighbor,5,66bebc4c9973faa9d132fdb9,2024-08-16 04:39:46.469058+00:00,2024-08-16 09:00:00+00:00,True,True,0.0,15.191002620541221,17.138727725708172
2024-08-16 02:00:00+00:00,2024-08-16 04:00:00+00:00,clarke_wright,1,66bece979973faa9d133011a,2024-08-16 04:00:54.988864+00:00,2024-08-16 06:57:50.380000+00:00,True,True,0.0,0.7010889401999238,0.9164810704413078
2024-08-16 02:00:00+00:00,2024-08-16 04:00:00+00:00,clarke_wright,2,66bebc4c9973faa9d132fdb9,2024-08-16 04:10:24.877527+00:00,2024-08-16 09:00:00+00:00,True,True,0.0,8.752950855696866,9.498144378237969
2024-08-16 02:00:00+00:00,2024-08-16 04:00:00+00:00,clarke_wright,3,66bebf9a0f42ac1ad11cb88f,2024-08-16 04:27:03.085242+00:00,2024-08-16 09:00:00+00:00,True,True,0.0,14.574731312854068,16.636795248214444
2024-08-16 02:00:00+00:00,2024-08-16 04:00:00+00:00,clarke_wright,4,66beceaa9973faa9d1330129,2024-08-16 04:31:49.173228+00:00,2024-08-16 06:49:10.859000+00:00,True,True,0.0,3.936001438118741,4.768133099355752
2024-08-16 02:00:00+00:00,2024-08-16 04:00:00+00:00,clarke_wright,5,66bebbf19973faa9d132fda9,2024-08-16 04:39:18.865206+00:00,2024-08-16 09:00:00+00:00,True,True,0.0,7.314147490877782,7.494866302128283
2024-08-16 04:00:00+00:00,2024-08-16 06:00:00+00:00,nearest_neighbor,1,66becef59973faa9d1330567,2024-08-16 06:05:56.738387+00:00,2024-08-16 06:59:42.903000+00:00,True,True,0.0,5.491404962347563,5.945639780877186
2024-08-16 04:00:00+00:00,2024-08-16 06:00:00+00:00,nearest_neighbor,2,66becf759973faa9d13305c9,2024-08-16 06:16:36.248165+00:00,2024-08-16 07:02:08.441000+00:00,True,True,0.0,10.216628185116765,10.658496307995694
2024-08-16 04:00:00+00:00,2024-08-16 06:00:00+00:00,nearest_neighbor,3,66bedd8b9973faa9d133108c,2024-08-16 06:20:44.125895+00:00,2024-08-16 08:01:48.263000+00:00,True,True,0.0,3.4606239862738137,4.1312955025522236
2024-08-16 04:00:00+00:00,2024-08-16 06:00:00+00:00,nearest_neighbor,4,66bed9c29973faa9d1330b38,2024-08-16 06:39:07.752903+00:00,2024-08-16 07:44:02.738000+00:00,True,True,0.0,16.737760724776397,18.393783471622843
2024-08-16 04:00:00+00:00,2024-08-16 06:00:00+00:00,nearest_neighbor,5,66becfcd9973faa9d13305d6,2024-08-16 06:49:48.031754+00:00,2024-08-16 07:03:03.529000+00:00,True,True,0.0,10.961239846634768,10.671314190474048
2024-08-16 04:00:00+00:00,2024-08-16 06:00:00+00:00,nearest_neighbor,6,66bed32d9973faa9d1330946,2024-08-16 06:59:47.249722+00:00,2024-08-16 07:14:59.721000+00:00,True,True,0.0,8.842472912620748,9.986966128432845
2024-08-16 04:00:00+00:00,2024-08-16 06:00:00+00:00,nearest_neighbor,7,66bed8099a1d4579e8b418ae,2024-08-16 07:14:36.236957+00:00,2024-08-16 07:38:50.297000+00:00,True,True,0.0,14.195500904005746,14.816453920163601
2024-08-16 04:00:00+00:00,2024-08-16 06:00:00+00:00,priority_nearest_neighbor,1,66becef59973faa9d1330567,2024-08-16 06:05:56.738387+00:00,2024-08-16 06:59:42.903000+00:00,True,True,0.0,5.491404962347563,5.945639780877186
2024-08-16 04:00:00+00:00,2024-08-16 06:00:00+00:00,priority_nearest_neighbor,2,66becf759973faa9d13305c9,2024-08-16 06:16:36.248165+00:00,2024-08-16 07:02:08.441000+00:00,True,True,0.0,10.216628185116765,10.658496307995694
2024-08-16 04:00:00+00:00,2024-08-16 06:00:00+00:00,priority_nearest_neighbor,3,66becfcd9973faa9d13305d6,2024-08-16 06:35:34.971654+00:00,2024-08-16 07:03:03.529000+00:00,True,True,0.0,18.622939154702536,18.978724815275687
2024-08-16 04:00:00+00:00,2024-08-16 06:00:00+00:00,priority_nearest_neighbor,4,66bed32d9973faa9d1330946,2024-08-16 06:45:34.189622+00:00,2024-08-16 07:14:59.721000+00:00,True,True,0.0,8.842472912620748,9.986966128432845
2024-08-16 04:00:00+00:00,2024-08-16 06:00:00+00:00,priority_nearest_neighbor,5,66bed8099a1d4579e8b418ae,2024-08-16 07:00:23.176857+00:00,2024-08-16 07:38:50.297000+00:00,True,True,0.0,14.195500904005746,14.816453920163601
2024-08-16 04:00:00+00:00,2024-08-16 06:00:00+00:00,priority_nearest_neighbor,6,66bed9c29973faa9d1330b38,2024-08-16 07:13:55.267756+00:00,2024-08-16 07:44:02.738000+00:00,True,True,0.0,12.02464014277428,13.534848321115005
2024-08-16 04:00:00+00:00,2024-08-16 06:00:00+00:00,priority_nearest_neighbor,7,66bedd8b9973faa9d133108c,2024-08-16 07:33:04.714492+00:00,2024-08-16 08:01:48.263000+00:00,True,True,0.0,17.32830141170168,19.15744560541193
2024-08-16 04:00:00+00:00,2024-08-16 06:00:00+00:00,clarke_wright,1,66bed8099a1d4579e8b418ae,2024-08-16 06:09:13.412381+00:00,2024-08-16 07:38:50.297000+00:00,True,True,0.0,8.45105250248076,9.223539682208857
2024-08-16 04:00:00+00:00,2024-08-16 06:00:00+00:00,clarke_wright,2,66bed32d9973faa9d1330946,2024-08-16 06:24:22.021666+00:00,2024-08-16 07:14:59.721000+00:00,True,True,0.0,14.491346083089322,15.143488081151146
2024-08-16 04:00:00+00:00,2024-08-16 06:00:00+00:00,clarke_wright,3,66becfcd9973faa9d13305d6,2024-08-16 06:34:18.963254+00:00,2024-08-16 07:03:03.529000+00:00,True,True,0.0,8.680198708510748,9.949026472544345
2024-08-16 04:00:00+00:00,2024-08-16 06:00:00+00:00,clarke_wright,4,66bed9c29973faa9d1330b38,2024-08-16 06:45:01.357142+00:00,2024-08-16 07:44:02.738000+00:00,True,True,0.0,10.978868428727322,10.706564805155084
2024-08-16 04:00:00+00:00,2024-08-16 06:00:00+00:00,clarke_wright,5,66bedd8b9973faa9d133108c,2024-08-16 07:04:10.803878+00:00,2024-08-16 08:01:48.263000+00:00,True,True,0.0,17.32830141170168,19.15744560541193
2024-08-16 04:00:00+00:00,2024-08-16 06:00:00+00:00,clarke_wright,6,66becf759973faa9d13305c9,2024-08-16 07:08:20.857673+00:00,2024-08-16 07:02:08.441000+00:00,True,False,6.20694455,3.441349241874617,4.1675632431401555
2024-08-16 04:00:00+00:00,2024-08-16 06:00:00+00:00,clarke_wright,7,66becef59973faa9d1330567,2024-08-16 07:18:17.119982+00:00,2024-08-16 06:59:42.903000+00:00,True,False,18.570283033333332,10.063620780498091,9.937705146193519
2024-08-17 02:00:00+00:00,2024-08-17 04:00:00+00:00,nearest_neighbor,1,66c018f69973faa9d133306f,2024-08-17 04:03:34.705076+00:00,2024-08-17 06:09:33.384000+00:00,True,True,0.0,3.3051235669482883,3.578417925233877
2024-08-17 02:00:00+00:00,2024-08-17 04:00:00+00:00,nearest_neighbor,2,66c010009a1d4579e8b41a25,2024-08-17 04:05:09.613049+00:00,2024-08-17 05:50:15.934000+00:00,True,True,0.0,1.2020491146475336,1.5817995580919524
2024-08-17 02:00:00+00:00,2024-08-17 04:00:00+00:00,nearest_neighbor,3,66c011989a1d4579e8b41a47,2024-08-17 04:05:09.613049+00:00,2024-08-17 05:56:51.601000+00:00,True,True,0.0,0.0,0.0
2024-08-17 02:00:00+00:00,2024-08-17 04:00:00+00:00,nearest_neighbor,4,66c01f179973faa9d13334f0,2024-08-17 04:12:05.993742+00:00,2024-08-17 06:54:07.787000+00:00,True,True,0.0,5.671157521410133,6.939678217049011
2024-08-17 02:00:00+00:00,2024-08-17 04:00:00+00:00,nearest_neighbor,5,66c01f789973faa9d1333500,2024-08-17 04:18:59.730886+00:00,2024-08-17 06:55:07.229000+00:00,True,True,0.0,5.909111898647995,6.895619074495486
2024-08-17 02:00:00+00:00,2024-08-17 04:00:00+00:00,nearest_neighbor,6,66c01a199973faa9d1333382,2024-08-17 04:34:00.882920+00:00,2024-08-17 09:00:00+00:00,True,True,0.0,13.029944702515335,15.019200571849078
2024-08-17 02:00:00+00:00,2024-08-17 04:00:00+00:00,priority_nearest_neighbor,1,66c010009a1d4579e8b41a25,2024-08-17 04:04:19.802776+00:00,2024-08-17 05:50:15.934000+00:00,True,True,0.0,3.74020571097845,4.330046265412831
2024-08-17 02:00:00+00:00,2024-08-17 04:00:00+00:00,priority_nearest_neighbor,2,66c011989a1d4579e8b41a47,2024-08-17 04:04:19.802776+00:00,2024-08-17 05:56:51.601000+00:00,True,True,0.0,0.0,0.0
2024-08-17 02:00:00+00:00,2024-08-17 04:00:00+00:00,priority_nearest_neighbor,3,66c018f69973faa9d133306f,2024-08-17 04:07:00.820794+00:00,2024-08-17 06:09:33.384000+00:00,True,True,0.0,2.0501076144782613,2.6836336308210007
2024-08-17 02:00:00+00:00,2024-08-17 04:00:00+00:00,priority_nearest_neighbor,4,66c01f179973faa9d13334f0,2024-08-17 04:14:53.181428+00:00,2024-08-17 06:54:07.787000+00:00,True,True,0.0,6.85343477228742,7.872677238561184
2024-08-17 02:00:00+00:00,2024-08-17 04:00:00+00:00,priority_nearest_neighbor,5,66c01f789973faa9d1333500,2024-08-17 04:21:46.918572+00:00,2024-08-17 06:55:07.229000+00:00,True,True,0.0,5.909111898647995,6.895619074495486
2024-08-17 02:00:00+00:00,2024-08-17 04:00:00+00:00,priority_nearest_neighbor,6,66c01a199973faa9d1333382,2024-08-17 04:36:48.070606+00:00,2024-08-17 09:00:00+00:00,True,True,0.0,13.029944702515335,15.019200571849078
2024-08-17 02:00:00+00:00,2024-08-17 04:00:00+00:00,clarke_wright,1,66c018f69973faa9d133306f,2024-08-17 04:03:34.705076+00:00,2024-08-17 06:09:33.384000+00:00,True,True,0.0,3.3051235669482883,3.578417925233877
2024-08-17 02:00:00+00:00,2024-08-17 04:00:00+00:00,clarke_wright,2,66c010009a1d4579e8b41a25,2024-08-17 04:05:09.613049+00:00,2024-08-17 05:50:15.934000+00:00,True,True,0.0,1.2020491146475336,1.5817995580919524
2024-08-17 02:00:00+00:00,2024-08-17 04:00:00+00:00,clarke_wright,3,66c011989a1d4579e8b41a47,2024-08-17 04:05:09.613049+00:00,2024-08-17 05:56:51.601000+00:00,True,True,0.0,0.0,0.0
2024-08-17 02:00:00+00:00,2024-08-17 04:00:00+00:00,clarke_wright,4,66c01f179973faa9d13334f0,2024-08-17 04:12:05.993742+00:00,2024-08-17 06:54:07.787000+00:00,True,True,0.0,5.671157521410133,6.939678217049011
2024-08-17 02:00:00+00:00,2024-08-17 04:00:00+00:00,clarke_wright,5,66c01f789973faa9d1333500,2024-08-17 04:18:59.730886+00:00,2024-08-17 06:55:07.229000+00:00,True,True,0.0,5.909111898647995,6.895619074495486
2024-08-17 02:00:00+00:00,2024-08-17 04:00:00+00:00,clarke_wright,6,66c01a199973faa9d1333382,2024-08-17 04:34:00.882920+00:00,2024-08-17 09:00:00+00:00,True,True,0.0,13.029944702515335,15.019200571849078
2024-08-17 04:00:00+00:00,2024-08-17 06:00:00+00:00,nearest_neighbor,1,66c0283b9973faa9d1333b5a,2024-08-17 06:04:06.379766+00:00,2024-08-17 11:00:00+00:00,True,True,0.0,3.8702594805101076,4.106329425027675
2024-08-17 04:00:00+00:00,2024-08-17 06:00:00+00:00,nearest_neighbor,2,66c0262d9973faa9d133369d,2024-08-17 06:11:41.202907+00:00,2024-08-17 11:00:00+00:00,True,True,0.0,6.820468163083548,7.580385690845042
2024-08-17 04:00:00+00:00,2024-08-17 06:00:00+00:00,nearest_neighbor,3,66c024a59973faa9d133364b,2024-08-17 06:16:07.356091+00:00,2024-08-17 07:16:42.451000+00:00,True,True,0.0,3.9104365070885985,4.435886405519018
2024-08-17 04:00:00+00:00,2024-08-17 06:00:00+00:00,nearest_neighbor,4,66c02e6e9973faa9d13345c7,2024-08-17 06:32:35.971640+00:00,2024-08-17 07:57:56.061000+00:00,True,True,0.0,14.20428160102144,16.47692581576631
2024-08-17 04:00:00+00:00,2024-08-17 06:00:00+00:00,nearest_neighbor,5,66c029be9973faa9d1333cb1,2024-08-17 06:48:40.620271+00:00,2024-08-17 11:00:00+00:00,True,True,0.0,15.198882267214255,16.077477188246977
2024-08-17 04:00:00+00:00,2024-08-17 06:00:00+00:00,nearest_neighbor,6,66c02bf29973faa9d1333cfd,2024-08-17 07:00:14.570397+00:00,2024-08-17 07:48:53.393000+00:00,True,True,0.0,11.835264557756219,11.565835430136076
2024-08-17 04:00:00+00:00,2024-08-17 06:00:00+00:00,nearest_neighbor,7,66c0355b9973faa9d1334b1b,2024-08-17 07:21:39.950079+00:00,2024-08-17 12:00:00+00:00,True,True,0.0,21.958588500962883,21.42299469286398
2024-08-17 04:00:00+00:00,2024-08-17 06:00:00+00:00,nearest_neighbor,8,66c025749973faa9d133368b,2024-08-17 07:26:23.048608+00:00,2024-08-17 11:00:00+00:00,True,True,0.0,3.953445623180805,4.718308821180108
2024-08-17 04:00:00+00:00,2024-08-17 06:00:00+00:00,priority_nearest_neighbor,1,66c024a59973faa9d133364b,2024-08-17 06:06:31.854365+00:00,2024-08-17 07:16:42.451000+00:00,True,True,0.0,6.121578692683893,6.530906080522002
2024-08-17 04:00:00+00:00,2024-08-17 06:00:00+00:00,priority_nearest_neighbor,2,66c0262d9973faa9d133369d,2024-08-17 06:10:41.038098+00:00,2024-08-17 11:00:00+00:00,True,True,0.0,3.683856724833145,4.153062221349563
2024-08-17 04:00:00+00:00,2024-08-17 06:00:00+00:00,priority_nearest_neighbor,3,66c02bf29973faa9d1333cfd,2024-08-17 06:24:39.356177+00:00,2024-08-17 07:48:53.393000+00:00,True,True,0.0,13.22394245098527,13.971967985563078
2024-08-17 04:00:00+00:00,2024-08-17 06:00:00+00:00,priority_nearest_neighbor,4,66c02e6e9973faa9d13345c7,2024-08-17 06:45:48.872147+00:00,2024-08-17 07:57:56.061000+00:00,True,True,0.0,20.386666028159837,21.158599507752424
2024-08-17 04:00:00+00:00,2024-08-17 06:00:00+00:00,priority_nearest_neighbor,5,66c0283b9973faa9d1333b5a,2024-08-17 06:58:12.885085+00:00,2024-08-17 11:00:00+00:00,True,True,0.0,11.813210076207834,12.400215625091134
2024-08-17 04:00:00+00:00,2024-08-17 06:00:00+00:00,priority_nearest_neighbor,6,66c029be9973faa9d1333cb1,2024-08-17 07:06:44.476893+00:00,2024-08-17 11:00:00+00:00,True,True,0.0,7.680455199904868,8.526530137590727
2024-08-17 04:00:00+00:00,2024-08-17 06:00:00+00:00,priority_nearest_neighbor,7,66c0355b9973faa9d1334b1b,2024-08-17 07:32:23.320081+00:00,2024-08-17 12:00:00+00:00,True,True,0.0,26.76935134245943,25.647386469962303
2024-08-17 04:00:00+00:00,2024-08-17 06:00:00+00:00,priority_nearest_neighbor,8,66c025749973faa9d133368b,2024-08-17 07:37:06.418610+00:00,2024-08-17 11:00:00+00:00,True,True,0.0,3.953445623180805,4.718308821180108
2024-08-17 04:00:00+00:00,2024-08-17 06:00:00+00:00,clarke_wright,1,66c0262d9973faa9d133369d,2024-08-17 06:04:30.868084+00:00,2024-08-17 11:00:00+00:00,True,True,0.0,4.051731490178968,4.514468069926011
2024-08-17 04:00:00+00:00,2024-08-17 06:00:00+00:00,clarke_wright,2,66c024a59973faa9d133364b,2024-08-17 06:08:57.021268+00:00,2024-08-17 07:16:42.451000+00:00,True,True,0.0,3.9104365070885985,4.435886405519018
2024-08-17 04:00:00+00:00,2024-08-17 06:00:00+00:00,clarke_wright,3,66c025749973faa9d133368b,2024-08-17 06:26:07.180207+00:00,2024-08-17 11:00:00+00:00,True,True,0.0,18.195618542092866,17.1693156476208
2024-08-17 04:00:00+00:00,2024-08-17 06:00:00+00:00,clarke_wright,4,66c0355b9973faa9d1334b1b,2024-08-17 06:30:29.824320+00:00,2024-08-17 12:00:00+00:00,True,True,0.0,3.6260357764516273,4.377401890295032
2024-08-17 04:00:00+00:00,2024-08-17 06:00:00+00:00,clarke_wright,5,66c0283b9973faa9d1333b5a,2024-08-17 06:48:54.906859+00:00,2024-08-17 11:00:00+00:00,True,True,0.0,19.573727274059095,18.41804232293417
2024-08-17 04:00:00+00:00,2024-08-17 06:00:00+00:00,clarke_wright,6,66c02e6e9973faa9d13345c7,2024-08-17 07:00:48.447495+00:00,2024-08-17 07:57:56.061000+00:00,True,True,0.0,10.540076541250729,11.892343929560221
2024-08-17 04:00:00+00:00,2024-08-17 06:00:00+00:00,clarke_wright,7,66c029be9973faa9d1333cb1,2024-08-17 07:16:53.096126+00:00,2024-08-17 11:00:00+00:00,True,True,0.0,15.198882267214255,16.077477188246977
2024-08-17 04:00:00+00:00,2024-08-17 06:00:00+00:00,clarke_wright,8,66c02bf29973faa9d1333cfd,2024-08-17 07:28:27.046252+00:00,2024-08-17 07:48:53.393000+00:00,True,True,0.0,11.835264557756219,11.565835430136076
2024-08-19 04:00:00+00:00,2024-08-19 06:00:00+00:00,nearest_neighbor,1,66c2c3709973faa9d1336fc7,2024-08-19 06:00:52.160727+00:00,2024-08-19 06:47:11.926000+00:00,True,True,0.0,0.6639912176718646,0.8693454532763634
2024-08-19 04:00:00+00:00,2024-08-19 06:00:00+00:00,nearest_neighbor,2,66c2d11f9973faa9d13377cb,2024-08-19 06:05:10.057111+00:00,2024-08-19 07:56:05.233000+00:00,True,True,0.0,4.095776537471647,4.298273065771325
2024-08-19 04:00:00+00:00,2024-08-19 06:00:00+00:00,nearest_neighbor,3,66c2ca139973faa9d133719d,2024-08-19 06:11:15.094828+00:00,2024-08-19 06:26:59.860000+00:00,True,True,0.0,5.600095346961171,6.083961944653921
2024-08-19 04:00:00+00:00,2024-08-19 06:00:00+00:00,nearest_neighbor,4,66c2d67a9973faa9d1337da8,2024-08-19 06:17:27.407542+00:00,2024-08-19 12:00:00+00:00,True,True,0.0,6.151868795539366,6.20521190704292
2024-08-19 04:00:00+00:00,2024-08-19 06:00:00+00:00,nearest_neighbor,5,66c2d8699973faa9d133800e,2024-08-19 06:19:32.504324+00:00,2024-08-19 08:24:59.772000+00:00,True,True,0.0,2.0149102259363088,2.0849463740421004
2024-08-19 04:00:00+00:00,2024-08-19 06:00:00+00:00,nearest_neighbor,6,66c2d4a29973faa9d1337c89,2024-08-19 06:25:33.026838+00:00,2024-08-19 08:12:37.093000+00:00,True,True,0.0,5.6254091555039345,6.008708564073203
2024-08-19 04:00:00+00:00,2024-08-19 06:00:00+00:00,nearest_neighbor,7,66c2d3759973faa9d1337c4f,2024-08-19 06:37:02.874408+00:00,2024-08-19 08:06:09.411000+00:00,True,True,0.0,10.386202079806841,11.497459501664046
2024-08-19 04:00:00+00:00,2024-08-19 06:00:00+00:00,nearest_neighbor,8,66c2d0629973faa9d1337371,2024-08-19 06:43:56.007359+00:00,2024-08-19 07:51:42.129000+00:00,True,True,0.0,6.161171888566954,6.885549184776824
2024-08-19 04:00:00+00:00,2024-08-19 06:00:00+00:00,nearest_neighbor,9,66c2d7239973faa9d1337de8,2024-08-19 07:02:07.752128+00:00,2024-08-19 12:00:00+00:00,True,True,0.0,18.197973353600457,18.19574614925477
2024-08-19 04:00:00+00:00,2024-08-19 06:00:00+00:00,nearest_neighbor,10,66c2d8139973faa9d1337ec3,2024-08-19 07:07:40.472309+00:00,2024-08-19 12:00:00+00:00,True,True,0.0,4.556033986755606,5.545336351451983
2024-08-19 04:00:00+00:00,2024-08-19 06:00:00+00:00,nearest_neighbor,11,66c2ce269973faa9d13372ce,2024-08-19 07:15:10.129906+00:00,2024-08-19 07:45:47.521000+00:00,True,True,0.0,6.292811075545677,7.494293280189768
2024-08-19 04:00:00+00:00,2024-08-19 06:00:00+00:00,nearest_neighbor,12,66c2d5c29973faa9d1337d26,2024-08-19 07:16:42.582596+00:00,2024-08-19 12:00:00+00:00,True,True,0.0,1.1026246847778902,1.5408781741901123
2024-08-19 04:00:00+00:00,2024-08-19 06:00:00+00:00,priority_nearest_neighbor,1,66c2ca139973faa9d133719d,2024-08-19 06:06:59.296482+00:00,2024-08-19 06:26:59.860000+00:00,True,True,0.0,6.5726220678428975,6.988274702047528
2024-08-19 04:00:00+00:00,2024-08-19 06:00:00+00:00,priority_nearest_neighbor,2,66c2c3709973faa9d1336fc7,2024-08-19 06:12:37.151864+00:00,2024-08-19 06:47:11.926000+00:00,True,True,0.0,5.289439847157226,5.630923032725852
2024-08-19 04:00:00+00:00,2024-08-19 06:00:00+00:00,priority_nearest_neighbor,3,66c2d11f9973faa9d13377cb,2024-08-19 06:16:55.048248+00:00,2024-08-19 07:56:05.233000+00:00,True,True,0.0,4.095776537471647,4.298273065771325
2024-08-19 04:00:00+00:00,2024-08-19 06:00:00+00:00,priority_nearest_neighbor,4,66c2d0629973faa9d1337371,2024-08-19 06:25:49.444145+00:00,2024-08-19 07:51:42.129000+00:00,True,True,0.0,8.343694358213279,8.90659829095837
2024-08-19 04:00:00+00:00,2024-08-19 06:00:00+00:00,priority_nearest_neighbor,5,66c2d3759973faa9d1337c4f,2024-08-19 06:32:43.301675+00:00,2024-08-19 08:06:09.411000+00:00,True,True,0.0,6.150649331837249,6.8976254970616555
2024-08-19 04:00:00+00:00,2024-08-19 06:00:00+00:00,priority_nearest_neighbor,6,66c2ce269973faa9d13372ce,2024-08-19 06:57:35.344025+00:00,2024-08-19 07:45:47.521000+00:00,True,True,0.0,24.246202546640802,24.867372493568176
2024-08-19 04:00:00+00:00,2024-08-19 06:00:00+00:00,priority_nearest_neighbor,7,66c2d4a29973faa9d1337c89,2024-08-19 07:27:56.828942+00:00,2024-08-19 08:12:37.093000+00:00,True,True,0.0,28.175599233977202,30.358081958037392
2024-08-19 04:00:00+00:00,2024-08-19 06:00:00+00:00,priority_nearest_neighbor,8,66c2d8699973faa9d133800e,2024-08-19 07:34:24.140631+00:00,2024-08-19 08:24:59.772000+00:00,True,True,0.0,5.881730834811783,6.4551948125931755
2024-08-19 04:00:00+00:00,2024-08-19 06:00:00+00:00,priority_nearest_neighbor,9,66c2d67a9973faa9d1337da8,2024-08-19 07:37:47.671691+00:00,2024-08-19 12:00:00+00:00,True,True,0.0,3.067421178226377,3.3921843312785183
2024-08-19 04:00:00+00:00,2024-08-19 06:00:00+00:00,priority_nearest_neighbor,10,66c2d7239973faa9d1337de8,2024-08-19 07:50:51.881352+00:00,2024-08-19 12:00:00+00:00,True,True,0.0,13.836742234664715,13.070161018130582
2024-08-19 04:00:00+00:00,2024-08-19 06:00:00+00:00,priority_nearest_neighbor,11,66c2d8139973faa9d1337ec3,2024-08-19 07:56:24.601533+00:00,2024-08-19 12:00:00+00:00,True,True,0.0,4.556033986755606,5.545336351451983
2024-08-19 04:00:00+00:00,2024-08-19 06:00:00+00:00,priority_nearest_neighbor,12,66c2d5c29973faa9d1337d26,2024-08-19 08:05:26.711820+00:00,2024-08-19 12:00:00+00:00,True,True,0.0,7.395435760323568,9.035171454379881
2024-08-19 04:00:00+00:00,2024-08-19 06:00:00+00:00,clarke_wright,1,66c2d0629973faa9d1337371,2024-08-19 06:05:18.482557+00:00,2024-08-19 07:51:42.129000+00:00,True,True,0.0,4.917064478741657,5.308042619042336
2024-08-19 04:00:00+00:00,2024-08-19 06:00:00+00:00,clarke_wright,2,66c2d3759973faa9d1337c4f,2024-08-19 06:12:12.340087+00:00,2024-08-19 08:06:09.411000+00:00,True,True,0.0,6.150649331837249,6.8976254970616555
2024-08-19 04:00:00+00:00,2024-08-19 06:00:00+00:00,clarke_wright,3,66c2d8699973faa9d133800e,2024-08-19 06:19:23.547595+00:00,2024-08-19 08:24:59.772000+00:00,True,True,0.0,6.535956333351235,7.186791795762455
2024-08-19 04:00:00+00:00,2024-08-19 06:00:00+00:00,clarke_wright,4,66c2d4a29973faa9d1337c89,2024-08-19 06:25:24.070109+00:00,2024-08-19 08:12:37.093000+00:00,True,True,0.0,5.6254091555039345,6.008708564073203
2024-08-19 04:00:00+00:00,2024-08-19 06:00:00+00:00,clarke_wright,5,66c2d67a9973faa9d1337da8,2024-08-19 06:33:27.052561+00:00,2024-08-19 12:00:00+00:00,True,True,0.0,7.1290344595758715,8.049707535231338
2024-08-19 04:00:00+00:00,2024-08-19 06:00:00+00:00,clarke_wright,6,66c2d7239973faa9d1337de8,2024-08-19 06:46:31.262222+00:00,2024-08-19 12:00:00+00:00,True,True,0.0,13.836742234664715,13.070161018130582
2024-08-19 04:00:00+00:00,2024-08-19 06:00:00+00:00,clarke_wright,7,66c2d8139973faa9d1337ec3,2024-08-19 06:52:03.982403+00:00,2024-08-19 12:00:00+00:00,True,True,0.0,4.556033986755606,5.545336351451983
2024-08-19 04:00:00+00:00,2024-08-19 06:00:00+00:00,clarke_wright,8,66c2d5c29973faa9d1337d26,2024-08-19 07:01:06.092690+00:00,2024-08-19 12:00:00+00:00,True,True,0.0,7.395435760323568,9.035171454379881
2024-08-19 04:00:00+00:00,2024-08-19 06:00:00+00:00,clarke_wright,9,66c2ce269973faa9d13372ce,2024-08-19 07:01:11.414804+00:00,2024-08-19 07:45:47.521000+00:00,True,True,0.0,0.06347347717335199,0.08870189191898414
2024-08-19 04:00:00+00:00,2024-08-19 06:00:00+00:00,clarke_wright,10,66c2ca139973faa9d133719d,2024-08-19 07:19:36.907632+00:00,2024-08-19 06:26:59.860000+00:00,True,False,52.61746053333333,17.239742071884383,18.424880464137697
2024-08-19 04:00:00+00:00,2024-08-19 06:00:00+00:00,clarke_wright,11,66c2d11f9973faa9d13377cb,2024-08-19 07:22:47.178822+00:00,2024-08-19 07:56:05.233000+00:00,True,True,0.0,3.03009192912792,3.171186507823684
2024-08-19 04:00:00+00:00,2024-08-19 06:00:00+00:00,clarke_wright,12,66c2c3709973faa9d1336fc7,2024-08-19 07:26:28.653523+00:00,2024-08-19 06:47:11.926000+00:00,True,False,39.27879205,3.536920770738704,3.691245012124337
2024-08-20 04:00:00+00:00,2024-08-20 06:00:00+00:00,nearest_neighbor,1,66c42dd0b8e7077ed0128560,2024-08-20 06:02:07.803750+00:00,2024-08-20 12:00:00+00:00,True,True,0.0,1.9270567669296903,2.130062499379291
2024-08-20 04:00:00+00:00,2024-08-20 06:00:00+00:00,nearest_neighbor,2,66c421a1b8e7077ed0127f50,2024-08-20 06:07:43.832717+00:00,2024-08-20 07:50:56.399000+00:00,True,True,0.0,5.112648025342623,5.600482784925536
2024-08-20 04:00:00+00:00,2024-08-20 06:00:00+00:00,nearest_neighbor,3,66c42b85b8e7077ed01284d1,2024-08-20 06:14:20.413005+00:00,2024-08-20 08:34:22.679000+00:00,True,True,0.0,5.901069013794849,6.609671469974507
2024-08-20 04:00:00+00:00,2024-08-20 06:00:00+00:00,nearest_neighbor,4,66c419bbb8e7077ed0127e21,2024-08-20 06:24:06.971325+00:00,2024-08-20 07:19:10.427000+00:00,True,True,0.0,9.015685410245764,9.775972001539126
2024-08-20 04:00:00+00:00,2024-08-20 06:00:00+00:00,nearest_neighbor,5,66c4231bb8e7077ed0128247,2024-08-20 06:32:59.219713+00:00,2024-08-20 11:00:00+00:00,True,True,0.0,7.288769552410273,8.870806463650931
2024-08-20 04:00:00+00:00,2024-08-20 06:00:00+00:00,nearest_neighbor,6,66c42231b8e7077ed012804c,2024-08-20 06:44:44.021628+00:00,2024-08-20 11:00:00+00:00,True,True,0.0,11.161029585723988,11.746698575036968
2024-08-20 04:00:00+00:00,2024-08-20 06:00:00+00:00,nearest_neighbor,7,66c4192eb8e7077ed0127de5,2024-08-20 07:02:50.333510+00:00,2024-08-20 07:16:56.048000+00:00,True,True,0.0,17.81924365276495,18.105198029997936
2024-08-20 04:00:00+00:00,2024-08-20 06:00:00+00:00,nearest_neighbor,8,66c417efdc29bcc583b5c18e,2024-08-20 07:05:52.573867+00:00,2024-08-20 07:12:21.133000+00:00,True,True,0.0,2.4931217287850376,3.0373392878180194
2024-08-20 04:00:00+00:00,2024-08-20 06:00:00+00:00,nearest_neighbor,9,66c421dfb8e7077ed0127f92,2024-08-20 07:16:06.741400+00:00,2024-08-20 07:55:13.340000+00:00,True,True,0.0,10.287805479461717,10.236125544529013
2024-08-20 04:00:00+00:00,2024-08-20 06:00:00+00:00,nearest_neighbor,10,66c41747dc29bcc583b5c176,2024-08-20 07:42:40.191490+00:00,2024-08-20 07:09:43.707000+00:00,True,False,32.94140816666667,23.73266734036701,26.557501507329054
2024-08-20 04:00:00+00:00,2024-08-20 06:00:00+00:00,priority_nearest_neighbor,1,66c417efdc29bcc583b5c18e,2024-08-20 06:09:27.636839+00:00,2024-08-20 07:12:21.133000+00:00,True,True,0.0,8.51293033007468,9.460613988944326
2024-08-20 04:00:00+00:00,2024-08-20 06:00:00+00:00,priority_nearest_neighbor,2,66c4192eb8e7077ed0127de5,2024-08-20 06:12:30.328762+00:00,2024-08-20 07:16:56.048000+00:00,True,True,0.0,2.491162279491252,3.0448653912193575
2024-08-20 04:00:00+00:00,2024-08-20 06:00:00+00:00,priority_nearest_neighbor,3,66c41747dc29bcc583b5c176,2024-08-20 06:30:18.024958+00:00,2024-08-20 07:09:43.707000+00:00,True,True,0.0,14.807728984302814,17.79493659994809
2024-08-20 04:00:00+00:00,2024-08-20 06:00:00+00:00,priority_nearest_neighbor,4,66c419bbb8e7077ed0127e21,2024-08-20 06:50:35.401044+00:00,2024-08-20 07:19:10.427000+00:00,True,True,0.0,18.588416077616277,20.289601425709932
2024-08-20 04:00:00+00:00,2024-08-20 06:00:00+00:00,priority_nearest_neighbor,5,66c421a1b8e7077ed0127f50,2024-08-20 06:57:53.755795+00:00,2024-08-20 07:50:56.399000+00:00,True,True,0.0,6.276422245129752,7.305912515795918
2024-08-20 04:00:00+00:00,2024-08-20 06:00:00+00:00,priority_nearest_neighbor,6,66c421dfb8e7077ed0127f92,2024-08-20 07:09:01.098812+00:00,2024-08-20 07:55:13.340000+00:00,True,True,0.0,10.210587928538535,11.122383620332062
2024-08-20 04:00:00+00:00,2024-08-20 06:00:00+00:00,priority_nearest_neighbor,7,66c42b85b8e7077ed01284d1,2024-08-20 07:24:25.616973+00:00,2024-08-20 08:34:22.679000+00:00,True,True,0.0,14.186537885209015,15.40863602295371
2024-08-20 04:00:00+00:00,2024-08-20 06:00:00+00:00,priority_nearest_neighbor,8,66c42231b8e7077ed012804c,2024-08-20 07:35:27.989438+00:00,2024-08-20 11:00:00+00:00,True,True,0.0,10.626324530310395,11.039541084505993
2024-08-20 04:00:00+00:00,2024-08-20 06:00:00+00:00,priority_nearest_neighbor,9,66c4231bb8e7077ed0128247,2024-08-20 07:49:25.705409+00:00,2024-08-20 11:00:00+00:00,True,True,0.0,12.745046931986856,13.961932857581766
2024-08-20 04:00:00+00:00,2024-08-20 06:00:00+00:00,priority_nearest_neighbor,10,66c42dd0b8e7077ed0128560,2024-08-20 08:04:13.787358+00:00,2024-08-20 12:00:00+00:00,True,True,0.0,13.153172773931649,14.801365820251233
2024-08-20 04:00:00+00:00,2024-08-20 06:00:00+00:00,clarke_wright,1,66c421a1b8e7077ed0127f50,2024-08-20 06:03:56.890866+00:00,2024-08-20 07:50:56.399000+00:00,True,True,0.0,3.578049945996102,3.94818110656414
2024-08-20 04:00:00+00:00,2024-08-20 06:00:00+00:00,clarke_wright,2,66c42b85b8e7077ed01284d1,2024-08-20 06:10:33.471154+00:00,2024-08-20 08:34:22.679000+00:00,True,True,0.0,5.901069013794849,6.609671469974507
2024-08-20 04:00:00+00:00,2024-08-20 06:00:00+00:00,clarke_wright,3,66c42231b8e7077ed012804c,2024-08-20 06:21:35.843619+00:00,2024-08-20 11:00:00+00:00,True,True,0.0,10.626324530310395,11.039541084505993
2024-08-20 04:00:00+00:00,2024-08-20 06:00:00+00:00,clarke_wright,4,66c419bbb8e7077ed0127e21,2024-08-20 06:29:00.784160+00:00,2024-08-20 07:19:10.427000+00:00,True,True,0.0,8.161076054524138,7.415675677323309
2024-08-20 04:00:00+00:00,2024-08-20 06:00:00+00:00,clarke_wright,5,66c4231bb8e7077ed0128247,2024-08-20 06:37:53.032548+00:00,2024-08-20 11:00:00+00:00,True,True,0.0,7.288769552410273,8.870806463650931
2024-08-20 04:00:00+00:00,2024-08-20 06:00:00+00:00,clarke_wright,6,66c41747dc29bcc583b5c176,2024-08-20 06:52:35.561412+00:00,2024-08-20 07:09:43.707000+00:00,True,True,0.0,13.742432313454545,14.708814399087673
2024-08-20 04:00:00+00:00,2024-08-20 06:00:00+00:00,clarke_wright,7,66c4192eb8e7077ed0127de5,2024-08-20 07:10:08.044231+00:00,2024-08-20 07:16:56.048000+00:00,True,True,0.0,14.846445199807238,17.541380311002673
2024-08-20 04:00:00+00:00,2024-08-20 06:00:00+00:00,clarke_wright,8,66c417efdc29bcc583b5c18e,2024-08-20 07:13:10.284588+00:00,2024-08-20 07:12:21.133000+00:00,True,False,0.8191931333333333,2.4931217287850376,3.0373392878180194
2024-08-20 04:00:00+00:00,2024-08-20 06:00:00+00:00,clarke_wright,9,66c421dfb8e7077ed0127f92,2024-08-20 07:23:24.452121+00:00,2024-08-20 07:55:13.340000+00:00,True,True,0.0,10.287805479461717,10.236125544529013
2024-08-20 04:00:00+00:00,2024-08-20 06:00:00+00:00,clarke_wright,10,66c42dd0b8e7077ed0128560,2024-08-20 07:30:08.093595+00:00,2024-08-20 12:00:00+00:00,True,True,0.0,6.474796868906634,6.727357897459439
2024-08-21 02:00:00+00:00,2024-08-21 04:00:00+00:00,nearest_neighbor,1,66c54daab8e7077ed0129cc0,2024-08-21 04:06:56.417945+00:00,2024-08-21 05:06:37.157000+00:00,True,True,0.0,6.299041427692428,6.940299085680241
2024-08-21 02:00:00+00:00,2024-08-21 04:00:00+00:00,nearest_neighbor,2,66c5610cb8e7077ed012a442,2024-08-21 04:10:42.261448+00:00,2024-08-21 06:36:55.805000+00:00,True,True,0.0,3.6846673315456764,3.7640583887402475
2024-08-21 02:00:00+00:00,2024-08-21 04:00:00+00:00,nearest_neighbor,3,66c561bdb8e7077ed012a892,2024-08-21 04:24:37.965282+00:00,2024-08-21 06:37:50.878000+00:00,True,True,0.0,13.807261760591096,13.928397225665263
2024-08-21 02:00:00+00:00,2024-08-21 04:00:00+00:00,nearest_neighbor,4,66c56085b8e7077ed012a017,2024-08-21 04:34:14.073087+00:00,2024-08-21 06:13:10.700000+00:00,True,True,0.0,8.261307861131451,9.601796746314879
2024-08-21 02:00:00+00:00,2024-08-21 04:00:00+00:00,nearest_neighbor,5,66c565189a1d4579e8b42598,2024-08-21 04:53:30.692958+00:00,2024-08-21 10:00:00+00:00,True,True,0.0,17.25864959402063,19.276997842409074
2024-08-21 02:00:00+00:00,2024-08-21 04:00:00+00:00,nearest_neighbor,6,66c560d4b8e7077ed012a439,2024-08-21 05:01:20.158406+00:00,2024-08-21 06:35:42.492000+00:00,True,True,0.0,6.385863213346016,7.824424130248427
2024-08-21 02:00:00+00:00,2024-08-21 04:00:00+00:00,nearest_neighbor,7,66c56230b8e7077ed012a89d,2024-08-21 05:12:11.408775+00:00,2024-08-21 06:40:50.724000+00:00,True,True,0.0,10.727807447334794,10.854172814629266
2024-08-21 02:00:00+00:00,2024-08-21 04:00:00+00:00,priority_nearest_neighbor,1,66c54daab8e7077ed0129cc0,2024-08-21 04:06:56.417945+00:00,2024-08-21 05:06:37.157000+00:00,True,True,0.0,6.299041427692428,6.940299085680241
2024-08-21 02:00:00+00:00,2024-08-21 04:00:00+00:00,priority_nearest_neighbor,2,66c5610cb8e7077ed012a442,2024-08-21 04:10:42.261448+00:00,2024-08-21 06:36:55.805000+00:00,True,True,0.0,3.6846673315456764,3.7640583887402475
2024-08-21 02:00:00+00:00,2024-08-21 04:00:00+00:00,priority_nearest_neighbor,3,66c561bdb8e7077ed012a892,2024-08-21 04:24:37.965282+00:00,2024-08-21 06:37:50.878000+00:00,True,True,0.0,13.807261760591096,13.928397225665263
2024-08-21 02:00:00+00:00,2024-08-21 04:00:00+00:00,priority_nearest_neighbor,4,66c56085b8e7077ed012a017,2024-08-21 04:34:14.073087+00:00,2024-08-21 06:13:10.700000+00:00,True,True,0.0,8.261307861131451,9.601796746314879
2024-08-21 02:00:00+00:00,2024-08-21 04:00:00+00:00,priority_nearest_neighbor,5,66c560d4b8e7077ed012a439,2024-08-21 04:54:57.000184+00:00,2024-08-21 06:35:42.492000+00:00,True,True,0.0,18.2768105838438,20.715451622683652
2024-08-21 02:00:00+00:00,2024-08-21 04:00:00+00:00,priority_nearest_neighbor,6,66c56230b8e7077ed012a89d,2024-08-21 05:05:48.250553+00:00,2024-08-21 06:40:50.724000+00:00,True,True,0.0,10.727807447334794,10.854172814629266
2024-08-21 02:00:00+00:00,2024-08-21 04:00:00+00:00,priority_nearest_neighbor,7,66c565189a1d4579e8b42598,2024-08-21 05:21:41.822144+00:00,2024-08-21 10:00:00+00:00,True,True,0.0,15.134398854259883,15.892859857044927
2024-08-21 02:00:00+00:00,2024-08-21 04:00:00+00:00,clarke_wright,1,66c5610cb8e7077ed012a442,2024-08-21 04:09:54.154130+00:00,2024-08-21 06:36:55.805000+00:00,True,True,0.0,9.281392268185554,9.902568835782999
2024-08-21 02:00:00+00:00,2024-08-21 04:00:00+00:00,clarke_wright,2,66c54daab8e7077ed0129cc0,2024-08-21 04:13:38.825573+00:00,2024-08-21 05:06:37.157000+00:00,True,True,0.0,3.669800119841251,3.744524050457897
2024-08-21 02:00:00+00:00,2024-08-21 04:00:00+00:00,clarke_wright,3,66c56230b8e7077ed012a89d,2024-08-21 04:30:28.975448+00:00,2024-08-21 06:40:50.724000+00:00,True,True,0.0,18.32621706930925,16.83583125668863
2024-08-21 02:00:00+00:00,2024-08-21 04:00:00+00:00,clarke_wright,4,66c560d4b8e7077ed012a439,2024-08-21 04:41:04.223241+00:00,2024-08-21 06:35:42.492000+00:00,True,True,0.0,10.587874679852218,10.587463217109807
2024-08-21 02:00:00+00:00,2024-08-21 04:00:00+00:00,clarke_wright,5,66c565189a1d4579e8b42598,2024-08-21 04:49:03.563481+00:00,2024-08-21 10:00:00+00:00,True,True,0.0,6.398242091603671,7.989004005155284
2024-08-21 02:00:00+00:00,2024-08-21 04:00:00+00:00,clarke_wright,6,66c56085b8e7077ed012a017,2024-08-21 05:06:18.767789+00:00,2024-08-21 06:13:10.700000+00:00,True,True,0.0,16.505101279152736,17.253405138797874
2024-08-21 02:00:00+00:00,2024-08-21 04:00:00+00:00,clarke_wright,7,66c561bdb8e7077ed012a892,2024-08-21 05:17:47.251087+00:00,2024-08-21 06:37:50.878000+00:00,True,True,0.0,9.48876419247126,11.474721636452355
2024-08-22 04:00:00+00:00,2024-08-22 06:00:00+00:00,nearest_neighbor,1,66c6cde3b8e7077ed012db6a,2024-08-22 06:01:18.653918+00:00,2024-08-22 08:33:05.725000+00:00,True,True,0.0,1.0631369179612262,1.31089862933736
2024-08-22 04:00:00+00:00,2024-08-22 06:00:00+00:00,nearest_neighbor,2,66c6c95db8e7077ed012d9cd,2024-08-22 06:01:24.031623+00:00,2024-08-22 08:14:07.731000+00:00,True,True,0.0,0.07145859269076878,0.0896284149256606
2024-08-22 04:00:00+00:00,2024-08-22 06:00:00+00:00,nearest_neighbor,3,66c6cfb99a1d4579e8b42a95,2024-08-22 06:05:10.617093+00:00,2024-08-22 08:41:54.590000+00:00,True,True,0.0,3.2803487305515118,3.7764245046927227
2024-08-22 04:00:00+00:00,2024-08-22 06:00:00+00:00,nearest_neighbor,4,66c6bd81b8e7077ed012d31e,2024-08-22 06:13:58.149426+00:00,2024-08-22 07:16:21.798000+00:00,True,True,0.0,8.367308871679704,8.792205553022233
2024-08-22 04:00:00+00:00,2024-08-22 06:00:00+00:00,nearest_neighbor,5,66c6ca63b8e7077ed012d9d7,2024-08-22 06:32:44.538574+00:00,2024-08-22 12:00:00+00:00,True,True,0.0,18.07379135860543,18.77315247151912
2024-08-22 04:00:00+00:00,2024-08-22 06:00:00+00:00,nearest_neighbor,6,66c6be20b8e7077ed012d785,2024-08-22 06:34:24.948644+00:00,2024-08-22 07:24:37.331000+00:00,True,True,0.0,1.3827248197286077,1.6735011634639998
2024-08-22 04:00:00+00:00,2024-08-22 06:00:00+00:00,nearest_neighbor,7,66c6beaab8e7077ed012d794,2024-08-22 06:37:08.967530+00:00,2024-08-22 07:27:16.953000+00:00,True,True,0.0,2.3761565280880284,2.733648105675972
2024-08-22 04:00:00+00:00,2024-08-22 06:00:00+00:00,nearest_neighbor,8,66c6bb92b8e7077ed012d2db,2024-08-22 06:44:30.318365+00:00,2024-08-22 07:05:56.710000+00:00,True,True,0.0,7.341682321629037,7.35584725792773
2024-08-22 04:00:00+00:00,2024-08-22 06:00:00+00:00,nearest_neighbor,9,66c6ccb7b8e7077ed012db51,2024-08-22 07:05:44.023060+00:00,2024-08-22 12:00:00+00:00,True,True,0.0,20.927654572840012,21.228411589870962
2024-08-22 04:00:00+00:00,2024-08-22 06:00:00+00:00,priority_nearest_neighbor,1,66c6bd81b8e7077ed012d31e,2024-08-22 06:07:40.906674+00:00,2024-08-22 07:16:21.798000+00:00,True,True,0.0,7.407077337159723,7.681777892686799
2024-08-22 04:00:00+00:00,2024-08-22 06:00:00+00:00,priority_nearest_neighbor,2,66c6bb92b8e7077ed012d2db,2024-08-22 06:28:36.782724+00:00,2024-08-22 07:05:56.710000+00:00,True,True,0.0,20.161726752947807,20.931267507863858
2024-08-22 04:00:00+00:00,2024-08-22 06:00:00+00:00,priority_nearest_neighbor,3,66c6be20b8e7077ed012d785,2024-08-22 06:33:47.227191+00:00,2024-08-22 07:24:37.331000+00:00,True,True,0.0,5.006418286456024,5.174074445544592
2024-08-22 04:00:00+00:00,2024-08-22 06:00:00+00:00,priority_nearest_neighbor,4,66c6beaab8e7077ed012d794,2024-08-22 06:36:31.246077+00:00,2024-08-22 07:27:16.953000+00:00,True,True,0.0,2.3761565280880284,2.733648105675972
2024-08-22 04:00:00+00:00,2024-08-22 06:00:00+00:00,priority_nearest_neighbor,5,66c6c95db8e7077ed012d9cd,2024-08-22 06:53:17.874463+00:00,2024-08-22 08:14:07.731000+00:00,True,True,0.0,15.080626840614995,16.777139768847473
2024-08-22 04:00:00+00:00,2024-08-22 06:00:00+00:00,priority_nearest_neighbor,6,66c6cde3b8e7077ed012db6a,2024-08-22 06:53:23.252168+00:00,2024-08-22 08:33:05.725000+00:00,True,True,0.0,0.07145859269076878,0.0896284149256606
2024-08-22 04:00:00+00:00,2024-08-22 06:00:00+00:00,priority_nearest_neighbor,7,66c6cfb99a1d4579e8b42a95,2024-08-22 06:57:09.088182+00:00,2024-08-22 08:41:54.590000+00:00,True,True,0.0,3.2539052517007576,3.7639335610951883
2024-08-22 04:00:00+00:00,2024-08-22 06:00:00+00:00,priority_nearest_neighbor,8,66c6ca63b8e7077ed012d9d7,2024-08-22 07:09:00.972943+00:00,2024-08-22 12:00:00+00:00,True,True,0.0,10.848794544109122,11.864746013032706
2024-08-22 04:00:00+00:00,2024-08-22 06:00:00+00:00,priority_nearest_neighbor,9,66c6ccb7b8e7077ed012db51,2024-08-22 07:26:52.496853+00:00,2024-08-22 12:00:00+00:00,True,True,0.0,17.51400145139551,17.858731826758266
2024-08-22 04:00:00+00:00,2024-08-22 06:00:00+00:00,clarke_wright,1,66c6cde3b8e7077ed012db6a,2024-08-22 06:01:18.653918+00:00,2024-08-22 08:33:05.725000+00:00,True,True,0.0,1.0631369179612262,1.31089862933736
2024-08-22 04:00:00+00:00,2024-08-22 06:00:00+00:00,clarke_wright,2,66c6c95db8e7077ed012d9cd,2024-08-22 06:01:24.031623+00:00,2024-08-22 08:14:07.731000+00:00,True,True,0.0,0.07145859269076878,0.0896284149256606
2024-08-22 04:00:00+00:00,2024-08-22 06:00:00+00:00,clarke_wright,3,66c6bd81b8e7077ed012d31e,2024-08-22 06:07:52.284607+00:00,2024-08-22 07:16:21.798000+00:00,True,True,0.0,6.296194849139342,6.470883073227193
2024-08-22 04:00:00+00:00,2024-08-22 06:00:00+00:00,clarke_wright,4,66c6cfb99a1d4579e8b42a95,2024-08-22 06:16:36.021896+00:00,2024-08-22 08:41:54.590000+00:00,True,True,0.0,8.352926884624658,8.728954814029585
2024-08-22 04:00:00+00:00,2024-08-22 06:00:00+00:00,clarke_wright,5,66c6bb92b8e7077ed012d2db,2024-08-22 06:30:37.393559+00:00,2024-08-22 07:05:56.710000+00:00,True,True,0.0,12.936729938451501,14.022861049377447
2024-08-22 04:00:00+00:00,2024-08-22 06:00:00+00:00,clarke_wright,6,66c6ca63b8e7077ed012d9d7,2024-08-22 06:35:47.230314+00:00,2024-08-22 12:00:00+00:00,True,True,0.0,4.694973683187842,5.163945914039614
2024-08-22 04:00:00+00:00,2024-08-22 06:00:00+00:00,clarke_wright,7,66c6be20b8e7077ed012d785,2024-08-22 06:37:27.640384+00:00,2024-08-22 07:24:37.331000+00:00,True,True,0.0,1.3827248197286077,1.6735011634639998
2024-08-22 04:00:00+00:00,2024-08-22 06:00:00+00:00,clarke_wright,8,66c6beaab8e7077ed012d794,2024-08-22 06:40:11.659270+00:00,2024-08-22 07:27:16.953000+00:00,True,True,0.0,2.3761565280880284,2.733648105675972
2024-08-22 04:00:00+00:00,2024-08-22 06:00:00+00:00,clarke_wright,9,66c6ccb7b8e7077ed012db51,2024-08-22 06:56:31.019549+00:00,2024-08-22 12:00:00+00:00,True,True,0.0,15.95816879113844,16.322671308691024
