wave_minutes,wave_start,wave_size,changed_orders,changed_order_ratio,mean_rank_change,max_rank_change,mean_spearman,minimum_spearman
30,2023-05-04 14:00:00+00:00,1,0,0.0,0.0,0.0,1.0,1.0
30,2023-05-05 04:30:00+00:00,1,0,0.0,0.0,0.0,1.0,1.0
30,2023-05-06 10:30:00+00:00,1,0,0.0,0.0,0.0,1.0,1.0
30,2023-05-07 15:30:00+00:00,1,0,0.0,0.0,0.0,1.0,1.0
30,2023-05-09 08:00:00+00:00,1,0,0.0,0.0,0.0,1.0,1.0
30,2023-05-09 12:00:00+00:00,1,0,0.0,0.0,0.0,1.0,1.0
30,2023-05-10 01:00:00+00:00,1,0,0.0,0.0,0.0,1.0,1.0
30,2023-05-10 03:00:00+00:00,1,0,0.0,0.0,0.0,1.0,1.0
30,2023-05-11 04:00:00+00:00,1,0,0.0,0.0,0.0,1.0,1.0
30,2023-05-11 04:30:00+00:00,1,0,0.0,0.0,0.0,1.0,1.0
30,2023-05-12 04:30:00+00:00,1,0,0.0,0.0,0.0,1.0,1.0
30,2023-05-12 15:30:00+00:00,2,0,0.0,0.0,0.0,0.9999999999999999,0.9999999999999999
30,2023-05-13 02:00:00+00:00,1,0,0.0,0.0,0.0,1.0,1.0
30,2023-05-13 10:30:00+00:00,2,0,0.0,0.0,0.0,0.9999999999999999,0.9999999999999999
30,2023-05-16 08:00:00+00:00,1,0,0.0,0.0,0.0,1.0,1.0
30,2023-05-16 09:30:00+00:00,1,0,0.0,0.0,0.0,1.0,1.0
30,2023-05-17 04:30:00+00:00,1,0,0.0,0.0,0.0,1.0,1.0
30,2023-05-18 05:00:00+00:00,1,0,0.0,0.0,0.0,1.0,1.0
30,2023-05-18 07:00:00+00:00,1,0,0.0,0.0,0.0,1.0,1.0
30,2023-05-18 14:00:00+00:00,1,0,0.0,0.0,0.0,1.0,1.0
30,2023-05-18 14:30:00+00:00,1,0,0.0,0.0,0.0,1.0,1.0
30,2023-05-19 04:00:00+00:00,1,0,0.0,0.0,0.0,1.0,1.0
30,2023-05-19 04:30:00+00:00,1,0,0.0,0.0,0.0,1.0,1.0
30,2023-05-20 06:00:00+00:00,1,0,0.0,0.0,0.0,1.0,1.0
30,2023-05-20 08:30:00+00:00,2,0,0.0,0.0,0.0,0.9999999999999999,0.9999999999999999
30,2023-05-22 04:00:00+00:00,1,0,0.0,0.0,0.0,1.0,1.0
30,2023-05-22 04:30:00+00:00,1,0,0.0,0.0,0.0,1.0,1.0
30,2023-05-22 11:00:00+00:00,1,0,0.0,0.0,0.0,1.0,1.0
30,2023-05-22 16:30:00+00:00,2,0,0.0,0.0,0.0,0.9999999999999999,0.9999999999999999
30,2023-05-23 03:30:00+00:00,1,0,0.0,0.0,0.0,1.0,1.0
30,2023-05-23 09:00:00+00:00,1,0,0.0,0.0,0.0,1.0,1.0
30,2023-05-23 11:00:00+00:00,1,0,0.0,0.0,0.0,1.0,1.0
30,2023-05-25 03:00:00+00:00,1,0,0.0,0.0,0.0,1.0,1.0
30,2023-05-26 00:30:00+00:00,2,0,0.0,0.0,0.0,0.9999999999999999,0.9999999999999999
30,2023-05-27 07:30:00+00:00,1,0,0.0,0.0,0.0,1.0,1.0
30,2023-05-30 00:00:00+00:00,1,0,0.0,0.0,0.0,1.0,1.0
30,2023-05-30 05:00:00+00:00,3,0,0.0,0.0,0.0,1.0,1.0
30,2023-05-30 09:00:00+00:00,1,0,0.0,0.0,0.0,1.0,1.0
30,2023-05-31 05:00:00+00:00,2,0,0.0,0.0,0.0,0.9999999999999999,0.9999999999999999
30,2023-05-31 06:30:00+00:00,1,0,0.0,0.0,0.0,1.0,1.0
30,2023-05-31 14:00:00+00:00,1,0,0.0,0.0,0.0,1.0,1.0
30,2023-06-01 03:00:00+00:00,1,0,0.0,0.0,0.0,1.0,1.0
30,2023-06-01 06:30:00+00:00,1,0,0.0,0.0,0.0,1.0,1.0
30,2023-06-01 08:30:00+00:00,1,0,0.0,0.0,0.0,1.0,1.0
30,2023-06-02 01:30:00+00:00,1,0,0.0,0.0,0.0,1.0,1.0
30,2023-06-02 05:30:00+00:00,1,0,0.0,0.0,0.0,1.0,1.0
30,2023-06-02 06:30:00+00:00,1,0,0.0,0.0,0.0,1.0,1.0
30,2023-06-02 07:30:00+00:00,1,0,0.0,0.0,0.0,1.0,1.0
30,2023-06-02 09:00:00+00:00,1,0,0.0,0.0,0.0,1.0,1.0
30,2023-06-03 11:00:00+00:00,1,0,0.0,0.0,0.0,1.0,1.0
30,2023-06-04 07:30:00+00:00,2,0,0.0,0.0,0.0,0.9999999999999999,0.9999999999999999
30,2023-06-05 06:00:00+00:00,1,0,0.0,0.0,0.0,1.0,1.0
30,2023-06-05 16:30:00+00:00,1,0,0.0,0.0,0.0,1.0,1.0
30,2023-06-06 05:30:00+00:00,1,0,0.0,0.0,0.0,1.0,1.0
30,2023-06-06 08:00:00+00:00,2,0,0.0,0.0,0.0,0.9999999999999999,0.9999999999999999
30,2023-06-06 13:30:00+00:00,2,0,0.0,0.0,0.0,0.9999999999999999,0.9999999999999999
30,2023-06-07 03:30:00+00:00,2,0,0.0,0.0,0.0,0.9999999999999999,0.9999999999999999
30,2023-06-08 04:00:00+00:00,1,0,0.0,0.0,0.0,1.0,1.0
30,2023-06-09 03:30:00+00:00,1,0,0.0,0.0,0.0,1.0,1.0
30,2023-06-09 04:30:00+00:00,1,0,0.0,0.0,0.0,1.0,1.0
30,2023-06-09 09:30:00+00:00,1,0,0.0,0.0,0.0,1.0,1.0
30,2023-06-09 14:00:00+00:00,1,0,0.0,0.0,0.0,1.0,1.0
30,2023-06-12 05:00:00+00:00,2,0,0.0,0.0,0.0,0.9999999999999999,0.9999999999999999
30,2023-06-12 11:30:00+00:00,1,0,0.0,0.0,0.0,1.0,1.0
30,2023-06-14 08:00:00+00:00,1,0,0.0,0.0,0.0,1.0,1.0
30,2023-06-15 05:30:00+00:00,1,0,0.0,0.0,0.0,1.0,1.0
30,2023-06-18 14:00:00+00:00,1,0,0.0,0.0,0.0,1.0,1.0
30,2023-06-19 10:30:00+00:00,1,0,0.0,0.0,0.0,1.0,1.0
30,2023-06-20 05:00:00+00:00,2,0,0.0,0.0,0.0,0.9999999999999999,0.9999999999999999
30,2023-06-20 14:00:00+00:00,1,0,0.0,0.0,0.0,1.0,1.0
30,2023-06-22 06:30:00+00:00,1,0,0.0,0.0,0.0,1.0,1.0
30,2023-06-22 07:00:00+00:00,1,0,0.0,0.0,0.0,1.0,1.0
30,2023-06-22 09:00:00+00:00,1,0,0.0,0.0,0.0,1.0,1.0
30,2023-06-23 04:00:00+00:00,1,0,0.0,0.0,0.0,1.0,1.0
30,2023-06-23 06:00:00+00:00,2,0,0.0,0.0,0.0,0.9999999999999999,0.9999999999999999
30,2023-06-24 08:30:00+00:00,1,0,0.0,0.0,0.0,1.0,1.0
30,2023-06-24 10:00:00+00:00,1,0,0.0,0.0,0.0,1.0,1.0
30,2023-06-25 15:30:00+00:00,1,0,0.0,0.0,0.0,1.0,1.0
30,2023-06-27 10:00:00+00:00,1,0,0.0,0.0,0.0,1.0,1.0
30,2023-06-28 13:30:00+00:00,2,0,0.0,0.0,0.0,0.9999999999999999,0.9999999999999999
30,2023-06-30 04:30:00+00:00,2,0,0.0,0.0,0.0,0.9999999999999999,0.9999999999999999
30,2023-07-03 07:00:00+00:00,1,0,0.0,0.0,0.0,1.0,1.0
30,2023-07-03 07:30:00+00:00,1,0,0.0,0.0,0.0,1.0,1.0
30,2023-07-04 04:00:00+00:00,1,0,0.0,0.0,0.0,1.0,1.0
30,2023-07-04 05:00:00+00:00,1,0,0.0,0.0,0.0,1.0,1.0
30,2023-07-04 07:00:00+00:00,1,0,0.0,0.0,0.0,1.0,1.0
30,2023-07-05 05:00:00+00:00,1,0,0.0,0.0,0.0,1.0,1.0
30,2023-07-05 05:30:00+00:00,2,0,0.0,0.0,0.0,0.9999999999999999,0.9999999999999999
30,2023-07-06 04:30:00+00:00,1,0,0.0,0.0,0.0,1.0,1.0
30,2023-07-06 09:00:00+00:00,1,0,0.0,0.0,0.0,1.0,1.0
30,2023-07-07 03:30:00+00:00,1,0,0.0,0.0,0.0,1.0,1.0
30,2023-07-08 09:00:00+00:00,1,0,0.0,0.0,0.0,1.0,1.0
30,2023-07-08 13:00:00+00:00,1,0,0.0,0.0,0.0,1.0,1.0
30,2023-07-10 08:30:00+00:00,1,0,0.0,0.0,0.0,1.0,1.0
30,2023-07-10 09:00:00+00:00,1,0,0.0,0.0,0.0,1.0,1.0
30,2023-07-11 03:00:00+00:00,1,0,0.0,0.0,0.0,1.0,1.0
30,2023-07-11 08:00:00+00:00,2,0,0.0,0.0,0.0,0.9999999999999999,0.9999999999999999
30,2023-07-12 10:30:00+00:00,1,0,0.0,0.0,0.0,1.0,1.0
30,2023-07-12 14:00:00+00:00,1,0,0.0,0.0,0.0,1.0,1.0
30,2023-07-14 02:00:00+00:00,1,0,0.0,0.0,0.0,1.0,1.0
30,2023-07-15 05:30:00+00:00,2,0,0.0,0.0,0.0,0.9999999999999999,0.9999999999999999
30,2023-07-15 06:30:00+00:00,1,0,0.0,0.0,0.0,1.0,1.0
30,2023-07-17 06:30:00+00:00,1,0,0.0,0.0,0.0,1.0,1.0
30,2023-07-17 08:30:00+00:00,1,0,0.0,0.0,0.0,1.0,1.0
30,2023-07-17 10:00:00+00:00,1,0,0.0,0.0,0.0,1.0,1.0
30,2023-07-18 09:30:00+00:00,1,0,0.0,0.0,0.0,1.0,1.0
30,2023-07-18 10:00:00+00:00,1,0,0.0,0.0,0.0,1.0,1.0
30,2023-07-18 17:30:00+00:00,2,0,0.0,0.0,0.0,0.9999999999999999,0.9999999999999999
30,2023-07-20 04:30:00+00:00,2,0,0.0,0.0,0.0,0.9999999999999999,0.9999999999999999
30,2023-07-20 05:00:00+00:00,1,0,0.0,0.0,0.0,1.0,1.0
30,2023-07-20 09:30:00+00:00,2,0,0.0,0.0,0.0,0.9999999999999999,0.9999999999999999
30,2023-07-20 12:00:00+00:00,1,0,0.0,0.0,0.0,1.0,1.0
30,2023-07-22 03:30:00+00:00,1,0,0.0,0.0,0.0,1.0,1.0
30,2023-07-22 11:00:00+00:00,1,0,0.0,0.0,0.0,1.0,1.0
30,2023-07-24 06:00:00+00:00,1,0,0.0,0.0,0.0,1.0,1.0
30,2023-07-24 06:30:00+00:00,1,0,0.0,0.0,0.0,1.0,1.0
30,2023-07-25 01:00:00+00:00,2,0,0.0,0.0,0.0,0.9999999999999999,0.9999999999999999
30,2023-07-25 06:00:00+00:00,1,0,0.0,0.0,0.0,1.0,1.0
30,2023-07-25 06:30:00+00:00,2,0,0.0,0.0,0.0,0.9999999999999999,0.9999999999999999
30,2023-07-25 08:00:00+00:00,1,0,0.0,0.0,0.0,1.0,1.0
30,2023-07-26 03:00:00+00:00,2,0,0.0,0.0,0.0,0.9999999999999999,0.9999999999999999
30,2023-07-27 01:30:00+00:00,1,0,0.0,0.0,0.0,1.0,1.0
30,2023-07-28 08:00:00+00:00,1,0,0.0,0.0,0.0,1.0,1.0
30,2023-07-29 04:00:00+00:00,2,0,0.0,0.0,0.0,0.9999999999999999,0.9999999999999999
30,2023-07-29 06:00:00+00:00,2,0,0.0,0.0,0.0,0.9999999999999999,0.9999999999999999
30,2023-07-31 10:00:00+00:00,1,0,0.0,0.0,0.0,1.0,1.0
30,2023-08-01 06:00:00+00:00,2,0,0.0,0.0,0.0,0.9999999999999999,0.9999999999999999
30,2023-08-01 06:30:00+00:00,1,0,0.0,0.0,0.0,1.0,1.0
30,2023-08-01 07:30:00+00:00,1,0,0.0,0.0,0.0,1.0,1.0
30,2023-08-01 16:00:00+00:00,1,0,0.0,0.0,0.0,1.0,1.0
30,2023-08-02 09:00:00+00:00,1,0,0.0,0.0,0.0,1.0,1.0
30,2023-08-02 09:30:00+00:00,1,0,0.0,0.0,0.0,1.0,1.0
30,2023-08-03 05:30:00+00:00,1,0,0.0,0.0,0.0,1.0,1.0
30,2023-08-03 09:30:00+00:00,1,0,0.0,0.0,0.0,1.0,1.0
30,2023-08-05 03:30:00+00:00,1,0,0.0,0.0,0.0,1.0,1.0
30,2023-08-05 10:00:00+00:00,1,0,0.0,0.0,0.0,1.0,1.0
30,2023-08-06 14:00:00+00:00,2,2,1.0,1.0,1.0,0.0,-0.9999999999999999
30,2023-08-07 04:00:00+00:00,1,0,0.0,0.0,0.0,1.0,1.0
30,2023-08-07 05:00:00+00:00,1,0,0.0,0.0,0.0,1.0,1.0
30,2023-08-08 03:30:00+00:00,1,0,0.0,0.0,0.0,1.0,1.0
30,2023-08-09 11:00:00+00:00,1,0,0.0,0.0,0.0,1.0,1.0
30,2023-08-09 15:30:00+00:00,1,0,0.0,0.0,0.0,1.0,1.0
30,2023-08-09 16:30:00+00:00,1,0,0.0,0.0,0.0,1.0,1.0
30,2023-08-11 03:00:00+00:00,1,0,0.0,0.0,0.0,1.0,1.0
30,2023-08-11 09:00:00+00:00,1,0,0.0,0.0,0.0,1.0,1.0
30,2023-08-14 02:30:00+00:00,1,0,0.0,0.0,0.0,1.0,1.0
30,2023-08-14 04:30:00+00:00,3,0,0.0,0.0,0.0,1.0,1.0
30,2023-08-15 02:00:00+00:00,1,0,0.0,0.0,0.0,1.0,1.0
30,2023-08-15 08:30:00+00:00,1,0,0.0,0.0,0.0,1.0,1.0
30,2023-08-16 04:30:00+00:00,1,0,0.0,0.0,0.0,1.0,1.0
30,2023-08-16 05:00:00+00:00,2,0,0.0,0.0,0.0,0.9999999999999999,0.9999999999999999
30,2023-08-16 11:00:00+00:00,1,0,0.0,0.0,0.0,1.0,1.0
30,2023-08-17 06:00:00+00:00,1,0,0.0,0.0,0.0,1.0,1.0
30,2023-08-18 06:00:00+00:00,1,0,0.0,0.0,0.0,1.0,1.0
30,2023-08-19 04:30:00+00:00,1,0,0.0,0.0,0.0,1.0,1.0
30,2023-08-19 11:00:00+00:00,1,0,0.0,0.0,0.0,1.0,1.0
30,2023-08-21 03:30:00+00:00,4,0,0.0,0.0,0.0,1.0,1.0
30,2023-08-21 10:00:00+00:00,1,0,0.0,0.0,0.0,1.0,1.0
30,2023-08-24 02:30:00+00:00,1,0,0.0,0.0,0.0,1.0,1.0
30,2023-08-24 04:00:00+00:00,2,0,0.0,0.0,0.0,0.9999999999999999,0.9999999999999999
30,2023-08-24 04:30:00+00:00,1,0,0.0,0.0,0.0,1.0,1.0
30,2023-08-25 04:30:00+00:00,1,0,0.0,0.0,0.0,1.0,1.0
30,2023-08-25 05:30:00+00:00,1,0,0.0,0.0,0.0,1.0,1.0
30,2023-08-25 08:30:00+00:00,1,0,0.0,0.0,0.0,1.0,1.0
30,2023-08-26 02:00:00+00:00,2,0,0.0,0.0,0.0,0.9999999999999999,0.9999999999999999
30,2023-08-26 03:30:00+00:00,1,0,0.0,0.0,0.0,1.0,1.0
30,2023-08-26 07:30:00+00:00,2,0,0.0,0.0,0.0,0.9999999999999999,0.9999999999999999
30,2023-08-26 09:30:00+00:00,1,0,0.0,0.0,0.0,1.0,1.0
30,2023-08-28 03:00:00+00:00,1,0,0.0,0.0,0.0,1.0,1.0
30,2023-08-28 13:30:00+00:00,1,0,0.0,0.0,0.0,1.0,1.0
30,2023-08-29 02:30:00+00:00,1,0,0.0,0.0,0.0,1.0,1.0
30,2023-08-30 06:00:00+00:00,1,0,0.0,0.0,0.0,1.0,1.0
30,2023-08-31 05:30:00+00:00,3,0,0.0,0.0,0.0,1.0,1.0
30,2023-08-31 10:30:00+00:00,1,0,0.0,0.0,0.0,1.0,1.0
30,2023-09-05 04:30:00+00:00,1,0,0.0,0.0,0.0,1.0,1.0
30,2023-09-05 10:00:00+00:00,2,0,0.0,0.0,0.0,0.9999999999999999,0.9999999999999999
30,2023-09-05 10:30:00+00:00,1,0,0.0,0.0,0.0,1.0,1.0
30,2023-09-06 04:00:00+00:00,1,0,0.0,0.0,0.0,1.0,1.0
30,2023-09-07 06:00:00+00:00,1,0,0.0,0.0,0.0,1.0,1.0
30,2023-09-08 05:00:00+00:00,1,0,0.0,0.0,0.0,1.0,1.0
30,2023-09-08 08:00:00+00:00,1,0,0.0,0.0,0.0,1.0,1.0
30,2023-09-08 08:30:00+00:00,2,0,0.0,0.0,0.0,0.9999999999999999,0.9999999999999999
30,2023-09-09 05:30:00+00:00,1,0,0.0,0.0,0.0,1.0,1.0
30,2023-09-11 06:30:00+00:00,2,0,0.0,0.0,0.0,0.9999999999999999,0.9999999999999999
30,2023-09-11 07:30:00+00:00,1,0,0.0,0.0,0.0,1.0,1.0
30,2023-09-11 08:00:00+00:00,1,0,0.0,0.0,0.0,1.0,1.0
30,2023-09-12 01:30:00+00:00,1,0,0.0,0.0,0.0,1.0,1.0
30,2023-09-12 04:00:00+00:00,1,0,0.0,0.0,0.0,1.0,1.0
30,2023-09-13 03:00:00+00:00,1,0,0.0,0.0,0.0,1.0,1.0
30,2023-09-13 04:00:00+00:00,1,0,0.0,0.0,0.0,1.0,1.0
30,2023-09-13 04:30:00+00:00,1,0,0.0,0.0,0.0,1.0,1.0
30,2023-09-13 08:30:00+00:00,1,0,0.0,0.0,0.0,1.0,1.0
30,2023-09-13 09:30:00+00:00,1,0,0.0,0.0,0.0,1.0,1.0
30,2023-09-13 10:00:00+00:00,1,0,0.0,0.0,0.0,1.0,1.0
30,2023-09-13 14:00:00+00:00,1,0,0.0,0.0,0.0,1.0,1.0
30,2023-09-13 14:30:00+00:00,1,0,0.0,0.0,0.0,1.0,1.0
30,2023-09-13 16:30:00+00:00,1,0,0.0,0.0,0.0,1.0,1.0
30,2023-09-14 06:30:00+00:00,1,0,0.0,0.0,0.0,1.0,1.0
30,2023-09-14 09:30:00+00:00,1,0,0.0,0.0,0.0,1.0,1.0
30,2023-09-14 16:30:00+00:00,2,0,0.0,0.0,0.0,0.9999999999999999,0.9999999999999999
30,2023-09-15 11:30:00+00:00,1,0,0.0,0.0,0.0,1.0,1.0
30,2023-09-16 02:00:00+00:00,1,0,0.0,0.0,0.0,1.0,1.0
30,2023-09-16 07:30:00+00:00,1,0,0.0,0.0,0.0,1.0,1.0
30,2023-09-18 02:00:00+00:00,1,0,0.0,0.0,0.0,1.0,1.0
30,2023-09-18 03:00:00+00:00,1,0,0.0,0.0,0.0,1.0,1.0
30,2023-09-18 05:00:00+00:00,1,0,0.0,0.0,0.0,1.0,1.0
30,2023-09-20 01:30:00+00:00,2,0,0.0,0.0,0.0,0.9999999999999999,0.9999999999999999
30,2023-09-20 03:30:00+00:00,1,0,0.0,0.0,0.0,1.0,1.0
30,2023-09-20 04:00:00+00:00,2,0,0.0,0.0,0.0,0.9999999999999999,0.9999999999999999
30,2023-09-21 02:30:00+00:00,1,0,0.0,0.0,0.0,1.0,1.0
30,2023-09-21 07:00:00+00:00,1,0,0.0,0.0,0.0,1.0,1.0
30,2023-09-21 08:00:00+00:00,1,0,0.0,0.0,0.0,1.0,1.0
30,2023-09-21 11:00:00+00:00,1,0,0.0,0.0,0.0,1.0,1.0
30,2023-09-21 14:00:00+00:00,1,0,0.0,0.0,0.0,1.0,1.0
30,2023-09-22 03:00:00+00:00,1,0,0.0,0.0,0.0,1.0,1.0
30,2023-09-22 04:00:00+00:00,1,0,0.0,0.0,0.0,1.0,1.0
30,2023-09-22 05:00:00+00:00,1,0,0.0,0.0,0.0,1.0,1.0
30,2023-09-22 06:00:00+00:00,1,0,0.0,0.0,0.0,1.0,1.0
30,2023-09-22 10:30:00+00:00,1,0,0.0,0.0,0.0,1.0,1.0
30,2023-09-23 05:00:00+00:00,1,0,0.0,0.0,0.0,1.0,1.0
30,2023-09-23 18:30:00+00:00,1,0,0.0,0.0,0.0,1.0,1.0
30,2023-09-23 19:00:00+00:00,1,0,0.0,0.0,0.0,1.0,1.0
30,2023-09-24 04:30:00+00:00,1,0,0.0,0.0,0.0,1.0,1.0
30,2023-09-24 07:00:00+00:00,1,0,0.0,0.0,0.0,1.0,1.0
30,2023-09-24 12:00:00+00:00,1,0,0.0,0.0,0.0,1.0,1.0
30,2023-09-25 06:00:00+00:00,1,0,0.0,0.0,0.0,1.0,1.0
30,2023-09-25 08:00:00+00:00,1,0,0.0,0.0,0.0,1.0,1.0
30,2023-09-25 13:00:00+00:00,1,0,0.0,0.0,0.0,1.0,1.0
30,2023-09-25 15:30:00+00:00,1,0,0.0,0.0,0.0,1.0,1.0
30,2023-09-26 04:30:00+00:00,1,0,0.0,0.0,0.0,1.0,1.0
30,2023-09-26 06:30:00+00:00,3,0,0.0,0.0,0.0,1.0,1.0
30,2023-09-27 06:00:00+00:00,2,0,0.0,0.0,0.0,0.9999999999999999,0.9999999999999999
30,2023-09-28 03:30:00+00:00,2,0,0.0,0.0,0.0,0.9999999999999999,0.9999999999999999
30,2023-09-28 05:00:00+00:00,1,0,0.0,0.0,0.0,1.0,1.0
30,2023-09-29 05:30:00+00:00,1,0,0.0,0.0,0.0,1.0,1.0
30,2023-09-29 06:00:00+00:00,2,0,0.0,0.0,0.0,0.9999999999999999,0.9999999999999999
30,2023-09-29 07:30:00+00:00,1,0,0.0,0.0,0.0,1.0,1.0
30,2023-09-29 09:00:00+00:00,1,0,0.0,0.0,0.0,1.0,1.0
30,2023-09-30 02:30:00+00:00,1,0,0.0,0.0,0.0,1.0,1.0
30,2023-09-30 11:00:00+00:00,1,0,0.0,0.0,0.0,1.0,1.0
30,2023-10-02 04:00:00+00:00,4,0,0.0,0.0,0.0,1.0,1.0
30,2023-10-02 04:30:00+00:00,1,0,0.0,0.0,0.0,1.0,1.0
30,2023-10-02 07:00:00+00:00,1,0,0.0,0.0,0.0,1.0,1.0
30,2023-10-02 08:30:00+00:00,1,0,0.0,0.0,0.0,1.0,1.0
30,2023-10-02 11:00:00+00:00,1,0,0.0,0.0,0.0,1.0,1.0
30,2023-10-02 16:30:00+00:00,1,0,0.0,0.0,0.0,1.0,1.0
30,2023-10-03 05:30:00+00:00,1,0,0.0,0.0,0.0,1.0,1.0
30,2023-10-03 06:00:00+00:00,1,0,0.0,0.0,0.0,1.0,1.0
30,2023-10-03 09:30:00+00:00,1,0,0.0,0.0,0.0,1.0,1.0
30,2023-10-04 06:00:00+00:00,1,0,0.0,0.0,0.0,1.0,1.0
30,2023-10-04 06:30:00+00:00,1,0,0.0,0.0,0.0,1.0,1.0
30,2023-10-06 01:30:00+00:00,1,0,0.0,0.0,0.0,1.0,1.0
30,2023-10-06 03:30:00+00:00,1,0,0.0,0.0,0.0,1.0,1.0
30,2023-10-06 06:00:00+00:00,1,0,0.0,0.0,0.0,1.0,1.0
30,2023-10-06 07:00:00+00:00,1,0,0.0,0.0,0.0,1.0,1.0
30,2023-10-07 02:30:00+00:00,1,0,0.0,0.0,0.0,1.0,1.0
30,2023-10-07 05:00:00+00:00,1,0,0.0,0.0,0.0,1.0,1.0
30,2023-10-07 07:00:00+00:00,2,0,0.0,0.0,0.0,0.9999999999999999,0.9999999999999999
30,2023-10-07 20:30:00+00:00,1,0,0.0,0.0,0.0,1.0,1.0
30,2023-10-08 10:30:00+00:00,4,0,0.0,0.0,0.0,1.0,1.0
30,2023-10-08 14:30:00+00:00,1,0,0.0,0.0,0.0,1.0,1.0
30,2023-10-09 03:30:00+00:00,1,0,0.0,0.0,0.0,1.0,1.0
30,2023-10-09 05:30:00+00:00,1,0,0.0,0.0,0.0,1.0,1.0
30,2023-10-09 07:00:00+00:00,2,0,0.0,0.0,0.0,0.9999999999999999,0.9999999999999999
30,2023-10-09 10:00:00+00:00,1,0,0.0,0.0,0.0,1.0,1.0
30,2023-10-10 07:00:00+00:00,2,0,0.0,0.0,0.0,0.9999999999999999,0.9999999999999999
30,2023-10-10 08:00:00+00:00,1,0,0.0,0.0,0.0,1.0,1.0
30,2023-10-10 09:00:00+00:00,1,0,0.0,0.0,0.0,1.0,1.0
30,2023-10-11 05:30:00+00:00,1,0,0.0,0.0,0.0,1.0,1.0
30,2023-10-12 04:30:00+00:00,1,0,0.0,0.0,0.0,1.0,1.0
30,2023-10-12 05:00:00+00:00,2,0,0.0,0.0,0.0,0.9999999999999999,0.9999999999999999
30,2023-10-12 06:00:00+00:00,1,0,0.0,0.0,0.0,1.0,1.0
30,2023-10-12 14:00:00+00:00,1,0,0.0,0.0,0.0,1.0,1.0
30,2023-10-13 06:00:00+00:00,2,0,0.0,0.0,0.0,0.9999999999999999,0.9999999999999999
30,2023-10-13 10:00:00+00:00,1,0,0.0,0.0,0.0,1.0,1.0
30,2023-10-16 11:00:00+00:00,2,0,0.0,0.0,0.0,0.9999999999999999,0.9999999999999999
30,2023-10-16 11:30:00+00:00,1,0,0.0,0.0,0.0,1.0,1.0
30,2023-10-17 07:00:00+00:00,1,0,0.0,0.0,0.0,1.0,1.0
30,2023-10-17 07:30:00+00:00,1,0,0.0,0.0,0.0,1.0,1.0
30,2023-10-18 05:00:00+00:00,3,0,0.0,0.0,0.0,1.0,1.0
30,2023-10-18 05:30:00+00:00,1,0,0.0,0.0,0.0,1.0,1.0
30,2023-10-18 06:30:00+00:00,1,0,0.0,0.0,0.0,1.0,1.0
30,2023-10-18 07:00:00+00:00,1,0,0.0,0.0,0.0,1.0,1.0
30,2023-10-18 18:00:00+00:00,1,0,0.0,0.0,0.0,1.0,1.0
30,2023-10-19 01:30:00+00:00,1,0,0.0,0.0,0.0,1.0,1.0
30,2023-10-19 04:00:00+00:00,3,0,0.0,0.0,0.0,1.0,1.0
30,2023-10-19 06:00:00+00:00,1,0,0.0,0.0,0.0,1.0,1.0
30,2023-10-19 10:00:00+00:00,1,0,0.0,0.0,0.0,1.0,1.0
30,2023-10-19 10:30:00+00:00,1,0,0.0,0.0,0.0,1.0,1.0
30,2023-10-20 03:30:00+00:00,1,0,0.0,0.0,0.0,1.0,1.0
30,2023-10-20 16:00:00+00:00,1,0,0.0,0.0,0.0,1.0,1.0
30,2023-10-20 17:30:00+00:00,1,0,0.0,0.0,0.0,1.0,1.0
30,2023-10-21 06:30:00+00:00,1,0,0.0,0.0,0.0,1.0,1.0
30,2023-10-22 14:00:00+00:00,2,0,0.0,0.0,0.0,0.9999999999999999,0.9999999999999999
30,2023-10-23 13:00:00+00:00,1,0,0.0,0.0,0.0,1.0,1.0
30,2023-10-23 14:00:00+00:00,2,0,0.0,0.0,0.0,0.9999999999999999,0.9999999999999999
30,2023-10-24 02:30:00+00:00,1,0,0.0,0.0,0.0,1.0,1.0
30,2023-10-24 12:00:00+00:00,1,0,0.0,0.0,0.0,1.0,1.0
30,2023-10-25 10:30:00+00:00,1,0,0.0,0.0,0.0,1.0,1.0
30,2023-10-26 03:00:00+00:00,1,0,0.0,0.0,0.0,1.0,1.0
30,2023-10-26 06:00:00+00:00,1,0,0.0,0.0,0.0,1.0,1.0
30,2023-10-27 10:30:00+00:00,2,0,0.0,0.0,0.0,0.9999999999999999,0.9999999999999999
30,2023-10-27 17:00:00+00:00,1,0,0.0,0.0,0.0,1.0,1.0
30,2023-10-28 09:00:00+00:00,2,0,0.0,0.0,0.0,0.9999999999999999,0.9999999999999999
30,2023-10-29 13:00:00+00:00,1,0,0.0,0.0,0.0,1.0,1.0
30,2023-10-30 06:00:00+00:00,1,0,0.0,0.0,0.0,1.0,1.0
30,2023-10-31 06:00:00+00:00,1,0,0.0,0.0,0.0,1.0,1.0
30,2023-10-31 12:30:00+00:00,1,0,0.0,0.0,0.0,1.0,1.0
30,2023-11-01 10:30:00+00:00,1,0,0.0,0.0,0.0,1.0,1.0
30,2023-11-01 12:30:00+00:00,1,0,0.0,0.0,0.0,1.0,1.0
30,2023-11-02 04:00:00+00:00,1,0,0.0,0.0,0.0,1.0,1.0
30,2023-11-03 01:30:00+00:00,2,0,0.0,0.0,0.0,0.9999999999999999,0.9999999999999999
30,2023-11-03 02:00:00+00:00,1,0,0.0,0.0,0.0,1.0,1.0
30,2023-11-03 02:30:00+00:00,1,0,0.0,0.0,0.0,1.0,1.0
30,2023-11-03 09:00:00+00:00,1,0,0.0,0.0,0.0,1.0,1.0
30,2023-11-03 14:30:00+00:00,1,0,0.0,0.0,0.0,1.0,1.0
30,2023-11-04 10:30:00+00:00,1,0,0.0,0.0,0.0,1.0,1.0
30,2023-11-04 13:30:00+00:00,1,0,0.0,0.0,0.0,1.0,1.0
30,2023-11-08 18:00:00+00:00,1,0,0.0,0.0,0.0,1.0,1.0
30,2023-11-09 15:30:00+00:00,1,0,0.0,0.0,0.0,1.0,1.0
30,2023-11-09 17:00:00+00:00,1,0,0.0,0.0,0.0,1.0,1.0
30,2023-11-11 04:00:00+00:00,1,0,0.0,0.0,0.0,1.0,1.0
30,2023-11-11 04:30:00+00:00,1,0,0.0,0.0,0.0,1.0,1.0
30,2023-11-11 14:00:00+00:00,1,0,0.0,0.0,0.0,1.0,1.0
30,2023-11-12 13:30:00+00:00,2,0,0.0,0.0,0.0,0.9999999999999999,0.9999999999999999
30,2023-11-12 14:00:00+00:00,3,0,0.0,0.0,0.0,1.0,1.0
30,2023-11-13 04:30:00+00:00,1,0,0.0,0.0,0.0,1.0,1.0
30,2023-11-14 04:30:00+00:00,1,0,0.0,0.0,0.0,1.0,1.0
30,2023-11-15 03:30:00+00:00,2,0,0.0,0.0,0.0,0.9999999999999999,0.9999999999999999
30,2023-11-15 04:00:00+00:00,2,0,0.0,0.0,0.0,0.9999999999999999,0.9999999999999999
30,2023-11-15 04:30:00+00:00,1,0,0.0,0.0,0.0,1.0,1.0
30,2023-11-15 11:30:00+00:00,2,0,0.0,0.0,0.0,0.9999999999999999,0.9999999999999999
30,2023-11-15 14:00:00+00:00,1,0,0.0,0.0,0.0,1.0,1.0
30,2023-11-16 02:30:00+00:00,1,0,0.0,0.0,0.0,1.0,1.0
30,2023-11-16 04:00:00+00:00,1,0,0.0,0.0,0.0,1.0,1.0
30,2023-11-16 04:30:00+00:00,1,0,0.0,0.0,0.0,1.0,1.0
30,2023-11-17 01:00:00+00:00,1,0,0.0,0.0,0.0,1.0,1.0
30,2023-11-17 02:30:00+00:00,2,0,0.0,0.0,0.0,0.9999999999999999,0.9999999999999999
30,2023-11-17 06:00:00+00:00,1,0,0.0,0.0,0.0,1.0,1.0
30,2023-11-17 06:30:00+00:00,1,0,0.0,0.0,0.0,1.0,1.0
30,2023-11-18 02:00:00+00:00,1,0,0.0,0.0,0.0,1.0,1.0
30,2023-11-18 08:30:00+00:00,1,0,0.0,0.0,0.0,1.0,1.0
30,2023-11-19 02:00:00+00:00,1,0,0.0,0.0,0.0,1.0,1.0
30,2023-11-19 12:30:00+00:00,3,0,0.0,0.0,0.0,1.0,1.0
30,2023-11-19 16:00:00+00:00,1,0,0.0,0.0,0.0,1.0,1.0
30,2023-11-20 10:00:00+00:00,1,0,0.0,0.0,0.0,1.0,1.0
30,2023-11-20 18:30:00+00:00,1,0,0.0,0.0,0.0,1.0,1.0
30,2023-11-21 07:30:00+00:00,2,0,0.0,0.0,0.0,0.9999999999999999,0.9999999999999999
30,2023-11-21 10:30:00+00:00,1,0,0.0,0.0,0.0,1.0,1.0
30,2023-11-22 01:30:00+00:00,2,0,0.0,0.0,0.0,0.9999999999999999,0.9999999999999999
30,2023-11-23 06:00:00+00:00,1,0,0.0,0.0,0.0,1.0,1.0
30,2023-11-24 05:30:00+00:00,2,0,0.0,0.0,0.0,0.9999999999999999,0.9999999999999999
30,2023-11-24 09:00:00+00:00,1,0,0.0,0.0,0.0,1.0,1.0
30,2023-11-24 11:30:00+00:00,1,0,0.0,0.0,0.0,1.0,1.0
30,2023-11-24 14:30:00+00:00,1,0,0.0,0.0,0.0,1.0,1.0
30,2023-11-24 15:30:00+00:00,1,0,0.0,0.0,0.0,1.0,1.0
30,2023-11-25 05:30:00+00:00,1,0,0.0,0.0,0.0,1.0,1.0
30,2023-11-25 14:00:00+00:00,1,0,0.0,0.0,0.0,1.0,1.0
30,2023-11-26 14:00:00+00:00,2,0,0.0,0.0,0.0,0.9999999999999999,0.9999999999999999
30,2023-11-26 15:00:00+00:00,1,0,0.0,0.0,0.0,1.0,1.0
30,2023-11-26 16:00:00+00:00,1,0,0.0,0.0,0.0,1.0,1.0
30,2023-11-27 13:30:00+00:00,1,0,0.0,0.0,0.0,1.0,1.0
30,2023-11-27 14:00:00+00:00,1,0,0.0,0.0,0.0,1.0,1.0
30,2023-11-28 11:00:00+00:00,1,0,0.0,0.0,0.0,1.0,1.0
30,2023-11-29 06:00:00+00:00,1,0,0.0,0.0,0.0,1.0,1.0
30,2023-11-29 08:30:00+00:00,1,0,0.0,0.0,0.0,1.0,1.0
30,2023-11-29 09:00:00+00:00,1,0,0.0,0.0,0.0,1.0,1.0
30,2023-11-30 09:00:00+00:00,2,0,0.0,0.0,0.0,0.9999999999999999,0.9999999999999999
30,2023-11-30 10:30:00+00:00,1,0,0.0,0.0,0.0,1.0,1.0
30,2023-12-09 05:00:00+00:00,2,0,0.0,0.0,0.0,0.9999999999999999,0.9999999999999999
30,2023-12-09 06:30:00+00:00,1,0,0.0,0.0,0.0,1.0,1.0
30,2023-12-09 09:30:00+00:00,1,0,0.0,0.0,0.0,1.0,1.0
30,2023-12-11 07:00:00+00:00,1,0,0.0,0.0,0.0,1.0,1.0
30,2023-12-11 14:30:00+00:00,2,0,0.0,0.0,0.0,0.9999999999999999,0.9999999999999999
30,2023-12-13 05:30:00+00:00,2,0,0.0,0.0,0.0,0.9999999999999999,0.9999999999999999
30,2023-12-13 14:00:00+00:00,1,0,0.0,0.0,0.0,1.0,1.0
30,2023-12-14 03:00:00+00:00,1,0,0.0,0.0,0.0,1.0,1.0
30,2023-12-15 01:30:00+00:00,1,0,0.0,0.0,0.0,1.0,1.0
30,2023-12-15 06:00:00+00:00,1,0,0.0,0.0,0.0,1.0,1.0
30,2023-12-15 13:00:00+00:00,1,0,0.0,0.0,0.0,1.0,1.0
30,2023-12-17 13:30:00+00:00,1,0,0.0,0.0,0.0,1.0,1.0
30,2023-12-18 11:30:00+00:00,2,0,0.0,0.0,0.0,0.9999999999999999,0.9999999999999999
30,2023-12-19 02:00:00+00:00,2,0,0.0,0.0,0.0,0.9999999999999999,0.9999999999999999
30,2023-12-19 08:00:00+00:00,1,0,0.0,0.0,0.0,1.0,1.0
30,2023-12-19 09:00:00+00:00,1,0,0.0,0.0,0.0,1.0,1.0
30,2023-12-20 11:30:00+00:00,1,0,0.0,0.0,0.0,1.0,1.0
30,2023-12-20 14:30:00+00:00,1,0,0.0,0.0,0.0,1.0,1.0
30,2023-12-22 02:30:00+00:00,1,0,0.0,0.0,0.0,1.0,1.0
30,2023-12-22 04:00:00+00:00,1,0,0.0,0.0,0.0,1.0,1.0
30,2023-12-22 14:30:00+00:00,1,0,0.0,0.0,0.0,1.0,1.0
30,2023-12-25 12:30:00+00:00,2,0,0.0,0.0,0.0,0.9999999999999999,0.9999999999999999
30,2023-12-25 15:30:00+00:00,1,0,0.0,0.0,0.0,1.0,1.0
30,2023-12-26 02:30:00+00:00,1,0,0.0,0.0,0.0,1.0,1.0
30,2023-12-26 04:00:00+00:00,1,0,0.0,0.0,0.0,1.0,1.0
30,2023-12-27 16:00:00+00:00,2,0,0.0,0.0,0.0,0.9999999999999999,0.9999999999999999
30,2023-12-28 01:00:00+00:00,1,0,0.0,0.0,0.0,1.0,1.0
30,2023-12-28 03:30:00+00:00,1,0,0.0,0.0,0.0,1.0,1.0
30,2023-12-28 05:00:00+00:00,1,0,0.0,0.0,0.0,1.0,1.0
30,2023-12-28 10:30:00+00:00,1,0,0.0,0.0,0.0,1.0,1.0
30,2023-12-30 01:30:00+00:00,1,0,0.0,0.0,0.0,1.0,1.0
30,2024-01-02 04:30:00+00:00,1,0,0.0,0.0,0.0,1.0,1.0
30,2024-01-03 02:00:00+00:00,1,0,0.0,0.0,0.0,1.0,1.0
30,2024-01-03 10:00:00+00:00,1,0,0.0,0.0,0.0,1.0,1.0
30,2024-01-04 06:00:00+00:00,1,0,0.0,0.0,0.0,1.0,1.0
30,2024-01-05 08:00:00+00:00,1,0,0.0,0.0,0.0,1.0,1.0
30,2024-01-05 08:30:00+00:00,1,0,0.0,0.0,0.0,1.0,1.0
30,2024-01-09 23:30:00+00:00,1,0,0.0,0.0,0.0,1.0,1.0
30,2024-01-10 04:00:00+00:00,2,0,0.0,0.0,0.0,0.9999999999999999,0.9999999999999999
30,2024-01-10 08:30:00+00:00,1,0,0.0,0.0,0.0,1.0,1.0
30,2024-01-11 02:00:00+00:00,3,0,0.0,0.0,0.0,1.0,1.0
30,2024-01-12 05:00:00+00:00,1,0,0.0,0.0,0.0,1.0,1.0
30,2024-01-12 10:00:00+00:00,1,0,0.0,0.0,0.0,1.0,1.0
30,2024-01-13 09:30:00+00:00,1,0,0.0,0.0,0.0,1.0,1.0
30,2024-01-14 13:00:00+00:00,1,0,0.0,0.0,0.0,1.0,1.0
30,2024-01-15 07:30:00+00:00,1,0,0.0,0.0,0.0,1.0,1.0
30,2024-01-16 04:00:00+00:00,1,0,0.0,0.0,0.0,1.0,1.0
30,2024-01-17 03:30:00+00:00,1,0,0.0,0.0,0.0,1.0,1.0
30,2024-01-17 12:00:00+00:00,1,0,0.0,0.0,0.0,1.0,1.0
30,2024-01-18 09:00:00+00:00,1,0,0.0,0.0,0.0,1.0,1.0
30,2024-01-19 05:30:00+00:00,1,0,0.0,0.0,0.0,1.0,1.0
30,2024-01-19 06:00:00+00:00,1,0,0.0,0.0,0.0,1.0,1.0
30,2024-01-21 14:30:00+00:00,1,0,0.0,0.0,0.0,1.0,1.0
30,2024-01-21 15:30:00+00:00,1,0,0.0,0.0,0.0,1.0,1.0
30,2024-01-22 02:30:00+00:00,1,0,0.0,0.0,0.0,1.0,1.0
30,2024-01-22 03:30:00+00:00,2,0,0.0,0.0,0.0,0.9999999999999999,0.9999999999999999
30,2024-01-22 09:00:00+00:00,1,0,0.0,0.0,0.0,1.0,1.0
30,2024-01-24 03:00:00+00:00,1,0,0.0,0.0,0.0,1.0,1.0
30,2024-01-24 05:00:00+00:00,1,0,0.0,0.0,0.0,1.0,1.0
30,2024-01-25 05:30:00+00:00,1,0,0.0,0.0,0.0,1.0,1.0
30,2024-01-25 09:00:00+00:00,1,0,0.0,0.0,0.0,1.0,1.0
30,2024-01-26 03:30:00+00:00,2,0,0.0,0.0,0.0,0.9999999999999999,0.9999999999999999
30,2024-01-26 09:00:00+00:00,1,0,0.0,0.0,0.0,1.0,1.0
30,2024-01-27 05:00:00+00:00,1,0,0.0,0.0,0.0,1.0,1.0
30,2024-01-27 09:00:00+00:00,1,0,0.0,0.0,0.0,1.0,1.0
30,2024-01-28 13:30:00+00:00,1,0,0.0,0.0,0.0,1.0,1.0
30,2024-01-28 14:30:00+00:00,2,0,0.0,0.0,0.0,0.9999999999999999,0.9999999999999999
30,2024-01-28 17:30:00+00:00,1,0,0.0,0.0,0.0,1.0,1.0
30,2024-01-28 18:00:00+00:00,1,0,0.0,0.0,0.0,1.0,1.0
30,2024-01-29 01:30:00+00:00,1,0,0.0,0.0,0.0,1.0,1.0
30,2024-01-29 04:00:00+00:00,3,0,0.0,0.0,0.0,1.0,1.0
30,2024-01-29 04:30:00+00:00,1,0,0.0,0.0,0.0,1.0,1.0
30,2024-01-29 05:00:00+00:00,1,0,0.0,0.0,0.0,1.0,1.0
30,2024-01-29 06:30:00+00:00,1,0,0.0,0.0,0.0,1.0,1.0
30,2024-01-30 03:30:00+00:00,2,0,0.0,0.0,0.0,0.9999999999999999,0.9999999999999999
30,2024-01-30 06:00:00+00:00,1,0,0.0,0.0,0.0,1.0,1.0
30,2024-01-30 08:00:00+00:00,1,0,0.0,0.0,0.0,1.0,1.0
30,2024-01-30 14:30:00+00:00,1,0,0.0,0.0,0.0,1.0,1.0
30,2024-01-31 03:00:00+00:00,2,0,0.0,0.0,0.0,0.9999999999999999,0.9999999999999999
30,2024-01-31 03:30:00+00:00,4,0,0.0,0.0,0.0,1.0,1.0
30,2024-01-31 05:00:00+00:00,1,0,0.0,0.0,0.0,1.0,1.0
30,2024-01-31 09:30:00+00:00,1,0,0.0,0.0,0.0,1.0,1.0
30,2024-01-31 12:00:00+00:00,1,0,0.0,0.0,0.0,1.0,1.0
30,2024-01-31 13:30:00+00:00,1,0,0.0,0.0,0.0,1.0,1.0
30,2024-02-01 03:00:00+00:00,1,0,0.0,0.0,0.0,1.0,1.0
30,2024-02-01 04:00:00+00:00,7,0,0.0,0.0,0.0,1.0,1.0
30,2024-02-01 04:30:00+00:00,3,0,0.0,0.0,0.0,1.0,1.0
30,2024-02-01 07:30:00+00:00,1,0,0.0,0.0,0.0,1.0,1.0
30,2024-02-01 08:30:00+00:00,1,0,0.0,0.0,0.0,1.0,1.0
30,2024-02-01 12:30:00+00:00,3,0,0.0,0.0,0.0,1.0,1.0
30,2024-02-02 01:30:00+00:00,4,0,0.0,0.0,0.0,1.0,1.0
30,2024-02-02 02:00:00+00:00,3,0,0.0,0.0,0.0,1.0,1.0
30,2024-02-02 04:30:00+00:00,5,0,0.0,0.0,0.0,0.9999999999999999,0.9999999999999999
30,2024-02-02 05:00:00+00:00,1,0,0.0,0.0,0.0,1.0,1.0
30,2024-02-02 07:30:00+00:00,1,0,0.0,0.0,0.0,1.0,1.0
30,2024-02-02 08:00:00+00:00,1,0,0.0,0.0,0.0,1.0,1.0
30,2024-02-02 09:00:00+00:00,1,0,0.0,0.0,0.0,1.0,1.0
30,2024-02-02 11:00:00+00:00,1,0,0.0,0.0,0.0,1.0,1.0
30,2024-02-03 03:00:00+00:00,1,0,0.0,0.0,0.0,1.0,1.0
30,2024-02-03 07:30:00+00:00,1,0,0.0,0.0,0.0,1.0,1.0
30,2024-02-04 01:00:00+00:00,2,0,0.0,0.0,0.0,0.9999999999999999,0.9999999999999999
30,2024-02-04 06:00:00+00:00,5,0,0.0,0.0,0.0,0.9999999999999999,0.9999999999999999
30,2024-02-04 07:00:00+00:00,1,0,0.0,0.0,0.0,1.0,1.0
30,2024-02-05 00:30:00+00:00,2,0,0.0,0.0,0.0,0.9999999999999999,0.9999999999999999
30,2024-02-05 02:00:00+00:00,1,0,0.0,0.0,0.0,1.0,1.0
30,2024-02-05 03:00:00+00:00,1,0,0.0,0.0,0.0,1.0,1.0
30,2024-02-05 03:30:00+00:00,2,0,0.0,0.0,0.0,0.9999999999999999,0.9999999999999999
30,2024-02-05 04:00:00+00:00,2,0,0.0,0.0,0.0,0.9999999999999999,0.9999999999999999
30,2024-02-05 04:30:00+00:00,1,0,0.0,0.0,0.0,1.0,1.0
30,2024-02-05 05:30:00+00:00,1,0,0.0,0.0,0.0,1.0,1.0
30,2024-02-05 06:00:00+00:00,1,0,0.0,0.0,0.0,1.0,1.0
30,2024-02-05 06:30:00+00:00,1,0,0.0,0.0,0.0,1.0,1.0
30,2024-02-05 07:30:00+00:00,1,0,0.0,0.0,0.0,1.0,1.0
30,2024-02-05 08:00:00+00:00,1,0,0.0,0.0,0.0,1.0,1.0
30,2024-02-05 11:00:00+00:00,1,0,0.0,0.0,0.0,1.0,1.0
30,2024-02-05 16:00:00+00:00,1,0,0.0,0.0,0.0,1.0,1.0
30,2024-02-05 17:30:00+00:00,1,0,0.0,0.0,0.0,1.0,1.0
30,2024-02-06 02:00:00+00:00,1,0,0.0,0.0,0.0,1.0,1.0
30,2024-02-06 03:30:00+00:00,3,0,0.0,0.0,0.0,1.0,1.0
30,2024-02-06 04:30:00+00:00,4,0,0.0,0.0,0.0,1.0,1.0
30,2024-02-06 05:30:00+00:00,1,0,0.0,0.0,0.0,1.0,1.0
30,2024-02-06 06:30:00+00:00,2,0,0.0,0.0,0.0,0.9999999999999999,0.9999999999999999
30,2024-02-06 07:00:00+00:00,1,0,0.0,0.0,0.0,1.0,1.0
30,2024-02-06 09:00:00+00:00,1,0,0.0,0.0,0.0,1.0,1.0
30,2024-02-06 09:30:00+00:00,1,0,0.0,0.0,0.0,1.0,1.0
30,2024-02-06 10:00:00+00:00,1,0,0.0,0.0,0.0,1.0,1.0
30,2024-02-15 04:30:00+00:00,4,0,0.0,0.0,0.0,1.0,1.0
30,2024-02-16 02:30:00+00:00,1,0,0.0,0.0,0.0,1.0,1.0
30,2024-02-16 04:00:00+00:00,2,0,0.0,0.0,0.0,0.9999999999999999,0.9999999999999999
30,2024-02-17 03:30:00+00:00,3,0,0.0,0.0,0.0,1.0,1.0
30,2024-02-17 05:00:00+00:00,1,0,0.0,0.0,0.0,1.0,1.0
30,2024-02-17 08:30:00+00:00,1,0,0.0,0.0,0.0,1.0,1.0
30,2024-02-17 10:00:00+00:00,1,0,0.0,0.0,0.0,1.0,1.0
30,2024-02-18 06:00:00+00:00,1,0,0.0,0.0,0.0,1.0,1.0
30,2024-02-18 07:30:00+00:00,1,0,0.0,0.0,0.0,1.0,1.0
30,2024-02-19 02:00:00+00:00,2,0,0.0,0.0,0.0,0.9999999999999999,0.9999999999999999
30,2024-02-19 02:30:00+00:00,1,0,0.0,0.0,0.0,1.0,1.0
30,2024-02-19 03:30:00+00:00,1,0,0.0,0.0,0.0,1.0,1.0
30,2024-02-19 04:30:00+00:00,1,0,0.0,0.0,0.0,1.0,1.0
30,2024-02-19 05:30:00+00:00,1,0,0.0,0.0,0.0,1.0,1.0
30,2024-02-19 07:30:00+00:00,2,0,0.0,0.0,0.0,0.9999999999999999,0.9999999999999999
30,2024-02-19 09:00:00+00:00,1,0,0.0,0.0,0.0,1.0,1.0
30,2024-02-19 13:00:00+00:00,1,0,0.0,0.0,0.0,1.0,1.0
30,2024-02-20 00:30:00+00:00,2,0,0.0,0.0,0.0,0.9999999999999999,0.9999999999999999
30,2024-02-20 01:00:00+00:00,1,0,0.0,0.0,0.0,1.0,1.0
30,2024-02-20 03:00:00+00:00,5,0,0.0,0.0,0.0,0.9999999999999999,0.9999999999999999
30,2024-02-20 05:30:00+00:00,1,0,0.0,0.0,0.0,1.0,1.0
30,2024-02-20 08:30:00+00:00,1,0,0.0,0.0,0.0,1.0,1.0
30,2024-02-21 02:00:00+00:00,1,0,0.0,0.0,0.0,1.0,1.0
30,2024-02-21 03:30:00+00:00,4,0,0.0,0.0,0.0,1.0,1.0
30,2024-02-21 04:00:00+00:00,1,0,0.0,0.0,0.0,1.0,1.0
30,2024-02-21 07:00:00+00:00,1,0,0.0,0.0,0.0,1.0,1.0
30,2024-02-21 08:00:00+00:00,1,0,0.0,0.0,0.0,1.0,1.0
30,2024-02-21 08:30:00+00:00,1,0,0.0,0.0,0.0,1.0,1.0
30,2024-02-21 11:30:00+00:00,3,0,0.0,0.0,0.0,1.0,1.0
30,2024-02-22 02:00:00+00:00,1,0,0.0,0.0,0.0,1.0,1.0
30,2024-02-22 03:30:00+00:00,2,0,0.0,0.0,0.0,0.9999999999999999,0.9999999999999999
30,2024-02-22 04:00:00+00:00,2,0,0.0,0.0,0.0,0.9999999999999999,0.9999999999999999
30,2024-02-22 05:00:00+00:00,1,0,0.0,0.0,0.0,1.0,1.0
30,2024-02-22 08:00:00+00:00,2,0,0.0,0.0,0.0,0.9999999999999999,0.9999999999999999
30,2024-02-22 13:00:00+00:00,3,0,0.0,0.0,0.0,1.0,1.0
30,2024-02-23 04:00:00+00:00,2,0,0.0,0.0,0.0,0.9999999999999999,0.9999999999999999
30,2024-02-23 05:30:00+00:00,1,0,0.0,0.0,0.0,1.0,1.0
30,2024-02-23 09:30:00+00:00,2,0,0.0,0.0,0.0,0.9999999999999999,0.9999999999999999
30,2024-02-23 16:00:00+00:00,1,0,0.0,0.0,0.0,1.0,1.0
30,2024-02-23 16:30:00+00:00,3,0,0.0,0.0,0.0,1.0,1.0
30,2024-02-24 03:30:00+00:00,3,0,0.0,0.0,0.0,1.0,1.0
30,2024-02-25 14:30:00+00:00,2,0,0.0,0.0,0.0,0.9999999999999999,0.9999999999999999
30,2024-02-25 16:00:00+00:00,1,0,0.0,0.0,0.0,1.0,1.0
30,2024-02-26 03:30:00+00:00,1,0,0.0,0.0,0.0,1.0,1.0
30,2024-02-26 10:30:00+00:00,1,0,0.0,0.0,0.0,1.0,1.0
30,2024-02-26 17:00:00+00:00,2,0,0.0,0.0,0.0,0.9999999999999999,0.9999999999999999
30,2024-02-27 01:00:00+00:00,1,0,0.0,0.0,0.0,1.0,1.0
30,2024-02-27 01:30:00+00:00,1,0,0.0,0.0,0.0,1.0,1.0
30,2024-02-27 02:30:00+00:00,1,0,0.0,0.0,0.0,1.0,1.0
30,2024-02-27 04:00:00+00:00,4,0,0.0,0.0,0.0,1.0,1.0
30,2024-02-27 05:30:00+00:00,1,0,0.0,0.0,0.0,1.0,1.0
30,2024-02-28 01:30:00+00:00,1,0,0.0,0.0,0.0,1.0,1.0
30,2024-02-28 02:30:00+00:00,1,0,0.0,0.0,0.0,1.0,1.0
30,2024-02-28 03:30:00+00:00,2,0,0.0,0.0,0.0,0.9999999999999999,0.9999999999999999
30,2024-02-28 04:00:00+00:00,1,0,0.0,0.0,0.0,1.0,1.0
30,2024-02-28 04:30:00+00:00,1,0,0.0,0.0,0.0,1.0,1.0
30,2024-02-28 06:00:00+00:00,1,0,0.0,0.0,0.0,1.0,1.0
30,2024-02-28 10:00:00+00:00,1,0,0.0,0.0,0.0,1.0,1.0
30,2024-02-29 02:00:00+00:00,2,0,0.0,0.0,0.0,0.9999999999999999,0.9999999999999999
30,2024-02-29 02:30:00+00:00,1,0,0.0,0.0,0.0,1.0,1.0
30,2024-02-29 06:00:00+00:00,1,0,0.0,0.0,0.0,1.0,1.0
30,2024-02-29 07:30:00+00:00,1,0,0.0,0.0,0.0,1.0,1.0
30,2024-02-29 09:00:00+00:00,1,0,0.0,0.0,0.0,1.0,1.0
30,2024-02-29 09:30:00+00:00,1,0,0.0,0.0,0.0,1.0,1.0
30,2024-03-01 04:00:00+00:00,3,0,0.0,0.0,0.0,1.0,1.0
30,2024-03-01 04:30:00+00:00,1,0,0.0,0.0,0.0,1.0,1.0
30,2024-03-01 11:30:00+00:00,2,0,0.0,0.0,0.0,0.9999999999999999,0.9999999999999999
30,2024-03-02 05:00:00+00:00,2,0,0.0,0.0,0.0,0.9999999999999999,0.9999999999999999
30,2024-03-02 07:30:00+00:00,1,0,0.0,0.0,0.0,1.0,1.0
30,2024-03-02 08:30:00+00:00,1,0,0.0,0.0,0.0,1.0,1.0
30,2024-03-02 09:00:00+00:00,2,0,0.0,0.0,0.0,0.9999999999999999,0.9999999999999999
30,2024-03-03 15:00:00+00:00,1,0,0.0,0.0,0.0,1.0,1.0
30,2024-03-04 06:30:00+00:00,2,0,0.0,0.0,0.0,0.9999999999999999,0.9999999999999999
30,2024-03-04 07:30:00+00:00,1,0,0.0,0.0,0.0,1.0,1.0
30,2024-03-04 14:00:00+00:00,1,0,0.0,0.0,0.0,1.0,1.0
30,2024-03-05 03:30:00+00:00,1,0,0.0,0.0,0.0,1.0,1.0
30,2024-03-05 04:00:00+00:00,3,0,0.0,0.0,0.0,1.0,1.0
30,2024-03-05 12:30:00+00:00,2,0,0.0,0.0,0.0,0.9999999999999999,0.9999999999999999
30,2024-03-06 01:30:00+00:00,1,0,0.0,0.0,0.0,1.0,1.0
30,2024-03-06 05:00:00+00:00,3,0,0.0,0.0,0.0,1.0,1.0
30,2024-03-06 05:30:00+00:00,1,0,0.0,0.0,0.0,1.0,1.0
30,2024-03-07 03:30:00+00:00,3,0,0.0,0.0,0.0,1.0,1.0
30,2024-03-07 08:30:00+00:00,1,0,0.0,0.0,0.0,1.0,1.0
30,2024-03-07 10:00:00+00:00,1,0,0.0,0.0,0.0,1.0,1.0
30,2024-03-07 15:00:00+00:00,1,0,0.0,0.0,0.0,1.0,1.0
30,2024-03-08 03:00:00+00:00,2,0,0.0,0.0,0.0,0.9999999999999999,0.9999999999999999
30,2024-03-08 03:30:00+00:00,3,0,0.0,0.0,0.0,1.0,1.0
30,2024-03-08 04:00:00+00:00,1,0,0.0,0.0,0.0,1.0,1.0
30,2024-03-08 05:00:00+00:00,2,0,0.0,0.0,0.0,0.9999999999999999,0.9999999999999999
30,2024-03-08 05:30:00+00:00,3,0,0.0,0.0,0.0,1.0,1.0
30,2024-03-08 10:30:00+00:00,1,0,0.0,0.0,0.0,1.0,1.0
30,2024-03-09 03:00:00+00:00,3,0,0.0,0.0,0.0,1.0,1.0
30,2024-03-09 03:30:00+00:00,1,0,0.0,0.0,0.0,1.0,1.0
30,2024-03-09 04:30:00+00:00,1,0,0.0,0.0,0.0,1.0,1.0
30,2024-03-09 06:30:00+00:00,1,0,0.0,0.0,0.0,1.0,1.0
30,2024-03-10 17:00:00+00:00,1,0,0.0,0.0,0.0,1.0,1.0
30,2024-03-11 02:00:00+00:00,1,0,0.0,0.0,0.0,1.0,1.0
30,2024-03-11 03:30:00+00:00,1,0,0.0,0.0,0.0,1.0,1.0
30,2024-03-11 04:30:00+00:00,1,0,0.0,0.0,0.0,1.0,1.0
30,2024-03-11 09:00:00+00:00,1,0,0.0,0.0,0.0,1.0,1.0
30,2024-03-12 03:30:00+00:00,3,0,0.0,0.0,0.0,1.0,1.0
30,2024-03-12 04:00:00+00:00,1,0,0.0,0.0,0.0,1.0,1.0
30,2024-03-12 05:30:00+00:00,1,0,0.0,0.0,0.0,1.0,1.0
30,2024-03-12 06:00:00+00:00,2,0,0.0,0.0,0.0,0.9999999999999999,0.9999999999999999
30,2024-03-12 06:30:00+00:00,1,0,0.0,0.0,0.0,1.0,1.0
30,2024-03-12 07:30:00+00:00,1,0,0.0,0.0,0.0,1.0,1.0
30,2024-03-13 03:00:00+00:00,1,0,0.0,0.0,0.0,1.0,1.0
30,2024-03-13 04:00:00+00:00,2,0,0.0,0.0,0.0,0.9999999999999999,0.9999999999999999
30,2024-03-13 16:30:00+00:00,1,0,0.0,0.0,0.0,1.0,1.0
30,2024-03-14 03:30:00+00:00,3,0,0.0,0.0,0.0,1.0,1.0
30,2024-03-14 04:00:00+00:00,2,0,0.0,0.0,0.0,0.9999999999999999,0.9999999999999999
30,2024-03-14 06:30:00+00:00,4,0,0.0,0.0,0.0,1.0,1.0
30,2024-03-14 09:00:00+00:00,1,0,0.0,0.0,0.0,1.0,1.0
30,2024-03-14 11:30:00+00:00,2,0,0.0,0.0,0.0,0.9999999999999999,0.9999999999999999
30,2024-03-14 14:30:00+00:00,1,0,0.0,0.0,0.0,1.0,1.0
30,2024-03-15 03:00:00+00:00,2,0,0.0,0.0,0.0,0.9999999999999999,0.9999999999999999
30,2024-03-15 03:30:00+00:00,1,0,0.0,0.0,0.0,1.0,1.0
30,2024-03-15 04:00:00+00:00,1,0,0.0,0.0,0.0,1.0,1.0
30,2024-03-15 06:00:00+00:00,1,0,0.0,0.0,0.0,1.0,1.0
30,2024-03-15 16:00:00+00:00,1,0,0.0,0.0,0.0,1.0,1.0
30,2024-03-16 03:00:00+00:00,1,0,0.0,0.0,0.0,1.0,1.0
30,2024-03-16 04:30:00+00:00,2,0,0.0,0.0,0.0,0.9999999999999999,0.9999999999999999
30,2024-03-16 07:30:00+00:00,2,0,0.0,0.0,0.0,0.9999999999999999,0.9999999999999999
30,2024-03-16 08:00:00+00:00,2,0,0.0,0.0,0.0,0.9999999999999999,0.9999999999999999
30,2024-03-16 08:30:00+00:00,1,0,0.0,0.0,0.0,1.0,1.0
30,2024-03-17 05:30:00+00:00,1,0,0.0,0.0,0.0,1.0,1.0
30,2024-03-17 17:00:00+00:00,1,0,0.0,0.0,0.0,1.0,1.0
30,2024-03-18 03:00:00+00:00,3,0,0.0,0.0,0.0,1.0,1.0
30,2024-03-18 03:30:00+00:00,3,0,0.0,0.0,0.0,1.0,1.0
30,2024-03-18 07:00:00+00:00,1,0,0.0,0.0,0.0,1.0,1.0
30,2024-03-19 02:30:00+00:00,1,0,0.0,0.0,0.0,1.0,1.0
30,2024-03-19 03:00:00+00:00,2,0,0.0,0.0,0.0,0.9999999999999999,0.9999999999999999
30,2024-03-19 10:30:00+00:00,2,0,0.0,0.0,0.0,0.9999999999999999,0.9999999999999999
30,2024-03-20 03:00:00+00:00,2,0,0.0,0.0,0.0,0.9999999999999999,0.9999999999999999
30,2024-03-20 03:30:00+00:00,2,0,0.0,0.0,0.0,0.9999999999999999,0.9999999999999999
30,2024-03-20 06:00:00+00:00,3,0,0.0,0.0,0.0,1.0,1.0
30,2024-03-20 06:30:00+00:00,1,0,0.0,0.0,0.0,1.0,1.0
30,2024-03-20 16:30:00+00:00,1,0,0.0,0.0,0.0,1.0,1.0
30,2024-03-21 03:00:00+00:00,1,0,0.0,0.0,0.0,1.0,1.0
30,2024-03-21 04:30:00+00:00,1,0,0.0,0.0,0.0,1.0,1.0
30,2024-03-21 05:00:00+00:00,1,0,0.0,0.0,0.0,1.0,1.0
30,2024-03-21 06:00:00+00:00,1,0,0.0,0.0,0.0,1.0,1.0
30,2024-03-22 02:00:00+00:00,1,0,0.0,0.0,0.0,1.0,1.0
30,2024-03-22 03:00:00+00:00,4,0,0.0,0.0,0.0,1.0,1.0
30,2024-03-22 04:30:00+00:00,1,0,0.0,0.0,0.0,1.0,1.0
30,2024-03-22 06:00:00+00:00,1,0,0.0,0.0,0.0,1.0,1.0
30,2024-03-22 09:30:00+00:00,1,0,0.0,0.0,0.0,1.0,1.0
30,2024-03-22 10:00:00+00:00,1,0,0.0,0.0,0.0,1.0,1.0
30,2024-03-22 11:00:00+00:00,1,0,0.0,0.0,0.0,1.0,1.0
30,2024-03-22 16:00:00+00:00,1,0,0.0,0.0,0.0,1.0,1.0
30,2024-03-23 03:30:00+00:00,2,0,0.0,0.0,0.0,0.9999999999999999,0.9999999999999999
30,2024-03-23 04:00:00+00:00,2,0,0.0,0.0,0.0,0.9999999999999999,0.9999999999999999
30,2024-03-23 06:00:00+00:00,1,0,0.0,0.0,0.0,1.0,1.0
30,2024-03-23 06:30:00+00:00,1,0,0.0,0.0,0.0,1.0,1.0
30,2024-03-23 07:00:00+00:00,1,0,0.0,0.0,0.0,1.0,1.0
30,2024-03-25 03:00:00+00:00,3,0,0.0,0.0,0.0,1.0,1.0
30,2024-03-25 03:30:00+00:00,1,0,0.0,0.0,0.0,1.0,1.0
30,2024-03-25 04:00:00+00:00,1,0,0.0,0.0,0.0,1.0,1.0
30,2024-03-25 04:30:00+00:00,2,0,0.0,0.0,0.0,0.9999999999999999,0.9999999999999999
30,2024-03-25 06:30:00+00:00,2,0,0.0,0.0,0.0,0.9999999999999999,0.9999999999999999
30,2024-03-25 09:30:00+00:00,1,0,0.0,0.0,0.0,1.0,1.0
30,2024-03-26 03:00:00+00:00,3,0,0.0,0.0,0.0,1.0,1.0
30,2024-03-26 03:30:00+00:00,1,0,0.0,0.0,0.0,1.0,1.0
30,2024-03-26 04:30:00+00:00,1,0,0.0,0.0,0.0,1.0,1.0
30,2024-03-26 07:30:00+00:00,1,0,0.0,0.0,0.0,1.0,1.0
30,2024-03-26 10:30:00+00:00,1,0,0.0,0.0,0.0,1.0,1.0
30,2024-03-26 12:30:00+00:00,1,0,0.0,0.0,0.0,1.0,1.0
30,2024-03-27 02:00:00+00:00,1,0,0.0,0.0,0.0,1.0,1.0
30,2024-03-27 02:30:00+00:00,1,0,0.0,0.0,0.0,1.0,1.0
30,2024-03-27 03:00:00+00:00,2,0,0.0,0.0,0.0,0.9999999999999999,0.9999999999999999
30,2024-03-27 05:30:00+00:00,4,0,0.0,0.0,0.0,1.0,1.0
30,2024-03-27 08:30:00+00:00,1,0,0.0,0.0,0.0,1.0,1.0
30,2024-03-28 01:00:00+00:00,1,0,0.0,0.0,0.0,1.0,1.0
30,2024-03-28 02:30:00+00:00,1,0,0.0,0.0,0.0,1.0,1.0
30,2024-03-28 03:30:00+00:00,2,0,0.0,0.0,0.0,0.9999999999999999,0.9999999999999999
30,2024-03-28 04:00:00+00:00,3,0,0.0,0.0,0.0,1.0,1.0
30,2024-03-28 05:00:00+00:00,1,0,0.0,0.0,0.0,1.0,1.0
30,2024-03-28 08:00:00+00:00,1,0,0.0,0.0,0.0,1.0,1.0
30,2024-03-28 10:00:00+00:00,1,0,0.0,0.0,0.0,1.0,1.0
30,2024-03-29 03:00:00+00:00,3,0,0.0,0.0,0.0,1.0,1.0
30,2024-03-29 23:30:00+00:00,1,0,0.0,0.0,0.0,1.0,1.0
30,2024-03-30 01:30:00+00:00,1,0,0.0,0.0,0.0,1.0,1.0
30,2024-03-30 03:30:00+00:00,2,0,0.0,0.0,0.0,0.9999999999999999,0.9999999999999999
30,2024-03-30 06:00:00+00:00,1,0,0.0,0.0,0.0,1.0,1.0
30,2024-03-30 08:00:00+00:00,1,0,0.0,0.0,0.0,1.0,1.0
30,2024-04-01 02:30:00+00:00,1,0,0.0,0.0,0.0,1.0,1.0
30,2024-04-01 04:00:00+00:00,3,0,0.0,0.0,0.0,1.0,1.0
30,2024-04-01 05:30:00+00:00,1,0,0.0,0.0,0.0,1.0,1.0
30,2024-04-01 06:30:00+00:00,1,0,0.0,0.0,0.0,1.0,1.0
30,2024-04-01 07:00:00+00:00,1,0,0.0,0.0,0.0,1.0,1.0
30,2024-04-01 07:30:00+00:00,1,0,0.0,0.0,0.0,1.0,1.0
30,2024-04-02 03:00:00+00:00,1,0,0.0,0.0,0.0,1.0,1.0
30,2024-04-02 04:30:00+00:00,1,0,0.0,0.0,0.0,1.0,1.0
30,2024-04-02 05:00:00+00:00,1,0,0.0,0.0,0.0,1.0,1.0
30,2024-04-03 04:00:00+00:00,1,0,0.0,0.0,0.0,1.0,1.0
30,2024-04-03 05:00:00+00:00,1,0,0.0,0.0,0.0,1.0,1.0
30,2024-04-03 09:00:00+00:00,1,0,0.0,0.0,0.0,1.0,1.0
30,2024-04-03 09:30:00+00:00,1,0,0.0,0.0,0.0,1.0,1.0
30,2024-04-04 02:00:00+00:00,1,0,0.0,0.0,0.0,1.0,1.0
30,2024-04-04 02:30:00+00:00,6,0,0.0,0.0,0.0,1.0,1.0
30,2024-04-04 04:00:00+00:00,1,0,0.0,0.0,0.0,1.0,1.0
30,2024-04-04 04:30:00+00:00,2,0,0.0,0.0,0.0,0.9999999999999999,0.9999999999999999
30,2024-04-04 05:00:00+00:00,1,0,0.0,0.0,0.0,1.0,1.0
30,2024-04-05 03:00:00+00:00,4,0,0.0,0.0,0.0,1.0,1.0
30,2024-04-05 03:30:00+00:00,1,0,0.0,0.0,0.0,1.0,1.0
30,2024-04-05 05:30:00+00:00,2,0,0.0,0.0,0.0,0.9999999999999999,0.9999999999999999
30,2024-04-05 06:30:00+00:00,2,0,0.0,0.0,0.0,0.9999999999999999,0.9999999999999999
30,2024-04-05 07:00:00+00:00,1,0,0.0,0.0,0.0,1.0,1.0
30,2024-04-05 07:30:00+00:00,1,0,0.0,0.0,0.0,1.0,1.0
30,2024-04-05 10:30:00+00:00,1,0,0.0,0.0,0.0,1.0,1.0
30,2024-04-06 04:00:00+00:00,1,0,0.0,0.0,0.0,1.0,1.0
30,2024-04-06 05:00:00+00:00,2,0,0.0,0.0,0.0,0.9999999999999999,0.9999999999999999
30,2024-04-06 07:30:00+00:00,1,0,0.0,0.0,0.0,1.0,1.0
30,2024-04-06 10:00:00+00:00,1,0,0.0,0.0,0.0,1.0,1.0
30,2024-04-06 11:30:00+00:00,1,0,0.0,0.0,0.0,1.0,1.0
30,2024-04-07 02:30:00+00:00,1,0,0.0,0.0,0.0,1.0,1.0
30,2024-04-07 14:00:00+00:00,1,0,0.0,0.0,0.0,1.0,1.0
30,2024-04-08 03:30:00+00:00,3,0,0.0,0.0,0.0,1.0,1.0
30,2024-04-08 05:00:00+00:00,2,0,0.0,0.0,0.0,0.9999999999999999,0.9999999999999999
30,2024-04-08 07:00:00+00:00,1,0,0.0,0.0,0.0,1.0,1.0
30,2024-04-09 02:30:00+00:00,1,0,0.0,0.0,0.0,1.0,1.0
30,2024-04-09 03:00:00+00:00,2,0,0.0,0.0,0.0,0.9999999999999999,0.9999999999999999
30,2024-04-09 07:30:00+00:00,1,0,0.0,0.0,0.0,1.0,1.0
30,2024-04-10 02:30:00+00:00,1,0,0.0,0.0,0.0,1.0,1.0
30,2024-04-10 03:30:00+00:00,1,0,0.0,0.0,0.0,1.0,1.0
30,2024-04-10 04:00:00+00:00,5,0,0.0,0.0,0.0,0.9999999999999999,0.9999999999999999
30,2024-04-10 06:30:00+00:00,1,0,0.0,0.0,0.0,1.0,1.0
30,2024-04-10 07:00:00+00:00,2,0,0.0,0.0,0.0,0.9999999999999999,0.9999999999999999
30,2024-04-11 04:00:00+00:00,1,0,0.0,0.0,0.0,1.0,1.0
30,2024-04-11 05:00:00+00:00,1,0,0.0,0.0,0.0,1.0,1.0
30,2024-04-12 01:00:00+00:00,1,0,0.0,0.0,0.0,1.0,1.0
30,2024-04-12 03:00:00+00:00,4,0,0.0,0.0,0.0,1.0,1.0
30,2024-04-12 04:00:00+00:00,1,0,0.0,0.0,0.0,1.0,1.0
30,2024-04-12 04:30:00+00:00,2,0,0.0,0.0,0.0,0.9999999999999999,0.9999999999999999
30,2024-04-12 06:30:00+00:00,1,0,0.0,0.0,0.0,1.0,1.0
30,2024-04-12 13:00:00+00:00,1,0,0.0,0.0,0.0,1.0,1.0
30,2024-04-12 23:30:00+00:00,2,0,0.0,0.0,0.0,0.9999999999999999,0.9999999999999999
30,2024-04-13 06:30:00+00:00,1,0,0.0,0.0,0.0,1.0,1.0
30,2024-04-15 03:30:00+00:00,4,0,0.0,0.0,0.0,1.0,1.0
30,2024-04-15 06:30:00+00:00,1,0,0.0,0.0,0.0,1.0,1.0
30,2024-04-16 02:30:00+00:00,2,0,0.0,0.0,0.0,0.9999999999999999,0.9999999999999999
30,2024-04-16 05:30:00+00:00,1,0,0.0,0.0,0.0,1.0,1.0
30,2024-04-16 06:00:00+00:00,1,0,0.0,0.0,0.0,1.0,1.0
30,2024-04-16 14:00:00+00:00,1,0,0.0,0.0,0.0,1.0,1.0
30,2024-04-16 14:30:00+00:00,1,0,0.0,0.0,0.0,1.0,1.0
30,2024-04-17 02:30:00+00:00,1,0,0.0,0.0,0.0,1.0,1.0
30,2024-04-17 03:00:00+00:00,2,0,0.0,0.0,0.0,0.9999999999999999,0.9999999999999999
30,2024-04-17 05:00:00+00:00,1,0,0.0,0.0,0.0,1.0,1.0
30,2024-04-17 06:30:00+00:00,1,0,0.0,0.0,0.0,1.0,1.0
30,2024-04-17 08:00:00+00:00,1,0,0.0,0.0,0.0,1.0,1.0
30,2024-04-18 03:30:00+00:00,1,0,0.0,0.0,0.0,1.0,1.0
30,2024-04-18 05:00:00+00:00,1,0,0.0,0.0,0.0,1.0,1.0
30,2024-04-19 03:00:00+00:00,3,0,0.0,0.0,0.0,1.0,1.0
30,2024-04-19 03:30:00+00:00,1,0,0.0,0.0,0.0,1.0,1.0
30,2024-04-19 04:00:00+00:00,2,0,0.0,0.0,0.0,0.9999999999999999,0.9999999999999999
30,2024-04-19 05:00:00+00:00,3,0,0.0,0.0,0.0,1.0,1.0
30,2024-04-19 06:30:00+00:00,1,0,0.0,0.0,0.0,1.0,1.0
30,2024-04-19 07:00:00+00:00,3,0,0.0,0.0,0.0,1.0,1.0
30,2024-04-19 08:00:00+00:00,1,0,0.0,0.0,0.0,1.0,1.0
30,2024-04-20 04:00:00+00:00,3,0,0.0,0.0,0.0,1.0,1.0
30,2024-04-20 06:00:00+00:00,1,0,0.0,0.0,0.0,1.0,1.0
30,2024-04-20 09:00:00+00:00,1,0,0.0,0.0,0.0,1.0,1.0
30,2024-04-21 04:30:00+00:00,1,0,0.0,0.0,0.0,1.0,1.0
30,2024-04-21 06:30:00+00:00,1,0,0.0,0.0,0.0,1.0,1.0
30,2024-04-21 18:30:00+00:00,1,0,0.0,0.0,0.0,1.0,1.0
30,2024-04-22 03:00:00+00:00,5,0,0.0,0.0,0.0,0.9999999999999999,0.9999999999999999
30,2024-04-22 03:30:00+00:00,3,0,0.0,0.0,0.0,1.0,1.0
30,2024-04-22 04:00:00+00:00,1,0,0.0,0.0,0.0,1.0,1.0
30,2024-04-22 04:30:00+00:00,1,0,0.0,0.0,0.0,1.0,1.0
30,2024-04-22 05:00:00+00:00,3,0,0.0,0.0,0.0,1.0,1.0
30,2024-04-23 03:00:00+00:00,6,0,0.0,0.0,0.0,1.0,1.0
30,2024-04-23 03:30:00+00:00,2,0,0.0,0.0,0.0,0.9999999999999999,0.9999999999999999
30,2024-04-23 05:30:00+00:00,4,0,0.0,0.0,0.0,1.0,1.0
30,2024-04-23 06:00:00+00:00,1,0,0.0,0.0,0.0,1.0,1.0
30,2024-04-23 15:00:00+00:00,1,0,0.0,0.0,0.0,1.0,1.0
30,2024-04-24 01:30:00+00:00,1,0,0.0,0.0,0.0,1.0,1.0
30,2024-04-24 04:00:00+00:00,2,0,0.0,0.0,0.0,0.9999999999999999,0.9999999999999999
30,2024-04-24 07:00:00+00:00,1,0,0.0,0.0,0.0,1.0,1.0
30,2024-04-24 10:30:00+00:00,2,0,0.0,0.0,0.0,0.9999999999999999,0.9999999999999999
30,2024-04-25 02:00:00+00:00,1,0,0.0,0.0,0.0,1.0,1.0
30,2024-04-25 03:00:00+00:00,1,0,0.0,0.0,0.0,1.0,1.0
30,2024-04-25 04:00:00+00:00,2,0,0.0,0.0,0.0,0.9999999999999999,0.9999999999999999
30,2024-04-25 05:00:00+00:00,1,0,0.0,0.0,0.0,1.0,1.0
30,2024-04-25 08:00:00+00:00,2,0,0.0,0.0,0.0,0.9999999999999999,0.9999999999999999
30,2024-04-26 03:30:00+00:00,6,0,0.0,0.0,0.0,1.0,1.0
30,2024-04-26 04:00:00+00:00,1,0,0.0,0.0,0.0,1.0,1.0
30,2024-04-26 05:00:00+00:00,1,0,0.0,0.0,0.0,1.0,1.0
30,2024-04-26 08:00:00+00:00,1,0,0.0,0.0,0.0,1.0,1.0
30,2024-04-26 11:30:00+00:00,1,0,0.0,0.0,0.0,1.0,1.0
30,2024-04-26 12:30:00+00:00,1,0,0.0,0.0,0.0,1.0,1.0
30,2024-04-26 15:00:00+00:00,2,0,0.0,0.0,0.0,0.9999999999999999,0.9999999999999999
30,2024-04-27 03:30:00+00:00,1,0,0.0,0.0,0.0,1.0,1.0
30,2024-04-27 04:30:00+00:00,1,0,0.0,0.0,0.0,1.0,1.0
30,2024-04-28 12:00:00+00:00,1,0,0.0,0.0,0.0,1.0,1.0
30,2024-04-29 03:30:00+00:00,1,0,0.0,0.0,0.0,1.0,1.0
30,2024-04-29 04:00:00+00:00,4,0,0.0,0.0,0.0,1.0,1.0
30,2024-04-30 03:00:00+00:00,1,0,0.0,0.0,0.0,1.0,1.0
30,2024-04-30 05:30:00+00:00,1,0,0.0,0.0,0.0,1.0,1.0
30,2024-04-30 06:00:00+00:00,1,0,0.0,0.0,0.0,1.0,1.0
30,2024-04-30 06:30:00+00:00,1,0,0.0,0.0,0.0,1.0,1.0
30,2024-04-30 07:00:00+00:00,1,0,0.0,0.0,0.0,1.0,1.0
30,2024-05-01 14:00:00+00:00,1,0,0.0,0.0,0.0,1.0,1.0
30,2024-05-02 04:00:00+00:00,1,0,0.0,0.0,0.0,1.0,1.0
30,2024-05-02 06:00:00+00:00,2,0,0.0,0.0,0.0,0.9999999999999999,0.9999999999999999
30,2024-05-03 03:30:00+00:00,3,0,0.0,0.0,0.0,1.0,1.0
30,2024-05-04 03:30:00+00:00,8,0,0.0,0.0,0.0,1.0,1.0
30,2024-05-04 04:00:00+00:00,1,0,0.0,0.0,0.0,1.0,1.0
30,2024-05-04 05:30:00+00:00,1,0,0.0,0.0,0.0,1.0,1.0
30,2024-05-04 06:00:00+00:00,1,0,0.0,0.0,0.0,1.0,1.0
30,2024-05-05 03:30:00+00:00,1,0,0.0,0.0,0.0,1.0,1.0
30,2024-05-05 14:30:00+00:00,1,0,0.0,0.0,0.0,1.0,1.0
30,2024-05-05 15:00:00+00:00,1,0,0.0,0.0,0.0,1.0,1.0
30,2024-05-06 04:30:00+00:00,3,0,0.0,0.0,0.0,1.0,1.0
30,2024-05-06 06:00:00+00:00,1,0,0.0,0.0,0.0,1.0,1.0
30,2024-05-06 17:00:00+00:00,1,0,0.0,0.0,0.0,1.0,1.0
30,2024-05-07 01:30:00+00:00,1,0,0.0,0.0,0.0,1.0,1.0
30,2024-05-07 04:00:00+00:00,1,0,0.0,0.0,0.0,1.0,1.0
30,2024-05-07 05:30:00+00:00,1,0,0.0,0.0,0.0,1.0,1.0
30,2024-05-07 06:30:00+00:00,1,0,0.0,0.0,0.0,1.0,1.0
30,2024-05-07 08:00:00+00:00,1,0,0.0,0.0,0.0,1.0,1.0
30,2024-05-07 16:00:00+00:00,1,0,0.0,0.0,0.0,1.0,1.0
30,2024-05-09 02:30:00+00:00,4,0,0.0,0.0,0.0,1.0,1.0
30,2024-05-09 06:30:00+00:00,1,0,0.0,0.0,0.0,1.0,1.0
30,2024-05-09 08:00:00+00:00,1,0,0.0,0.0,0.0,1.0,1.0
30,2024-05-10 00:00:00+00:00,1,0,0.0,0.0,0.0,1.0,1.0
30,2024-05-10 01:00:00+00:00,2,0,0.0,0.0,0.0,0.9999999999999999,0.9999999999999999
30,2024-05-10 04:30:00+00:00,1,0,0.0,0.0,0.0,1.0,1.0
30,2024-05-10 06:30:00+00:00,2,0,0.0,0.0,0.0,0.9999999999999999,0.9999999999999999
30,2024-05-10 10:30:00+00:00,2,0,0.0,0.0,0.0,0.9999999999999999,0.9999999999999999
30,2024-05-11 00:00:00+00:00,1,0,0.0,0.0,0.0,1.0,1.0
30,2024-05-11 03:00:00+00:00,2,0,0.0,0.0,0.0,0.9999999999999999,0.9999999999999999
30,2024-05-11 03:30:00+00:00,1,0,0.0,0.0,0.0,1.0,1.0
30,2024-05-11 05:30:00+00:00,3,0,0.0,0.0,0.0,1.0,1.0
30,2024-05-12 05:00:00+00:00,1,0,0.0,0.0,0.0,1.0,1.0
30,2024-05-13 03:30:00+00:00,3,0,0.0,0.0,0.0,1.0,1.0
30,2024-05-13 06:00:00+00:00,1,0,0.0,0.0,0.0,1.0,1.0
30,2024-05-13 09:00:00+00:00,1,0,0.0,0.0,0.0,1.0,1.0
30,2024-05-13 10:00:00+00:00,1,0,0.0,0.0,0.0,1.0,1.0
30,2024-05-14 02:30:00+00:00,2,0,0.0,0.0,0.0,0.9999999999999999,0.9999999999999999
30,2024-05-14 03:00:00+00:00,1,0,0.0,0.0,0.0,1.0,1.0
30,2024-05-14 04:00:00+00:00,1,0,0.0,0.0,0.0,1.0,1.0
30,2024-05-14 05:30:00+00:00,3,0,0.0,0.0,0.0,1.0,1.0
30,2024-05-14 08:30:00+00:00,1,0,0.0,0.0,0.0,1.0,1.0
30,2024-05-14 19:00:00+00:00,1,0,0.0,0.0,0.0,1.0,1.0
30,2024-05-15 04:30:00+00:00,2,0,0.0,0.0,0.0,0.9999999999999999,0.9999999999999999
30,2024-05-15 07:30:00+00:00,2,0,0.0,0.0,0.0,0.9999999999999999,0.9999999999999999
30,2024-05-16 02:30:00+00:00,2,0,0.0,0.0,0.0,0.9999999999999999,0.9999999999999999
30,2024-05-16 03:00:00+00:00,2,0,0.0,0.0,0.0,0.9999999999999999,0.9999999999999999
30,2024-05-16 04:30:00+00:00,4,0,0.0,0.0,0.0,1.0,1.0
30,2024-05-16 05:00:00+00:00,1,0,0.0,0.0,0.0,1.0,1.0
30,2024-05-16 05:30:00+00:00,1,0,0.0,0.0,0.0,1.0,1.0
30,2024-05-16 06:30:00+00:00,3,0,0.0,0.0,0.0,1.0,1.0
30,2024-05-17 07:00:00+00:00,2,0,0.0,0.0,0.0,0.9999999999999999,0.9999999999999999
30,2024-05-17 08:00:00+00:00,1,0,0.0,0.0,0.0,1.0,1.0
30,2024-05-17 08:30:00+00:00,1,0,0.0,0.0,0.0,1.0,1.0
30,2024-05-18 04:00:00+00:00,1,0,0.0,0.0,0.0,1.0,1.0
30,2024-05-18 05:00:00+00:00,1,0,0.0,0.0,0.0,1.0,1.0
30,2024-05-18 09:00:00+00:00,1,0,0.0,0.0,0.0,1.0,1.0
30,2024-05-18 09:30:00+00:00,2,0,0.0,0.0,0.0,0.9999999999999999,0.9999999999999999
30,2024-05-18 11:30:00+00:00,1,0,0.0,0.0,0.0,1.0,1.0
30,2024-05-19 16:30:00+00:00,1,0,0.0,0.0,0.0,1.0,1.0
30,2024-05-20 03:00:00+00:00,2,0,0.0,0.0,0.0,0.9999999999999999,0.9999999999999999
30,2024-05-20 03:30:00+00:00,1,0,0.0,0.0,0.0,1.0,1.0
30,2024-05-20 04:00:00+00:00,1,0,0.0,0.0,0.0,1.0,1.0
30,2024-05-20 05:00:00+00:00,1,0,0.0,0.0,0.0,1.0,1.0
30,2024-05-20 07:00:00+00:00,1,0,0.0,0.0,0.0,1.0,1.0
30,2024-05-20 07:30:00+00:00,1,0,0.0,0.0,0.0,1.0,1.0
30,2024-05-20 08:30:00+00:00,3,0,0.0,0.0,0.0,1.0,1.0
30,2024-05-20 09:00:00+00:00,1,0,0.0,0.0,0.0,1.0,1.0
30,2024-05-21 03:00:00+00:00,3,0,0.0,0.0,0.0,1.0,1.0
30,2024-05-21 04:00:00+00:00,2,0,0.0,0.0,0.0,0.9999999999999999,0.9999999999999999
30,2024-05-21 06:00:00+00:00,2,0,0.0,0.0,0.0,0.9999999999999999,0.9999999999999999
30,2024-05-21 08:30:00+00:00,1,0,0.0,0.0,0.0,1.0,1.0
30,2024-05-21 11:00:00+00:00,1,0,0.0,0.0,0.0,1.0,1.0
30,2024-05-22 04:30:00+00:00,1,0,0.0,0.0,0.0,1.0,1.0
30,2024-05-22 05:00:00+00:00,1,0,0.0,0.0,0.0,1.0,1.0
30,2024-05-23 07:30:00+00:00,1,0,0.0,0.0,0.0,1.0,1.0
30,2024-05-23 10:30:00+00:00,1,0,0.0,0.0,0.0,1.0,1.0
30,2024-05-24 02:30:00+00:00,1,0,0.0,0.0,0.0,1.0,1.0
30,2024-05-24 03:00:00+00:00,3,0,0.0,0.0,0.0,1.0,1.0
30,2024-05-24 03:30:00+00:00,1,0,0.0,0.0,0.0,1.0,1.0
30,2024-05-24 04:00:00+00:00,1,0,0.0,0.0,0.0,1.0,1.0
30,2024-05-24 05:00:00+00:00,1,0,0.0,0.0,0.0,1.0,1.0
30,2024-05-24 05:30:00+00:00,1,0,0.0,0.0,0.0,1.0,1.0
30,2024-05-24 06:30:00+00:00,1,0,0.0,0.0,0.0,1.0,1.0
30,2024-05-24 07:30:00+00:00,1,0,0.0,0.0,0.0,1.0,1.0
30,2024-05-25 03:00:00+00:00,1,0,0.0,0.0,0.0,1.0,1.0
30,2024-05-25 09:00:00+00:00,1,0,0.0,0.0,0.0,1.0,1.0
30,2024-05-27 03:00:00+00:00,2,0,0.0,0.0,0.0,0.9999999999999999,0.9999999999999999
30,2024-05-27 03:30:00+00:00,3,0,0.0,0.0,0.0,1.0,1.0
30,2024-05-27 04:00:00+00:00,2,0,0.0,0.0,0.0,0.9999999999999999,0.9999999999999999
30,2024-05-27 04:30:00+00:00,2,0,0.0,0.0,0.0,0.9999999999999999,0.9999999999999999
30,2024-05-27 05:30:00+00:00,1,0,0.0,0.0,0.0,1.0,1.0
30,2024-05-27 06:00:00+00:00,3,0,0.0,0.0,0.0,1.0,1.0
30,2024-05-27 06:30:00+00:00,1,0,0.0,0.0,0.0,1.0,1.0
30,2024-05-27 07:00:00+00:00,2,0,0.0,0.0,0.0,0.9999999999999999,0.9999999999999999
30,2024-05-27 08:00:00+00:00,4,0,0.0,0.0,0.0,1.0,1.0
30,2024-05-28 02:00:00+00:00,1,0,0.0,0.0,0.0,1.0,1.0
30,2024-05-28 03:00:00+00:00,1,0,0.0,0.0,0.0,1.0,1.0
30,2024-05-28 04:30:00+00:00,2,0,0.0,0.0,0.0,0.9999999999999999,0.9999999999999999
30,2024-05-28 05:00:00+00:00,1,0,0.0,0.0,0.0,1.0,1.0
30,2024-05-29 04:30:00+00:00,1,0,0.0,0.0,0.0,1.0,1.0
30,2024-05-29 14:30:00+00:00,1,0,0.0,0.0,0.0,1.0,1.0
30,2024-05-29 15:30:00+00:00,1,0,0.0,0.0,0.0,1.0,1.0
30,2024-05-30 02:30:00+00:00,1,0,0.0,0.0,0.0,1.0,1.0
30,2024-05-30 03:30:00+00:00,2,0,0.0,0.0,0.0,0.9999999999999999,0.9999999999999999
30,2024-05-30 05:00:00+00:00,1,0,0.0,0.0,0.0,1.0,1.0
30,2024-05-30 06:30:00+00:00,1,0,0.0,0.0,0.0,1.0,1.0
30,2024-05-30 08:00:00+00:00,1,0,0.0,0.0,0.0,1.0,1.0
30,2024-05-30 09:00:00+00:00,1,0,0.0,0.0,0.0,1.0,1.0
30,2024-05-31 02:30:00+00:00,1,0,0.0,0.0,0.0,1.0,1.0
30,2024-05-31 03:00:00+00:00,3,0,0.0,0.0,0.0,1.0,1.0
30,2024-05-31 04:00:00+00:00,1,0,0.0,0.0,0.0,1.0,1.0
30,2024-05-31 04:30:00+00:00,2,0,0.0,0.0,0.0,0.9999999999999999,0.9999999999999999
30,2024-05-31 05:30:00+00:00,1,0,0.0,0.0,0.0,1.0,1.0
30,2024-06-01 03:00:00+00:00,1,0,0.0,0.0,0.0,1.0,1.0
30,2024-06-01 03:30:00+00:00,1,0,0.0,0.0,0.0,1.0,1.0
30,2024-06-01 05:30:00+00:00,1,0,0.0,0.0,0.0,1.0,1.0
30,2024-06-01 07:00:00+00:00,3,0,0.0,0.0,0.0,1.0,1.0
30,2024-06-01 08:00:00+00:00,1,0,0.0,0.0,0.0,1.0,1.0
30,2024-06-01 10:00:00+00:00,1,0,0.0,0.0,0.0,1.0,1.0
30,2024-06-02 04:00:00+00:00,1,0,0.0,0.0,0.0,1.0,1.0
30,2024-06-02 10:00:00+00:00,1,0,0.0,0.0,0.0,1.0,1.0
30,2024-06-03 01:00:00+00:00,1,0,0.0,0.0,0.0,1.0,1.0
30,2024-06-03 03:00:00+00:00,2,0,0.0,0.0,0.0,0.9999999999999999,0.9999999999999999
30,2024-06-03 04:00:00+00:00,2,0,0.0,0.0,0.0,0.9999999999999999,0.9999999999999999
30,2024-06-03 04:30:00+00:00,1,0,0.0,0.0,0.0,1.0,1.0
30,2024-06-04 04:00:00+00:00,1,0,0.0,0.0,0.0,1.0,1.0
30,2024-06-04 04:30:00+00:00,1,0,0.0,0.0,0.0,1.0,1.0
30,2024-06-04 05:00:00+00:00,2,0,0.0,0.0,0.0,0.9999999999999999,0.9999999999999999
30,2024-06-04 06:30:00+00:00,1,0,0.0,0.0,0.0,1.0,1.0
30,2024-06-04 15:30:00+00:00,1,0,0.0,0.0,0.0,1.0,1.0
30,2024-06-04 17:00:00+00:00,1,0,0.0,0.0,0.0,1.0,1.0
30,2024-06-05 02:30:00+00:00,2,0,0.0,0.0,0.0,0.9999999999999999,0.9999999999999999
30,2024-06-05 04:30:00+00:00,2,0,0.0,0.0,0.0,0.9999999999999999,0.9999999999999999
30,2024-06-05 05:00:00+00:00,1,0,0.0,0.0,0.0,1.0,1.0
30,2024-06-05 06:00:00+00:00,1,0,0.0,0.0,0.0,1.0,1.0
30,2024-06-05 07:00:00+00:00,1,0,0.0,0.0,0.0,1.0,1.0
30,2024-06-05 08:30:00+00:00,1,0,0.0,0.0,0.0,1.0,1.0
30,2024-06-06 05:00:00+00:00,2,0,0.0,0.0,0.0,0.9999999999999999,0.9999999999999999
30,2024-06-06 10:00:00+00:00,1,0,0.0,0.0,0.0,1.0,1.0
30,2024-06-07 08:00:00+00:00,1,0,0.0,0.0,0.0,1.0,1.0
30,2024-06-07 09:30:00+00:00,1,0,0.0,0.0,0.0,1.0,1.0
30,2024-06-07 17:30:00+00:00,1,0,0.0,0.0,0.0,1.0,1.0
30,2024-06-08 03:30:00+00:00,1,0,0.0,0.0,0.0,1.0,1.0
30,2024-06-08 05:00:00+00:00,1,0,0.0,0.0,0.0,1.0,1.0
30,2024-06-08 05:30:00+00:00,3,0,0.0,0.0,0.0,1.0,1.0
30,2024-06-08 06:00:00+00:00,1,0,0.0,0.0,0.0,1.0,1.0
30,2024-06-09 07:30:00+00:00,1,0,0.0,0.0,0.0,1.0,1.0
30,2024-06-09 18:00:00+00:00,1,0,0.0,0.0,0.0,1.0,1.0
30,2024-06-10 00:30:00+00:00,1,0,0.0,0.0,0.0,1.0,1.0
30,2024-06-10 02:00:00+00:00,1,0,0.0,0.0,0.0,1.0,1.0
30,2024-06-10 03:00:00+00:00,1,0,0.0,0.0,0.0,1.0,1.0
30,2024-06-10 03:30:00+00:00,2,0,0.0,0.0,0.0,0.9999999999999999,0.9999999999999999
30,2024-06-10 04:00:00+00:00,1,0,0.0,0.0,0.0,1.0,1.0
30,2024-06-10 04:30:00+00:00,1,0,0.0,0.0,0.0,1.0,1.0
30,2024-06-10 05:00:00+00:00,2,0,0.0,0.0,0.0,0.9999999999999999,0.9999999999999999
30,2024-06-10 05:30:00+00:00,1,0,0.0,0.0,0.0,1.0,1.0
30,2024-06-10 06:00:00+00:00,1,0,0.0,0.0,0.0,1.0,1.0
30,2024-06-11 02:00:00+00:00,1,0,0.0,0.0,0.0,1.0,1.0
30,2024-06-11 04:00:00+00:00,1,0,0.0,0.0,0.0,1.0,1.0
30,2024-06-11 10:00:00+00:00,1,0,0.0,0.0,0.0,1.0,1.0
30,2024-06-11 17:00:00+00:00,1,0,0.0,0.0,0.0,1.0,1.0
30,2024-06-12 03:00:00+00:00,2,0,0.0,0.0,0.0,0.9999999999999999,0.9999999999999999
30,2024-06-12 07:00:00+00:00,2,0,0.0,0.0,0.0,0.9999999999999999,0.9999999999999999
30,2024-06-12 07:30:00+00:00,1,0,0.0,0.0,0.0,1.0,1.0
30,2024-06-12 08:30:00+00:00,4,0,0.0,0.0,0.0,1.0,1.0
30,2024-06-12 11:30:00+00:00,1,0,0.0,0.0,0.0,1.0,1.0
30,2024-06-13 04:00:00+00:00,3,0,0.0,0.0,0.0,1.0,1.0
30,2024-06-13 04:30:00+00:00,1,0,0.0,0.0,0.0,1.0,1.0
30,2024-06-13 05:30:00+00:00,1,0,0.0,0.0,0.0,1.0,1.0
30,2024-06-13 06:00:00+00:00,1,0,0.0,0.0,0.0,1.0,1.0
30,2024-06-13 07:00:00+00:00,1,0,0.0,0.0,0.0,1.0,1.0
30,2024-06-13 08:30:00+00:00,1,0,0.0,0.0,0.0,1.0,1.0
30,2024-06-13 09:00:00+00:00,1,0,0.0,0.0,0.0,1.0,1.0
30,2024-06-14 02:30:00+00:00,2,0,0.0,0.0,0.0,0.9999999999999999,0.9999999999999999
30,2024-06-14 03:00:00+00:00,2,0,0.0,0.0,0.0,0.9999999999999999,0.9999999999999999
30,2024-06-14 03:30:00+00:00,4,0,0.0,0.0,0.0,1.0,1.0
30,2024-06-14 04:30:00+00:00,1,0,0.0,0.0,0.0,1.0,1.0
30,2024-06-14 05:00:00+00:00,1,0,0.0,0.0,0.0,1.0,1.0
30,2024-06-14 08:00:00+00:00,1,0,0.0,0.0,0.0,1.0,1.0
30,2024-06-14 09:30:00+00:00,2,0,0.0,0.0,0.0,0.9999999999999999,0.9999999999999999
30,2024-06-15 01:00:00+00:00,2,0,0.0,0.0,0.0,0.9999999999999999,0.9999999999999999
30,2024-06-15 02:30:00+00:00,2,0,0.0,0.0,0.0,0.9999999999999999,0.9999999999999999
30,2024-06-15 05:00:00+00:00,1,0,0.0,0.0,0.0,1.0,1.0
30,2024-06-15 07:00:00+00:00,1,0,0.0,0.0,0.0,1.0,1.0
30,2024-06-15 07:30:00+00:00,1,0,0.0,0.0,0.0,1.0,1.0
30,2024-06-17 03:00:00+00:00,4,0,0.0,0.0,0.0,1.0,1.0
30,2024-06-17 04:00:00+00:00,1,0,0.0,0.0,0.0,1.0,1.0
30,2024-06-17 04:30:00+00:00,1,0,0.0,0.0,0.0,1.0,1.0
30,2024-06-17 07:30:00+00:00,2,0,0.0,0.0,0.0,0.9999999999999999,0.9999999999999999
30,2024-06-18 03:00:00+00:00,1,0,0.0,0.0,0.0,1.0,1.0
30,2024-06-18 03:30:00+00:00,1,0,0.0,0.0,0.0,1.0,1.0
30,2024-06-18 04:00:00+00:00,3,0,0.0,0.0,0.0,1.0,1.0
30,2024-06-18 06:30:00+00:00,1,0,0.0,0.0,0.0,1.0,1.0
30,2024-06-18 08:30:00+00:00,2,0,0.0,0.0,0.0,0.9999999999999999,0.9999999999999999
30,2024-06-18 09:30:00+00:00,1,0,0.0,0.0,0.0,1.0,1.0
30,2024-06-18 12:30:00+00:00,1,0,0.0,0.0,0.0,1.0,1.0
30,2024-06-18 13:30:00+00:00,2,0,0.0,0.0,0.0,0.9999999999999999,0.9999999999999999
30,2024-06-19 03:00:00+00:00,1,0,0.0,0.0,0.0,1.0,1.0
30,2024-06-19 03:30:00+00:00,4,0,0.0,0.0,0.0,1.0,1.0
30,2024-06-19 04:00:00+00:00,3,0,0.0,0.0,0.0,1.0,1.0
30,2024-06-19 04:30:00+00:00,3,0,0.0,0.0,0.0,1.0,1.0
30,2024-06-19 05:00:00+00:00,4,0,0.0,0.0,0.0,1.0,1.0
30,2024-06-19 06:00:00+00:00,1,0,0.0,0.0,0.0,1.0,1.0
30,2024-06-19 08:00:00+00:00,1,0,0.0,0.0,0.0,1.0,1.0
30,2024-06-19 09:00:00+00:00,1,0,0.0,0.0,0.0,1.0,1.0
30,2024-06-20 03:00:00+00:00,1,0,0.0,0.0,0.0,1.0,1.0
30,2024-06-20 03:30:00+00:00,2,0,0.0,0.0,0.0,0.9999999999999999,0.9999999999999999
30,2024-06-20 04:00:00+00:00,1,0,0.0,0.0,0.0,1.0,1.0
30,2024-06-20 05:00:00+00:00,1,0,0.0,0.0,0.0,1.0,1.0
30,2024-06-20 07:00:00+00:00,2,0,0.0,0.0,0.0,0.9999999999999999,0.9999999999999999
30,2024-06-20 07:30:00+00:00,1,0,0.0,0.0,0.0,1.0,1.0
30,2024-06-20 09:00:00+00:00,1,0,0.0,0.0,0.0,1.0,1.0
30,2024-06-21 02:30:00+00:00,1,0,0.0,0.0,0.0,1.0,1.0
30,2024-06-21 03:00:00+00:00,2,0,0.0,0.0,0.0,0.9999999999999999,0.9999999999999999
30,2024-06-21 03:30:00+00:00,1,0,0.0,0.0,0.0,1.0,1.0
30,2024-06-21 04:30:00+00:00,1,0,0.0,0.0,0.0,1.0,1.0
30,2024-06-21 05:30:00+00:00,2,0,0.0,0.0,0.0,0.9999999999999999,0.9999999999999999
30,2024-06-21 06:30:00+00:00,1,0,0.0,0.0,0.0,1.0,1.0
30,2024-06-21 08:30:00+00:00,1,0,0.0,0.0,0.0,1.0,1.0
30,2024-06-21 09:00:00+00:00,1,0,0.0,0.0,0.0,1.0,1.0
30,2024-06-22 02:30:00+00:00,2,0,0.0,0.0,0.0,0.9999999999999999,0.9999999999999999
30,2024-06-22 08:00:00+00:00,1,0,0.0,0.0,0.0,1.0,1.0
30,2024-06-22 08:30:00+00:00,4,0,0.0,0.0,0.0,1.0,1.0
30,2024-06-22 09:00:00+00:00,1,0,0.0,0.0,0.0,1.0,1.0
30,2024-06-22 10:00:00+00:00,1,0,0.0,0.0,0.0,1.0,1.0
30,2024-06-23 09:00:00+00:00,1,0,0.0,0.0,0.0,1.0,1.0
30,2024-06-23 18:00:00+00:00,1,0,0.0,0.0,0.0,1.0,1.0
30,2024-06-24 02:30:00+00:00,1,0,0.0,0.0,0.0,1.0,1.0
30,2024-06-24 04:00:00+00:00,3,0,0.0,0.0,0.0,1.0,1.0
30,2024-06-24 06:00:00+00:00,1,0,0.0,0.0,0.0,1.0,1.0
30,2024-06-24 06:30:00+00:00,1,0,0.0,0.0,0.0,1.0,1.0
30,2024-06-24 09:30:00+00:00,1,0,0.0,0.0,0.0,1.0,1.0
30,2024-06-24 14:00:00+00:00,1,0,0.0,0.0,0.0,1.0,1.0
30,2024-06-25 01:00:00+00:00,1,0,0.0,0.0,0.0,1.0,1.0
30,2024-06-25 02:30:00+00:00,5,0,0.0,0.0,0.0,0.9999999999999999,0.9999999999999999
30,2024-06-25 03:00:00+00:00,2,0,0.0,0.0,0.0,0.9999999999999999,0.9999999999999999
30,2024-06-25 03:30:00+00:00,2,0,0.0,0.0,0.0,0.9999999999999999,0.9999999999999999
30,2024-06-25 04:00:00+00:00,2,0,0.0,0.0,0.0,0.9999999999999999,0.9999999999999999
30,2024-06-25 05:30:00+00:00,1,0,0.0,0.0,0.0,1.0,1.0
30,2024-06-25 07:00:00+00:00,1,0,0.0,0.0,0.0,1.0,1.0
30,2024-06-25 08:00:00+00:00,1,0,0.0,0.0,0.0,1.0,1.0
30,2024-06-25 09:00:00+00:00,1,0,0.0,0.0,0.0,1.0,1.0
30,2024-06-26 03:00:00+00:00,5,0,0.0,0.0,0.0,0.9999999999999999,0.9999999999999999
30,2024-06-26 04:00:00+00:00,2,0,0.0,0.0,0.0,0.9999999999999999,0.9999999999999999
30,2024-06-26 04:30:00+00:00,1,0,0.0,0.0,0.0,1.0,1.0
30,2024-06-26 05:00:00+00:00,2,0,0.0,0.0,0.0,0.9999999999999999,0.9999999999999999
30,2024-06-26 06:00:00+00:00,1,0,0.0,0.0,0.0,1.0,1.0
30,2024-06-26 10:30:00+00:00,1,0,0.0,0.0,0.0,1.0,1.0
30,2024-06-27 03:00:00+00:00,5,0,0.0,0.0,0.0,0.9999999999999999,0.9999999999999999
30,2024-06-27 03:30:00+00:00,1,0,0.0,0.0,0.0,1.0,1.0
30,2024-06-27 04:30:00+00:00,1,0,0.0,0.0,0.0,1.0,1.0
30,2024-06-27 05:00:00+00:00,1,0,0.0,0.0,0.0,1.0,1.0
30,2024-06-27 06:30:00+00:00,1,0,0.0,0.0,0.0,1.0,1.0
30,2024-06-27 16:30:00+00:00,1,0,0.0,0.0,0.0,1.0,1.0
30,2024-06-27 17:00:00+00:00,1,0,0.0,0.0,0.0,1.0,1.0
30,2024-06-28 01:00:00+00:00,1,0,0.0,0.0,0.0,1.0,1.0
30,2024-06-28 01:30:00+00:00,1,0,0.0,0.0,0.0,1.0,1.0
30,2024-06-28 02:30:00+00:00,2,0,0.0,0.0,0.0,0.9999999999999999,0.9999999999999999
30,2024-06-28 03:00:00+00:00,1,0,0.0,0.0,0.0,1.0,1.0
30,2024-06-28 03:30:00+00:00,3,0,0.0,0.0,0.0,1.0,1.0
30,2024-06-28 04:00:00+00:00,3,0,0.0,0.0,0.0,1.0,1.0
30,2024-06-28 04:30:00+00:00,1,0,0.0,0.0,0.0,1.0,1.0
30,2024-06-28 05:00:00+00:00,1,0,0.0,0.0,0.0,1.0,1.0
30,2024-06-28 06:00:00+00:00,1,0,0.0,0.0,0.0,1.0,1.0
30,2024-06-28 07:00:00+00:00,1,0,0.0,0.0,0.0,1.0,1.0
30,2024-06-28 08:30:00+00:00,1,0,0.0,0.0,0.0,1.0,1.0
30,2024-06-28 10:00:00+00:00,1,0,0.0,0.0,0.0,1.0,1.0
30,2024-06-28 10:30:00+00:00,1,0,0.0,0.0,0.0,1.0,1.0
30,2024-06-29 00:00:00+00:00,1,0,0.0,0.0,0.0,1.0,1.0
30,2024-06-29 00:30:00+00:00,1,0,0.0,0.0,0.0,1.0,1.0
30,2024-06-29 03:00:00+00:00,3,0,0.0,0.0,0.0,1.0,1.0
30,2024-06-29 03:30:00+00:00,4,0,0.0,0.0,0.0,1.0,1.0
30,2024-06-29 05:30:00+00:00,2,0,0.0,0.0,0.0,0.9999999999999999,0.9999999999999999
30,2024-06-29 06:30:00+00:00,1,0,0.0,0.0,0.0,1.0,1.0
30,2024-06-29 07:30:00+00:00,1,0,0.0,0.0,0.0,1.0,1.0
30,2024-06-30 02:30:00+00:00,2,0,0.0,0.0,0.0,0.9999999999999999,0.9999999999999999
30,2024-07-01 03:00:00+00:00,2,0,0.0,0.0,0.0,0.9999999999999999,0.9999999999999999
30,2024-07-01 03:30:00+00:00,4,0,0.0,0.0,0.0,1.0,1.0
30,2024-07-01 04:00:00+00:00,3,0,0.0,0.0,0.0,1.0,1.0
30,2024-07-01 04:30:00+00:00,5,0,0.0,0.0,0.0,0.9999999999999999,0.9999999999999999
30,2024-07-01 05:00:00+00:00,1,0,0.0,0.0,0.0,1.0,1.0
30,2024-07-01 05:30:00+00:00,1,0,0.0,0.0,0.0,1.0,1.0
30,2024-07-01 06:30:00+00:00,3,0,0.0,0.0,0.0,1.0,1.0
30,2024-07-01 07:00:00+00:00,3,0,0.0,0.0,0.0,1.0,1.0
30,2024-07-01 10:00:00+00:00,1,0,0.0,0.0,0.0,1.0,1.0
30,2024-07-02 03:30:00+00:00,4,0,0.0,0.0,0.0,1.0,1.0
30,2024-07-02 04:00:00+00:00,2,0,0.0,0.0,0.0,0.9999999999999999,0.9999999999999999
30,2024-07-02 05:30:00+00:00,2,0,0.0,0.0,0.0,0.9999999999999999,0.9999999999999999
30,2024-07-02 08:00:00+00:00,1,0,0.0,0.0,0.0,1.0,1.0
30,2024-07-02 08:30:00+00:00,1,0,0.0,0.0,0.0,1.0,1.0
30,2024-07-02 09:30:00+00:00,1,0,0.0,0.0,0.0,1.0,1.0
30,2024-07-02 14:00:00+00:00,3,0,0.0,0.0,0.0,1.0,1.0
30,2024-07-03 04:00:00+00:00,3,0,0.0,0.0,0.0,1.0,1.0
30,2024-07-03 05:30:00+00:00,1,0,0.0,0.0,0.0,1.0,1.0
30,2024-07-03 07:30:00+00:00,1,0,0.0,0.0,0.0,1.0,1.0
30,2024-07-03 08:00:00+00:00,1,0,0.0,0.0,0.0,1.0,1.0
30,2024-07-03 09:30:00+00:00,2,0,0.0,0.0,0.0,0.9999999999999999,0.9999999999999999
30,2024-07-04 01:30:00+00:00,1,0,0.0,0.0,0.0,1.0,1.0
30,2024-07-04 02:00:00+00:00,1,0,0.0,0.0,0.0,1.0,1.0
30,2024-07-04 02:30:00+00:00,3,0,0.0,0.0,0.0,1.0,1.0
30,2024-07-04 03:00:00+00:00,2,0,0.0,0.0,0.0,0.9999999999999999,0.9999999999999999
30,2024-07-04 03:30:00+00:00,3,0,0.0,0.0,0.0,1.0,1.0
30,2024-07-04 04:00:00+00:00,1,0,0.0,0.0,0.0,1.0,1.0
30,2024-07-04 04:30:00+00:00,1,0,0.0,0.0,0.0,1.0,1.0
30,2024-07-04 05:30:00+00:00,2,0,0.0,0.0,0.0,0.9999999999999999,0.9999999999999999
30,2024-07-04 06:30:00+00:00,2,2,1.0,1.0,1.0,-0.3333333333333333,-0.9999999999999999
30,2024-07-04 08:00:00+00:00,1,0,0.0,0.0,0.0,1.0,1.0
30,2024-07-04 16:00:00+00:00,5,0,0.0,0.0,0.0,0.9999999999999999,0.9999999999999999
30,2024-07-05 03:00:00+00:00,1,0,0.0,0.0,0.0,1.0,1.0
30,2024-07-05 03:30:00+00:00,5,0,0.0,0.0,0.0,0.9999999999999999,0.9999999999999999
30,2024-07-05 04:00:00+00:00,3,0,0.0,0.0,0.0,1.0,1.0
30,2024-07-05 04:30:00+00:00,2,0,0.0,0.0,0.0,0.9999999999999999,0.9999999999999999
30,2024-07-05 05:30:00+00:00,2,0,0.0,0.0,0.0,0.9999999999999999,0.9999999999999999
30,2024-07-05 06:30:00+00:00,2,0,0.0,0.0,0.0,0.9999999999999999,0.9999999999999999
30,2024-07-05 07:30:00+00:00,1,0,0.0,0.0,0.0,1.0,1.0
30,2024-07-05 10:00:00+00:00,1,0,0.0,0.0,0.0,1.0,1.0
30,2024-07-06 00:30:00+00:00,1,0,0.0,0.0,0.0,1.0,1.0
30,2024-07-06 02:30:00+00:00,4,0,0.0,0.0,0.0,1.0,1.0
30,2024-07-06 03:00:00+00:00,3,0,0.0,0.0,0.0,1.0,1.0
30,2024-07-06 05:30:00+00:00,1,0,0.0,0.0,0.0,1.0,1.0
30,2024-07-06 06:00:00+00:00,1,0,0.0,0.0,0.0,1.0,1.0
30,2024-07-06 07:00:00+00:00,1,0,0.0,0.0,0.0,1.0,1.0
30,2024-07-06 07:30:00+00:00,1,0,0.0,0.0,0.0,1.0,1.0
30,2024-07-06 08:00:00+00:00,1,0,0.0,0.0,0.0,1.0,1.0
30,2024-07-06 08:30:00+00:00,1,0,0.0,0.0,0.0,1.0,1.0
30,2024-07-07 17:00:00+00:00,1,0,0.0,0.0,0.0,1.0,1.0
30,2024-07-08 01:00:00+00:00,1,0,0.0,0.0,0.0,1.0,1.0
30,2024-07-08 02:00:00+00:00,1,0,0.0,0.0,0.0,1.0,1.0
30,2024-07-08 02:30:00+00:00,2,0,0.0,0.0,0.0,0.9999999999999999,0.9999999999999999
30,2024-07-08 03:00:00+00:00,5,0,0.0,0.0,0.0,0.9999999999999999,0.9999999999999999
30,2024-07-08 03:30:00+00:00,4,0,0.0,0.0,0.0,1.0,1.0
30,2024-07-08 04:00:00+00:00,2,0,0.0,0.0,0.0,0.9999999999999999,0.9999999999999999
30,2024-07-08 04:30:00+00:00,1,0,0.0,0.0,0.0,1.0,1.0
30,2024-07-08 07:00:00+00:00,1,0,0.0,0.0,0.0,1.0,1.0
30,2024-07-08 09:00:00+00:00,1,0,0.0,0.0,0.0,1.0,1.0
30,2024-07-08 10:00:00+00:00,1,0,0.0,0.0,0.0,1.0,1.0
30,2024-07-08 15:30:00+00:00,4,0,0.0,0.0,0.0,1.0,1.0
30,2024-07-08 16:00:00+00:00,1,0,0.0,0.0,0.0,1.0,1.0
30,2024-07-09 01:30:00+00:00,1,0,0.0,0.0,0.0,1.0,1.0
30,2024-07-09 02:00:00+00:00,2,0,0.0,0.0,0.0,0.9999999999999999,0.9999999999999999
30,2024-07-09 03:00:00+00:00,2,0,0.0,0.0,0.0,0.9999999999999999,0.9999999999999999
30,2024-07-09 03:30:00+00:00,2,0,0.0,0.0,0.0,0.9999999999999999,0.9999999999999999
30,2024-07-09 04:00:00+00:00,6,0,0.0,0.0,0.0,1.0,1.0
30,2024-07-09 06:00:00+00:00,1,0,0.0,0.0,0.0,1.0,1.0
30,2024-07-09 07:00:00+00:00,1,0,0.0,0.0,0.0,1.0,1.0
30,2024-07-09 07:30:00+00:00,1,0,0.0,0.0,0.0,1.0,1.0
30,2024-07-09 09:30:00+00:00,1,0,0.0,0.0,0.0,1.0,1.0
30,2024-07-09 16:00:00+00:00,4,0,0.0,0.0,0.0,1.0,1.0
30,2024-07-09 17:30:00+00:00,1,0,0.0,0.0,0.0,1.0,1.0
30,2024-07-10 01:30:00+00:00,2,0,0.0,0.0,0.0,0.9999999999999999,0.9999999999999999
30,2024-07-10 02:30:00+00:00,1,0,0.0,0.0,0.0,1.0,1.0
30,2024-07-10 03:00:00+00:00,6,0,0.0,0.0,0.0,1.0,1.0
30,2024-07-10 03:30:00+00:00,1,0,0.0,0.0,0.0,1.0,1.0
30,2024-07-10 04:00:00+00:00,1,0,0.0,0.0,0.0,1.0,1.0
30,2024-07-10 04:30:00+00:00,1,0,0.0,0.0,0.0,1.0,1.0
30,2024-07-10 05:00:00+00:00,1,0,0.0,0.0,0.0,1.0,1.0
30,2024-07-10 05:30:00+00:00,2,0,0.0,0.0,0.0,0.9999999999999999,0.9999999999999999
30,2024-07-10 06:00:00+00:00,1,0,0.0,0.0,0.0,1.0,1.0
30,2024-07-10 06:30:00+00:00,1,0,0.0,0.0,0.0,1.0,1.0
30,2024-07-10 08:00:00+00:00,1,0,0.0,0.0,0.0,1.0,1.0
30,2024-07-10 08:30:00+00:00,1,0,0.0,0.0,0.0,1.0,1.0
30,2024-07-10 17:30:00+00:00,1,0,0.0,0.0,0.0,1.0,1.0
30,2024-07-11 03:00:00+00:00,6,0,0.0,0.0,0.0,1.0,1.0
30,2024-07-11 03:30:00+00:00,4,0,0.0,0.0,0.0,1.0,1.0
30,2024-07-11 04:00:00+00:00,2,0,0.0,0.0,0.0,0.9999999999999999,0.9999999999999999
30,2024-07-11 06:00:00+00:00,4,0,0.0,0.0,0.0,1.0,1.0
30,2024-07-11 06:30:00+00:00,4,0,0.0,0.0,0.0,1.0,1.0
30,2024-07-11 10:00:00+00:00,1,0,0.0,0.0,0.0,1.0,1.0
30,2024-07-11 17:30:00+00:00,3,0,0.0,0.0,0.0,1.0,1.0
30,2024-07-12 01:30:00+00:00,1,0,0.0,0.0,0.0,1.0,1.0
30,2024-07-12 02:30:00+00:00,1,0,0.0,0.0,0.0,1.0,1.0
30,2024-07-12 03:30:00+00:00,6,0,0.0,0.0,0.0,1.0,1.0
30,2024-07-12 04:00:00+00:00,9,0,0.0,0.0,0.0,1.0,1.0
30,2024-07-12 04:30:00+00:00,1,0,0.0,0.0,0.0,1.0,1.0
30,2024-07-12 05:00:00+00:00,1,0,0.0,0.0,0.0,1.0,1.0
30,2024-07-12 05:30:00+00:00,1,0,0.0,0.0,0.0,1.0,1.0
30,2024-07-12 06:30:00+00:00,3,0,0.0,0.0,0.0,1.0,1.0
30,2024-07-12 09:00:00+00:00,2,0,0.0,0.0,0.0,0.9999999999999999,0.9999999999999999
30,2024-07-12 10:30:00+00:00,1,0,0.0,0.0,0.0,1.0,1.0
30,2024-07-12 18:00:00+00:00,1,0,0.0,0.0,0.0,1.0,1.0
30,2024-07-13 03:00:00+00:00,4,0,0.0,0.0,0.0,1.0,1.0
30,2024-07-13 03:30:00+00:00,11,0,0.0,0.0,0.0,1.0,1.0
30,2024-07-13 04:30:00+00:00,2,0,0.0,0.0,0.0,0.9999999999999999,0.9999999999999999
30,2024-07-13 05:30:00+00:00,1,0,0.0,0.0,0.0,1.0,1.0
30,2024-07-13 06:00:00+00:00,1,0,0.0,0.0,0.0,1.0,1.0
30,2024-07-13 08:00:00+00:00,1,0,0.0,0.0,0.0,1.0,1.0
30,2024-07-13 08:30:00+00:00,1,0,0.0,0.0,0.0,1.0,1.0
30,2024-07-14 12:30:00+00:00,1,0,0.0,0.0,0.0,1.0,1.0
30,2024-07-15 01:30:00+00:00,2,0,0.0,0.0,0.0,0.9999999999999999,0.9999999999999999
30,2024-07-15 02:00:00+00:00,1,0,0.0,0.0,0.0,1.0,1.0
30,2024-07-15 02:30:00+00:00,1,0,0.0,0.0,0.0,1.0,1.0
30,2024-07-15 03:00:00+00:00,10,2,0.2,0.2,1.0,0.9939393939393938,0.9878787878787878
30,2024-07-15 03:30:00+00:00,2,0,0.0,0.0,0.0,0.9999999999999999,0.9999999999999999
30,2024-07-15 04:00:00+00:00,6,0,0.0,0.0,0.0,1.0,1.0
30,2024-07-15 04:30:00+00:00,6,0,0.0,0.0,0.0,1.0,1.0
30,2024-07-15 06:00:00+00:00,1,0,0.0,0.0,0.0,1.0,1.0
30,2024-07-15 06:30:00+00:00,1,0,0.0,0.0,0.0,1.0,1.0
30,2024-07-15 09:00:00+00:00,2,0,0.0,0.0,0.0,0.9999999999999999,0.9999999999999999
30,2024-07-15 09:30:00+00:00,1,0,0.0,0.0,0.0,1.0,1.0
30,2024-07-16 02:30:00+00:00,2,0,0.0,0.0,0.0,0.9999999999999999,0.9999999999999999
30,2024-07-16 03:00:00+00:00,4,0,0.0,0.0,0.0,1.0,1.0
30,2024-07-16 03:30:00+00:00,7,0,0.0,0.0,0.0,1.0,1.0
30,2024-07-16 04:00:00+00:00,5,0,0.0,0.0,0.0,0.9999999999999999,0.9999999999999999
30,2024-07-16 04:30:00+00:00,1,0,0.0,0.0,0.0,1.0,1.0
30,2024-07-16 05:00:00+00:00,2,0,0.0,0.0,0.0,0.9999999999999999,0.9999999999999999
30,2024-07-16 07:30:00+00:00,1,0,0.0,0.0,0.0,1.0,1.0
30,2024-07-16 08:30:00+00:00,2,0,0.0,0.0,0.0,0.9999999999999999,0.9999999999999999
30,2024-07-16 09:00:00+00:00,1,0,0.0,0.0,0.0,1.0,1.0
30,2024-07-16 12:30:00+00:00,1,0,0.0,0.0,0.0,1.0,1.0
30,2024-07-16 17:30:00+00:00,3,0,0.0,0.0,0.0,1.0,1.0
30,2024-07-16 18:00:00+00:00,6,0,0.0,0.0,0.0,1.0,1.0
30,2024-07-16 18:30:00+00:00,2,0,0.0,0.0,0.0,0.9999999999999999,0.9999999999999999
30,2024-07-17 02:30:00+00:00,1,0,0.0,0.0,0.0,1.0,1.0
30,2024-07-17 07:30:00+00:00,1,0,0.0,0.0,0.0,1.0,1.0
30,2024-07-17 08:30:00+00:00,1,0,0.0,0.0,0.0,1.0,1.0
30,2024-07-17 09:00:00+00:00,1,0,0.0,0.0,0.0,1.0,1.0
30,2024-07-17 16:30:00+00:00,3,0,0.0,0.0,0.0,1.0,1.0
30,2024-07-17 17:00:00+00:00,6,0,0.0,0.0,0.0,1.0,1.0
30,2024-07-17 17:30:00+00:00,1,0,0.0,0.0,0.0,1.0,1.0
30,2024-07-17 18:00:00+00:00,1,0,0.0,0.0,0.0,1.0,1.0
30,2024-07-18 02:00:00+00:00,1,0,0.0,0.0,0.0,1.0,1.0
30,2024-07-18 02:30:00+00:00,8,0,0.0,0.0,0.0,1.0,1.0
30,2024-07-18 03:00:00+00:00,3,0,0.0,0.0,0.0,1.0,1.0
30,2024-07-18 04:30:00+00:00,3,0,0.0,0.0,0.0,1.0,1.0
30,2024-07-18 05:00:00+00:00,2,0,0.0,0.0,0.0,0.9999999999999999,0.9999999999999999
30,2024-07-18 05:30:00+00:00,1,0,0.0,0.0,0.0,1.0,1.0
30,2024-07-18 06:30:00+00:00,1,0,0.0,0.0,0.0,1.0,1.0
30,2024-07-18 07:00:00+00:00,1,0,0.0,0.0,0.0,1.0,1.0
30,2024-07-18 09:30:00+00:00,1,0,0.0,0.0,0.0,1.0,1.0
30,2024-07-18 17:00:00+00:00,1,0,0.0,0.0,0.0,1.0,1.0
30,2024-07-19 00:30:00+00:00,1,0,0.0,0.0,0.0,1.0,1.0
30,2024-07-19 02:30:00+00:00,7,0,0.0,0.0,0.0,1.0,1.0
30,2024-07-19 03:00:00+00:00,4,0,0.0,0.0,0.0,1.0,1.0
30,2024-07-19 04:00:00+00:00,1,0,0.0,0.0,0.0,1.0,1.0
30,2024-07-19 05:00:00+00:00,1,0,0.0,0.0,0.0,1.0,1.0
30,2024-07-19 06:30:00+00:00,1,0,0.0,0.0,0.0,1.0,1.0
30,2024-07-19 09:30:00+00:00,1,0,0.0,0.0,0.0,1.0,1.0
30,2024-07-19 18:00:00+00:00,3,0,0.0,0.0,0.0,1.0,1.0
30,2024-07-19 18:30:00+00:00,4,0,0.0,0.0,0.0,1.0,1.0
30,2024-07-20 03:00:00+00:00,2,0,0.0,0.0,0.0,0.9999999999999999,0.9999999999999999
30,2024-07-20 03:30:00+00:00,8,0,0.0,0.0,0.0,1.0,1.0
30,2024-07-20 04:00:00+00:00,2,0,0.0,0.0,0.0,0.9999999999999999,0.9999999999999999
30,2024-07-20 05:00:00+00:00,1,0,0.0,0.0,0.0,1.0,1.0
30,2024-07-20 07:00:00+00:00,1,0,0.0,0.0,0.0,1.0,1.0
30,2024-07-20 08:30:00+00:00,1,0,0.0,0.0,0.0,1.0,1.0
30,2024-07-20 09:00:00+00:00,1,0,0.0,0.0,0.0,1.0,1.0
30,2024-07-20 09:30:00+00:00,1,0,0.0,0.0,0.0,1.0,1.0
30,2024-07-21 13:30:00+00:00,2,0,0.0,0.0,0.0,0.9999999999999999,0.9999999999999999
30,2024-07-21 19:30:00+00:00,2,0,0.0,0.0,0.0,0.9999999999999999,0.9999999999999999
30,2024-07-21 20:00:00+00:00,8,0,0.0,0.0,0.0,1.0,1.0
30,2024-07-22 01:00:00+00:00,1,0,0.0,0.0,0.0,1.0,1.0
30,2024-07-22 02:30:00+00:00,1,0,0.0,0.0,0.0,1.0,1.0
30,2024-07-22 03:00:00+00:00,3,0,0.0,0.0,0.0,1.0,1.0
30,2024-07-22 03:30:00+00:00,4,0,0.0,0.0,0.0,1.0,1.0
30,2024-07-22 04:00:00+00:00,3,0,0.0,0.0,0.0,1.0,1.0
30,2024-07-22 04:30:00+00:00,3,0,0.0,0.0,0.0,1.0,1.0
30,2024-07-22 05:00:00+00:00,3,0,0.0,0.0,0.0,1.0,1.0
30,2024-07-22 05:30:00+00:00,1,0,0.0,0.0,0.0,1.0,1.0
30,2024-07-22 06:00:00+00:00,1,0,0.0,0.0,0.0,1.0,1.0
30,2024-07-22 08:30:00+00:00,1,0,0.0,0.0,0.0,1.0,1.0
30,2024-07-22 16:00:00+00:00,2,0,0.0,0.0,0.0,0.9999999999999999,0.9999999999999999
30,2024-07-23 02:00:00+00:00,1,0,0.0,0.0,0.0,1.0,1.0
30,2024-07-23 02:30:00+00:00,7,0,0.0,0.0,0.0,1.0,1.0
30,2024-07-23 03:00:00+00:00,3,0,0.0,0.0,0.0,1.0,1.0
30,2024-07-23 04:00:00+00:00,2,0,0.0,0.0,0.0,0.9999999999999999,0.9999999999999999
30,2024-07-23 04:30:00+00:00,3,0,0.0,0.0,0.0,1.0,1.0
30,2024-07-23 07:00:00+00:00,1,0,0.0,0.0,0.0,1.0,1.0
30,2024-07-23 15:00:00+00:00,1,0,0.0,0.0,0.0,1.0,1.0
30,2024-07-23 15:30:00+00:00,1,0,0.0,0.0,0.0,1.0,1.0
30,2024-07-23 16:30:00+00:00,1,0,0.0,0.0,0.0,1.0,1.0
30,2024-07-23 17:00:00+00:00,2,0,0.0,0.0,0.0,0.9999999999999999,0.9999999999999999
30,2024-07-23 17:30:00+00:00,3,0,0.0,0.0,0.0,1.0,1.0
30,2024-07-23 18:00:00+00:00,2,0,0.0,0.0,0.0,0.9999999999999999,0.9999999999999999
30,2024-07-23 18:30:00+00:00,1,0,0.0,0.0,0.0,1.0,1.0
30,2024-07-24 00:30:00+00:00,1,0,0.0,0.0,0.0,1.0,1.0
30,2024-07-24 02:00:00+00:00,1,0,0.0,0.0,0.0,1.0,1.0
30,2024-07-24 02:30:00+00:00,10,0,0.0,0.0,0.0,0.9999999999999999,0.9999999999999999
30,2024-07-24 03:00:00+00:00,2,0,0.0,0.0,0.0,0.9999999999999999,0.9999999999999999
30,2024-07-24 04:30:00+00:00,2,0,0.0,0.0,0.0,0.9999999999999999,0.9999999999999999
30,2024-07-24 05:00:00+00:00,1,0,0.0,0.0,0.0,1.0,1.0
30,2024-07-24 05:30:00+00:00,3,0,0.0,0.0,0.0,1.0,1.0
30,2024-07-24 07:00:00+00:00,1,0,0.0,0.0,0.0,1.0,1.0
30,2024-07-24 15:00:00+00:00,1,0,0.0,0.0,0.0,1.0,1.0
30,2024-07-24 15:30:00+00:00,1,0,0.0,0.0,0.0,1.0,1.0
30,2024-07-24 18:00:00+00:00,1,0,0.0,0.0,0.0,1.0,1.0
30,2024-07-25 00:00:00+00:00,1,0,0.0,0.0,0.0,1.0,1.0
30,2024-07-25 02:30:00+00:00,6,0,0.0,0.0,0.0,1.0,1.0
30,2024-07-25 03:00:00+00:00,3,0,0.0,0.0,0.0,1.0,1.0
30,2024-07-25 03:30:00+00:00,1,0,0.0,0.0,0.0,1.0,1.0
30,2024-07-25 04:00:00+00:00,1,0,0.0,0.0,0.0,1.0,1.0
30,2024-07-25 04:30:00+00:00,2,0,0.0,0.0,0.0,0.9999999999999999,0.9999999999999999
30,2024-07-25 05:00:00+00:00,1,0,0.0,0.0,0.0,1.0,1.0
30,2024-07-25 07:30:00+00:00,1,0,0.0,0.0,0.0,1.0,1.0
30,2024-07-25 16:00:00+00:00,2,0,0.0,0.0,0.0,0.9999999999999999,0.9999999999999999
30,2024-07-25 17:00:00+00:00,6,0,0.0,0.0,0.0,1.0,1.0
30,2024-07-26 02:30:00+00:00,1,0,0.0,0.0,0.0,1.0,1.0
30,2024-07-26 03:00:00+00:00,2,0,0.0,0.0,0.0,0.9999999999999999,0.9999999999999999
30,2024-07-26 03:30:00+00:00,7,0,0.0,0.0,0.0,1.0,1.0
30,2024-07-26 07:30:00+00:00,1,0,0.0,0.0,0.0,1.0,1.0
30,2024-07-26 08:00:00+00:00,3,0,0.0,0.0,0.0,1.0,1.0
30,2024-07-26 08:30:00+00:00,1,0,0.0,0.0,0.0,1.0,1.0
30,2024-07-26 09:30:00+00:00,1,0,0.0,0.0,0.0,1.0,1.0
30,2024-07-26 15:30:00+00:00,5,0,0.0,0.0,0.0,0.9999999999999999,0.9999999999999999
30,2024-07-26 16:00:00+00:00,1,0,0.0,0.0,0.0,1.0,1.0
30,2024-07-27 04:00:00+00:00,1,0,0.0,0.0,0.0,1.0,1.0
30,2024-07-27 07:00:00+00:00,2,0,0.0,0.0,0.0,0.9999999999999999,0.9999999999999999
30,2024-07-29 02:00:00+00:00,1,0,0.0,0.0,0.0,1.0,1.0
30,2024-07-29 04:00:00+00:00,3,0,0.0,0.0,0.0,1.0,1.0
30,2024-07-29 04:30:00+00:00,9,0,0.0,0.0,0.0,1.0,1.0
30,2024-07-29 05:00:00+00:00,3,0,0.0,0.0,0.0,1.0,1.0
30,2024-07-29 05:30:00+00:00,1,0,0.0,0.0,0.0,1.0,1.0
30,2024-07-29 07:30:00+00:00,1,0,0.0,0.0,0.0,1.0,1.0
30,2024-07-29 08:00:00+00:00,1,0,0.0,0.0,0.0,1.0,1.0
30,2024-07-29 09:00:00+00:00,3,0,0.0,0.0,0.0,1.0,1.0
30,2024-07-29 10:30:00+00:00,1,0,0.0,0.0,0.0,1.0,1.0
30,2024-07-30 02:00:00+00:00,1,0,0.0,0.0,0.0,1.0,1.0
30,2024-07-30 02:30:00+00:00,1,0,0.0,0.0,0.0,1.0,1.0
30,2024-07-30 04:30:00+00:00,1,0,0.0,0.0,0.0,1.0,1.0
30,2024-07-30 06:00:00+00:00,1,0,0.0,0.0,0.0,1.0,1.0
30,2024-07-30 07:30:00+00:00,1,0,0.0,0.0,0.0,1.0,1.0
30,2024-07-30 08:30:00+00:00,1,0,0.0,0.0,0.0,1.0,1.0
30,2024-07-30 15:30:00+00:00,1,0,0.0,0.0,0.0,1.0,1.0
30,2024-07-30 16:00:00+00:00,4,0,0.0,0.0,0.0,1.0,1.0
30,2024-07-30 16:30:00+00:00,3,0,0.0,0.0,0.0,1.0,1.0
30,2024-07-31 01:30:00+00:00,1,0,0.0,0.0,0.0,1.0,1.0
30,2024-07-31 03:00:00+00:00,1,0,0.0,0.0,0.0,1.0,1.0
30,2024-07-31 04:30:00+00:00,1,0,0.0,0.0,0.0,1.0,1.0
30,2024-07-31 05:00:00+00:00,1,0,0.0,0.0,0.0,1.0,1.0
30,2024-07-31 05:30:00+00:00,2,0,0.0,0.0,0.0,0.9999999999999999,0.9999999999999999
30,2024-07-31 06:30:00+00:00,2,0,0.0,0.0,0.0,0.9999999999999999,0.9999999999999999
30,2024-07-31 11:00:00+00:00,1,0,0.0,0.0,0.0,1.0,1.0
30,2024-07-31 11:30:00+00:00,1,0,0.0,0.0,0.0,1.0,1.0
30,2024-07-31 16:30:00+00:00,1,0,0.0,0.0,0.0,1.0,1.0
30,2024-08-01 02:30:00+00:00,5,0,0.0,0.0,0.0,0.9999999999999999,0.9999999999999999
30,2024-08-01 03:00:00+00:00,1,0,0.0,0.0,0.0,1.0,1.0
30,2024-08-01 04:00:00+00:00,1,0,0.0,0.0,0.0,1.0,1.0
30,2024-08-01 09:00:00+00:00,3,0,0.0,0.0,0.0,1.0,1.0
30,2024-08-02 03:30:00+00:00,3,0,0.0,0.0,0.0,1.0,1.0
30,2024-08-02 04:00:00+00:00,3,0,0.0,0.0,0.0,1.0,1.0
30,2024-08-02 07:00:00+00:00,1,0,0.0,0.0,0.0,1.0,1.0
30,2024-08-02 07:30:00+00:00,1,0,0.0,0.0,0.0,1.0,1.0
30,2024-08-02 08:30:00+00:00,5,0,0.0,0.0,0.0,0.9999999999999999,0.9999999999999999
30,2024-08-02 09:30:00+00:00,1,0,0.0,0.0,0.0,1.0,1.0
30,2024-08-03 03:30:00+00:00,1,0,0.0,0.0,0.0,1.0,1.0
30,2024-08-03 04:00:00+00:00,1,0,0.0,0.0,0.0,1.0,1.0
30,2024-08-03 05:00:00+00:00,2,0,0.0,0.0,0.0,0.9999999999999999,0.9999999999999999
30,2024-08-03 07:30:00+00:00,1,0,0.0,0.0,0.0,1.0,1.0
30,2024-08-03 08:30:00+00:00,1,0,0.0,0.0,0.0,1.0,1.0
30,2024-08-03 09:00:00+00:00,1,0,0.0,0.0,0.0,1.0,1.0
30,2024-08-05 04:00:00+00:00,1,0,0.0,0.0,0.0,1.0,1.0
30,2024-08-05 08:30:00+00:00,1,0,0.0,0.0,0.0,1.0,1.0
30,2024-08-05 10:00:00+00:00,2,0,0.0,0.0,0.0,0.9999999999999999,0.9999999999999999
30,2024-08-06 02:00:00+00:00,1,0,0.0,0.0,0.0,1.0,1.0
30,2024-08-06 03:30:00+00:00,4,0,0.0,0.0,0.0,1.0,1.0
30,2024-08-06 04:00:00+00:00,4,0,0.0,0.0,0.0,1.0,1.0
30,2024-08-06 04:30:00+00:00,2,0,0.0,0.0,0.0,0.9999999999999999,0.9999999999999999
30,2024-08-06 05:00:00+00:00,7,0,0.0,0.0,0.0,1.0,1.0
30,2024-08-06 06:30:00+00:00,2,0,0.0,0.0,0.0,0.9999999999999999,0.9999999999999999
30,2024-08-06 07:00:00+00:00,1,0,0.0,0.0,0.0,1.0,1.0
30,2024-08-07 02:30:00+00:00,1,0,0.0,0.0,0.0,1.0,1.0
30,2024-08-07 03:00:00+00:00,4,0,0.0,0.0,0.0,1.0,1.0
30,2024-08-07 03:30:00+00:00,3,0,0.0,0.0,0.0,1.0,1.0
30,2024-08-07 05:00:00+00:00,2,0,0.0,0.0,0.0,0.9999999999999999,0.9999999999999999
30,2024-08-07 05:30:00+00:00,2,0,0.0,0.0,0.0,0.9999999999999999,0.9999999999999999
30,2024-08-07 07:00:00+00:00,1,0,0.0,0.0,0.0,1.0,1.0
30,2024-08-07 09:30:00+00:00,1,0,0.0,0.0,0.0,1.0,1.0
30,2024-08-07 10:00:00+00:00,2,2,1.0,1.0,1.0,0.0,-0.9999999999999999
30,2024-08-07 12:00:00+00:00,1,0,0.0,0.0,0.0,1.0,1.0
30,2024-08-07 13:00:00+00:00,1,0,0.0,0.0,0.0,1.0,1.0
30,2024-08-08 02:30:00+00:00,2,0,0.0,0.0,0.0,0.9999999999999999,0.9999999999999999
30,2024-08-08 03:00:00+00:00,3,0,0.0,0.0,0.0,1.0,1.0
30,2024-08-08 03:30:00+00:00,3,0,0.0,0.0,0.0,1.0,1.0
30,2024-08-08 04:00:00+00:00,3,0,0.0,0.0,0.0,1.0,1.0
30,2024-08-08 05:00:00+00:00,1,0,0.0,0.0,0.0,1.0,1.0
30,2024-08-08 06:00:00+00:00,3,0,0.0,0.0,0.0,1.0,1.0
30,2024-08-08 06:30:00+00:00,2,0,0.0,0.0,0.0,0.9999999999999999,0.9999999999999999
30,2024-08-08 07:00:00+00:00,2,0,0.0,0.0,0.0,0.9999999999999999,0.9999999999999999
30,2024-08-08 10:00:00+00:00,1,0,0.0,0.0,0.0,1.0,1.0
30,2024-08-08 12:30:00+00:00,1,0,0.0,0.0,0.0,1.0,1.0
30,2024-08-09 03:00:00+00:00,5,0,0.0,0.0,0.0,0.9999999999999999,0.9999999999999999
30,2024-08-09 03:30:00+00:00,2,0,0.0,0.0,0.0,0.9999999999999999,0.9999999999999999
30,2024-08-09 04:30:00+00:00,1,0,0.0,0.0,0.0,1.0,1.0
30,2024-08-09 05:30:00+00:00,2,0,0.0,0.0,0.0,0.9999999999999999,0.9999999999999999
30,2024-08-09 06:00:00+00:00,1,0,0.0,0.0,0.0,1.0,1.0
30,2024-08-09 15:00:00+00:00,2,0,0.0,0.0,0.0,0.9999999999999999,0.9999999999999999
30,2024-08-09 16:00:00+00:00,2,0,0.0,0.0,0.0,0.9999999999999999,0.9999999999999999
30,2024-08-09 16:30:00+00:00,2,0,0.0,0.0,0.0,0.9999999999999999,0.9999999999999999
30,2024-08-09 17:00:00+00:00,4,0,0.0,0.0,0.0,1.0,1.0
30,2024-08-09 17:30:00+00:00,3,0,0.0,0.0,0.0,1.0,1.0
30,2024-08-10 02:30:00+00:00,1,0,0.0,0.0,0.0,1.0,1.0
30,2024-08-10 03:30:00+00:00,1,0,0.0,0.0,0.0,1.0,1.0
30,2024-08-10 04:00:00+00:00,6,0,0.0,0.0,0.0,1.0,1.0
30,2024-08-10 04:30:00+00:00,3,0,0.0,0.0,0.0,1.0,1.0
30,2024-08-10 05:00:00+00:00,2,0,0.0,0.0,0.0,0.9999999999999999,0.9999999999999999
30,2024-08-10 07:30:00+00:00,1,0,0.0,0.0,0.0,1.0,1.0
30,2024-08-10 09:30:00+00:00,1,0,0.0,0.0,0.0,1.0,1.0
30,2024-08-10 10:30:00+00:00,1,0,0.0,0.0,0.0,1.0,1.0
30,2024-08-11 11:30:00+00:00,1,0,0.0,0.0,0.0,1.0,1.0
30,2024-08-12 03:00:00+00:00,2,0,0.0,0.0,0.0,0.9999999999999999,0.9999999999999999
30,2024-08-12 03:30:00+00:00,1,0,0.0,0.0,0.0,1.0,1.0
30,2024-08-12 04:00:00+00:00,1,0,0.0,0.0,0.0,1.0,1.0
30,2024-08-12 06:30:00+00:00,1,0,0.0,0.0,0.0,1.0,1.0
30,2024-08-12 07:30:00+00:00,1,0,0.0,0.0,0.0,1.0,1.0
30,2024-08-12 08:30:00+00:00,1,0,0.0,0.0,0.0,1.0,1.0
30,2024-08-12 14:00:00+00:00,1,0,0.0,0.0,0.0,1.0,1.0
30,2024-08-13 01:00:00+00:00,1,0,0.0,0.0,0.0,1.0,1.0
30,2024-08-13 02:00:00+00:00,1,0,0.0,0.0,0.0,1.0,1.0
30,2024-08-13 02:30:00+00:00,6,0,0.0,0.0,0.0,1.0,1.0
30,2024-08-13 03:00:00+00:00,6,0,0.0,0.0,0.0,1.0,1.0
30,2024-08-13 10:00:00+00:00,1,0,0.0,0.0,0.0,1.0,1.0
30,2024-08-14 03:00:00+00:00,1,0,0.0,0.0,0.0,1.0,1.0
30,2024-08-14 03:30:00+00:00,4,0,0.0,0.0,0.0,1.0,1.0
30,2024-08-14 04:00:00+00:00,3,0,0.0,0.0,0.0,1.0,1.0
30,2024-08-14 04:30:00+00:00,2,0,0.0,0.0,0.0,0.9999999999999999,0.9999999999999999
30,2024-08-14 06:00:00+00:00,1,0,0.0,0.0,0.0,1.0,1.0
30,2024-08-14 07:00:00+00:00,1,0,0.0,0.0,0.0,1.0,1.0
30,2024-08-15 01:30:00+00:00,1,0,0.0,0.0,0.0,1.0,1.0
30,2024-08-15 02:30:00+00:00,1,0,0.0,0.0,0.0,1.0,1.0
30,2024-08-15 03:00:00+00:00,1,0,0.0,0.0,0.0,1.0,1.0
30,2024-08-15 03:30:00+00:00,2,0,0.0,0.0,0.0,0.9999999999999999,0.9999999999999999
30,2024-08-15 04:00:00+00:00,4,0,0.0,0.0,0.0,1.0,1.0
30,2024-08-15 04:30:00+00:00,5,0,0.0,0.0,0.0,0.9999999999999999,0.9999999999999999
30,2024-08-15 12:30:00+00:00,1,0,0.0,0.0,0.0,1.0,1.0
30,2024-08-15 13:30:00+00:00,1,0,0.0,0.0,0.0,1.0,1.0
30,2024-08-15 17:30:00+00:00,1,0,0.0,0.0,0.0,1.0,1.0
30,2024-08-16 02:30:00+00:00,3,0,0.0,0.0,0.0,1.0,1.0
30,2024-08-16 03:30:00+00:00,2,0,0.0,0.0,0.0,0.9999999999999999,0.9999999999999999
30,2024-08-16 04:00:00+00:00,4,0,0.0,0.0,0.0,1.0,1.0
30,2024-08-16 04:30:00+00:00,2,0,0.0,0.0,0.0,0.9999999999999999,0.9999999999999999
30,2024-08-16 05:00:00+00:00,1,0,0.0,0.0,0.0,1.0,1.0
30,2024-08-16 09:30:00+00:00,1,0,0.0,0.0,0.0,1.0,1.0
30,2024-08-16 10:00:00+00:00,1,0,0.0,0.0,0.0,1.0,1.0
30,2024-08-17 02:30:00+00:00,2,0,0.0,0.0,0.0,0.9999999999999999,0.9999999999999999
30,2024-08-17 03:00:00+00:00,1,0,0.0,0.0,0.0,1.0,1.0
30,2024-08-17 03:30:00+00:00,3,2,0.6666666666666666,0.6666666666666666,1.0,0.75,0.5
30,2024-08-17 04:00:00+00:00,3,0,0.0,0.0,0.0,1.0,1.0
30,2024-08-17 04:30:00+00:00,3,0,0.0,0.0,0.0,1.0,1.0
30,2024-08-17 05:00:00+00:00,1,0,0.0,0.0,0.0,1.0,1.0
30,2024-08-17 05:30:00+00:00,1,0,0.0,0.0,0.0,1.0,1.0
30,2024-08-18 12:00:00+00:00,2,0,0.0,0.0,0.0,0.9999999999999999,0.9999999999999999
30,2024-08-18 15:30:00+00:00,1,0,0.0,0.0,0.0,1.0,1.0
30,2024-08-19 01:30:00+00:00,1,0,0.0,0.0,0.0,1.0,1.0
30,2024-08-19 03:00:00+00:00,3,0,0.0,0.0,0.0,1.0,1.0
30,2024-08-19 04:00:00+00:00,2,0,0.0,0.0,0.0,0.9999999999999999,0.9999999999999999
30,2024-08-19 04:30:00+00:00,3,0,0.0,0.0,0.0,1.0,1.0
30,2024-08-19 05:00:00+00:00,6,0,0.0,0.0,0.0,1.0,1.0
30,2024-08-19 05:30:00+00:00,1,0,0.0,0.0,0.0,1.0,1.0
30,2024-08-19 07:00:00+00:00,1,0,0.0,0.0,0.0,1.0,1.0
30,2024-08-20 00:30:00+00:00,1,0,0.0,0.0,0.0,1.0,1.0
30,2024-08-20 03:30:00+00:00,2,0,0.0,0.0,0.0,0.9999999999999999,0.9999999999999999
30,2024-08-20 04:00:00+00:00,4,0,0.0,0.0,0.0,1.0,1.0
30,2024-08-20 04:30:00+00:00,3,0,0.0,0.0,0.0,1.0,1.0
30,2024-08-20 05:00:00+00:00,1,0,0.0,0.0,0.0,1.0,1.0
30,2024-08-20 05:30:00+00:00,2,0,0.0,0.0,0.0,0.9999999999999999,0.9999999999999999
30,2024-08-20 06:30:00+00:00,1,0,0.0,0.0,0.0,1.0,1.0
30,2024-08-20 08:00:00+00:00,1,0,0.0,0.0,0.0,1.0,1.0
30,2024-08-20 12:30:00+00:00,2,0,0.0,0.0,0.0,0.9999999999999999,0.9999999999999999
30,2024-08-20 14:00:00+00:00,1,0,0.0,0.0,0.0,1.0,1.0
30,2024-08-21 02:00:00+00:00,1,0,0.0,0.0,0.0,1.0,1.0
30,2024-08-21 03:30:00+00:00,6,0,0.0,0.0,0.0,1.0,1.0
30,2024-08-21 04:00:00+00:00,4,0,0.0,0.0,0.0,1.0,1.0
30,2024-08-21 06:00:00+00:00,1,0,0.0,0.0,0.0,1.0,1.0
30,2024-08-21 07:30:00+00:00,2,0,0.0,0.0,0.0,0.9999999999999999,0.9999999999999999
30,2024-08-21 15:00:00+00:00,1,0,0.0,0.0,0.0,1.0,1.0
30,2024-08-22 04:00:00+00:00,4,0,0.0,0.0,0.0,1.0,1.0
30,2024-08-22 05:00:00+00:00,3,0,0.0,0.0,0.0,1.0,1.0
30,2024-08-22 05:30:00+00:00,2,0,0.0,0.0,0.0,0.9999999999999999,0.9999999999999999
30,2024-08-22 06:00:00+00:00,3,0,0.0,0.0,0.0,1.0,1.0
30,2024-08-22 08:30:00+00:00,1,0,0.0,0.0,0.0,1.0,1.0
30,2024-08-22 12:00:00+00:00,1,0,0.0,0.0,0.0,1.0,1.0
30,2024-08-22 13:30:00+00:00,1,0,0.0,0.0,0.0,1.0,1.0
30,2024-08-23 00:00:00+00:00,1,0,0.0,0.0,0.0,1.0,1.0
30,2024-08-23 02:00:00+00:00,1,0,0.0,0.0,0.0,1.0,1.0
30,2024-08-23 02:30:00+00:00,1,0,0.0,0.0,0.0,1.0,1.0
30,2024-08-23 04:00:00+00:00,1,0,0.0,0.0,0.0,1.0,1.0
30,2024-08-23 04:30:00+00:00,2,0,0.0,0.0,0.0,0.9999999999999999,0.9999999999999999
30,2024-08-23 05:00:00+00:00,1,0,0.0,0.0,0.0,1.0,1.0
60,2023-05-04 14:00:00+00:00,1,0,0.0,0.0,0.0,1.0,1.0
60,2023-05-05 04:00:00+00:00,1,0,0.0,0.0,0.0,1.0,1.0
60,2023-05-06 10:00:00+00:00,1,0,0.0,0.0,0.0,1.0,1.0
60,2023-05-07 15:00:00+00:00,1,0,0.0,0.0,0.0,1.0,1.0
60,2023-05-09 08:00:00+00:00,1,0,0.0,0.0,0.0,1.0,1.0
60,2023-05-09 12:00:00+00:00,1,0,0.0,0.0,0.0,1.0,1.0
60,2023-05-10 01:00:00+00:00,1,0,0.0,0.0,0.0,1.0,1.0
60,2023-05-10 03:00:00+00:00,1,0,0.0,0.0,0.0,1.0,1.0
60,2023-05-11 04:00:00+00:00,2,0,0.0,0.0,0.0,0.9999999999999999,0.9999999999999999
60,2023-05-12 04:00:00+00:00,1,0,0.0,0.0,0.0,1.0,1.0
60,2023-05-12 15:00:00+00:00,2,0,0.0,0.0,0.0,0.9999999999999999,0.9999999999999999
60,2023-05-13 02:00:00+00:00,1,0,0.0,0.0,0.0,1.0,1.0
60,2023-05-13 10:00:00+00:00,2,0,0.0,0.0,0.0,0.9999999999999999,0.9999999999999999
60,2023-05-16 08:00:00+00:00,1,0,0.0,0.0,0.0,1.0,1.0
60,2023-05-16 09:00:00+00:00,1,0,0.0,0.0,0.0,1.0,1.0
60,2023-05-17 04:00:00+00:00,1,0,0.0,0.0,0.0,1.0,1.0
60,2023-05-18 05:00:00+00:00,1,0,0.0,0.0,0.0,1.0,1.0
60,2023-05-18 07:00:00+00:00,1,0,0.0,0.0,0.0,1.0,1.0
60,2023-05-18 14:00:00+00:00,2,0,0.0,0.0,0.0,0.9999999999999999,0.9999999999999999
60,2023-05-19 04:00:00+00:00,2,0,0.0,0.0,0.0,0.9999999999999999,0.9999999999999999
60,2023-05-20 06:00:00+00:00,1,0,0.0,0.0,0.0,1.0,1.0
60,2023-05-20 08:00:00+00:00,2,0,0.0,0.0,0.0,0.9999999999999999,0.9999999999999999
60,2023-05-22 04:00:00+00:00,2,0,0.0,0.0,0.0,0.9999999999999999,0.9999999999999999
60,2023-05-22 11:00:00+00:00,1,0,0.0,0.0,0.0,1.0,1.0
60,2023-05-22 16:00:00+00:00,2,0,0.0,0.0,0.0,0.9999999999999999,0.9999999999999999
60,2023-05-23 03:00:00+00:00,1,0,0.0,0.0,0.0,1.0,1.0
60,2023-05-23 09:00:00+00:00,1,0,0.0,0.0,0.0,1.0,1.0
60,2023-05-23 11:00:00+00:00,1,0,0.0,0.0,0.0,1.0,1.0
60,2023-05-25 03:00:00+00:00,1,0,0.0,0.0,0.0,1.0,1.0
60,2023-05-26 00:00:00+00:00,2,0,0.0,0.0,0.0,0.9999999999999999,0.9999999999999999
60,2023-05-27 07:00:00+00:00,1,0,0.0,0.0,0.0,1.0,1.0
60,2023-05-30 00:00:00+00:00,1,0,0.0,0.0,0.0,1.0,1.0
60,2023-05-30 05:00:00+00:00,3,0,0.0,0.0,0.0,1.0,1.0
60,2023-05-30 09:00:00+00:00,1,0,0.0,0.0,0.0,1.0,1.0
60,2023-05-31 05:00:00+00:00,2,0,0.0,0.0,0.0,0.9999999999999999,0.9999999999999999
60,2023-05-31 06:00:00+00:00,1,0,0.0,0.0,0.0,1.0,1.0
60,2023-05-31 14:00:00+00:00,1,0,0.0,0.0,0.0,1.0,1.0
60,2023-06-01 03:00:00+00:00,1,0,0.0,0.0,0.0,1.0,1.0
60,2023-06-01 06:00:00+00:00,1,0,0.0,0.0,0.0,1.0,1.0
60,2023-06-01 08:00:00+00:00,1,0,0.0,0.0,0.0,1.0,1.0
60,2023-06-02 01:00:00+00:00,1,0,0.0,0.0,0.0,1.0,1.0
60,2023-06-02 05:00:00+00:00,1,0,0.0,0.0,0.0,1.0,1.0
60,2023-06-02 06:00:00+00:00,1,0,0.0,0.0,0.0,1.0,1.0
60,2023-06-02 07:00:00+00:00,1,0,0.0,0.0,0.0,1.0,1.0
60,2023-06-02 09:00:00+00:00,1,0,0.0,0.0,0.0,1.0,1.0
60,2023-06-03 11:00:00+00:00,1,0,0.0,0.0,0.0,1.0,1.0
60,2023-06-04 07:00:00+00:00,2,0,0.0,0.0,0.0,0.9999999999999999,0.9999999999999999
60,2023-06-05 06:00:00+00:00,1,0,0.0,0.0,0.0,1.0,1.0
60,2023-06-05 16:00:00+00:00,1,0,0.0,0.0,0.0,1.0,1.0
60,2023-06-06 05:00:00+00:00,1,0,0.0,0.0,0.0,1.0,1.0
60,2023-06-06 08:00:00+00:00,2,0,0.0,0.0,0.0,0.9999999999999999,0.9999999999999999
60,2023-06-06 13:00:00+00:00,2,0,0.0,0.0,0.0,0.9999999999999999,0.9999999999999999
60,2023-06-07 03:00:00+00:00,2,0,0.0,0.0,0.0,0.9999999999999999,0.9999999999999999
60,2023-06-08 04:00:00+00:00,1,0,0.0,0.0,0.0,1.0,1.0
60,2023-06-09 03:00:00+00:00,1,0,0.0,0.0,0.0,1.0,1.0
60,2023-06-09 04:00:00+00:00,1,0,0.0,0.0,0.0,1.0,1.0
60,2023-06-09 09:00:00+00:00,1,0,0.0,0.0,0.0,1.0,1.0
60,2023-06-09 14:00:00+00:00,1,0,0.0,0.0,0.0,1.0,1.0
60,2023-06-12 05:00:00+00:00,2,0,0.0,0.0,0.0,0.9999999999999999,0.9999999999999999
60,2023-06-12 11:00:00+00:00,1,0,0.0,0.0,0.0,1.0,1.0
60,2023-06-14 08:00:00+00:00,1,0,0.0,0.0,0.0,1.0,1.0
60,2023-06-15 05:00:00+00:00,1,0,0.0,0.0,0.0,1.0,1.0
60,2023-06-18 14:00:00+00:00,1,0,0.0,0.0,0.0,1.0,1.0
60,2023-06-19 10:00:00+00:00,1,0,0.0,0.0,0.0,1.0,1.0
60,2023-06-20 05:00:00+00:00,2,0,0.0,0.0,0.0,0.9999999999999999,0.9999999999999999
60,2023-06-20 14:00:00+00:00,1,0,0.0,0.0,0.0,1.0,1.0
60,2023-06-22 06:00:00+00:00,1,0,0.0,0.0,0.0,1.0,1.0
60,2023-06-22 07:00:00+00:00,1,0,0.0,0.0,0.0,1.0,1.0
60,2023-06-22 09:00:00+00:00,1,0,0.0,0.0,0.0,1.0,1.0
60,2023-06-23 04:00:00+00:00,1,0,0.0,0.0,0.0,1.0,1.0
60,2023-06-23 06:00:00+00:00,2,0,0.0,0.0,0.0,0.9999999999999999,0.9999999999999999
60,2023-06-24 08:00:00+00:00,1,0,0.0,0.0,0.0,1.0,1.0
60,2023-06-24 10:00:00+00:00,1,0,0.0,0.0,0.0,1.0,1.0
60,2023-06-25 15:00:00+00:00,1,0,0.0,0.0,0.0,1.0,1.0
60,2023-06-27 10:00:00+00:00,1,0,0.0,0.0,0.0,1.0,1.0
60,2023-06-28 13:00:00+00:00,2,0,0.0,0.0,0.0,0.9999999999999999,0.9999999999999999
60,2023-06-30 04:00:00+00:00,2,0,0.0,0.0,0.0,0.9999999999999999,0.9999999999999999
60,2023-07-03 07:00:00+00:00,2,0,0.0,0.0,0.0,0.9999999999999999,0.9999999999999999
60,2023-07-04 04:00:00+00:00,1,0,0.0,0.0,0.0,1.0,1.0
60,2023-07-04 05:00:00+00:00,1,0,0.0,0.0,0.0,1.0,1.0
60,2023-07-04 07:00:00+00:00,1,0,0.0,0.0,0.0,1.0,1.0
60,2023-07-05 05:00:00+00:00,3,0,0.0,0.0,0.0,1.0,1.0
60,2023-07-06 04:00:00+00:00,1,0,0.0,0.0,0.0,1.0,1.0
60,2023-07-06 09:00:00+00:00,1,0,0.0,0.0,0.0,1.0,1.0
60,2023-07-07 03:00:00+00:00,1,0,0.0,0.0,0.0,1.0,1.0
60,2023-07-08 09:00:00+00:00,1,0,0.0,0.0,0.0,1.0,1.0
60,2023-07-08 13:00:00+00:00,1,0,0.0,0.0,0.0,1.0,1.0
60,2023-07-10 08:00:00+00:00,1,0,0.0,0.0,0.0,1.0,1.0
60,2023-07-10 09:00:00+00:00,1,0,0.0,0.0,0.0,1.0,1.0
60,2023-07-11 03:00:00+00:00,1,0,0.0,0.0,0.0,1.0,1.0
60,2023-07-11 08:00:00+00:00,2,0,0.0,0.0,0.0,0.9999999999999999,0.9999999999999999
60,2023-07-12 10:00:00+00:00,1,0,0.0,0.0,0.0,1.0,1.0
60,2023-07-12 14:00:00+00:00,1,0,0.0,0.0,0.0,1.0,1.0
60,2023-07-14 02:00:00+00:00,1,0,0.0,0.0,0.0,1.0,1.0
60,2023-07-15 05:00:00+00:00,2,0,0.0,0.0,0.0,0.9999999999999999,0.9999999999999999
60,2023-07-15 06:00:00+00:00,1,0,0.0,0.0,0.0,1.0,1.0
60,2023-07-17 06:00:00+00:00,1,0,0.0,0.0,0.0,1.0,1.0
60,2023-07-17 08:00:00+00:00,1,0,0.0,0.0,0.0,1.0,1.0
60,2023-07-17 10:00:00+00:00,1,0,0.0,0.0,0.0,1.0,1.0
60,2023-07-18 09:00:00+00:00,1,0,0.0,0.0,0.0,1.0,1.0
60,2023-07-18 10:00:00+00:00,1,0,0.0,0.0,0.0,1.0,1.0
60,2023-07-18 17:00:00+00:00,2,0,0.0,0.0,0.0,0.9999999999999999,0.9999999999999999
60,2023-07-20 04:00:00+00:00,2,0,0.0,0.0,0.0,0.9999999999999999,0.9999999999999999
60,2023-07-20 05:00:00+00:00,1,0,0.0,0.0,0.0,1.0,1.0
60,2023-07-20 09:00:00+00:00,2,0,0.0,0.0,0.0,0.9999999999999999,0.9999999999999999
60,2023-07-20 12:00:00+00:00,1,0,0.0,0.0,0.0,1.0,1.0
60,2023-07-22 03:00:00+00:00,1,0,0.0,0.0,0.0,1.0,1.0
60,2023-07-22 11:00:00+00:00,1,0,0.0,0.0,0.0,1.0,1.0
60,2023-07-24 06:00:00+00:00,2,0,0.0,0.0,0.0,0.9999999999999999,0.9999999999999999
60,2023-07-25 01:00:00+00:00,2,0,0.0,0.0,0.0,0.9999999999999999,0.9999999999999999
60,2023-07-25 06:00:00+00:00,3,0,0.0,0.0,0.0,1.0,1.0
60,2023-07-25 08:00:00+00:00,1,0,0.0,0.0,0.0,1.0,1.0
60,2023-07-26 03:00:00+00:00,2,0,0.0,0.0,0.0,0.9999999999999999,0.9999999999999999
60,2023-07-27 01:00:00+00:00,1,0,0.0,0.0,0.0,1.0,1.0
60,2023-07-28 08:00:00+00:00,1,0,0.0,0.0,0.0,1.0,1.0
60,2023-07-29 04:00:00+00:00,2,0,0.0,0.0,0.0,0.9999999999999999,0.9999999999999999
60,2023-07-29 06:00:00+00:00,2,0,0.0,0.0,0.0,0.9999999999999999,0.9999999999999999
60,2023-07-31 10:00:00+00:00,1,0,0.0,0.0,0.0,1.0,1.0
60,2023-08-01 06:00:00+00:00,3,0,0.0,0.0,0.0,1.0,1.0
60,2023-08-01 07:00:00+00:00,1,0,0.0,0.0,0.0,1.0,1.0
60,2023-08-01 16:00:00+00:00,1,0,0.0,0.0,0.0,1.0,1.0
60,2023-08-02 09:00:00+00:00,2,0,0.0,0.0,0.0,0.9999999999999999,0.9999999999999999
60,2023-08-03 05:00:00+00:00,1,0,0.0,0.0,0.0,1.0,1.0
60,2023-08-03 09:00:00+00:00,1,0,0.0,0.0,0.0,1.0,1.0
60,2023-08-05 03:00:00+00:00,1,0,0.0,0.0,0.0,1.0,1.0
60,2023-08-05 10:00:00+00:00,1,0,0.0,0.0,0.0,1.0,1.0
60,2023-08-06 14:00:00+00:00,2,2,1.0,1.0,1.0,0.0,-0.9999999999999999
60,2023-08-07 04:00:00+00:00,1,0,0.0,0.0,0.0,1.0,1.0
60,2023-08-07 05:00:00+00:00,1,0,0.0,0.0,0.0,1.0,1.0
60,2023-08-08 03:00:00+00:00,1,0,0.0,0.0,0.0,1.0,1.0
60,2023-08-09 11:00:00+00:00,1,0,0.0,0.0,0.0,1.0,1.0
60,2023-08-09 15:00:00+00:00,1,0,0.0,0.0,0.0,1.0,1.0
60,2023-08-09 16:00:00+00:00,1,0,0.0,0.0,0.0,1.0,1.0
60,2023-08-11 03:00:00+00:00,1,0,0.0,0.0,0.0,1.0,1.0
60,2023-08-11 09:00:00+00:00,1,0,0.0,0.0,0.0,1.0,1.0
60,2023-08-14 02:00:00+00:00,1,0,0.0,0.0,0.0,1.0,1.0
60,2023-08-14 04:00:00+00:00,3,0,0.0,0.0,0.0,1.0,1.0
60,2023-08-15 02:00:00+00:00,1,0,0.0,0.0,0.0,1.0,1.0
60,2023-08-15 08:00:00+00:00,1,0,0.0,0.0,0.0,1.0,1.0
60,2023-08-16 04:00:00+00:00,1,0,0.0,0.0,0.0,1.0,1.0
60,2023-08-16 05:00:00+00:00,2,0,0.0,0.0,0.0,0.9999999999999999,0.9999999999999999
60,2023-08-16 11:00:00+00:00,1,0,0.0,0.0,0.0,1.0,1.0
60,2023-08-17 06:00:00+00:00,1,0,0.0,0.0,0.0,1.0,1.0
60,2023-08-18 06:00:00+00:00,1,0,0.0,0.0,0.0,1.0,1.0
60,2023-08-19 04:00:00+00:00,1,0,0.0,0.0,0.0,1.0,1.0
60,2023-08-19 11:00:00+00:00,1,0,0.0,0.0,0.0,1.0,1.0
60,2023-08-21 03:00:00+00:00,4,0,0.0,0.0,0.0,1.0,1.0
60,2023-08-21 10:00:00+00:00,1,0,0.0,0.0,0.0,1.0,1.0
60,2023-08-24 02:00:00+00:00,1,0,0.0,0.0,0.0,1.0,1.0
60,2023-08-24 04:00:00+00:00,3,0,0.0,0.0,0.0,1.0,1.0
60,2023-08-25 04:00:00+00:00,1,0,0.0,0.0,0.0,1.0,1.0
60,2023-08-25 05:00:00+00:00,1,0,0.0,0.0,0.0,1.0,1.0
60,2023-08-25 08:00:00+00:00,1,0,0.0,0.0,0.0,1.0,1.0
60,2023-08-26 02:00:00+00:00,2,0,0.0,0.0,0.0,0.9999999999999999,0.9999999999999999
60,2023-08-26 03:00:00+00:00,1,0,0.0,0.0,0.0,1.0,1.0
60,2023-08-26 07:00:00+00:00,2,0,0.0,0.0,0.0,0.9999999999999999,0.9999999999999999
60,2023-08-26 09:00:00+00:00,1,0,0.0,0.0,0.0,1.0,1.0
60,2023-08-28 03:00:00+00:00,1,0,0.0,0.0,0.0,1.0,1.0
60,2023-08-28 13:00:00+00:00,1,0,0.0,0.0,0.0,1.0,1.0
60,2023-08-29 02:00:00+00:00,1,0,0.0,0.0,0.0,1.0,1.0
60,2023-08-30 06:00:00+00:00,1,0,0.0,0.0,0.0,1.0,1.0
60,2023-08-31 05:00:00+00:00,3,0,0.0,0.0,0.0,1.0,1.0
60,2023-08-31 10:00:00+00:00,1,0,0.0,0.0,0.0,1.0,1.0
60,2023-09-05 04:00:00+00:00,1,0,0.0,0.0,0.0,1.0,1.0
60,2023-09-05 10:00:00+00:00,3,0,0.0,0.0,0.0,1.0,1.0
60,2023-09-06 04:00:00+00:00,1,0,0.0,0.0,0.0,1.0,1.0
60,2023-09-07 06:00:00+00:00,1,0,0.0,0.0,0.0,1.0,1.0
60,2023-09-08 05:00:00+00:00,1,0,0.0,0.0,0.0,1.0,1.0
60,2023-09-08 08:00:00+00:00,3,0,0.0,0.0,0.0,1.0,1.0
60,2023-09-09 05:00:00+00:00,1,0,0.0,0.0,0.0,1.0,1.0
60,2023-09-11 06:00:00+00:00,2,0,0.0,0.0,0.0,0.9999999999999999,0.9999999999999999
60,2023-09-11 07:00:00+00:00,1,0,0.0,0.0,0.0,1.0,1.0
60,2023-09-11 08:00:00+00:00,1,0,0.0,0.0,0.0,1.0,1.0
60,2023-09-12 01:00:00+00:00,1,0,0.0,0.0,0.0,1.0,1.0
60,2023-09-12 04:00:00+00:00,1,0,0.0,0.0,0.0,1.0,1.0
60,2023-09-13 03:00:00+00:00,1,0,0.0,0.0,0.0,1.0,1.0
60,2023-09-13 04:00:00+00:00,2,0,0.0,0.0,0.0,0.9999999999999999,0.9999999999999999
60,2023-09-13 08:00:00+00:00,1,0,0.0,0.0,0.0,1.0,1.0
60,2023-09-13 09:00:00+00:00,1,0,0.0,0.0,0.0,1.0,1.0
60,2023-09-13 10:00:00+00:00,1,0,0.0,0.0,0.0,1.0,1.0
60,2023-09-13 14:00:00+00:00,2,0,0.0,0.0,0.0,0.9999999999999999,0.9999999999999999
60,2023-09-13 16:00:00+00:00,1,0,0.0,0.0,0.0,1.0,1.0
60,2023-09-14 06:00:00+00:00,1,0,0.0,0.0,0.0,1.0,1.0
60,2023-09-14 09:00:00+00:00,1,0,0.0,0.0,0.0,1.0,1.0
60,2023-09-14 16:00:00+00:00,2,0,0.0,0.0,0.0,0.9999999999999999,0.9999999999999999
60,2023-09-15 11:00:00+00:00,1,0,0.0,0.0,0.0,1.0,1.0
60,2023-09-16 02:00:00+00:00,1,0,0.0,0.0,0.0,1.0,1.0
60,2023-09-16 07:00:00+00:00,1,0,0.0,0.0,0.0,1.0,1.0
60,2023-09-18 02:00:00+00:00,1,0,0.0,0.0,0.0,1.0,1.0
60,2023-09-18 03:00:00+00:00,1,0,0.0,0.0,0.0,1.0,1.0
60,2023-09-18 05:00:00+00:00,1,0,0.0,0.0,0.0,1.0,1.0
60,2023-09-20 01:00:00+00:00,2,0,0.0,0.0,0.0,0.9999999999999999,0.9999999999999999
60,2023-09-20 03:00:00+00:00,1,0,0.0,0.0,0.0,1.0,1.0
60,2023-09-20 04:00:00+00:00,2,0,0.0,0.0,0.0,0.9999999999999999,0.9999999999999999
60,2023-09-21 02:00:00+00:00,1,0,0.0,0.0,0.0,1.0,1.0
60,2023-09-21 07:00:00+00:00,1,0,0.0,0.0,0.0,1.0,1.0
60,2023-09-21 08:00:00+00:00,1,0,0.0,0.0,0.0,1.0,1.0
60,2023-09-21 11:00:00+00:00,1,0,0.0,0.0,0.0,1.0,1.0
60,2023-09-21 14:00:00+00:00,1,0,0.0,0.0,0.0,1.0,1.0
60,2023-09-22 03:00:00+00:00,1,0,0.0,0.0,0.0,1.0,1.0
60,2023-09-22 04:00:00+00:00,1,0,0.0,0.0,0.0,1.0,1.0
60,2023-09-22 05:00:00+00:00,1,0,0.0,0.0,0.0,1.0,1.0
60,2023-09-22 06:00:00+00:00,1,0,0.0,0.0,0.0,1.0,1.0
60,2023-09-22 10:00:00+00:00,1,0,0.0,0.0,0.0,1.0,1.0
60,2023-09-23 05:00:00+00:00,1,0,0.0,0.0,0.0,1.0,1.0
60,2023-09-23 18:00:00+00:00,1,0,0.0,0.0,0.0,1.0,1.0
60,2023-09-23 19:00:00+00:00,1,0,0.0,0.0,0.0,1.0,1.0
60,2023-09-24 04:00:00+00:00,1,0,0.0,0.0,0.0,1.0,1.0
60,2023-09-24 07:00:00+00:00,1,0,0.0,0.0,0.0,1.0,1.0
60,2023-09-24 12:00:00+00:00,1,0,0.0,0.0,0.0,1.0,1.0
60,2023-09-25 06:00:00+00:00,1,0,0.0,0.0,0.0,1.0,1.0
60,2023-09-25 08:00:00+00:00,1,0,0.0,0.0,0.0,1.0,1.0
60,2023-09-25 13:00:00+00:00,1,0,0.0,0.0,0.0,1.0,1.0
60,2023-09-25 15:00:00+00:00,1,0,0.0,0.0,0.0,1.0,1.0
60,2023-09-26 04:00:00+00:00,1,0,0.0,0.0,0.0,1.0,1.0
60,2023-09-26 06:00:00+00:00,3,0,0.0,0.0,0.0,1.0,1.0
60,2023-09-27 06:00:00+00:00,2,0,0.0,0.0,0.0,0.9999999999999999,0.9999999999999999
60,2023-09-28 03:00:00+00:00,2,0,0.0,0.0,0.0,0.9999999999999999,0.9999999999999999
60,2023-09-28 05:00:00+00:00,1,0,0.0,0.0,0.0,1.0,1.0
60,2023-09-29 05:00:00+00:00,1,0,0.0,0.0,0.0,1.0,1.0
60,2023-09-29 06:00:00+00:00,2,0,0.0,0.0,0.0,0.9999999999999999,0.9999999999999999
60,2023-09-29 07:00:00+00:00,1,0,0.0,0.0,0.0,1.0,1.0
60,2023-09-29 09:00:00+00:00,1,0,0.0,0.0,0.0,1.0,1.0
60,2023-09-30 02:00:00+00:00,1,0,0.0,0.0,0.0,1.0,1.0
60,2023-09-30 11:00:00+00:00,1,0,0.0,0.0,0.0,1.0,1.0
60,2023-10-02 04:00:00+00:00,5,0,0.0,0.0,0.0,0.9999999999999999,0.9999999999999999
60,2023-10-02 07:00:00+00:00,1,0,0.0,0.0,0.0,1.0,1.0
60,2023-10-02 08:00:00+00:00,1,0,0.0,0.0,0.0,1.0,1.0
60,2023-10-02 11:00:00+00:00,1,0,0.0,0.0,0.0,1.0,1.0
60,2023-10-02 16:00:00+00:00,1,0,0.0,0.0,0.0,1.0,1.0
60,2023-10-03 05:00:00+00:00,1,0,0.0,0.0,0.0,1.0,1.0
60,2023-10-03 06:00:00+00:00,1,0,0.0,0.0,0.0,1.0,1.0
60,2023-10-03 09:00:00+00:00,1,0,0.0,0.0,0.0,1.0,1.0
60,2023-10-04 06:00:00+00:00,2,0,0.0,0.0,0.0,0.9999999999999999,0.9999999999999999
60,2023-10-06 01:00:00+00:00,1,0,0.0,0.0,0.0,1.0,1.0
60,2023-10-06 03:00:00+00:00,1,0,0.0,0.0,0.0,1.0,1.0
60,2023-10-06 06:00:00+00:00,1,0,0.0,0.0,0.0,1.0,1.0
60,2023-10-06 07:00:00+00:00,1,0,0.0,0.0,0.0,1.0,1.0
60,2023-10-07 02:00:00+00:00,1,0,0.0,0.0,0.0,1.0,1.0
60,2023-10-07 05:00:00+00:00,1,0,0.0,0.0,0.0,1.0,1.0
60,2023-10-07 07:00:00+00:00,2,0,0.0,0.0,0.0,0.9999999999999999,0.9999999999999999
60,2023-10-07 20:00:00+00:00,1,0,0.0,0.0,0.0,1.0,1.0
60,2023-10-08 10:00:00+00:00,4,0,0.0,0.0,0.0,1.0,1.0
60,2023-10-08 14:00:00+00:00,1,0,0.0,0.0,0.0,1.0,1.0
60,2023-10-09 03:00:00+00:00,1,0,0.0,0.0,0.0,1.0,1.0
60,2023-10-09 05:00:00+00:00,1,0,0.0,0.0,0.0,1.0,1.0
60,2023-10-09 07:00:00+00:00,2,0,0.0,0.0,0.0,0.9999999999999999,0.9999999999999999
60,2023-10-09 10:00:00+00:00,1,0,0.0,0.0,0.0,1.0,1.0
60,2023-10-10 07:00:00+00:00,2,0,0.0,0.0,0.0,0.9999999999999999,0.9999999999999999
60,2023-10-10 08:00:00+00:00,1,0,0.0,0.0,0.0,1.0,1.0
60,2023-10-10 09:00:00+00:00,1,0,0.0,0.0,0.0,1.0,1.0
60,2023-10-11 05:00:00+00:00,1,0,0.0,0.0,0.0,1.0,1.0
60,2023-10-12 04:00:00+00:00,1,0,0.0,0.0,0.0,1.0,1.0
60,2023-10-12 05:00:00+00:00,2,0,0.0,0.0,0.0,0.9999999999999999,0.9999999999999999
60,2023-10-12 06:00:00+00:00,1,0,0.0,0.0,0.0,1.0,1.0
60,2023-10-12 14:00:00+00:00,1,0,0.0,0.0,0.0,1.0,1.0
60,2023-10-13 06:00:00+00:00,2,0,0.0,0.0,0.0,0.9999999999999999,0.9999999999999999
60,2023-10-13 10:00:00+00:00,1,0,0.0,0.0,0.0,1.0,1.0
60,2023-10-16 11:00:00+00:00,3,0,0.0,0.0,0.0,1.0,1.0
60,2023-10-17 07:00:00+00:00,2,0,0.0,0.0,0.0,0.9999999999999999,0.9999999999999999
60,2023-10-18 05:00:00+00:00,4,0,0.0,0.0,0.0,1.0,1.0
60,2023-10-18 06:00:00+00:00,1,0,0.0,0.0,0.0,1.0,1.0
60,2023-10-18 07:00:00+00:00,1,0,0.0,0.0,0.0,1.0,1.0
60,2023-10-18 18:00:00+00:00,1,0,0.0,0.0,0.0,1.0,1.0
60,2023-10-19 01:00:00+00:00,1,0,0.0,0.0,0.0,1.0,1.0
60,2023-10-19 04:00:00+00:00,3,0,0.0,0.0,0.0,1.0,1.0
60,2023-10-19 06:00:00+00:00,1,0,0.0,0.0,0.0,1.0,1.0
60,2023-10-19 10:00:00+00:00,2,0,0.0,0.0,0.0,0.9999999999999999,0.9999999999999999
60,2023-10-20 03:00:00+00:00,1,0,0.0,0.0,0.0,1.0,1.0
60,2023-10-20 16:00:00+00:00,1,0,0.0,0.0,0.0,1.0,1.0
60,2023-10-20 17:00:00+00:00,1,0,0.0,0.0,0.0,1.0,1.0
60,2023-10-21 06:00:00+00:00,1,0,0.0,0.0,0.0,1.0,1.0
60,2023-10-22 14:00:00+00:00,2,0,0.0,0.0,0.0,0.9999999999999999,0.9999999999999999
60,2023-10-23 13:00:00+00:00,1,0,0.0,0.0,0.0,1.0,1.0
60,2023-10-23 14:00:00+00:00,2,0,0.0,0.0,0.0,0.9999999999999999,0.9999999999999999
60,2023-10-24 02:00:00+00:00,1,0,0.0,0.0,0.0,1.0,1.0
60,2023-10-24 12:00:00+00:00,1,0,0.0,0.0,0.0,1.0,1.0
60,2023-10-25 10:00:00+00:00,1,0,0.0,0.0,0.0,1.0,1.0
60,2023-10-26 03:00:00+00:00,1,0,0.0,0.0,0.0,1.0,1.0
60,2023-10-26 06:00:00+00:00,1,0,0.0,0.0,0.0,1.0,1.0
60,2023-10-27 10:00:00+00:00,2,0,0.0,0.0,0.0,0.9999999999999999,0.9999999999999999
60,2023-10-27 17:00:00+00:00,1,0,0.0,0.0,0.0,1.0,1.0
60,2023-10-28 09:00:00+00:00,2,0,0.0,0.0,0.0,0.9999999999999999,0.9999999999999999
60,2023-10-29 13:00:00+00:00,1,0,0.0,0.0,0.0,1.0,1.0
60,2023-10-30 06:00:00+00:00,1,0,0.0,0.0,0.0,1.0,1.0
60,2023-10-31 06:00:00+00:00,1,0,0.0,0.0,0.0,1.0,1.0
60,2023-10-31 12:00:00+00:00,1,0,0.0,0.0,0.0,1.0,1.0
60,2023-11-01 10:00:00+00:00,1,0,0.0,0.0,0.0,1.0,1.0
60,2023-11-01 12:00:00+00:00,1,0,0.0,0.0,0.0,1.0,1.0
60,2023-11-02 04:00:00+00:00,1,0,0.0,0.0,0.0,1.0,1.0
60,2023-11-03 01:00:00+00:00,2,0,0.0,0.0,0.0,0.9999999999999999,0.9999999999999999
60,2023-11-03 02:00:00+00:00,2,0,0.0,0.0,0.0,0.9999999999999999,0.9999999999999999
60,2023-11-03 09:00:00+00:00,1,0,0.0,0.0,0.0,1.0,1.0
60,2023-11-03 14:00:00+00:00,1,0,0.0,0.0,0.0,1.0,1.0
60,2023-11-04 10:00:00+00:00,1,0,0.0,0.0,0.0,1.0,1.0
60,2023-11-04 13:00:00+00:00,1,0,0.0,0.0,0.0,1.0,1.0
60,2023-11-08 18:00:00+00:00,1,0,0.0,0.0,0.0,1.0,1.0
60,2023-11-09 15:00:00+00:00,1,0,0.0,0.0,0.0,1.0,1.0
60,2023-11-09 17:00:00+00:00,1,0,0.0,0.0,0.0,1.0,1.0
60,2023-11-11 04:00:00+00:00,2,0,0.0,0.0,0.0,0.9999999999999999,0.9999999999999999
60,2023-11-11 14:00:00+00:00,1,0,0.0,0.0,0.0,1.0,1.0
60,2023-11-12 13:00:00+00:00,2,0,0.0,0.0,0.0,0.9999999999999999,0.9999999999999999
60,2023-11-12 14:00:00+00:00,3,0,0.0,0.0,0.0,1.0,1.0
60,2023-11-13 04:00:00+00:00,1,0,0.0,0.0,0.0,1.0,1.0
60,2023-11-14 04:00:00+00:00,1,0,0.0,0.0,0.0,1.0,1.0
60,2023-11-15 03:00:00+00:00,2,0,0.0,0.0,0.0,0.9999999999999999,0.9999999999999999
60,2023-11-15 04:00:00+00:00,3,0,0.0,0.0,0.0,1.0,1.0
60,2023-11-15 11:00:00+00:00,2,0,0.0,0.0,0.0,0.9999999999999999,0.9999999999999999
60,2023-11-15 14:00:00+00:00,1,0,0.0,0.0,0.0,1.0,1.0
60,2023-11-16 02:00:00+00:00,1,0,0.0,0.0,0.0,1.0,1.0
60,2023-11-16 04:00:00+00:00,2,0,0.0,0.0,0.0,0.9999999999999999,0.9999999999999999
60,2023-11-17 01:00:00+00:00,1,0,0.0,0.0,0.0,1.0,1.0
60,2023-11-17 02:00:00+00:00,2,0,0.0,0.0,0.0,0.9999999999999999,0.9999999999999999
60,2023-11-17 06:00:00+00:00,2,0,0.0,0.0,0.0,0.9999999999999999,0.9999999999999999
60,2023-11-18 02:00:00+00:00,1,0,0.0,0.0,0.0,1.0,1.0
60,2023-11-18 08:00:00+00:00,1,0,0.0,0.0,0.0,1.0,1.0
60,2023-11-19 02:00:00+00:00,1,0,0.0,0.0,0.0,1.0,1.0
60,2023-11-19 12:00:00+00:00,3,0,0.0,0.0,0.0,1.0,1.0
60,2023-11-19 16:00:00+00:00,1,0,0.0,0.0,0.0,1.0,1.0
60,2023-11-20 10:00:00+00:00,1,0,0.0,0.0,0.0,1.0,1.0
60,2023-11-20 18:00:00+00:00,1,0,0.0,0.0,0.0,1.0,1.0
60,2023-11-21 07:00:00+00:00,2,0,0.0,0.0,0.0,0.9999999999999999,0.9999999999999999
60,2023-11-21 10:00:00+00:00,1,0,0.0,0.0,0.0,1.0,1.0
60,2023-11-22 01:00:00+00:00,2,0,0.0,0.0,0.0,0.9999999999999999,0.9999999999999999
60,2023-11-23 06:00:00+00:00,1,0,0.0,0.0,0.0,1.0,1.0
60,2023-11-24 05:00:00+00:00,2,0,0.0,0.0,0.0,0.9999999999999999,0.9999999999999999
60,2023-11-24 09:00:00+00:00,1,0,0.0,0.0,0.0,1.0,1.0
60,2023-11-24 11:00:00+00:00,1,0,0.0,0.0,0.0,1.0,1.0
60,2023-11-24 14:00:00+00:00,1,0,0.0,0.0,0.0,1.0,1.0
60,2023-11-24 15:00:00+00:00,1,0,0.0,0.0,0.0,1.0,1.0
60,2023-11-25 05:00:00+00:00,1,0,0.0,0.0,0.0,1.0,1.0
60,2023-11-25 14:00:00+00:00,1,0,0.0,0.0,0.0,1.0,1.0
60,2023-11-26 14:00:00+00:00,2,0,0.0,0.0,0.0,0.9999999999999999,0.9999999999999999
60,2023-11-26 15:00:00+00:00,1,0,0.0,0.0,0.0,1.0,1.0
60,2023-11-26 16:00:00+00:00,1,0,0.0,0.0,0.0,1.0,1.0
60,2023-11-27 13:00:00+00:00,1,0,0.0,0.0,0.0,1.0,1.0
60,2023-11-27 14:00:00+00:00,1,0,0.0,0.0,0.0,1.0,1.0
60,2023-11-28 11:00:00+00:00,1,0,0.0,0.0,0.0,1.0,1.0
60,2023-11-29 06:00:00+00:00,1,0,0.0,0.0,0.0,1.0,1.0
60,2023-11-29 08:00:00+00:00,1,0,0.0,0.0,0.0,1.0,1.0
60,2023-11-29 09:00:00+00:00,1,0,0.0,0.0,0.0,1.0,1.0
60,2023-11-30 09:00:00+00:00,2,0,0.0,0.0,0.0,0.9999999999999999,0.9999999999999999
60,2023-11-30 10:00:00+00:00,1,0,0.0,0.0,0.0,1.0,1.0
60,2023-12-09 05:00:00+00:00,2,0,0.0,0.0,0.0,0.9999999999999999,0.9999999999999999
60,2023-12-09 06:00:00+00:00,1,0,0.0,0.0,0.0,1.0,1.0
60,2023-12-09 09:00:00+00:00,1,0,0.0,0.0,0.0,1.0,1.0
60,2023-12-11 07:00:00+00:00,1,0,0.0,0.0,0.0,1.0,1.0
60,2023-12-11 14:00:00+00:00,2,0,0.0,0.0,0.0,0.9999999999999999,0.9999999999999999
60,2023-12-13 05:00:00+00:00,2,0,0.0,0.0,0.0,0.9999999999999999,0.9999999999999999
60,2023-12-13 14:00:00+00:00,1,0,0.0,0.0,0.0,1.0,1.0
60,2023-12-14 03:00:00+00:00,1,0,0.0,0.0,0.0,1.0,1.0
60,2023-12-15 01:00:00+00:00,1,0,0.0,0.0,0.0,1.0,1.0
60,2023-12-15 06:00:00+00:00,1,0,0.0,0.0,0.0,1.0,1.0
60,2023-12-15 13:00:00+00:00,1,0,0.0,0.0,0.0,1.0,1.0
60,2023-12-17 13:00:00+00:00,1,0,0.0,0.0,0.0,1.0,1.0
60,2023-12-18 11:00:00+00:00,2,0,0.0,0.0,0.0,0.9999999999999999,0.9999999999999999
60,2023-12-19 02:00:00+00:00,2,0,0.0,0.0,0.0,0.9999999999999999,0.9999999999999999
60,2023-12-19 08:00:00+00:00,1,0,0.0,0.0,0.0,1.0,1.0
60,2023-12-19 09:00:00+00:00,1,0,0.0,0.0,0.0,1.0,1.0
60,2023-12-20 11:00:00+00:00,1,0,0.0,0.0,0.0,1.0,1.0
60,2023-12-20 14:00:00+00:00,1,0,0.0,0.0,0.0,1.0,1.0
60,2023-12-22 02:00:00+00:00,1,0,0.0,0.0,0.0,1.0,1.0
60,2023-12-22 04:00:00+00:00,1,0,0.0,0.0,0.0,1.0,1.0
60,2023-12-22 14:00:00+00:00,1,0,0.0,0.0,0.0,1.0,1.0
60,2023-12-25 12:00:00+00:00,2,0,0.0,0.0,0.0,0.9999999999999999,0.9999999999999999
60,2023-12-25 15:00:00+00:00,1,0,0.0,0.0,0.0,1.0,1.0
60,2023-12-26 02:00:00+00:00,1,0,0.0,0.0,0.0,1.0,1.0
60,2023-12-26 04:00:00+00:00,1,0,0.0,0.0,0.0,1.0,1.0
60,2023-12-27 16:00:00+00:00,2,0,0.0,0.0,0.0,0.9999999999999999,0.9999999999999999
60,2023-12-28 01:00:00+00:00,1,0,0.0,0.0,0.0,1.0,1.0
60,2023-12-28 03:00:00+00:00,1,0,0.0,0.0,0.0,1.0,1.0
60,2023-12-28 05:00:00+00:00,1,0,0.0,0.0,0.0,1.0,1.0
60,2023-12-28 10:00:00+00:00,1,0,0.0,0.0,0.0,1.0,1.0
60,2023-12-30 01:00:00+00:00,1,0,0.0,0.0,0.0,1.0,1.0
60,2024-01-02 04:00:00+00:00,1,0,0.0,0.0,0.0,1.0,1.0
60,2024-01-03 02:00:00+00:00,1,0,0.0,0.0,0.0,1.0,1.0
60,2024-01-03 10:00:00+00:00,1,0,0.0,0.0,0.0,1.0,1.0
60,2024-01-04 06:00:00+00:00,1,0,0.0,0.0,0.0,1.0,1.0
60,2024-01-05 08:00:00+00:00,2,0,0.0,0.0,0.0,0.9999999999999999,0.9999999999999999
60,2024-01-09 23:00:00+00:00,1,0,0.0,0.0,0.0,1.0,1.0
60,2024-01-10 04:00:00+00:00,2,0,0.0,0.0,0.0,0.9999999999999999,0.9999999999999999
60,2024-01-10 08:00:00+00:00,1,0,0.0,0.0,0.0,1.0,1.0
60,2024-01-11 02:00:00+00:00,3,0,0.0,0.0,0.0,1.0,1.0
60,2024-01-12 05:00:00+00:00,1,0,0.0,0.0,0.0,1.0,1.0
60,2024-01-12 10:00:00+00:00,1,0,0.0,0.0,0.0,1.0,1.0
60,2024-01-13 09:00:00+00:00,1,0,0.0,0.0,0.0,1.0,1.0
60,2024-01-14 13:00:00+00:00,1,0,0.0,0.0,0.0,1.0,1.0
60,2024-01-15 07:00:00+00:00,1,0,0.0,0.0,0.0,1.0,1.0
60,2024-01-16 04:00:00+00:00,1,0,0.0,0.0,0.0,1.0,1.0
60,2024-01-17 03:00:00+00:00,1,0,0.0,0.0,0.0,1.0,1.0
60,2024-01-17 12:00:00+00:00,1,0,0.0,0.0,0.0,1.0,1.0
60,2024-01-18 09:00:00+00:00,1,0,0.0,0.0,0.0,1.0,1.0
60,2024-01-19 05:00:00+00:00,1,0,0.0,0.0,0.0,1.0,1.0
60,2024-01-19 06:00:00+00:00,1,0,0.0,0.0,0.0,1.0,1.0
60,2024-01-21 14:00:00+00:00,1,0,0.0,0.0,0.0,1.0,1.0
60,2024-01-21 15:00:00+00:00,1,0,0.0,0.0,0.0,1.0,1.0
60,2024-01-22 02:00:00+00:00,1,0,0.0,0.0,0.0,1.0,1.0
60,2024-01-22 03:00:00+00:00,2,0,0.0,0.0,0.0,0.9999999999999999,0.9999999999999999
60,2024-01-22 09:00:00+00:00,1,0,0.0,0.0,0.0,1.0,1.0
60,2024-01-24 03:00:00+00:00,1,0,0.0,0.0,0.0,1.0,1.0
60,2024-01-24 05:00:00+00:00,1,0,0.0,0.0,0.0,1.0,1.0
60,2024-01-25 05:00:00+00:00,1,0,0.0,0.0,0.0,1.0,1.0
60,2024-01-25 09:00:00+00:00,1,0,0.0,0.0,0.0,1.0,1.0
60,2024-01-26 03:00:00+00:00,2,0,0.0,0.0,0.0,0.9999999999999999,0.9999999999999999
60,2024-01-26 09:00:00+00:00,1,0,0.0,0.0,0.0,1.0,1.0
60,2024-01-27 05:00:00+00:00,1,0,0.0,0.0,0.0,1.0,1.0
60,2024-01-27 09:00:00+00:00,1,0,0.0,0.0,0.0,1.0,1.0
60,2024-01-28 13:00:00+00:00,1,0,0.0,0.0,0.0,1.0,1.0
60,2024-01-28 14:00:00+00:00,2,0,0.0,0.0,0.0,0.9999999999999999,0.9999999999999999
60,2024-01-28 17:00:00+00:00,1,0,0.0,0.0,0.0,1.0,1.0
60,2024-01-28 18:00:00+00:00,1,0,0.0,0.0,0.0,1.0,1.0
60,2024-01-29 01:00:00+00:00,1,0,0.0,0.0,0.0,1.0,1.0
60,2024-01-29 04:00:00+00:00,4,0,0.0,0.0,0.0,1.0,1.0
60,2024-01-29 05:00:00+00:00,1,0,0.0,0.0,0.0,1.0,1.0
60,2024-01-29 06:00:00+00:00,1,0,0.0,0.0,0.0,1.0,1.0
60,2024-01-30 03:00:00+00:00,2,0,0.0,0.0,0.0,0.9999999999999999,0.9999999999999999
60,2024-01-30 06:00:00+00:00,1,0,0.0,0.0,0.0,1.0,1.0
60,2024-01-30 08:00:00+00:00,1,0,0.0,0.0,0.0,1.0,1.0
60,2024-01-30 14:00:00+00:00,1,0,0.0,0.0,0.0,1.0,1.0
60,2024-01-31 03:00:00+00:00,6,0,0.0,0.0,0.0,1.0,1.0
60,2024-01-31 05:00:00+00:00,1,0,0.0,0.0,0.0,1.0,1.0
60,2024-01-31 09:00:00+00:00,1,0,0.0,0.0,0.0,1.0,1.0
60,2024-01-31 12:00:00+00:00,1,0,0.0,0.0,0.0,1.0,1.0
60,2024-01-31 13:00:00+00:00,1,0,0.0,0.0,0.0,1.0,1.0
60,2024-02-01 03:00:00+00:00,1,0,0.0,0.0,0.0,1.0,1.0
60,2024-02-01 04:00:00+00:00,10,0,0.0,0.0,0.0,0.9999999999999999,0.9999999999999999
60,2024-02-01 07:00:00+00:00,1,0,0.0,0.0,0.0,1.0,1.0
60,2024-02-01 08:00:00+00:00,1,0,0.0,0.0,0.0,1.0,1.0
60,2024-02-01 12:00:00+00:00,3,0,0.0,0.0,0.0,1.0,1.0
60,2024-02-02 01:00:00+00:00,4,0,0.0,0.0,0.0,1.0,1.0
60,2024-02-02 02:00:00+00:00,3,0,0.0,0.0,0.0,1.0,1.0
60,2024-02-02 04:00:00+00:00,5,0,0.0,0.0,0.0,0.9999999999999999,0.9999999999999999
60,2024-02-02 05:00:00+00:00,1,0,0.0,0.0,0.0,1.0,1.0
60,2024-02-02 07:00:00+00:00,1,0,0.0,0.0,0.0,1.0,1.0
60,2024-02-02 08:00:00+00:00,1,0,0.0,0.0,0.0,1.0,1.0
60,2024-02-02 09:00:00+00:00,1,0,0.0,0.0,0.0,1.0,1.0
60,2024-02-02 11:00:00+00:00,1,0,0.0,0.0,0.0,1.0,1.0
60,2024-02-03 03:00:00+00:00,1,0,0.0,0.0,0.0,1.0,1.0
60,2024-02-03 07:00:00+00:00,1,0,0.0,0.0,0.0,1.0,1.0
60,2024-02-04 01:00:00+00:00,2,0,0.0,0.0,0.0,0.9999999999999999,0.9999999999999999
60,2024-02-04 06:00:00+00:00,5,0,0.0,0.0,0.0,0.9999999999999999,0.9999999999999999
60,2024-02-04 07:00:00+00:00,1,0,0.0,0.0,0.0,1.0,1.0
60,2024-02-05 00:00:00+00:00,2,0,0.0,0.0,0.0,0.9999999999999999,0.9999999999999999
60,2024-02-05 02:00:00+00:00,1,0,0.0,0.0,0.0,1.0,1.0
60,2024-02-05 03:00:00+00:00,3,0,0.0,0.0,0.0,1.0,1.0
60,2024-02-05 04:00:00+00:00,3,0,0.0,0.0,0.0,1.0,1.0
60,2024-02-05 05:00:00+00:00,1,0,0.0,0.0,0.0,1.0,1.0
60,2024-02-05 06:00:00+00:00,2,0,0.0,0.0,0.0,0.9999999999999999,0.9999999999999999
60,2024-02-05 07:00:00+00:00,1,0,0.0,0.0,0.0,1.0,1.0
60,2024-02-05 08:00:00+00:00,1,0,0.0,0.0,0.0,1.0,1.0
60,2024-02-05 11:00:00+00:00,1,0,0.0,0.0,0.0,1.0,1.0
60,2024-02-05 16:00:00+00:00,1,0,0.0,0.0,0.0,1.0,1.0
60,2024-02-05 17:00:00+00:00,1,0,0.0,0.0,0.0,1.0,1.0
60,2024-02-06 02:00:00+00:00,1,0,0.0,0.0,0.0,1.0,1.0
60,2024-02-06 03:00:00+00:00,3,0,0.0,0.0,0.0,1.0,1.0
60,2024-02-06 04:00:00+00:00,4,0,0.0,0.0,0.0,1.0,1.0
60,2024-02-06 05:00:00+00:00,1,0,0.0,0.0,0.0,1.0,1.0
60,2024-02-06 06:00:00+00:00,2,0,0.0,0.0,0.0,0.9999999999999999,0.9999999999999999
60,2024-02-06 07:00:00+00:00,1,0,0.0,0.0,0.0,1.0,1.0
60,2024-02-06 09:00:00+00:00,2,0,0.0,0.0,0.0,0.9999999999999999,0.9999999999999999
60,2024-02-06 10:00:00+00:00,1,0,0.0,0.0,0.0,1.0,1.0
60,2024-02-15 04:00:00+00:00,4,0,0.0,0.0,0.0,1.0,1.0
60,2024-02-16 02:00:00+00:00,1,0,0.0,0.0,0.0,1.0,1.0
60,2024-02-16 04:00:00+00:00,2,0,0.0,0.0,0.0,0.9999999999999999,0.9999999999999999
60,2024-02-17 03:00:00+00:00,3,0,0.0,0.0,0.0,1.0,1.0
60,2024-02-17 05:00:00+00:00,1,0,0.0,0.0,0.0,1.0,1.0
60,2024-02-17 08:00:00+00:00,1,0,0.0,0.0,0.0,1.0,1.0
60,2024-02-17 10:00:00+00:00,1,0,0.0,0.0,0.0,1.0,1.0
60,2024-02-18 06:00:00+00:00,1,0,0.0,0.0,0.0,1.0,1.0
60,2024-02-18 07:00:00+00:00,1,0,0.0,0.0,0.0,1.0,1.0
60,2024-02-19 02:00:00+00:00,3,0,0.0,0.0,0.0,1.0,1.0
60,2024-02-19 03:00:00+00:00,1,0,0.0,0.0,0.0,1.0,1.0
60,2024-02-19 04:00:00+00:00,1,0,0.0,0.0,0.0,1.0,1.0
60,2024-02-19 05:00:00+00:00,1,0,0.0,0.0,0.0,1.0,1.0
60,2024-02-19 07:00:00+00:00,2,0,0.0,0.0,0.0,0.9999999999999999,0.9999999999999999
60,2024-02-19 09:00:00+00:00,1,0,0.0,0.0,0.0,1.0,1.0
60,2024-02-19 13:00:00+00:00,1,0,0.0,0.0,0.0,1.0,1.0
60,2024-02-20 00:00:00+00:00,2,0,0.0,0.0,0.0,0.9999999999999999,0.9999999999999999
60,2024-02-20 01:00:00+00:00,1,0,0.0,0.0,0.0,1.0,1.0
60,2024-02-20 03:00:00+00:00,5,0,0.0,0.0,0.0,0.9999999999999999,0.9999999999999999
60,2024-02-20 05:00:00+00:00,1,0,0.0,0.0,0.0,1.0,1.0
60,2024-02-20 08:00:00+00:00,1,0,0.0,0.0,0.0,1.0,1.0
60,2024-02-21 02:00:00+00:00,1,0,0.0,0.0,0.0,1.0,1.0
60,2024-02-21 03:00:00+00:00,4,0,0.0,0.0,0.0,1.0,1.0
60,2024-02-21 04:00:00+00:00,1,0,0.0,0.0,0.0,1.0,1.0
60,2024-02-21 07:00:00+00:00,1,0,0.0,0.0,0.0,1.0,1.0
60,2024-02-21 08:00:00+00:00,2,0,0.0,0.0,0.0,0.9999999999999999,0.9999999999999999
60,2024-02-21 11:00:00+00:00,3,0,0.0,0.0,0.0,1.0,1.0
60,2024-02-22 02:00:00+00:00,1,0,0.0,0.0,0.0,1.0,1.0
60,2024-02-22 03:00:00+00:00,2,0,0.0,0.0,0.0,0.9999999999999999,0.9999999999999999
60,2024-02-22 04:00:00+00:00,2,0,0.0,0.0,0.0,0.9999999999999999,0.9999999999999999
60,2024-02-22 05:00:00+00:00,1,0,0.0,0.0,0.0,1.0,1.0
60,2024-02-22 08:00:00+00:00,2,0,0.0,0.0,0.0,0.9999999999999999,0.9999999999999999
60,2024-02-22 13:00:00+00:00,3,0,0.0,0.0,0.0,1.0,1.0
60,2024-02-23 04:00:00+00:00,2,0,0.0,0.0,0.0,0.9999999999999999,0.9999999999999999
60,2024-02-23 05:00:00+00:00,1,0,0.0,0.0,0.0,1.0,1.0
60,2024-02-23 09:00:00+00:00,2,0,0.0,0.0,0.0,0.9999999999999999,0.9999999999999999
60,2024-02-23 16:00:00+00:00,4,0,0.0,0.0,0.0,1.0,1.0
60,2024-02-24 03:00:00+00:00,3,0,0.0,0.0,0.0,1.0,1.0
60,2024-02-25 14:00:00+00:00,2,0,0.0,0.0,0.0,0.9999999999999999,0.9999999999999999
60,2024-02-25 16:00:00+00:00,1,0,0.0,0.0,0.0,1.0,1.0
60,2024-02-26 03:00:00+00:00,1,0,0.0,0.0,0.0,1.0,1.0
60,2024-02-26 10:00:00+00:00,1,0,0.0,0.0,0.0,1.0,1.0
60,2024-02-26 17:00:00+00:00,2,0,0.0,0.0,0.0,0.9999999999999999,0.9999999999999999
60,2024-02-27 01:00:00+00:00,2,0,0.0,0.0,0.0,0.9999999999999999,0.9999999999999999
60,2024-02-27 02:00:00+00:00,1,0,0.0,0.0,0.0,1.0,1.0
60,2024-02-27 04:00:00+00:00,4,2,0.5,0.5,1.0,0.8999999999999999,0.7999999999999999
60,2024-02-27 05:00:00+00:00,1,0,0.0,0.0,0.0,1.0,1.0
60,2024-02-28 01:00:00+00:00,1,0,0.0,0.0,0.0,1.0,1.0
60,2024-02-28 02:00:00+00:00,1,0,0.0,0.0,0.0,1.0,1.0
60,2024-02-28 03:00:00+00:00,2,0,0.0,0.0,0.0,0.9999999999999999,0.9999999999999999
60,2024-02-28 04:00:00+00:00,2,0,0.0,0.0,0.0,0.9999999999999999,0.9999999999999999
60,2024-02-28 06:00:00+00:00,1,0,0.0,0.0,0.0,1.0,1.0
60,2024-02-28 10:00:00+00:00,1,0,0.0,0.0,0.0,1.0,1.0
60,2024-02-29 02:00:00+00:00,3,0,0.0,0.0,0.0,1.0,1.0
60,2024-02-29 06:00:00+00:00,1,0,0.0,0.0,0.0,1.0,1.0
60,2024-02-29 07:00:00+00:00,1,0,0.0,0.0,0.0,1.0,1.0
60,2024-02-29 09:00:00+00:00,2,0,0.0,0.0,0.0,0.9999999999999999,0.9999999999999999
60,2024-03-01 04:00:00+00:00,4,0,0.0,0.0,0.0,1.0,1.0
60,2024-03-01 11:00:00+00:00,2,0,0.0,0.0,0.0,0.9999999999999999,0.9999999999999999
60,2024-03-02 05:00:00+00:00,2,0,0.0,0.0,0.0,0.9999999999999999,0.9999999999999999
60,2024-03-02 07:00:00+00:00,1,0,0.0,0.0,0.0,1.0,1.0
60,2024-03-02 08:00:00+00:00,1,0,0.0,0.0,0.0,1.0,1.0
60,2024-03-02 09:00:00+00:00,2,0,0.0,0.0,0.0,0.9999999999999999,0.9999999999999999
60,2024-03-03 15:00:00+00:00,1,0,0.0,0.0,0.0,1.0,1.0
60,2024-03-04 06:00:00+00:00,2,0,0.0,0.0,0.0,0.9999999999999999,0.9999999999999999
60,2024-03-04 07:00:00+00:00,1,0,0.0,0.0,0.0,1.0,1.0
60,2024-03-04 14:00:00+00:00,1,0,0.0,0.0,0.0,1.0,1.0
60,2024-03-05 03:00:00+00:00,1,0,0.0,0.0,0.0,1.0,1.0
60,2024-03-05 04:00:00+00:00,3,0,0.0,0.0,0.0,1.0,1.0
60,2024-03-05 12:00:00+00:00,2,0,0.0,0.0,0.0,0.9999999999999999,0.9999999999999999
60,2024-03-06 01:00:00+00:00,1,0,0.0,0.0,0.0,1.0,1.0
60,2024-03-06 05:00:00+00:00,4,0,0.0,0.0,0.0,1.0,1.0
60,2024-03-07 03:00:00+00:00,3,0,0.0,0.0,0.0,1.0,1.0
60,2024-03-07 08:00:00+00:00,1,0,0.0,0.0,0.0,1.0,1.0
60,2024-03-07 10:00:00+00:00,1,0,0.0,0.0,0.0,1.0,1.0
60,2024-03-07 15:00:00+00:00,1,0,0.0,0.0,0.0,1.0,1.0
60,2024-03-08 03:00:00+00:00,5,2,0.4,0.4,1.0,0.9499999999999998,0.8999999999999998
60,2024-03-08 04:00:00+00:00,1,0,0.0,0.0,0.0,1.0,1.0
60,2024-03-08 05:00:00+00:00,5,0,0.0,0.0,0.0,0.9999999999999999,0.9999999999999999
60,2024-03-08 10:00:00+00:00,1,0,0.0,0.0,0.0,1.0,1.0
60,2024-03-09 03:00:00+00:00,4,0,0.0,0.0,0.0,1.0,1.0
60,2024-03-09 04:00:00+00:00,1,0,0.0,0.0,0.0,1.0,1.0
60,2024-03-09 06:00:00+00:00,1,0,0.0,0.0,0.0,1.0,1.0
60,2024-03-10 17:00:00+00:00,1,0,0.0,0.0,0.0,1.0,1.0
60,2024-03-11 02:00:00+00:00,1,0,0.0,0.0,0.0,1.0,1.0
60,2024-03-11 03:00:00+00:00,1,0,0.0,0.0,0.0,1.0,1.0
60,2024-03-11 04:00:00+00:00,1,0,0.0,0.0,0.0,1.0,1.0
60,2024-03-11 09:00:00+00:00,1,0,0.0,0.0,0.0,1.0,1.0
60,2024-03-12 03:00:00+00:00,3,0,0.0,0.0,0.0,1.0,1.0
60,2024-03-12 04:00:00+00:00,1,0,0.0,0.0,0.0,1.0,1.0
60,2024-03-12 05:00:00+00:00,1,0,0.0,0.0,0.0,1.0,1.0
60,2024-03-12 06:00:00+00:00,3,0,0.0,0.0,0.0,1.0,1.0
60,2024-03-12 07:00:00+00:00,1,0,0.0,0.0,0.0,1.0,1.0
60,2024-03-13 03:00:00+00:00,1,0,0.0,0.0,0.0,1.0,1.0
60,2024-03-13 04:00:00+00:00,2,0,0.0,0.0,0.0,0.9999999999999999,0.9999999999999999
60,2024-03-13 16:00:00+00:00,1,0,0.0,0.0,0.0,1.0,1.0
60,2024-03-14 03:00:00+00:00,3,0,0.0,0.0,0.0,1.0,1.0
60,2024-03-14 04:00:00+00:00,2,0,0.0,0.0,0.0,0.9999999999999999,0.9999999999999999
60,2024-03-14 06:00:00+00:00,4,0,0.0,0.0,0.0,1.0,1.0
60,2024-03-14 09:00:00+00:00,1,0,0.0,0.0,0.0,1.0,1.0
60,2024-03-14 11:00:00+00:00,2,0,0.0,0.0,0.0,0.9999999999999999,0.9999999999999999
60,2024-03-14 14:00:00+00:00,1,0,0.0,0.0,0.0,1.0,1.0
60,2024-03-15 03:00:00+00:00,3,0,0.0,0.0,0.0,1.0,1.0
60,2024-03-15 04:00:00+00:00,1,0,0.0,0.0,0.0,1.0,1.0
60,2024-03-15 06:00:00+00:00,1,0,0.0,0.0,0.0,1.0,1.0
60,2024-03-15 16:00:00+00:00,1,0,0.0,0.0,0.0,1.0,1.0
60,2024-03-16 03:00:00+00:00,1,0,0.0,0.0,0.0,1.0,1.0
60,2024-03-16 04:00:00+00:00,2,0,0.0,0.0,0.0,0.9999999999999999,0.9999999999999999
60,2024-03-16 07:00:00+00:00,2,0,0.0,0.0,0.0,0.9999999999999999,0.9999999999999999
60,2024-03-16 08:00:00+00:00,3,0,0.0,0.0,0.0,1.0,1.0
60,2024-03-17 05:00:00+00:00,1,0,0.0,0.0,0.0,1.0,1.0
60,2024-03-17 17:00:00+00:00,1,0,0.0,0.0,0.0,1.0,1.0
60,2024-03-18 03:00:00+00:00,6,0,0.0,0.0,0.0,1.0,1.0
60,2024-03-18 07:00:00+00:00,1,0,0.0,0.0,0.0,1.0,1.0
60,2024-03-19 02:00:00+00:00,1,0,0.0,0.0,0.0,1.0,1.0
60,2024-03-19 03:00:00+00:00,2,0,0.0,0.0,0.0,0.9999999999999999,0.9999999999999999
60,2024-03-19 10:00:00+00:00,2,0,0.0,0.0,0.0,0.9999999999999999,0.9999999999999999
60,2024-03-20 03:00:00+00:00,4,0,0.0,0.0,0.0,1.0,1.0
60,2024-03-20 06:00:00+00:00,4,0,0.0,0.0,0.0,1.0,1.0
60,2024-03-20 16:00:00+00:00,1,0,0.0,0.0,0.0,1.0,1.0
60,2024-03-21 03:00:00+00:00,1,0,0.0,0.0,0.0,1.0,1.0
60,2024-03-21 04:00:00+00:00,1,0,0.0,0.0,0.0,1.0,1.0
60,2024-03-21 05:00:00+00:00,1,0,0.0,0.0,0.0,1.0,1.0
60,2024-03-21 06:00:00+00:00,1,0,0.0,0.0,0.0,1.0,1.0
60,2024-03-22 02:00:00+00:00,1,0,0.0,0.0,0.0,1.0,1.0
60,2024-03-22 03:00:00+00:00,4,0,0.0,0.0,0.0,1.0,1.0
60,2024-03-22 04:00:00+00:00,1,0,0.0,0.0,0.0,1.0,1.0
60,2024-03-22 06:00:00+00:00,1,0,0.0,0.0,0.0,1.0,1.0
60,2024-03-22 09:00:00+00:00,1,0,0.0,0.0,0.0,1.0,1.0
60,2024-03-22 10:00:00+00:00,1,0,0.0,0.0,0.0,1.0,1.0
60,2024-03-22 11:00:00+00:00,1,0,0.0,0.0,0.0,1.0,1.0
60,2024-03-22 16:00:00+00:00,1,0,0.0,0.0,0.0,1.0,1.0
60,2024-03-23 03:00:00+00:00,2,0,0.0,0.0,0.0,0.9999999999999999,0.9999999999999999
60,2024-03-23 04:00:00+00:00,2,0,0.0,0.0,0.0,0.9999999999999999,0.9999999999999999
60,2024-03-23 06:00:00+00:00,2,0,0.0,0.0,0.0,0.9999999999999999,0.9999999999999999
60,2024-03-23 07:00:00+00:00,1,0,0.0,0.0,0.0,1.0,1.0
60,2024-03-25 03:00:00+00:00,4,0,0.0,0.0,0.0,1.0,1.0
60,2024-03-25 04:00:00+00:00,3,0,0.0,0.0,0.0,1.0,1.0
60,2024-03-25 06:00:00+00:00,2,0,0.0,0.0,0.0,0.9999999999999999,0.9999999999999999
60,2024-03-25 09:00:00+00:00,1,0,0.0,0.0,0.0,1.0,1.0
60,2024-03-26 03:00:00+00:00,4,0,0.0,0.0,0.0,1.0,1.0
60,2024-03-26 04:00:00+00:00,1,0,0.0,0.0,0.0,1.0,1.0
60,2024-03-26 07:00:00+00:00,1,0,0.0,0.0,0.0,1.0,1.0
60,2024-03-26 10:00:00+00:00,1,0,0.0,0.0,0.0,1.0,1.0
60,2024-03-26 12:00:00+00:00,1,0,0.0,0.0,0.0,1.0,1.0
60,2024-03-27 02:00:00+00:00,2,2,1.0,1.0,1.0,0.0,-0.9999999999999999
60,2024-03-27 03:00:00+00:00,2,0,0.0,0.0,0.0,0.9999999999999999,0.9999999999999999
60,2024-03-27 05:00:00+00:00,4,0,0.0,0.0,0.0,1.0,1.0
60,2024-03-27 08:00:00+00:00,1,0,0.0,0.0,0.0,1.0,1.0
60,2024-03-28 01:00:00+00:00,1,0,0.0,0.0,0.0,1.0,1.0
60,2024-03-28 02:00:00+00:00,1,0,0.0,0.0,0.0,1.0,1.0
60,2024-03-28 03:00:00+00:00,2,0,0.0,0.0,0.0,0.9999999999999999,0.9999999999999999
60,2024-03-28 04:00:00+00:00,3,0,0.0,0.0,0.0,1.0,1.0
60,2024-03-28 05:00:00+00:00,1,0,0.0,0.0,0.0,1.0,1.0
60,2024-03-28 08:00:00+00:00,1,0,0.0,0.0,0.0,1.0,1.0
60,2024-03-28 10:00:00+00:00,1,0,0.0,0.0,0.0,1.0,1.0
60,2024-03-29 03:00:00+00:00,3,0,0.0,0.0,0.0,1.0,1.0
60,2024-03-29 23:00:00+00:00,1,0,0.0,0.0,0.0,1.0,1.0
60,2024-03-30 01:00:00+00:00,1,0,0.0,0.0,0.0,1.0,1.0
60,2024-03-30 03:00:00+00:00,2,0,0.0,0.0,0.0,0.9999999999999999,0.9999999999999999
60,2024-03-30 06:00:00+00:00,1,0,0.0,0.0,0.0,1.0,1.0
60,2024-03-30 08:00:00+00:00,1,0,0.0,0.0,0.0,1.0,1.0
60,2024-04-01 02:00:00+00:00,1,0,0.0,0.0,0.0,1.0,1.0
60,2024-04-01 04:00:00+00:00,3,0,0.0,0.0,0.0,1.0,1.0
60,2024-04-01 05:00:00+00:00,1,0,0.0,0.0,0.0,1.0,1.0
60,2024-04-01 06:00:00+00:00,1,0,0.0,0.0,0.0,1.0,1.0
60,2024-04-01 07:00:00+00:00,2,0,0.0,0.0,0.0,0.9999999999999999,0.9999999999999999
60,2024-04-02 03:00:00+00:00,1,0,0.0,0.0,0.0,1.0,1.0
60,2024-04-02 04:00:00+00:00,1,0,0.0,0.0,0.0,1.0,1.0
60,2024-04-02 05:00:00+00:00,1,0,0.0,0.0,0.0,1.0,1.0
60,2024-04-03 04:00:00+00:00,1,0,0.0,0.0,0.0,1.0,1.0
60,2024-04-03 05:00:00+00:00,1,0,0.0,0.0,0.0,1.0,1.0
60,2024-04-03 09:00:00+00:00,2,0,0.0,0.0,0.0,0.9999999999999999,0.9999999999999999
60,2024-04-04 02:00:00+00:00,7,0,0.0,0.0,0.0,1.0,1.0
60,2024-04-04 04:00:00+00:00,3,0,0.0,0.0,0.0,1.0,1.0
60,2024-04-04 05:00:00+00:00,1,0,0.0,0.0,0.0,1.0,1.0
60,2024-04-05 03:00:00+00:00,5,0,0.0,0.0,0.0,0.9999999999999999,0.9999999999999999
60,2024-04-05 05:00:00+00:00,2,0,0.0,0.0,0.0,0.9999999999999999,0.9999999999999999
60,2024-04-05 06:00:00+00:00,2,0,0.0,0.0,0.0,0.9999999999999999,0.9999999999999999
60,2024-04-05 07:00:00+00:00,2,0,0.0,0.0,0.0,0.9999999999999999,0.9999999999999999
60,2024-04-05 10:00:00+00:00,1,0,0.0,0.0,0.0,1.0,1.0
60,2024-04-06 04:00:00+00:00,1,0,0.0,0.0,0.0,1.0,1.0
60,2024-04-06 05:00:00+00:00,2,0,0.0,0.0,0.0,0.9999999999999999,0.9999999999999999
60,2024-04-06 07:00:00+00:00,1,0,0.0,0.0,0.0,1.0,1.0
60,2024-04-06 10:00:00+00:00,1,0,0.0,0.0,0.0,1.0,1.0
60,2024-04-06 11:00:00+00:00,1,0,0.0,0.0,0.0,1.0,1.0
60,2024-04-07 02:00:00+00:00,1,0,0.0,0.0,0.0,1.0,1.0
60,2024-04-07 14:00:00+00:00,1,0,0.0,0.0,0.0,1.0,1.0
60,2024-04-08 03:00:00+00:00,3,0,0.0,0.0,0.0,1.0,1.0
60,2024-04-08 05:00:00+00:00,2,0,0.0,0.0,0.0,0.9999999999999999,0.9999999999999999
60,2024-04-08 07:00:00+00:00,1,0,0.0,0.0,0.0,1.0,1.0
60,2024-04-09 02:00:00+00:00,1,0,0.0,0.0,0.0,1.0,1.0
60,2024-04-09 03:00:00+00:00,2,0,0.0,0.0,0.0,0.9999999999999999,0.9999999999999999
60,2024-04-09 07:00:00+00:00,1,0,0.0,0.0,0.0,1.0,1.0
60,2024-04-10 02:00:00+00:00,1,0,0.0,0.0,0.0,1.0,1.0
60,2024-04-10 03:00:00+00:00,1,0,0.0,0.0,0.0,1.0,1.0
60,2024-04-10 04:00:00+00:00,5,0,0.0,0.0,0.0,0.9999999999999999,0.9999999999999999
60,2024-04-10 06:00:00+00:00,1,0,0.0,0.0,0.0,1.0,1.0
60,2024-04-10 07:00:00+00:00,2,0,0.0,0.0,0.0,0.9999999999999999,0.9999999999999999
60,2024-04-11 04:00:00+00:00,1,0,0.0,0.0,0.0,1.0,1.0
60,2024-04-11 05:00:00+00:00,1,0,0.0,0.0,0.0,1.0,1.0
60,2024-04-12 01:00:00+00:00,1,0,0.0,0.0,0.0,1.0,1.0
60,2024-04-12 03:00:00+00:00,4,0,0.0,0.0,0.0,1.0,1.0
60,2024-04-12 04:00:00+00:00,3,0,0.0,0.0,0.0,1.0,1.0
60,2024-04-12 06:00:00+00:00,1,0,0.0,0.0,0.0,1.0,1.0
60,2024-04-12 13:00:00+00:00,1,0,0.0,0.0,0.0,1.0,1.0
60,2024-04-12 23:00:00+00:00,2,0,0.0,0.0,0.0,0.9999999999999999,0.9999999999999999
60,2024-04-13 06:00:00+00:00,1,0,0.0,0.0,0.0,1.0,1.0
60,2024-04-15 03:00:00+00:00,4,0,0.0,0.0,0.0,1.0,1.0
60,2024-04-15 06:00:00+00:00,1,0,0.0,0.0,0.0,1.0,1.0
60,2024-04-16 02:00:00+00:00,2,0,0.0,0.0,0.0,0.9999999999999999,0.9999999999999999
60,2024-04-16 05:00:00+00:00,1,0,0.0,0.0,0.0,1.0,1.0
60,2024-04-16 06:00:00+00:00,1,0,0.0,0.0,0.0,1.0,1.0
60,2024-04-16 14:00:00+00:00,2,0,0.0,0.0,0.0,0.9999999999999999,0.9999999999999999
60,2024-04-17 02:00:00+00:00,1,0,0.0,0.0,0.0,1.0,1.0
60,2024-04-17 03:00:00+00:00,2,0,0.0,0.0,0.0,0.9999999999999999,0.9999999999999999
60,2024-04-17 05:00:00+00:00,1,0,0.0,0.0,0.0,1.0,1.0
60,2024-04-17 06:00:00+00:00,1,0,0.0,0.0,0.0,1.0,1.0
60,2024-04-17 08:00:00+00:00,1,0,0.0,0.0,0.0,1.0,1.0
60,2024-04-18 03:00:00+00:00,1,0,0.0,0.0,0.0,1.0,1.0
60,2024-04-18 05:00:00+00:00,1,0,0.0,0.0,0.0,1.0,1.0
60,2024-04-19 03:00:00+00:00,4,0,0.0,0.0,0.0,1.0,1.0
60,2024-04-19 04:00:00+00:00,2,0,0.0,0.0,0.0,0.9999999999999999,0.9999999999999999
60,2024-04-19 05:00:00+00:00,3,0,0.0,0.0,0.0,1.0,1.0
60,2024-04-19 06:00:00+00:00,1,0,0.0,0.0,0.0,1.0,1.0
60,2024-04-19 07:00:00+00:00,3,0,0.0,0.0,0.0,1.0,1.0
60,2024-04-19 08:00:00+00:00,1,0,0.0,0.0,0.0,1.0,1.0
60,2024-04-20 04:00:00+00:00,3,0,0.0,0.0,0.0,1.0,1.0
60,2024-04-20 06:00:00+00:00,1,0,0.0,0.0,0.0,1.0,1.0
60,2024-04-20 09:00:00+00:00,1,0,0.0,0.0,0.0,1.0,1.0
60,2024-04-21 04:00:00+00:00,1,0,0.0,0.0,0.0,1.0,1.0
60,2024-04-21 06:00:00+00:00,1,0,0.0,0.0,0.0,1.0,1.0
60,2024-04-21 18:00:00+00:00,1,0,0.0,0.0,0.0,1.0,1.0
60,2024-04-22 03:00:00+00:00,8,0,0.0,0.0,0.0,1.0,1.0
60,2024-04-22 04:00:00+00:00,2,0,0.0,0.0,0.0,0.9999999999999999,0.9999999999999999
60,2024-04-22 05:00:00+00:00,3,0,0.0,0.0,0.0,1.0,1.0
60,2024-04-23 03:00:00+00:00,8,3,0.375,0.5,2.0,0.9642857142857144,0.9285714285714287
60,2024-04-23 05:00:00+00:00,4,0,0.0,0.0,0.0,1.0,1.0
60,2024-04-23 06:00:00+00:00,1,0,0.0,0.0,0.0,1.0,1.0
60,2024-04-23 15:00:00+00:00,1,0,0.0,0.0,0.0,1.0,1.0
60,2024-04-24 01:00:00+00:00,1,0,0.0,0.0,0.0,1.0,1.0
60,2024-04-24 04:00:00+00:00,2,0,0.0,0.0,0.0,0.9999999999999999,0.9999999999999999
60,2024-04-24 07:00:00+00:00,1,0,0.0,0.0,0.0,1.0,1.0
60,2024-04-24 10:00:00+00:00,2,0,0.0,0.0,0.0,0.9999999999999999,0.9999999999999999
60,2024-04-25 02:00:00+00:00,1,0,0.0,0.0,0.0,1.0,1.0
60,2024-04-25 03:00:00+00:00,1,0,0.0,0.0,0.0,1.0,1.0
60,2024-04-25 04:00:00+00:00,2,0,0.0,0.0,0.0,0.9999999999999999,0.9999999999999999
60,2024-04-25 05:00:00+00:00,1,0,0.0,0.0,0.0,1.0,1.0
60,2024-04-25 08:00:00+00:00,2,0,0.0,0.0,0.0,0.9999999999999999,0.9999999999999999
60,2024-04-26 03:00:00+00:00,6,0,0.0,0.0,0.0,1.0,1.0
60,2024-04-26 04:00:00+00:00,1,0,0.0,0.0,0.0,1.0,1.0
60,2024-04-26 05:00:00+00:00,1,0,0.0,0.0,0.0,1.0,1.0
60,2024-04-26 08:00:00+00:00,1,0,0.0,0.0,0.0,1.0,1.0
60,2024-04-26 11:00:00+00:00,1,0,0.0,0.0,0.0,1.0,1.0
60,2024-04-26 12:00:00+00:00,1,0,0.0,0.0,0.0,1.0,1.0
60,2024-04-26 15:00:00+00:00,2,0,0.0,0.0,0.0,0.9999999999999999,0.9999999999999999
60,2024-04-27 03:00:00+00:00,1,0,0.0,0.0,0.0,1.0,1.0
60,2024-04-27 04:00:00+00:00,1,0,0.0,0.0,0.0,1.0,1.0
60,2024-04-28 12:00:00+00:00,1,0,0.0,0.0,0.0,1.0,1.0
60,2024-04-29 03:00:00+00:00,1,0,0.0,0.0,0.0,1.0,1.0
60,2024-04-29 04:00:00+00:00,4,0,0.0,0.0,0.0,1.0,1.0
60,2024-04-30 03:00:00+00:00,1,0,0.0,0.0,0.0,1.0,1.0
60,2024-04-30 05:00:00+00:00,1,0,0.0,0.0,0.0,1.0,1.0
60,2024-04-30 06:00:00+00:00,2,0,0.0,0.0,0.0,0.9999999999999999,0.9999999999999999
60,2024-04-30 07:00:00+00:00,1,0,0.0,0.0,0.0,1.0,1.0
60,2024-05-01 14:00:00+00:00,1,0,0.0,0.0,0.0,1.0,1.0
60,2024-05-02 04:00:00+00:00,1,0,0.0,0.0,0.0,1.0,1.0
60,2024-05-02 06:00:00+00:00,2,0,0.0,0.0,0.0,0.9999999999999999,0.9999999999999999
60,2024-05-03 03:00:00+00:00,3,0,0.0,0.0,0.0,1.0,1.0
60,2024-05-04 03:00:00+00:00,8,0,0.0,0.0,0.0,1.0,1.0
60,2024-05-04 04:00:00+00:00,1,0,0.0,0.0,0.0,1.0,1.0
60,2024-05-04 05:00:00+00:00,1,0,0.0,0.0,0.0,1.0,1.0
60,2024-05-04 06:00:00+00:00,1,0,0.0,0.0,0.0,1.0,1.0
60,2024-05-05 03:00:00+00:00,1,0,0.0,0.0,0.0,1.0,1.0
60,2024-05-05 14:00:00+00:00,1,0,0.0,0.0,0.0,1.0,1.0
60,2024-05-05 15:00:00+00:00,1,0,0.0,0.0,0.0,1.0,1.0
60,2024-05-06 04:00:00+00:00,3,0,0.0,0.0,0.0,1.0,1.0
60,2024-05-06 06:00:00+00:00,1,0,0.0,0.0,0.0,1.0,1.0
60,2024-05-06 17:00:00+00:00,1,0,0.0,0.0,0.0,1.0,1.0
60,2024-05-07 01:00:00+00:00,1,0,0.0,0.0,0.0,1.0,1.0
60,2024-05-07 04:00:00+00:00,1,0,0.0,0.0,0.0,1.0,1.0
60,2024-05-07 05:00:00+00:00,1,0,0.0,0.0,0.0,1.0,1.0
60,2024-05-07 06:00:00+00:00,1,0,0.0,0.0,0.0,1.0,1.0
60,2024-05-07 08:00:00+00:00,1,0,0.0,0.0,0.0,1.0,1.0
60,2024-05-07 16:00:00+00:00,1,0,0.0,0.0,0.0,1.0,1.0
60,2024-05-09 02:00:00+00:00,4,0,0.0,0.0,0.0,1.0,1.0
60,2024-05-09 06:00:00+00:00,1,0,0.0,0.0,0.0,1.0,1.0
60,2024-05-09 08:00:00+00:00,1,0,0.0,0.0,0.0,1.0,1.0
60,2024-05-10 00:00:00+00:00,1,0,0.0,0.0,0.0,1.0,1.0
60,2024-05-10 01:00:00+00:00,2,0,0.0,0.0,0.0,0.9999999999999999,0.9999999999999999
60,2024-05-10 04:00:00+00:00,1,0,0.0,0.0,0.0,1.0,1.0
60,2024-05-10 06:00:00+00:00,2,0,0.0,0.0,0.0,0.9999999999999999,0.9999999999999999
60,2024-05-10 10:00:00+00:00,2,0,0.0,0.0,0.0,0.9999999999999999,0.9999999999999999
60,2024-05-11 00:00:00+00:00,1,0,0.0,0.0,0.0,1.0,1.0
60,2024-05-11 03:00:00+00:00,3,0,0.0,0.0,0.0,1.0,1.0
60,2024-05-11 05:00:00+00:00,3,0,0.0,0.0,0.0,1.0,1.0
60,2024-05-12 05:00:00+00:00,1,0,0.0,0.0,0.0,1.0,1.0
60,2024-05-13 03:00:00+00:00,3,0,0.0,0.0,0.0,1.0,1.0
60,2024-05-13 06:00:00+00:00,1,0,0.0,0.0,0.0,1.0,1.0
60,2024-05-13 09:00:00+00:00,1,0,0.0,0.0,0.0,1.0,1.0
60,2024-05-13 10:00:00+00:00,1,0,0.0,0.0,0.0,1.0,1.0
60,2024-05-14 02:00:00+00:00,2,0,0.0,0.0,0.0,0.9999999999999999,0.9999999999999999
60,2024-05-14 03:00:00+00:00,1,0,0.0,0.0,0.0,1.0,1.0
60,2024-05-14 04:00:00+00:00,1,0,0.0,0.0,0.0,1.0,1.0
60,2024-05-14 05:00:00+00:00,3,0,0.0,0.0,0.0,1.0,1.0
60,2024-05-14 08:00:00+00:00,1,0,0.0,0.0,0.0,1.0,1.0
60,2024-05-14 19:00:00+00:00,1,0,0.0,0.0,0.0,1.0,1.0
60,2024-05-15 04:00:00+00:00,2,0,0.0,0.0,0.0,0.9999999999999999,0.9999999999999999
60,2024-05-15 07:00:00+00:00,2,0,0.0,0.0,0.0,0.9999999999999999,0.9999999999999999
60,2024-05-16 02:00:00+00:00,2,0,0.0,0.0,0.0,0.9999999999999999,0.9999999999999999
60,2024-05-16 03:00:00+00:00,2,0,0.0,0.0,0.0,0.9999999999999999,0.9999999999999999
60,2024-05-16 04:00:00+00:00,4,0,0.0,0.0,0.0,1.0,1.0
60,2024-05-16 05:00:00+00:00,2,2,1.0,1.0,1.0,0.0,-0.9999999999999999
60,2024-05-16 06:00:00+00:00,3,0,0.0,0.0,0.0,1.0,1.0
60,2024-05-17 07:00:00+00:00,2,0,0.0,0.0,0.0,0.9999999999999999,0.9999999999999999
60,2024-05-17 08:00:00+00:00,2,0,0.0,0.0,0.0,0.9999999999999999,0.9999999999999999
60,2024-05-18 04:00:00+00:00,1,0,0.0,0.0,0.0,1.0,1.0
60,2024-05-18 05:00:00+00:00,1,0,0.0,0.0,0.0,1.0,1.0
60,2024-05-18 09:00:00+00:00,3,0,0.0,0.0,0.0,1.0,1.0
60,2024-05-18 11:00:00+00:00,1,0,0.0,0.0,0.0,1.0,1.0
60,2024-05-19 16:00:00+00:00,1,0,0.0,0.0,0.0,1.0,1.0
60,2024-05-20 03:00:00+00:00,3,0,0.0,0.0,0.0,1.0,1.0
60,2024-05-20 04:00:00+00:00,1,0,0.0,0.0,0.0,1.0,1.0
60,2024-05-20 05:00:00+00:00,1,0,0.0,0.0,0.0,1.0,1.0
60,2024-05-20 07:00:00+00:00,2,0,0.0,0.0,0.0,0.9999999999999999,0.9999999999999999
60,2024-05-20 08:00:00+00:00,3,0,0.0,0.0,0.0,1.0,1.0
60,2024-05-20 09:00:00+00:00,1,0,0.0,0.0,0.0,1.0,1.0
60,2024-05-21 03:00:00+00:00,3,0,0.0,0.0,0.0,1.0,1.0
60,2024-05-21 04:00:00+00:00,2,0,0.0,0.0,0.0,0.9999999999999999,0.9999999999999999
60,2024-05-21 06:00:00+00:00,2,0,0.0,0.0,0.0,0.9999999999999999,0.9999999999999999
60,2024-05-21 08:00:00+00:00,1,0,0.0,0.0,0.0,1.0,1.0
60,2024-05-21 11:00:00+00:00,1,0,0.0,0.0,0.0,1.0,1.0
60,2024-05-22 04:00:00+00:00,1,0,0.0,0.0,0.0,1.0,1.0
60,2024-05-22 05:00:00+00:00,1,0,0.0,0.0,0.0,1.0,1.0
60,2024-05-23 07:00:00+00:00,1,0,0.0,0.0,0.0,1.0,1.0
60,2024-05-23 10:00:00+00:00,1,0,0.0,0.0,0.0,1.0,1.0
60,2024-05-24 02:00:00+00:00,1,0,0.0,0.0,0.0,1.0,1.0
60,2024-05-24 03:00:00+00:00,4,0,0.0,0.0,0.0,1.0,1.0
60,2024-05-24 04:00:00+00:00,1,0,0.0,0.0,0.0,1.0,1.0
60,2024-05-24 05:00:00+00:00,2,0,0.0,0.0,0.0,0.9999999999999999,0.9999999999999999
60,2024-05-24 06:00:00+00:00,1,0,0.0,0.0,0.0,1.0,1.0
60,2024-05-24 07:00:00+00:00,1,0,0.0,0.0,0.0,1.0,1.0
60,2024-05-25 03:00:00+00:00,1,0,0.0,0.0,0.0,1.0,1.0
60,2024-05-25 09:00:00+00:00,1,0,0.0,0.0,0.0,1.0,1.0
60,2024-05-27 03:00:00+00:00,5,0,0.0,0.0,0.0,0.9999999999999999,0.9999999999999999
60,2024-05-27 04:00:00+00:00,4,0,0.0,0.0,0.0,1.0,1.0
60,2024-05-27 05:00:00+00:00,1,0,0.0,0.0,0.0,1.0,1.0
60,2024-05-27 06:00:00+00:00,4,0,0.0,0.0,0.0,1.0,1.0
60,2024-05-27 07:00:00+00:00,2,0,0.0,0.0,0.0,0.9999999999999999,0.9999999999999999
60,2024-05-27 08:00:00+00:00,4,0,0.0,0.0,0.0,1.0,1.0
60,2024-05-28 02:00:00+00:00,1,0,0.0,0.0,0.0,1.0,1.0
60,2024-05-28 03:00:00+00:00,1,0,0.0,0.0,0.0,1.0,1.0
60,2024-05-28 04:00:00+00:00,2,0,0.0,0.0,0.0,0.9999999999999999,0.9999999999999999
60,2024-05-28 05:00:00+00:00,1,0,0.0,0.0,0.0,1.0,1.0
60,2024-05-29 04:00:00+00:00,1,0,0.0,0.0,0.0,1.0,1.0
60,2024-05-29 14:00:00+00:00,1,0,0.0,0.0,0.0,1.0,1.0
60,2024-05-29 15:00:00+00:00,1,0,0.0,0.0,0.0,1.0,1.0
60,2024-05-30 02:00:00+00:00,1,0,0.0,0.0,0.0,1.0,1.0
60,2024-05-30 03:00:00+00:00,2,0,0.0,0.0,0.0,0.9999999999999999,0.9999999999999999
60,2024-05-30 05:00:00+00:00,1,0,0.0,0.0,0.0,1.0,1.0
60,2024-05-30 06:00:00+00:00,1,0,0.0,0.0,0.0,1.0,1.0
60,2024-05-30 08:00:00+00:00,1,0,0.0,0.0,0.0,1.0,1.0
60,2024-05-30 09:00:00+00:00,1,0,0.0,0.0,0.0,1.0,1.0
60,2024-05-31 02:00:00+00:00,1,0,0.0,0.0,0.0,1.0,1.0
60,2024-05-31 03:00:00+00:00,3,0,0.0,0.0,0.0,1.0,1.0
60,2024-05-31 04:00:00+00:00,3,0,0.0,0.0,0.0,1.0,1.0
60,2024-05-31 05:00:00+00:00,1,0,0.0,0.0,0.0,1.0,1.0
60,2024-06-01 03:00:00+00:00,2,0,0.0,0.0,0.0,0.9999999999999999,0.9999999999999999
60,2024-06-01 05:00:00+00:00,1,0,0.0,0.0,0.0,1.0,1.0
60,2024-06-01 07:00:00+00:00,3,0,0.0,0.0,0.0,1.0,1.0
60,2024-06-01 08:00:00+00:00,1,0,0.0,0.0,0.0,1.0,1.0
60,2024-06-01 10:00:00+00:00,1,0,0.0,0.0,0.0,1.0,1.0
60,2024-06-02 04:00:00+00:00,1,0,0.0,0.0,0.0,1.0,1.0
60,2024-06-02 10:00:00+00:00,1,0,0.0,0.0,0.0,1.0,1.0
60,2024-06-03 01:00:00+00:00,1,0,0.0,0.0,0.0,1.0,1.0
60,2024-06-03 03:00:00+00:00,2,0,0.0,0.0,0.0,0.9999999999999999,0.9999999999999999
60,2024-06-03 04:00:00+00:00,3,0,0.0,0.0,0.0,1.0,1.0
60,2024-06-04 04:00:00+00:00,2,0,0.0,0.0,0.0,0.9999999999999999,0.9999999999999999
60,2024-06-04 05:00:00+00:00,2,0,0.0,0.0,0.0,0.9999999999999999,0.9999999999999999
60,2024-06-04 06:00:00+00:00,1,0,0.0,0.0,0.0,1.0,1.0
60,2024-06-04 15:00:00+00:00,1,0,0.0,0.0,0.0,1.0,1.0
60,2024-06-04 17:00:00+00:00,1,0,0.0,0.0,0.0,1.0,1.0
60,2024-06-05 02:00:00+00:00,2,0,0.0,0.0,0.0,0.9999999999999999,0.9999999999999999
60,2024-06-05 04:00:00+00:00,2,0,0.0,0.0,0.0,0.9999999999999999,0.9999999999999999
60,2024-06-05 05:00:00+00:00,1,0,0.0,0.0,0.0,1.0,1.0
60,2024-06-05 06:00:00+00:00,1,0,0.0,0.0,0.0,1.0,1.0
60,2024-06-05 07:00:00+00:00,1,0,0.0,0.0,0.0,1.0,1.0
60,2024-06-05 08:00:00+00:00,1,0,0.0,0.0,0.0,1.0,1.0
60,2024-06-06 05:00:00+00:00,2,0,0.0,0.0,0.0,0.9999999999999999,0.9999999999999999
60,2024-06-06 10:00:00+00:00,1,0,0.0,0.0,0.0,1.0,1.0
60,2024-06-07 08:00:00+00:00,1,0,0.0,0.0,0.0,1.0,1.0
60,2024-06-07 09:00:00+00:00,1,0,0.0,0.0,0.0,1.0,1.0
60,2024-06-07 17:00:00+00:00,1,0,0.0,0.0,0.0,1.0,1.0
60,2024-06-08 03:00:00+00:00,1,0,0.0,0.0,0.0,1.0,1.0
60,2024-06-08 05:00:00+00:00,4,0,0.0,0.0,0.0,1.0,1.0
60,2024-06-08 06:00:00+00:00,1,0,0.0,0.0,0.0,1.0,1.0
60,2024-06-09 07:00:00+00:00,1,0,0.0,0.0,0.0,1.0,1.0
60,2024-06-09 18:00:00+00:00,1,0,0.0,0.0,0.0,1.0,1.0
60,2024-06-10 00:00:00+00:00,1,0,0.0,0.0,0.0,1.0,1.0
60,2024-06-10 02:00:00+00:00,1,0,0.0,0.0,0.0,1.0,1.0
60,2024-06-10 03:00:00+00:00,3,0,0.0,0.0,0.0,1.0,1.0
60,2024-06-10 04:00:00+00:00,2,0,0.0,0.0,0.0,0.9999999999999999,0.9999999999999999
60,2024-06-10 05:00:00+00:00,3,0,0.0,0.0,0.0,1.0,1.0
60,2024-06-10 06:00:00+00:00,1,0,0.0,0.0,0.0,1.0,1.0
60,2024-06-11 02:00:00+00:00,1,0,0.0,0.0,0.0,1.0,1.0
60,2024-06-11 04:00:00+00:00,1,0,0.0,0.0,0.0,1.0,1.0
60,2024-06-11 10:00:00+00:00,1,0,0.0,0.0,0.0,1.0,1.0
60,2024-06-11 17:00:00+00:00,1,0,0.0,0.0,0.0,1.0,1.0
60,2024-06-12 03:00:00+00:00,2,0,0.0,0.0,0.0,0.9999999999999999,0.9999999999999999
60,2024-06-12 07:00:00+00:00,3,0,0.0,0.0,0.0,1.0,1.0
60,2024-06-12 08:00:00+00:00,4,0,0.0,0.0,0.0,1.0,1.0
60,2024-06-12 11:00:00+00:00,1,0,0.0,0.0,0.0,1.0,1.0
60,2024-06-13 04:00:00+00:00,4,4,1.0,1.75,3.0,0.26666666666666666,-0.39999999999999997
60,2024-06-13 05:00:00+00:00,1,0,0.0,0.0,0.0,1.0,1.0
60,2024-06-13 06:00:00+00:00,1,0,0.0,0.0,0.0,1.0,1.0
60,2024-06-13 07:00:00+00:00,1,0,0.0,0.0,0.0,1.0,1.0
60,2024-06-13 08:00:00+00:00,1,0,0.0,0.0,0.0,1.0,1.0
60,2024-06-13 09:00:00+00:00,1,0,0.0,0.0,0.0,1.0,1.0
60,2024-06-14 02:00:00+00:00,2,0,0.0,0.0,0.0,0.9999999999999999,0.9999999999999999
60,2024-06-14 03:00:00+00:00,6,0,0.0,0.0,0.0,1.0,1.0
60,2024-06-14 04:00:00+00:00,1,0,0.0,0.0,0.0,1.0,1.0
60,2024-06-14 05:00:00+00:00,1,0,0.0,0.0,0.0,1.0,1.0
60,2024-06-14 08:00:00+00:00,1,0,0.0,0.0,0.0,1.0,1.0
60,2024-06-14 09:00:00+00:00,2,0,0.0,0.0,0.0,0.9999999999999999,0.9999999999999999
60,2024-06-15 01:00:00+00:00,2,0,0.0,0.0,0.0,0.9999999999999999,0.9999999999999999
60,2024-06-15 02:00:00+00:00,2,0,0.0,0.0,0.0,0.9999999999999999,0.9999999999999999
60,2024-06-15 05:00:00+00:00,1,0,0.0,0.0,0.0,1.0,1.0
60,2024-06-15 07:00:00+00:00,2,0,0.0,0.0,0.0,0.9999999999999999,0.9999999999999999
60,2024-06-17 03:00:00+00:00,4,0,0.0,0.0,0.0,1.0,1.0
60,2024-06-17 04:00:00+00:00,2,0,0.0,0.0,0.0,0.9999999999999999,0.9999999999999999
60,2024-06-17 07:00:00+00:00,2,0,0.0,0.0,0.0,0.9999999999999999,0.9999999999999999
60,2024-06-18 03:00:00+00:00,2,0,0.0,0.0,0.0,0.9999999999999999,0.9999999999999999
60,2024-06-18 04:00:00+00:00,3,0,0.0,0.0,0.0,1.0,1.0
60,2024-06-18 06:00:00+00:00,1,0,0.0,0.0,0.0,1.0,1.0
60,2024-06-18 08:00:00+00:00,2,0,0.0,0.0,0.0,0.9999999999999999,0.9999999999999999
60,2024-06-18 09:00:00+00:00,1,0,0.0,0.0,0.0,1.0,1.0
60,2024-06-18 12:00:00+00:00,1,0,0.0,0.0,0.0,1.0,1.0
60,2024-06-18 13:00:00+00:00,2,0,0.0,0.0,0.0,0.9999999999999999,0.9999999999999999
60,2024-06-19 03:00:00+00:00,5,0,0.0,0.0,0.0,0.9999999999999999,0.9999999999999999
60,2024-06-19 04:00:00+00:00,6,0,0.0,0.0,0.0,1.0,1.0
60,2024-06-19 05:00:00+00:00,4,0,0.0,0.0,0.0,1.0,1.0
60,2024-06-19 06:00:00+00:00,1,0,0.0,0.0,0.0,1.0,1.0
60,2024-06-19 08:00:00+00:00,1,0,0.0,0.0,0.0,1.0,1.0
60,2024-06-19 09:00:00+00:00,1,0,0.0,0.0,0.0,1.0,1.0
60,2024-06-20 03:00:00+00:00,3,0,0.0,0.0,0.0,1.0,1.0
60,2024-06-20 04:00:00+00:00,1,0,0.0,0.0,0.0,1.0,1.0
60,2024-06-20 05:00:00+00:00,1,0,0.0,0.0,0.0,1.0,1.0
60,2024-06-20 07:00:00+00:00,3,0,0.0,0.0,0.0,1.0,1.0
60,2024-06-20 09:00:00+00:00,1,0,0.0,0.0,0.0,1.0,1.0
60,2024-06-21 02:00:00+00:00,1,0,0.0,0.0,0.0,1.0,1.0
60,2024-06-21 03:00:00+00:00,3,0,0.0,0.0,0.0,1.0,1.0
60,2024-06-21 04:00:00+00:00,1,0,0.0,0.0,0.0,1.0,1.0
60,2024-06-21 05:00:00+00:00,2,0,0.0,0.0,0.0,0.9999999999999999,0.9999999999999999
60,2024-06-21 06:00:00+00:00,1,0,0.0,0.0,0.0,1.0,1.0
60,2024-06-21 08:00:00+00:00,1,0,0.0,0.0,0.0,1.0,1.0
60,2024-06-21 09:00:00+00:00,1,0,0.0,0.0,0.0,1.0,1.0
60,2024-06-22 02:00:00+00:00,2,0,0.0,0.0,0.0,0.9999999999999999,0.9999999999999999
60,2024-06-22 08:00:00+00:00,5,0,0.0,0.0,0.0,0.9999999999999999,0.9999999999999999
60,2024-06-22 09:00:00+00:00,1,0,0.0,0.0,0.0,1.0,1.0
60,2024-06-22 10:00:00+00:00,1,0,0.0,0.0,0.0,1.0,1.0
60,2024-06-23 09:00:00+00:00,1,0,0.0,0.0,0.0,1.0,1.0
60,2024-06-23 18:00:00+00:00,1,0,0.0,0.0,0.0,1.0,1.0
60,2024-06-24 02:00:00+00:00,1,0,0.0,0.0,0.0,1.0,1.0
60,2024-06-24 04:00:00+00:00,3,0,0.0,0.0,0.0,1.0,1.0
60,2024-06-24 06:00:00+00:00,2,0,0.0,0.0,0.0,0.9999999999999999,0.9999999999999999
60,2024-06-24 09:00:00+00:00,1,0,0.0,0.0,0.0,1.0,1.0
60,2024-06-24 14:00:00+00:00,1,0,0.0,0.0,0.0,1.0,1.0
60,2024-06-25 01:00:00+00:00,1,0,0.0,0.0,0.0,1.0,1.0
60,2024-06-25 02:00:00+00:00,5,0,0.0,0.0,0.0,0.9999999999999999,0.9999999999999999
60,2024-06-25 03:00:00+00:00,4,0,0.0,0.0,0.0,1.0,1.0
60,2024-06-25 04:00:00+00:00,2,0,0.0,0.0,0.0,0.9999999999999999,0.9999999999999999
60,2024-06-25 05:00:00+00:00,1,0,0.0,0.0,0.0,1.0,1.0
60,2024-06-25 07:00:00+00:00,1,0,0.0,0.0,0.0,1.0,1.0
60,2024-06-25 08:00:00+00:00,1,0,0.0,0.0,0.0,1.0,1.0
60,2024-06-25 09:00:00+00:00,1,0,0.0,0.0,0.0,1.0,1.0
60,2024-06-26 03:00:00+00:00,5,0,0.0,0.0,0.0,0.9999999999999999,0.9999999999999999
60,2024-06-26 04:00:00+00:00,3,0,0.0,0.0,0.0,1.0,1.0
60,2024-06-26 05:00:00+00:00,2,0,0.0,0.0,0.0,0.9999999999999999,0.9999999999999999
60,2024-06-26 06:00:00+00:00,1,0,0.0,0.0,0.0,1.0,1.0
60,2024-06-26 10:00:00+00:00,1,0,0.0,0.0,0.0,1.0,1.0
60,2024-06-27 03:00:00+00:00,6,0,0.0,0.0,0.0,1.0,1.0
60,2024-06-27 04:00:00+00:00,1,0,0.0,0.0,0.0,1.0,1.0
60,2024-06-27 05:00:00+00:00,1,0,0.0,0.0,0.0,1.0,1.0
60,2024-06-27 06:00:00+00:00,1,0,0.0,0.0,0.0,1.0,1.0
60,2024-06-27 16:00:00+00:00,1,0,0.0,0.0,0.0,1.0,1.0
60,2024-06-27 17:00:00+00:00,1,0,0.0,0.0,0.0,1.0,1.0
60,2024-06-28 01:00:00+00:00,2,2,1.0,1.0,1.0,0.0,-0.9999999999999999
60,2024-06-28 02:00:00+00:00,2,0,0.0,0.0,0.0,0.9999999999999999,0.9999999999999999
60,2024-06-28 03:00:00+00:00,4,0,0.0,0.0,0.0,1.0,1.0
60,2024-06-28 04:00:00+00:00,4,0,0.0,0.0,0.0,1.0,1.0
60,2024-06-28 05:00:00+00:00,1,0,0.0,0.0,0.0,1.0,1.0
60,2024-06-28 06:00:00+00:00,1,0,0.0,0.0,0.0,1.0,1.0
60,2024-06-28 07:00:00+00:00,1,0,0.0,0.0,0.0,1.0,1.0
60,2024-06-28 08:00:00+00:00,1,0,0.0,0.0,0.0,1.0,1.0
60,2024-06-28 10:00:00+00:00,2,2,1.0,1.0,1.0,0.0,-0.9999999999999999
60,2024-06-29 00:00:00+00:00,2,0,0.0,0.0,0.0,0.9999999999999999,0.9999999999999999
60,2024-06-29 03:00:00+00:00,7,0,0.0,0.0,0.0,1.0,1.0
60,2024-06-29 05:00:00+00:00,2,0,0.0,0.0,0.0,0.9999999999999999,0.9999999999999999
60,2024-06-29 06:00:00+00:00,1,0,0.0,0.0,0.0,1.0,1.0
60,2024-06-29 07:00:00+00:00,1,0,0.0,0.0,0.0,1.0,1.0
60,2024-06-30 02:00:00+00:00,2,0,0.0,0.0,0.0,0.9999999999999999,0.9999999999999999
60,2024-07-01 03:00:00+00:00,6,0,0.0,0.0,0.0,1.0,1.0
60,2024-07-01 04:00:00+00:00,8,0,0.0,0.0,0.0,1.0,1.0
60,2024-07-01 05:00:00+00:00,2,0,0.0,0.0,0.0,0.9999999999999999,0.9999999999999999
60,2024-07-01 06:00:00+00:00,3,0,0.0,0.0,0.0,1.0,1.0
60,2024-07-01 07:00:00+00:00,3,0,0.0,0.0,0.0,1.0,1.0
60,2024-07-01 10:00:00+00:00,1,0,0.0,0.0,0.0,1.0,1.0
60,2024-07-02 03:00:00+00:00,4,0,0.0,0.0,0.0,1.0,1.0
60,2024-07-02 04:00:00+00:00,2,0,0.0,0.0,0.0,0.9999999999999999,0.9999999999999999
60,2024-07-02 05:00:00+00:00,2,0,0.0,0.0,0.0,0.9999999999999999,0.9999999999999999
60,2024-07-02 08:00:00+00:00,2,0,0.0,0.0,0.0,0.9999999999999999,0.9999999999999999
60,2024-07-02 09:00:00+00:00,1,0,0.0,0.0,0.0,1.0,1.0
60,2024-07-02 14:00:00+00:00,3,0,0.0,0.0,0.0,1.0,1.0
60,2024-07-03 04:00:00+00:00,3,0,0.0,0.0,0.0,1.0,1.0
60,2024-07-03 05:00:00+00:00,1,0,0.0,0.0,0.0,1.0,1.0
60,2024-07-03 07:00:00+00:00,1,0,0.0,0.0,0.0,1.0,1.0
60,2024-07-03 08:00:00+00:00,1,0,0.0,0.0,0.0,1.0,1.0
60,2024-07-03 09:00:00+00:00,2,0,0.0,0.0,0.0,0.9999999999999999,0.9999999999999999
60,2024-07-04 01:00:00+00:00,1,0,0.0,0.0,0.0,1.0,1.0
60,2024-07-04 02:00:00+00:00,4,0,0.0,0.0,0.0,1.0,1.0
60,2024-07-04 03:00:00+00:00,5,0,0.0,0.0,0.0,0.9999999999999999,0.9999999999999999
60,2024-07-04 04:00:00+00:00,2,2,1.0,1.0,1.0,0.0,-0.9999999999999999
60,2024-07-04 05:00:00+00:00,2,0,0.0,0.0,0.0,0.9999999999999999,0.9999999999999999
60,2024-07-04 06:00:00+00:00,2,2,1.0,1.0,1.0,-0.3333333333333333,-0.9999999999999999
60,2024-07-04 08:00:00+00:00,1,0,0.0,0.0,0.0,1.0,1.0
60,2024-07-04 16:00:00+00:00,5,0,0.0,0.0,0.0,0.9999999999999999,0.9999999999999999
60,2024-07-05 03:00:00+00:00,6,0,0.0,0.0,0.0,1.0,1.0
60,2024-07-05 04:00:00+00:00,5,3,0.6,0.8,2.0,0.85,0.7
60,2024-07-05 05:00:00+00:00,2,0,0.0,0.0,0.0,0.9999999999999999,0.9999999999999999
60,2024-07-05 06:00:00+00:00,2,0,0.0,0.0,0.0,0.9999999999999999,0.9999999999999999
60,2024-07-05 07:00:00+00:00,1,0,0.0,0.0,0.0,1.0,1.0
60,2024-07-05 10:00:00+00:00,1,0,0.0,0.0,0.0,1.0,1.0
60,2024-07-06 00:00:00+00:00,1,0,0.0,0.0,0.0,1.0,1.0
60,2024-07-06 02:00:00+00:00,4,0,0.0,0.0,0.0,1.0,1.0
60,2024-07-06 03:00:00+00:00,3,0,0.0,0.0,0.0,1.0,1.0
60,2024-07-06 05:00:00+00:00,1,0,0.0,0.0,0.0,1.0,1.0
60,2024-07-06 06:00:00+00:00,1,0,0.0,0.0,0.0,1.0,1.0
60,2024-07-06 07:00:00+00:00,2,0,0.0,0.0,0.0,0.9999999999999999,0.9999999999999999
60,2024-07-06 08:00:00+00:00,2,0,0.0,0.0,0.0,0.9999999999999999,0.9999999999999999
60,2024-07-07 17:00:00+00:00,1,0,0.0,0.0,0.0,1.0,1.0
60,2024-07-08 01:00:00+00:00,1,0,0.0,0.0,0.0,1.0,1.0
60,2024-07-08 02:00:00+00:00,3,2,0.6666666666666666,0.6666666666666666,1.0,0.75,0.5
60,2024-07-08 03:00:00+00:00,9,0,0.0,0.0,0.0,1.0,1.0
60,2024-07-08 04:00:00+00:00,3,0,0.0,0.0,0.0,1.0,1.0
60,2024-07-08 07:00:00+00:00,1,0,0.0,0.0,0.0,1.0,1.0
60,2024-07-08 09:00:00+00:00,1,0,0.0,0.0,0.0,1.0,1.0
60,2024-07-08 10:00:00+00:00,1,0,0.0,0.0,0.0,1.0,1.0
60,2024-07-08 15:00:00+00:00,4,0,0.0,0.0,0.0,1.0,1.0
60,2024-07-08 16:00:00+00:00,1,0,0.0,0.0,0.0,1.0,1.0
60,2024-07-09 01:00:00+00:00,1,0,0.0,0.0,0.0,1.0,1.0
60,2024-07-09 02:00:00+00:00,2,0,0.0,0.0,0.0,0.9999999999999999,0.9999999999999999
60,2024-07-09 03:00:00+00:00,4,0,0.0,0.0,0.0,1.0,1.0
60,2024-07-09 04:00:00+00:00,6,0,0.0,0.0,0.0,1.0,1.0
60,2024-07-09 06:00:00+00:00,1,0,0.0,0.0,0.0,1.0,1.0
60,2024-07-09 07:00:00+00:00,2,0,0.0,0.0,0.0,0.9999999999999999,0.9999999999999999
60,2024-07-09 09:00:00+00:00,1,0,0.0,0.0,0.0,1.0,1.0
60,2024-07-09 16:00:00+00:00,4,0,0.0,0.0,0.0,1.0,1.0
60,2024-07-09 17:00:00+00:00,1,0,0.0,0.0,0.0,1.0,1.0
60,2024-07-10 01:00:00+00:00,2,0,0.0,0.0,0.0,0.9999999999999999,0.9999999999999999
60,2024-07-10 02:00:00+00:00,1,0,0.0,0.0,0.0,1.0,1.0
60,2024-07-10 03:00:00+00:00,7,0,0.0,0.0,0.0,1.0,1.0
60,2024-07-10 04:00:00+00:00,2,0,0.0,0.0,0.0,0.9999999999999999,0.9999999999999999
60,2024-07-10 05:00:00+00:00,3,0,0.0,0.0,0.0,1.0,1.0
60,2024-07-10 06:00:00+00:00,2,0,0.0,0.0,0.0,0.9999999999999999,0.9999999999999999
60,2024-07-10 08:00:00+00:00,2,0,0.0,0.0,0.0,0.9999999999999999,0.9999999999999999
60,2024-07-10 17:00:00+00:00,1,0,0.0,0.0,0.0,1.0,1.0
60,2024-07-11 03:00:00+00:00,10,0,0.0,0.0,0.0,0.9999999999999999,0.9999999999999999
60,2024-07-11 04:00:00+00:00,2,0,0.0,0.0,0.0,0.9999999999999999,0.9999999999999999
60,2024-07-11 06:00:00+00:00,8,6,0.75,2.0,3.0,0.7380952380952381,0.4761904761904762
60,2024-07-11 10:00:00+00:00,1,0,0.0,0.0,0.0,1.0,1.0
60,2024-07-11 17:00:00+00:00,3,0,0.0,0.0,0.0,1.0,1.0
60,2024-07-12 01:00:00+00:00,1,0,0.0,0.0,0.0,1.0,1.0
60,2024-07-12 02:00:00+00:00,1,0,0.0,0.0,0.0,1.0,1.0
60,2024-07-12 03:00:00+00:00,6,0,0.0,0.0,0.0,1.0,1.0
60,2024-07-12 04:00:00+00:00,10,0,0.0,0.0,0.0,0.9999999999999999,0.9999999999999999
60,2024-07-12 05:00:00+00:00,2,0,0.0,0.0,0.0,0.9999999999999999,0.9999999999999999
60,2024-07-12 06:00:00+00:00,3,0,0.0,0.0,0.0,1.0,1.0
60,2024-07-12 09:00:00+00:00,2,0,0.0,0.0,0.0,0.9999999999999999,0.9999999999999999
60,2024-07-12 10:00:00+00:00,1,0,0.0,0.0,0.0,1.0,1.0
60,2024-07-12 18:00:00+00:00,1,0,0.0,0.0,0.0,1.0,1.0
60,2024-07-13 03:00:00+00:00,15,0,0.0,0.0,0.0,1.0,1.0
60,2024-07-13 04:00:00+00:00,2,0,0.0,0.0,0.0,0.9999999999999999,0.9999999999999999
60,2024-07-13 05:00:00+00:00,1,0,0.0,0.0,0.0,1.0,1.0
60,2024-07-13 06:00:00+00:00,1,0,0.0,0.0,0.0,1.0,1.0
60,2024-07-13 08:00:00+00:00,2,0,0.0,0.0,0.0,0.9999999999999999,0.9999999999999999
60,2024-07-14 12:00:00+00:00,1,0,0.0,0.0,0.0,1.0,1.0
60,2024-07-15 01:00:00+00:00,2,0,0.0,0.0,0.0,0.9999999999999999,0.9999999999999999
60,2024-07-15 02:00:00+00:00,2,0,0.0,0.0,0.0,0.9999999999999999,0.9999999999999999
60,2024-07-15 03:00:00+00:00,12,2,0.16666666666666666,0.16666666666666666,1.0,0.9965034965034966,0.9930069930069931
60,2024-07-15 04:00:00+00:00,12,0,0.0,0.0,0.0,1.0,1.0
60,2024-07-15 06:00:00+00:00,2,0,0.0,0.0,0.0,0.9999999999999999,0.9999999999999999
60,2024-07-15 09:00:00+00:00,3,0,0.0,0.0,0.0,1.0,1.0
60,2024-07-16 02:00:00+00:00,2,0,0.0,0.0,0.0,0.9999999999999999,0.9999999999999999
60,2024-07-16 03:00:00+00:00,11,0,0.0,0.0,0.0,1.0,1.0
60,2024-07-16 04:00:00+00:00,6,0,0.0,0.0,0.0,1.0,1.0
60,2024-07-16 05:00:00+00:00,2,0,0.0,0.0,0.0,0.9999999999999999,0.9999999999999999
60,2024-07-16 07:00:00+00:00,1,0,0.0,0.0,0.0,1.0,1.0
60,2024-07-16 08:00:00+00:00,2,0,0.0,0.0,0.0,0.9999999999999999,0.9999999999999999
60,2024-07-16 09:00:00+00:00,1,0,0.0,0.0,0.0,1.0,1.0
60,2024-07-16 12:00:00+00:00,1,0,0.0,0.0,0.0,1.0,1.0
60,2024-07-16 17:00:00+00:00,3,0,0.0,0.0,0.0,1.0,1.0
60,2024-07-16 18:00:00+00:00,8,0,0.0,0.0,0.0,1.0,1.0
60,2024-07-17 02:00:00+00:00,1,0,0.0,0.0,0.0,1.0,1.0
60,2024-07-17 07:00:00+00:00,1,0,0.0,0.0,0.0,1.0,1.0
60,2024-07-17 08:00:00+00:00,1,0,0.0,0.0,0.0,1.0,1.0
60,2024-07-17 09:00:00+00:00,1,0,0.0,0.0,0.0,1.0,1.0
60,2024-07-17 16:00:00+00:00,3,0,0.0,0.0,0.0,1.0,1.0
60,2024-07-17 17:00:00+00:00,7,0,0.0,0.0,0.0,1.0,1.0
60,2024-07-17 18:00:00+00:00,1,0,0.0,0.0,0.0,1.0,1.0
60,2024-07-18 02:00:00+00:00,9,0,0.0,0.0,0.0,1.0,1.0
60,2024-07-18 03:00:00+00:00,3,0,0.0,0.0,0.0,1.0,1.0
60,2024-07-18 04:00:00+00:00,3,0,0.0,0.0,0.0,1.0,1.0
60,2024-07-18 05:00:00+00:00,3,0,0.0,0.0,0.0,1.0,1.0
60,2024-07-18 06:00:00+00:00,1,0,0.0,0.0,0.0,1.0,1.0
60,2024-07-18 07:00:00+00:00,1,0,0.0,0.0,0.0,1.0,1.0
60,2024-07-18 09:00:00+00:00,1,0,0.0,0.0,0.0,1.0,1.0
60,2024-07-18 17:00:00+00:00,1,0,0.0,0.0,0.0,1.0,1.0
60,2024-07-19 00:00:00+00:00,1,0,0.0,0.0,0.0,1.0,1.0
60,2024-07-19 02:00:00+00:00,7,0,0.0,0.0,0.0,1.0,1.0
60,2024-07-19 03:00:00+00:00,4,0,0.0,0.0,0.0,1.0,1.0
60,2024-07-19 04:00:00+00:00,1,0,0.0,0.0,0.0,1.0,1.0
60,2024-07-19 05:00:00+00:00,1,0,0.0,0.0,0.0,1.0,1.0
60,2024-07-19 06:00:00+00:00,1,0,0.0,0.0,0.0,1.0,1.0
60,2024-07-19 09:00:00+00:00,1,0,0.0,0.0,0.0,1.0,1.0
60,2024-07-19 18:00:00+00:00,7,0,0.0,0.0,0.0,1.0,1.0
60,2024-07-20 03:00:00+00:00,10,0,0.0,0.0,0.0,0.9999999999999999,0.9999999999999999
60,2024-07-20 04:00:00+00:00,2,0,0.0,0.0,0.0,0.9999999999999999,0.9999999999999999
60,2024-07-20 05:00:00+00:00,1,0,0.0,0.0,0.0,1.0,1.0
60,2024-07-20 07:00:00+00:00,1,0,0.0,0.0,0.0,1.0,1.0
60,2024-07-20 08:00:00+00:00,1,0,0.0,0.0,0.0,1.0,1.0
60,2024-07-20 09:00:00+00:00,2,0,0.0,0.0,0.0,0.9999999999999999,0.9999999999999999
60,2024-07-21 13:00:00+00:00,2,0,0.0,0.0,0.0,0.9999999999999999,0.9999999999999999
60,2024-07-21 19:00:00+00:00,2,0,0.0,0.0,0.0,0.9999999999999999,0.9999999999999999
60,2024-07-21 20:00:00+00:00,8,0,0.0,0.0,0.0,1.0,1.0
60,2024-07-22 01:00:00+00:00,1,0,0.0,0.0,0.0,1.0,1.0
60,2024-07-22 02:00:00+00:00,1,0,0.0,0.0,0.0,1.0,1.0
60,2024-07-22 03:00:00+00:00,7,0,0.0,0.0,0.0,1.0,1.0
60,2024-07-22 04:00:00+00:00,6,0,0.0,0.0,0.0,1.0,1.0
60,2024-07-22 05:00:00+00:00,4,0,0.0,0.0,0.0,1.0,1.0
60,2024-07-22 06:00:00+00:00,1,0,0.0,0.0,0.0,1.0,1.0
60,2024-07-22 08:00:00+00:00,1,0,0.0,0.0,0.0,1.0,1.0
60,2024-07-22 16:00:00+00:00,2,0,0.0,0.0,0.0,0.9999999999999999,0.9999999999999999
60,2024-07-23 02:00:00+00:00,8,0,0.0,0.0,0.0,1.0,1.0
60,2024-07-23 03:00:00+00:00,3,0,0.0,0.0,0.0,1.0,1.0
60,2024-07-23 04:00:00+00:00,5,0,0.0,0.0,0.0,0.9999999999999999,0.9999999999999999
60,2024-07-23 07:00:00+00:00,1,0,0.0,0.0,0.0,1.0,1.0
60,2024-07-23 15:00:00+00:00,2,0,0.0,0.0,0.0,0.9999999999999999,0.9999999999999999
60,2024-07-23 16:00:00+00:00,1,0,0.0,0.0,0.0,1.0,1.0
60,2024-07-23 17:00:00+00:00,5,0,0.0,0.0,0.0,0.9999999999999999,0.9999999999999999
60,2024-07-23 18:00:00+00:00,3,0,0.0,0.0,0.0,1.0,1.0
60,2024-07-24 00:00:00+00:00,1,0,0.0,0.0,0.0,1.0,1.0
60,2024-07-24 02:00:00+00:00,11,0,0.0,0.0,0.0,1.0,1.0
60,2024-07-24 03:00:00+00:00,2,0,0.0,0.0,0.0,0.9999999999999999,0.9999999999999999
60,2024-07-24 04:00:00+00:00,2,0,0.0,0.0,0.0,0.9999999999999999,0.9999999999999999
60,2024-07-24 05:00:00+00:00,4,2,0.5,0.5,1.0,0.8999999999999999,0.7999999999999999
60,2024-07-24 07:00:00+00:00,1,0,0.0,0.0,0.0,1.0,1.0
60,2024-07-24 15:00:00+00:00,2,0,0.0,0.0,0.0,0.9999999999999999,0.9999999999999999
60,2024-07-24 18:00:00+00:00,1,0,0.0,0.0,0.0,1.0,1.0
60,2024-07-25 00:00:00+00:00,1,0,0.0,0.0,0.0,1.0,1.0
60,2024-07-25 02:00:00+00:00,6,0,0.0,0.0,0.0,1.0,1.0
60,2024-07-25 03:00:00+00:00,4,0,0.0,0.0,0.0,1.0,1.0
60,2024-07-25 04:00:00+00:00,3,0,0.0,0.0,0.0,1.0,1.0
60,2024-07-25 05:00:00+00:00,1,0,0.0,0.0,0.0,1.0,1.0
60,2024-07-25 07:00:00+00:00,1,0,0.0,0.0,0.0,1.0,1.0
60,2024-07-25 16:00:00+00:00,2,0,0.0,0.0,0.0,0.9999999999999999,0.9999999999999999
60,2024-07-25 17:00:00+00:00,6,0,0.0,0.0,0.0,1.0,1.0
60,2024-07-26 02:00:00+00:00,1,0,0.0,0.0,0.0,1.0,1.0
60,2024-07-26 03:00:00+00:00,9,0,0.0,0.0,0.0,1.0,1.0
60,2024-07-26 07:00:00+00:00,1,0,0.0,0.0,0.0,1.0,1.0
60,2024-07-26 08:00:00+00:00,4,0,0.0,0.0,0.0,1.0,1.0
60,2024-07-26 09:00:00+00:00,1,0,0.0,0.0,0.0,1.0,1.0
60,2024-07-26 15:00:00+00:00,5,0,0.0,0.0,0.0,0.9999999999999999,0.9999999999999999
60,2024-07-26 16:00:00+00:00,1,0,0.0,0.0,0.0,1.0,1.0
60,2024-07-27 04:00:00+00:00,1,0,0.0,0.0,0.0,1.0,1.0
60,2024-07-27 07:00:00+00:00,2,0,0.0,0.0,0.0,0.9999999999999999,0.9999999999999999
60,2024-07-29 02:00:00+00:00,1,0,0.0,0.0,0.0,1.0,1.0
60,2024-07-29 04:00:00+00:00,12,3,0.25,0.3333333333333333,2.0,0.9895104895104896,0.9790209790209792
60,2024-07-29 05:00:00+00:00,4,0,0.0,0.0,0.0,1.0,1.0
60,2024-07-29 07:00:00+00:00,1,0,0.0,0.0,0.0,1.0,1.0
60,2024-07-29 08:00:00+00:00,1,0,0.0,0.0,0.0,1.0,1.0
60,2024-07-29 09:00:00+00:00,3,0,0.0,0.0,0.0,1.0,1.0
60,2024-07-29 10:00:00+00:00,1,0,0.0,0.0,0.0,1.0,1.0
60,2024-07-30 02:00:00+00:00,2,0,0.0,0.0,0.0,0.9999999999999999,0.9999999999999999
60,2024-07-30 04:00:00+00:00,1,0,0.0,0.0,0.0,1.0,1.0
60,2024-07-30 06:00:00+00:00,1,0,0.0,0.0,0.0,1.0,1.0
60,2024-07-30 07:00:00+00:00,1,0,0.0,0.0,0.0,1.0,1.0
60,2024-07-30 08:00:00+00:00,1,0,0.0,0.0,0.0,1.0,1.0
60,2024-07-30 15:00:00+00:00,1,0,0.0,0.0,0.0,1.0,1.0
60,2024-07-30 16:00:00+00:00,7,0,0.0,0.0,0.0,1.0,1.0
60,2024-07-31 01:00:00+00:00,1,0,0.0,0.0,0.0,1.0,1.0
60,2024-07-31 03:00:00+00:00,1,0,0.0,0.0,0.0,1.0,1.0
60,2024-07-31 04:00:00+00:00,1,0,0.0,0.0,0.0,1.0,1.0
60,2024-07-31 05:00:00+00:00,3,0,0.0,0.0,0.0,1.0,1.0
60,2024-07-31 06:00:00+00:00,2,0,0.0,0.0,0.0,0.9999999999999999,0.9999999999999999
60,2024-07-31 11:00:00+00:00,2,0,0.0,0.0,0.0,0.9999999999999999,0.9999999999999999
60,2024-07-31 16:00:00+00:00,1,0,0.0,0.0,0.0,1.0,1.0
60,2024-08-01 02:00:00+00:00,5,0,0.0,0.0,0.0,0.9999999999999999,0.9999999999999999
60,2024-08-01 03:00:00+00:00,1,0,0.0,0.0,0.0,1.0,1.0
60,2024-08-01 04:00:00+00:00,1,0,0.0,0.0,0.0,1.0,1.0
60,2024-08-01 09:00:00+00:00,3,0,0.0,0.0,0.0,1.0,1.0
60,2024-08-02 03:00:00+00:00,3,0,0.0,0.0,0.0,1.0,1.0
60,2024-08-02 04:00:00+00:00,3,0,0.0,0.0,0.0,1.0,1.0
60,2024-08-02 07:00:00+00:00,2,0,0.0,0.0,0.0,0.9999999999999999,0.9999999999999999
60,2024-08-02 08:00:00+00:00,5,0,0.0,0.0,0.0,0.9999999999999999,0.9999999999999999
60,2024-08-02 09:00:00+00:00,1,0,0.0,0.0,0.0,1.0,1.0
60,2024-08-03 03:00:00+00:00,1,0,0.0,0.0,0.0,1.0,1.0
60,2024-08-03 04:00:00+00:00,1,0,0.0,0.0,0.0,1.0,1.0
60,2024-08-03 05:00:00+00:00,2,0,0.0,0.0,0.0,0.9999999999999999,0.9999999999999999
60,2024-08-03 07:00:00+00:00,1,0,0.0,0.0,0.0,1.0,1.0
60,2024-08-03 08:00:00+00:00,1,0,0.0,0.0,0.0,1.0,1.0
60,2024-08-03 09:00:00+00:00,1,0,0.0,0.0,0.0,1.0,1.0
60,2024-08-05 04:00:00+00:00,1,0,0.0,0.0,0.0,1.0,1.0
60,2024-08-05 08:00:00+00:00,1,0,0.0,0.0,0.0,1.0,1.0
60,2024-08-05 10:00:00+00:00,2,0,0.0,0.0,0.0,0.9999999999999999,0.9999999999999999
60,2024-08-06 02:00:00+00:00,1,0,0.0,0.0,0.0,1.0,1.0
60,2024-08-06 03:00:00+00:00,4,0,0.0,0.0,0.0,1.0,1.0
60,2024-08-06 04:00:00+00:00,6,0,0.0,0.0,0.0,1.0,1.0
60,2024-08-06 05:00:00+00:00,7,0,0.0,0.0,0.0,1.0,1.0
60,2024-08-06 06:00:00+00:00,2,0,0.0,0.0,0.0,0.9999999999999999,0.9999999999999999
60,2024-08-06 07:00:00+00:00,1,0,0.0,0.0,0.0,1.0,1.0
60,2024-08-07 02:00:00+00:00,1,0,0.0,0.0,0.0,1.0,1.0
60,2024-08-07 03:00:00+00:00,7,0,0.0,0.0,0.0,1.0,1.0
60,2024-08-07 05:00:00+00:00,4,0,0.0,0.0,0.0,1.0,1.0
60,2024-08-07 07:00:00+00:00,1,0,0.0,0.0,0.0,1.0,1.0
60,2024-08-07 09:00:00+00:00,1,0,0.0,0.0,0.0,1.0,1.0
60,2024-08-07 10:00:00+00:00,2,0,0.0,0.0,0.0,0.9999999999999999,0.9999999999999999
60,2024-08-07 12:00:00+00:00,1,0,0.0,0.0,0.0,1.0,1.0
60,2024-08-07 13:00:00+00:00,1,0,0.0,0.0,0.0,1.0,1.0
60,2024-08-08 02:00:00+00:00,2,0,0.0,0.0,0.0,0.9999999999999999,0.9999999999999999
60,2024-08-08 03:00:00+00:00,6,0,0.0,0.0,0.0,1.0,1.0
60,2024-08-08 04:00:00+00:00,3,0,0.0,0.0,0.0,1.0,1.0
60,2024-08-08 05:00:00+00:00,1,0,0.0,0.0,0.0,1.0,1.0
60,2024-08-08 06:00:00+00:00,5,0,0.0,0.0,0.0,0.9999999999999999,0.9999999999999999
60,2024-08-08 07:00:00+00:00,2,0,0.0,0.0,0.0,0.9999999999999999,0.9999999999999999
60,2024-08-08 10:00:00+00:00,1,0,0.0,0.0,0.0,1.0,1.0
60,2024-08-08 12:00:00+00:00,1,0,0.0,0.0,0.0,1.0,1.0
60,2024-08-09 03:00:00+00:00,7,0,0.0,0.0,0.0,1.0,1.0
60,2024-08-09 04:00:00+00:00,1,0,0.0,0.0,0.0,1.0,1.0
60,2024-08-09 05:00:00+00:00,2,0,0.0,0.0,0.0,0.9999999999999999,0.9999999999999999
60,2024-08-09 06:00:00+00:00,1,0,0.0,0.0,0.0,1.0,1.0
60,2024-08-09 15:00:00+00:00,2,0,0.0,0.0,0.0,0.9999999999999999,0.9999999999999999
60,2024-08-09 16:00:00+00:00,4,0,0.0,0.0,0.0,1.0,1.0
60,2024-08-09 17:00:00+00:00,7,0,0.0,0.0,0.0,1.0,1.0
60,2024-08-10 02:00:00+00:00,1,0,0.0,0.0,0.0,1.0,1.0
60,2024-08-10 03:00:00+00:00,1,0,0.0,0.0,0.0,1.0,1.0
60,2024-08-10 04:00:00+00:00,9,0,0.0,0.0,0.0,1.0,1.0
60,2024-08-10 05:00:00+00:00,2,0,0.0,0.0,0.0,0.9999999999999999,0.9999999999999999
60,2024-08-10 07:00:00+00:00,1,0,0.0,0.0,0.0,1.0,1.0
60,2024-08-10 09:00:00+00:00,1,0,0.0,0.0,0.0,1.0,1.0
60,2024-08-10 10:00:00+00:00,1,0,0.0,0.0,0.0,1.0,1.0
60,2024-08-11 11:00:00+00:00,1,0,0.0,0.0,0.0,1.0,1.0
60,2024-08-12 03:00:00+00:00,3,0,0.0,0.0,0.0,1.0,1.0
60,2024-08-12 04:00:00+00:00,1,0,0.0,0.0,0.0,1.0,1.0
60,2024-08-12 06:00:00+00:00,1,0,0.0,0.0,0.0,1.0,1.0
60,2024-08-12 07:00:00+00:00,1,0,0.0,0.0,0.0,1.0,1.0
60,2024-08-12 08:00:00+00:00,1,0,0.0,0.0,0.0,1.0,1.0
60,2024-08-12 14:00:00+00:00,1,0,0.0,0.0,0.0,1.0,1.0
60,2024-08-13 01:00:00+00:00,1,0,0.0,0.0,0.0,1.0,1.0
60,2024-08-13 02:00:00+00:00,7,0,0.0,0.0,0.0,1.0,1.0
60,2024-08-13 03:00:00+00:00,6,0,0.0,0.0,0.0,1.0,1.0
60,2024-08-13 10:00:00+00:00,1,0,0.0,0.0,0.0,1.0,1.0
60,2024-08-14 03:00:00+00:00,5,0,0.0,0.0,0.0,0.9999999999999999,0.9999999999999999
60,2024-08-14 04:00:00+00:00,5,0,0.0,0.0,0.0,0.9999999999999999,0.9999999999999999
60,2024-08-14 06:00:00+00:00,1,0,0.0,0.0,0.0,1.0,1.0
60,2024-08-14 07:00:00+00:00,1,0,0.0,0.0,0.0,1.0,1.0
60,2024-08-15 01:00:00+00:00,1,0,0.0,0.0,0.0,1.0,1.0
60,2024-08-15 02:00:00+00:00,1,0,0.0,0.0,0.0,1.0,1.0
60,2024-08-15 03:00:00+00:00,3,0,0.0,0.0,0.0,1.0,1.0
60,2024-08-15 04:00:00+00:00,9,5,0.5555555555555556,1.1111111111111112,3.0,0.9083333333333333,0.8166666666666667
60,2024-08-15 12:00:00+00:00,1,0,0.0,0.0,0.0,1.0,1.0
60,2024-08-15 13:00:00+00:00,1,0,0.0,0.0,0.0,1.0,1.0
60,2024-08-15 17:00:00+00:00,1,0,0.0,0.0,0.0,1.0,1.0
60,2024-08-16 02:00:00+00:00,3,0,0.0,0.0,0.0,1.0,1.0
60,2024-08-16 03:00:00+00:00,2,0,0.0,0.0,0.0,0.9999999999999999,0.9999999999999999
60,2024-08-16 04:00:00+00:00,6,0,0.0,0.0,0.0,1.0,1.0
60,2024-08-16 05:00:00+00:00,1,0,0.0,0.0,0.0,1.0,1.0
60,2024-08-16 09:00:00+00:00,1,0,0.0,0.0,0.0,1.0,1.0
60,2024-08-16 10:00:00+00:00,1,0,0.0,0.0,0.0,1.0,1.0
60,2024-08-17 02:00:00+00:00,2,0,0.0,0.0,0.0,0.9999999999999999,0.9999999999999999
60,2024-08-17 03:00:00+00:00,4,2,0.5,0.5,1.0,0.8999999999999999,0.7999999999999999
60,2024-08-17 04:00:00+00:00,6,0,0.0,0.0,0.0,1.0,1.0
60,2024-08-17 05:00:00+00:00,2,0,0.0,0.0,0.0,0.9999999999999999,0.9999999999999999
60,2024-08-18 12:00:00+00:00,2,0,0.0,0.0,0.0,0.9999999999999999,0.9999999999999999
60,2024-08-18 15:00:00+00:00,1,0,0.0,0.0,0.0,1.0,1.0
60,2024-08-19 01:00:00+00:00,1,0,0.0,0.0,0.0,1.0,1.0
60,2024-08-19 03:00:00+00:00,3,0,0.0,0.0,0.0,1.0,1.0
60,2024-08-19 04:00:00+00:00,5,0,0.0,0.0,0.0,0.9999999999999999,0.9999999999999999
60,2024-08-19 05:00:00+00:00,7,0,0.0,0.0,0.0,1.0,1.0
60,2024-08-19 07:00:00+00:00,1,0,0.0,0.0,0.0,1.0,1.0
60,2024-08-20 00:00:00+00:00,1,0,0.0,0.0,0.0,1.0,1.0
60,2024-08-20 03:00:00+00:00,2,0,0.0,0.0,0.0,0.9999999999999999,0.9999999999999999
60,2024-08-20 04:00:00+00:00,7,0,0.0,0.0,0.0,1.0,1.0
60,2024-08-20 05:00:00+00:00,3,0,0.0,0.0,0.0,1.0,1.0
60,2024-08-20 06:00:00+00:00,1,0,0.0,0.0,0.0,1.0,1.0
60,2024-08-20 08:00:00+00:00,1,0,0.0,0.0,0.0,1.0,1.0
60,2024-08-20 12:00:00+00:00,2,0,0.0,0.0,0.0,0.9999999999999999,0.9999999999999999
60,2024-08-20 14:00:00+00:00,1,0,0.0,0.0,0.0,1.0,1.0
60,2024-08-21 02:00:00+00:00,1,0,0.0,0.0,0.0,1.0,1.0
60,2024-08-21 03:00:00+00:00,6,0,0.0,0.0,0.0,1.0,1.0
60,2024-08-21 04:00:00+00:00,4,0,0.0,0.0,0.0,1.0,1.0
60,2024-08-21 06:00:00+00:00,1,0,0.0,0.0,0.0,1.0,1.0
60,2024-08-21 07:00:00+00:00,2,0,0.0,0.0,0.0,0.9999999999999999,0.9999999999999999
60,2024-08-21 15:00:00+00:00,1,0,0.0,0.0,0.0,1.0,1.0
60,2024-08-22 04:00:00+00:00,4,0,0.0,0.0,0.0,1.0,1.0
60,2024-08-22 05:00:00+00:00,5,0,0.0,0.0,0.0,0.9999999999999999,0.9999999999999999
60,2024-08-22 06:00:00+00:00,3,0,0.0,0.0,0.0,1.0,1.0
60,2024-08-22 08:00:00+00:00,1,0,0.0,0.0,0.0,1.0,1.0
60,2024-08-22 12:00:00+00:00,1,0,0.0,0.0,0.0,1.0,1.0
60,2024-08-22 13:00:00+00:00,1,0,0.0,0.0,0.0,1.0,1.0
60,2024-08-23 00:00:00+00:00,1,0,0.0,0.0,0.0,1.0,1.0
60,2024-08-23 02:00:00+00:00,2,2,1.0,1.0,1.0,0.0,-0.9999999999999999
60,2024-08-23 04:00:00+00:00,3,0,0.0,0.0,0.0,1.0,1.0
60,2024-08-23 05:00:00+00:00,1,0,0.0,0.0,0.0,1.0,1.0
120,2023-05-04 14:00:00+00:00,1,0,0.0,0.0,0.0,1.0,1.0
120,2023-05-05 04:00:00+00:00,1,0,0.0,0.0,0.0,1.0,1.0
120,2023-05-06 10:00:00+00:00,1,0,0.0,0.0,0.0,1.0,1.0
120,2023-05-07 14:00:00+00:00,1,0,0.0,0.0,0.0,1.0,1.0
120,2023-05-09 08:00:00+00:00,1,0,0.0,0.0,0.0,1.0,1.0
120,2023-05-09 12:00:00+00:00,1,0,0.0,0.0,0.0,1.0,1.0
120,2023-05-10 00:00:00+00:00,1,0,0.0,0.0,0.0,1.0,1.0
120,2023-05-10 02:00:00+00:00,1,0,0.0,0.0,0.0,1.0,1.0
120,2023-05-11 04:00:00+00:00,2,0,0.0,0.0,0.0,0.9999999999999999,0.9999999999999999
120,2023-05-12 04:00:00+00:00,1,0,0.0,0.0,0.0,1.0,1.0
120,2023-05-12 14:00:00+00:00,2,0,0.0,0.0,0.0,0.9999999999999999,0.9999999999999999
120,2023-05-13 02:00:00+00:00,1,0,0.0,0.0,0.0,1.0,1.0
120,2023-05-13 10:00:00+00:00,2,0,0.0,0.0,0.0,0.9999999999999999,0.9999999999999999
120,2023-05-16 08:00:00+00:00,2,0,0.0,0.0,0.0,0.9999999999999999,0.9999999999999999
120,2023-05-17 04:00:00+00:00,1,0,0.0,0.0,0.0,1.0,1.0
120,2023-05-18 04:00:00+00:00,1,0,0.0,0.0,0.0,1.0,1.0
120,2023-05-18 06:00:00+00:00,1,0,0.0,0.0,0.0,1.0,1.0
120,2023-05-18 14:00:00+00:00,2,0,0.0,0.0,0.0,0.9999999999999999,0.9999999999999999
120,2023-05-19 04:00:00+00:00,2,0,0.0,0.0,0.0,0.9999999999999999,0.9999999999999999
120,2023-05-20 06:00:00+00:00,1,0,0.0,0.0,0.0,1.0,1.0
120,2023-05-20 08:00:00+00:00,2,0,0.0,0.0,0.0,0.9999999999999999,0.9999999999999999
120,2023-05-22 04:00:00+00:00,2,0,0.0,0.0,0.0,0.9999999999999999,0.9999999999999999
120,2023-05-22 10:00:00+00:00,1,0,0.0,0.0,0.0,1.0,1.0
120,2023-05-22 16:00:00+00:00,2,0,0.0,0.0,0.0,0.9999999999999999,0.9999999999999999
120,2023-05-23 02:00:00+00:00,1,0,0.0,0.0,0.0,1.0,1.0
120,2023-05-23 08:00:00+00:00,1,0,0.0,0.0,0.0,1.0,1.0
120,2023-05-23 10:00:00+00:00,1,0,0.0,0.0,0.0,1.0,1.0
120,2023-05-25 02:00:00+00:00,1,0,0.0,0.0,0.0,1.0,1.0
120,2023-05-26 00:00:00+00:00,2,0,0.0,0.0,0.0,0.9999999999999999,0.9999999999999999
120,2023-05-27 06:00:00+00:00,1,0,0.0,0.0,0.0,1.0,1.0
120,2023-05-30 00:00:00+00:00,1,0,0.0,0.0,0.0,1.0,1.0
120,2023-05-30 04:00:00+00:00,3,0,0.0,0.0,0.0,1.0,1.0
120,2023-05-30 08:00:00+00:00,1,0,0.0,0.0,0.0,1.0,1.0
120,2023-05-31 04:00:00+00:00,2,0,0.0,0.0,0.0,0.9999999999999999,0.9999999999999999
120,2023-05-31 06:00:00+00:00,1,0,0.0,0.0,0.0,1.0,1.0
120,2023-05-31 14:00:00+00:00,1,0,0.0,0.0,0.0,1.0,1.0
120,2023-06-01 02:00:00+00:00,1,0,0.0,0.0,0.0,1.0,1.0
120,2023-06-01 06:00:00+00:00,1,0,0.0,0.0,0.0,1.0,1.0
120,2023-06-01 08:00:00+00:00,1,0,0.0,0.0,0.0,1.0,1.0
120,2023-06-02 00:00:00+00:00,1,0,0.0,0.0,0.0,1.0,1.0
120,2023-06-02 04:00:00+00:00,1,0,0.0,0.0,0.0,1.0,1.0
120,2023-06-02 06:00:00+00:00,2,0,0.0,0.0,0.0,0.9999999999999999,0.9999999999999999
120,2023-06-02 08:00:00+00:00,1,0,0.0,0.0,0.0,1.0,1.0
120,2023-06-03 10:00:00+00:00,1,0,0.0,0.0,0.0,1.0,1.0
120,2023-06-04 06:00:00+00:00,2,0,0.0,0.0,0.0,0.9999999999999999,0.9999999999999999
120,2023-06-05 06:00:00+00:00,1,0,0.0,0.0,0.0,1.0,1.0
120,2023-06-05 16:00:00+00:00,1,0,0.0,0.0,0.0,1.0,1.0
120,2023-06-06 04:00:00+00:00,1,0,0.0,0.0,0.0,1.0,1.0
120,2023-06-06 08:00:00+00:00,2,0,0.0,0.0,0.0,0.9999999999999999,0.9999999999999999
120,2023-06-06 12:00:00+00:00,2,0,0.0,0.0,0.0,0.9999999999999999,0.9999999999999999
120,2023-06-07 02:00:00+00:00,2,0,0.0,0.0,0.0,0.9999999999999999,0.9999999999999999
120,2023-06-08 04:00:00+00:00,1,0,0.0,0.0,0.0,1.0,1.0
120,2023-06-09 02:00:00+00:00,1,0,0.0,0.0,0.0,1.0,1.0
120,2023-06-09 04:00:00+00:00,1,0,0.0,0.0,0.0,1.0,1.0
120,2023-06-09 08:00:00+00:00,1,0,0.0,0.0,0.0,1.0,1.0
120,2023-06-09 14:00:00+00:00,1,0,0.0,0.0,0.0,1.0,1.0
120,2023-06-12 04:00:00+00:00,2,0,0.0,0.0,0.0,0.9999999999999999,0.9999999999999999
120,2023-06-12 10:00:00+00:00,1,0,0.0,0.0,0.0,1.0,1.0
120,2023-06-14 08:00:00+00:00,1,0,0.0,0.0,0.0,1.0,1.0
120,2023-06-15 04:00:00+00:00,1,0,0.0,0.0,0.0,1.0,1.0
120,2023-06-18 14:00:00+00:00,1,0,0.0,0.0,0.0,1.0,1.0
120,2023-06-19 10:00:00+00:00,1,0,0.0,0.0,0.0,1.0,1.0
120,2023-06-20 04:00:00+00:00,2,0,0.0,0.0,0.0,0.9999999999999999,0.9999999999999999
120,2023-06-20 14:00:00+00:00,1,0,0.0,0.0,0.0,1.0,1.0
120,2023-06-22 06:00:00+00:00,2,0,0.0,0.0,0.0,0.9999999999999999,0.9999999999999999
120,2023-06-22 08:00:00+00:00,1,0,0.0,0.0,0.0,1.0,1.0
120,2023-06-23 04:00:00+00:00,1,0,0.0,0.0,0.0,1.0,1.0
120,2023-06-23 06:00:00+00:00,2,0,0.0,0.0,0.0,0.9999999999999999,0.9999999999999999
120,2023-06-24 08:00:00+00:00,1,0,0.0,0.0,0.0,1.0,1.0
120,2023-06-24 10:00:00+00:00,1,0,0.0,0.0,0.0,1.0,1.0
120,2023-06-25 14:00:00+00:00,1,0,0.0,0.0,0.0,1.0,1.0
120,2023-06-27 10:00:00+00:00,1,0,0.0,0.0,0.0,1.0,1.0
120,2023-06-28 12:00:00+00:00,2,0,0.0,0.0,0.0,0.9999999999999999,0.9999999999999999
120,2023-06-30 04:00:00+00:00,2,0,0.0,0.0,0.0,0.9999999999999999,0.9999999999999999
120,2023-07-03 06:00:00+00:00,2,0,0.0,0.0,0.0,0.9999999999999999,0.9999999999999999
120,2023-07-04 04:00:00+00:00,2,0,0.0,0.0,0.0,0.9999999999999999,0.9999999999999999
120,2023-07-04 06:00:00+00:00,1,0,0.0,0.0,0.0,1.0,1.0
120,2023-07-05 04:00:00+00:00,3,0,0.0,0.0,0.0,1.0,1.0
120,2023-07-06 04:00:00+00:00,1,0,0.0,0.0,0.0,1.0,1.0
120,2023-07-06 08:00:00+00:00,1,0,0.0,0.0,0.0,1.0,1.0
120,2023-07-07 02:00:00+00:00,1,0,0.0,0.0,0.0,1.0,1.0
120,2023-07-08 08:00:00+00:00,1,0,0.0,0.0,0.0,1.0,1.0
120,2023-07-08 12:00:00+00:00,1,0,0.0,0.0,0.0,1.0,1.0
120,2023-07-10 08:00:00+00:00,2,0,0.0,0.0,0.0,0.9999999999999999,0.9999999999999999
120,2023-07-11 02:00:00+00:00,1,0,0.0,0.0,0.0,1.0,1.0
120,2023-07-11 08:00:00+00:00,2,0,0.0,0.0,0.0,0.9999999999999999,0.9999999999999999
120,2023-07-12 10:00:00+00:00,1,0,0.0,0.0,0.0,1.0,1.0
120,2023-07-12 14:00:00+00:00,1,0,0.0,0.0,0.0,1.0,1.0
120,2023-07-14 02:00:00+00:00,1,0,0.0,0.0,0.0,1.0,1.0
120,2023-07-15 04:00:00+00:00,2,0,0.0,0.0,0.0,0.9999999999999999,0.9999999999999999
120,2023-07-15 06:00:00+00:00,1,0,0.0,0.0,0.0,1.0,1.0
120,2023-07-17 06:00:00+00:00,1,0,0.0,0.0,0.0,1.0,1.0
120,2023-07-17 08:00:00+00:00,1,0,0.0,0.0,0.0,1.0,1.0
120,2023-07-17 10:00:00+00:00,1,0,0.0,0.0,0.0,1.0,1.0
120,2023-07-18 08:00:00+00:00,1,0,0.0,0.0,0.0,1.0,1.0
120,2023-07-18 10:00:00+00:00,1,0,0.0,0.0,0.0,1.0,1.0
120,2023-07-18 16:00:00+00:00,2,0,0.0,0.0,0.0,0.9999999999999999,0.9999999999999999
120,2023-07-20 04:00:00+00:00,3,0,0.0,0.0,0.0,1.0,1.0
120,2023-07-20 08:00:00+00:00,2,0,0.0,0.0,0.0,0.9999999999999999,0.9999999999999999
120,2023-07-20 12:00:00+00:00,1,0,0.0,0.0,0.0,1.0,1.0
120,2023-07-22 02:00:00+00:00,1,0,0.0,0.0,0.0,1.0,1.0
120,2023-07-22 10:00:00+00:00,1,0,0.0,0.0,0.0,1.0,1.0
120,2023-07-24 06:00:00+00:00,2,0,0.0,0.0,0.0,0.9999999999999999,0.9999999999999999
120,2023-07-25 00:00:00+00:00,2,0,0.0,0.0,0.0,0.9999999999999999,0.9999999999999999
120,2023-07-25 06:00:00+00:00,3,0,0.0,0.0,0.0,1.0,1.0
120,2023-07-25 08:00:00+00:00,1,0,0.0,0.0,0.0,1.0,1.0
120,2023-07-26 02:00:00+00:00,2,0,0.0,0.0,0.0,0.9999999999999999,0.9999999999999999
120,2023-07-27 00:00:00+00:00,1,0,0.0,0.0,0.0,1.0,1.0
120,2023-07-28 08:00:00+00:00,1,0,0.0,0.0,0.0,1.0,1.0
120,2023-07-29 04:00:00+00:00,2,0,0.0,0.0,0.0,0.9999999999999999,0.9999999999999999
120,2023-07-29 06:00:00+00:00,2,0,0.0,0.0,0.0,0.9999999999999999,0.9999999999999999
120,2023-07-31 10:00:00+00:00,1,0,0.0,0.0,0.0,1.0,1.0
120,2023-08-01 06:00:00+00:00,4,2,0.5,0.5,1.0,0.8999999999999999,0.7999999999999999
120,2023-08-01 16:00:00+00:00,1,0,0.0,0.0,0.0,1.0,1.0
120,2023-08-02 08:00:00+00:00,2,0,0.0,0.0,0.0,0.9999999999999999,0.9999999999999999
120,2023-08-03 04:00:00+00:00,1,0,0.0,0.0,0.0,1.0,1.0
120,2023-08-03 08:00:00+00:00,1,0,0.0,0.0,0.0,1.0,1.0
120,2023-08-05 02:00:00+00:00,1,0,0.0,0.0,0.0,1.0,1.0
120,2023-08-05 10:00:00+00:00,1,0,0.0,0.0,0.0,1.0,1.0
120,2023-08-06 14:00:00+00:00,2,0,0.0,0.0,0.0,0.9999999999999999,0.9999999999999999
120,2023-08-07 04:00:00+00:00,2,0,0.0,0.0,0.0,0.9999999999999999,0.9999999999999999
120,2023-08-08 02:00:00+00:00,1,0,0.0,0.0,0.0,1.0,1.0
120,2023-08-09 10:00:00+00:00,1,0,0.0,0.0,0.0,1.0,1.0
120,2023-08-09 14:00:00+00:00,1,0,0.0,0.0,0.0,1.0,1.0
120,2023-08-09 16:00:00+00:00,1,0,0.0,0.0,0.0,1.0,1.0
120,2023-08-11 02:00:00+00:00,1,0,0.0,0.0,0.0,1.0,1.0
120,2023-08-11 08:00:00+00:00,1,0,0.0,0.0,0.0,1.0,1.0
120,2023-08-14 02:00:00+00:00,1,0,0.0,0.0,0.0,1.0,1.0
120,2023-08-14 04:00:00+00:00,3,0,0.0,0.0,0.0,1.0,1.0
120,2023-08-15 02:00:00+00:00,1,0,0.0,0.0,0.0,1.0,1.0
120,2023-08-15 08:00:00+00:00,1,0,0.0,0.0,0.0,1.0,1.0
120,2023-08-16 04:00:00+00:00,3,0,0.0,0.0,0.0,1.0,1.0
120,2023-08-16 10:00:00+00:00,1,0,0.0,0.0,0.0,1.0,1.0
120,2023-08-17 06:00:00+00:00,1,0,0.0,0.0,0.0,1.0,1.0
120,2023-08-18 06:00:00+00:00,1,0,0.0,0.0,0.0,1.0,1.0
120,2023-08-19 04:00:00+00:00,1,0,0.0,0.0,0.0,1.0,1.0
120,2023-08-19 10:00:00+00:00,1,0,0.0,0.0,0.0,1.0,1.0
120,2023-08-21 02:00:00+00:00,4,0,0.0,0.0,0.0,1.0,1.0
120,2023-08-21 10:00:00+00:00,1,0,0.0,0.0,0.0,1.0,1.0
120,2023-08-24 02:00:00+00:00,1,0,0.0,0.0,0.0,1.0,1.0
120,2023-08-24 04:00:00+00:00,3,0,0.0,0.0,0.0,1.0,1.0
120,2023-08-25 04:00:00+00:00,2,0,0.0,0.0,0.0,0.9999999999999999,0.9999999999999999
120,2023-08-25 08:00:00+00:00,1,0,0.0,0.0,0.0,1.0,1.0
120,2023-08-26 02:00:00+00:00,3,0,0.0,0.0,0.0,1.0,1.0
120,2023-08-26 06:00:00+00:00,2,0,0.0,0.0,0.0,0.9999999999999999,0.9999999999999999
120,2023-08-26 08:00:00+00:00,1,0,0.0,0.0,0.0,1.0,1.0
120,2023-08-28 02:00:00+00:00,1,0,0.0,0.0,0.0,1.0,1.0
120,2023-08-28 12:00:00+00:00,1,0,0.0,0.0,0.0,1.0,1.0
120,2023-08-29 02:00:00+00:00,1,0,0.0,0.0,0.0,1.0,1.0
120,2023-08-30 06:00:00+00:00,1,0,0.0,0.0,0.0,1.0,1.0
120,2023-08-31 04:00:00+00:00,3,0,0.0,0.0,0.0,1.0,1.0
120,2023-08-31 10:00:00+00:00,1,0,0.0,0.0,0.0,1.0,1.0
120,2023-09-05 04:00:00+00:00,1,0,0.0,0.0,0.0,1.0,1.0
120,2023-09-05 10:00:00+00:00,3,0,0.0,0.0,0.0,1.0,1.0
120,2023-09-06 04:00:00+00:00,1,0,0.0,0.0,0.0,1.0,1.0
120,2023-09-07 06:00:00+00:00,1,0,0.0,0.0,0.0,1.0,1.0
120,2023-09-08 04:00:00+00:00,1,0,0.0,0.0,0.0,1.0,1.0
120,2023-09-08 08:00:00+00:00,3,0,0.0,0.0,0.0,1.0,1.0
120,2023-09-09 04:00:00+00:00,1,0,0.0,0.0,0.0,1.0,1.0
120,2023-09-11 06:00:00+00:00,3,0,0.0,0.0,0.0,1.0,1.0
120,2023-09-11 08:00:00+00:00,1,0,0.0,0.0,0.0,1.0,1.0
120,2023-09-12 00:00:00+00:00,1,0,0.0,0.0,0.0,1.0,1.0
120,2023-09-12 04:00:00+00:00,1,0,0.0,0.0,0.0,1.0,1.0
120,2023-09-13 02:00:00+00:00,1,0,0.0,0.0,0.0,1.0,1.0
120,2023-09-13 04:00:00+00:00,2,0,0.0,0.0,0.0,0.9999999999999999,0.9999999999999999
120,2023-09-13 08:00:00+00:00,2,0,0.0,0.0,0.0,0.9999999999999999,0.9999999999999999
120,2023-09-13 10:00:00+00:00,1,0,0.0,0.0,0.0,1.0,1.0
120,2023-09-13 14:00:00+00:00,2,0,0.0,0.0,0.0,0.9999999999999999,0.9999999999999999
120,2023-09-13 16:00:00+00:00,1,0,0.0,0.0,0.0,1.0,1.0
120,2023-09-14 06:00:00+00:00,1,0,0.0,0.0,0.0,1.0,1.0
120,2023-09-14 08:00:00+00:00,1,0,0.0,0.0,0.0,1.0,1.0
120,2023-09-14 16:00:00+00:00,2,0,0.0,0.0,0.0,0.9999999999999999,0.9999999999999999
120,2023-09-15 10:00:00+00:00,1,0,0.0,0.0,0.0,1.0,1.0
120,2023-09-16 02:00:00+00:00,1,0,0.0,0.0,0.0,1.0,1.0
120,2023-09-16 06:00:00+00:00,1,0,0.0,0.0,0.0,1.0,1.0
120,2023-09-18 02:00:00+00:00,2,0,0.0,0.0,0.0,0.9999999999999999,0.9999999999999999
120,2023-09-18 04:00:00+00:00,1,0,0.0,0.0,0.0,1.0,1.0
120,2023-09-20 00:00:00+00:00,2,0,0.0,0.0,0.0,0.9999999999999999,0.9999999999999999
120,2023-09-20 02:00:00+00:00,1,0,0.0,0.0,0.0,1.0,1.0
120,2023-09-20 04:00:00+00:00,2,2,1.0,1.0,1.0,0.0,-0.9999999999999999
120,2023-09-21 02:00:00+00:00,1,0,0.0,0.0,0.0,1.0,1.0
120,2023-09-21 06:00:00+00:00,1,0,0.0,0.0,0.0,1.0,1.0
120,2023-09-21 08:00:00+00:00,1,0,0.0,0.0,0.0,1.0,1.0
120,2023-09-21 10:00:00+00:00,1,0,0.0,0.0,0.0,1.0,1.0
120,2023-09-21 14:00:00+00:00,1,0,0.0,0.0,0.0,1.0,1.0
120,2023-09-22 02:00:00+00:00,1,0,0.0,0.0,0.0,1.0,1.0
120,2023-09-22 04:00:00+00:00,2,0,0.0,0.0,0.0,0.9999999999999999,0.9999999999999999
120,2023-09-22 06:00:00+00:00,1,0,0.0,0.0,0.0,1.0,1.0
120,2023-09-22 10:00:00+00:00,1,0,0.0,0.0,0.0,1.0,1.0
120,2023-09-23 04:00:00+00:00,1,0,0.0,0.0,0.0,1.0,1.0
120,2023-09-23 18:00:00+00:00,2,0,0.0,0.0,0.0,0.9999999999999999,0.9999999999999999
120,2023-09-24 04:00:00+00:00,1,0,0.0,0.0,0.0,1.0,1.0
120,2023-09-24 06:00:00+00:00,1,0,0.0,0.0,0.0,1.0,1.0
120,2023-09-24 12:00:00+00:00,1,0,0.0,0.0,0.0,1.0,1.0
120,2023-09-25 06:00:00+00:00,1,0,0.0,0.0,0.0,1.0,1.0
120,2023-09-25 08:00:00+00:00,1,0,0.0,0.0,0.0,1.0,1.0
120,2023-09-25 12:00:00+00:00,1,0,0.0,0.0,0.0,1.0,1.0
120,2023-09-25 14:00:00+00:00,1,0,0.0,0.0,0.0,1.0,1.0
120,2023-09-26 04:00:00+00:00,1,0,0.0,0.0,0.0,1.0,1.0
120,2023-09-26 06:00:00+00:00,3,0,0.0,0.0,0.0,1.0,1.0
120,2023-09-27 06:00:00+00:00,2,0,0.0,0.0,0.0,0.9999999999999999,0.9999999999999999
120,2023-09-28 02:00:00+00:00,2,0,0.0,0.0,0.0,0.9999999999999999,0.9999999999999999
120,2023-09-28 04:00:00+00:00,1,0,0.0,0.0,0.0,1.0,1.0
120,2023-09-29 04:00:00+00:00,1,0,0.0,0.0,0.0,1.0,1.0
120,2023-09-29 06:00:00+00:00,3,0,0.0,0.0,0.0,1.0,1.0
120,2023-09-29 08:00:00+00:00,1,0,0.0,0.0,0.0,1.0,1.0
120,2023-09-30 02:00:00+00:00,1,0,0.0,0.0,0.0,1.0,1.0
120,2023-09-30 10:00:00+00:00,1,0,0.0,0.0,0.0,1.0,1.0
120,2023-10-02 04:00:00+00:00,5,0,0.0,0.0,0.0,0.9999999999999999,0.9999999999999999
120,2023-10-02 06:00:00+00:00,1,0,0.0,0.0,0.0,1.0,1.0
120,2023-10-02 08:00:00+00:00,1,0,0.0,0.0,0.0,1.0,1.0
120,2023-10-02 10:00:00+00:00,1,0,0.0,0.0,0.0,1.0,1.0
120,2023-10-02 16:00:00+00:00,1,0,0.0,0.0,0.0,1.0,1.0
120,2023-10-03 04:00:00+00:00,1,0,0.0,0.0,0.0,1.0,1.0
120,2023-10-03 06:00:00+00:00,1,0,0.0,0.0,0.0,1.0,1.0
120,2023-10-03 08:00:00+00:00,1,0,0.0,0.0,0.0,1.0,1.0
120,2023-10-04 06:00:00+00:00,2,0,0.0,0.0,0.0,0.9999999999999999,0.9999999999999999
120,2023-10-06 00:00:00+00:00,1,0,0.0,0.0,0.0,1.0,1.0
120,2023-10-06 02:00:00+00:00,1,0,0.0,0.0,0.0,1.0,1.0
120,2023-10-06 06:00:00+00:00,2,0,0.0,0.0,0.0,0.9999999999999999,0.9999999999999999
120,2023-10-07 02:00:00+00:00,1,0,0.0,0.0,0.0,1.0,1.0
120,2023-10-07 04:00:00+00:00,1,0,0.0,0.0,0.0,1.0,1.0
120,2023-10-07 06:00:00+00:00,2,0,0.0,0.0,0.0,0.9999999999999999,0.9999999999999999
120,2023-10-07 20:00:00+00:00,1,0,0.0,0.0,0.0,1.0,1.0
120,2023-10-08 10:00:00+00:00,4,0,0.0,0.0,0.0,1.0,1.0
120,2023-10-08 14:00:00+00:00,1,0,0.0,0.0,0.0,1.0,1.0
120,2023-10-09 02:00:00+00:00,1,0,0.0,0.0,0.0,1.0,1.0
120,2023-10-09 04:00:00+00:00,1,0,0.0,0.0,0.0,1.0,1.0
120,2023-10-09 06:00:00+00:00,2,0,0.0,0.0,0.0,0.9999999999999999,0.9999999999999999
120,2023-10-09 10:00:00+00:00,1,0,0.0,0.0,0.0,1.0,1.0
120,2023-10-10 06:00:00+00:00,2,0,0.0,0.0,0.0,0.9999999999999999,0.9999999999999999
120,2023-10-10 08:00:00+00:00,2,0,0.0,0.0,0.0,0.9999999999999999,0.9999999999999999
120,2023-10-11 04:00:00+00:00,1,0,0.0,0.0,0.0,1.0,1.0
120,2023-10-12 04:00:00+00:00,3,0,0.0,0.0,0.0,1.0,1.0
120,2023-10-12 06:00:00+00:00,1,0,0.0,0.0,0.0,1.0,1.0
120,2023-10-12 14:00:00+00:00,1,0,0.0,0.0,0.0,1.0,1.0
120,2023-10-13 06:00:00+00:00,2,0,0.0,0.0,0.0,0.9999999999999999,0.9999999999999999
120,2023-10-13 10:00:00+00:00,1,0,0.0,0.0,0.0,1.0,1.0
120,2023-10-16 10:00:00+00:00,3,0,0.0,0.0,0.0,1.0,1.0
120,2023-10-17 06:00:00+00:00,2,0,0.0,0.0,0.0,0.9999999999999999,0.9999999999999999
120,2023-10-18 04:00:00+00:00,4,0,0.0,0.0,0.0,1.0,1.0
120,2023-10-18 06:00:00+00:00,2,0,0.0,0.0,0.0,0.9999999999999999,0.9999999999999999
120,2023-10-18 18:00:00+00:00,1,0,0.0,0.0,0.0,1.0,1.0
120,2023-10-19 00:00:00+00:00,1,0,0.0,0.0,0.0,1.0,1.0
120,2023-10-19 04:00:00+00:00,3,0,0.0,0.0,0.0,1.0,1.0
120,2023-10-19 06:00:00+00:00,1,0,0.0,0.0,0.0,1.0,1.0
120,2023-10-19 10:00:00+00:00,2,0,0.0,0.0,0.0,0.9999999999999999,0.9999999999999999
120,2023-10-20 02:00:00+00:00,1,0,0.0,0.0,0.0,1.0,1.0
120,2023-10-20 16:00:00+00:00,2,2,1.0,1.0,1.0,0.0,-0.9999999999999999
120,2023-10-21 06:00:00+00:00,1,0,0.0,0.0,0.0,1.0,1.0
120,2023-10-22 14:00:00+00:00,2,0,0.0,0.0,0.0,0.9999999999999999,0.9999999999999999
120,2023-10-23 12:00:00+00:00,1,0,0.0,0.0,0.0,1.0,1.0
120,2023-10-23 14:00:00+00:00,2,0,0.0,0.0,0.0,0.9999999999999999,0.9999999999999999
120,2023-10-24 02:00:00+00:00,1,0,0.0,0.0,0.0,1.0,1.0
120,2023-10-24 12:00:00+00:00,1,0,0.0,0.0,0.0,1.0,1.0
120,2023-10-25 10:00:00+00:00,1,0,0.0,0.0,0.0,1.0,1.0
120,2023-10-26 02:00:00+00:00,1,0,0.0,0.0,0.0,1.0,1.0
120,2023-10-26 06:00:00+00:00,1,0,0.0,0.0,0.0,1.0,1.0
120,2023-10-27 10:00:00+00:00,2,0,0.0,0.0,0.0,0.9999999999999999,0.9999999999999999
120,2023-10-27 16:00:00+00:00,1,0,0.0,0.0,0.0,1.0,1.0
120,2023-10-28 08:00:00+00:00,2,0,0.0,0.0,0.0,0.9999999999999999,0.9999999999999999
120,2023-10-29 12:00:00+00:00,1,0,0.0,0.0,0.0,1.0,1.0
120,2023-10-30 06:00:00+00:00,1,0,0.0,0.0,0.0,1.0,1.0
120,2023-10-31 06:00:00+00:00,1,0,0.0,0.0,0.0,1.0,1.0
120,2023-10-31 12:00:00+00:00,1,0,0.0,0.0,0.0,1.0,1.0
120,2023-11-01 10:00:00+00:00,1,0,0.0,0.0,0.0,1.0,1.0
120,2023-11-01 12:00:00+00:00,1,0,0.0,0.0,0.0,1.0,1.0
120,2023-11-02 04:00:00+00:00,1,0,0.0,0.0,0.0,1.0,1.0
120,2023-11-03 00:00:00+00:00,2,0,0.0,0.0,0.0,0.9999999999999999,0.9999999999999999
120,2023-11-03 02:00:00+00:00,2,0,0.0,0.0,0.0,0.9999999999999999,0.9999999999999999
120,2023-11-03 08:00:00+00:00,1,0,0.0,0.0,0.0,1.0,1.0
120,2023-11-03 14:00:00+00:00,1,0,0.0,0.0,0.0,1.0,1.0
120,2023-11-04 10:00:00+00:00,1,0,0.0,0.0,0.0,1.0,1.0
120,2023-11-04 12:00:00+00:00,1,0,0.0,0.0,0.0,1.0,1.0
120,2023-11-08 18:00:00+00:00,1,0,0.0,0.0,0.0,1.0,1.0
120,2023-11-09 14:00:00+00:00,1,0,0.0,0.0,0.0,1.0,1.0
120,2023-11-09 16:00:00+00:00,1,0,0.0,0.0,0.0,1.0,1.0
120,2023-11-11 04:00:00+00:00,2,0,0.0,0.0,0.0,0.9999999999999999,0.9999999999999999
120,2023-11-11 14:00:00+00:00,1,0,0.0,0.0,0.0,1.0,1.0
120,2023-11-12 12:00:00+00:00,2,0,0.0,0.0,0.0,0.9999999999999999,0.9999999999999999
120,2023-11-12 14:00:00+00:00,3,2,0.6666666666666666,0.6666666666666666,1.0,0.75,0.5
120,2023-11-13 04:00:00+00:00,1,0,0.0,0.0,0.0,1.0,1.0
120,2023-11-14 04:00:00+00:00,1,0,0.0,0.0,0.0,1.0,1.0
120,2023-11-15 02:00:00+00:00,2,0,0.0,0.0,0.0,0.9999999999999999,0.9999999999999999
120,2023-11-15 04:00:00+00:00,3,0,0.0,0.0,0.0,1.0,1.0
120,2023-11-15 10:00:00+00:00,2,0,0.0,0.0,0.0,0.9999999999999999,0.9999999999999999
120,2023-11-15 14:00:00+00:00,1,0,0.0,0.0,0.0,1.0,1.0
120,2023-11-16 02:00:00+00:00,1,0,0.0,0.0,0.0,1.0,1.0
120,2023-11-16 04:00:00+00:00,2,0,0.0,0.0,0.0,0.9999999999999999,0.9999999999999999
120,2023-11-17 00:00:00+00:00,1,0,0.0,0.0,0.0,1.0,1.0
120,2023-11-17 02:00:00+00:00,2,0,0.0,0.0,0.0,0.9999999999999999,0.9999999999999999
120,2023-11-17 06:00:00+00:00,2,0,0.0,0.0,0.0,0.9999999999999999,0.9999999999999999
120,2023-11-18 02:00:00+00:00,1,0,0.0,0.0,0.0,1.0,1.0
120,2023-11-18 08:00:00+00:00,1,0,0.0,0.0,0.0,1.0,1.0
120,2023-11-19 02:00:00+00:00,1,0,0.0,0.0,0.0,1.0,1.0
120,2023-11-19 12:00:00+00:00,3,0,0.0,0.0,0.0,1.0,1.0
120,2023-11-19 16:00:00+00:00,1,0,0.0,0.0,0.0,1.0,1.0
120,2023-11-20 10:00:00+00:00,1,0,0.0,0.0,0.0,1.0,1.0
120,2023-11-20 18:00:00+00:00,1,0,0.0,0.0,0.0,1.0,1.0
120,2023-11-21 06:00:00+00:00,2,0,0.0,0.0,0.0,0.9999999999999999,0.9999999999999999
120,2023-11-21 10:00:00+00:00,1,0,0.0,0.0,0.0,1.0,1.0
120,2023-11-22 00:00:00+00:00,2,0,0.0,0.0,0.0,0.9999999999999999,0.9999999999999999
120,2023-11-23 06:00:00+00:00,1,0,0.0,0.0,0.0,1.0,1.0
120,2023-11-24 04:00:00+00:00,2,0,0.0,0.0,0.0,0.9999999999999999,0.9999999999999999
120,2023-11-24 08:00:00+00:00,1,0,0.0,0.0,0.0,1.0,1.0
120,2023-11-24 10:00:00+00:00,1,0,0.0,0.0,0.0,1.0,1.0
120,2023-11-24 14:00:00+00:00,2,0,0.0,0.0,0.0,0.9999999999999999,0.9999999999999999
120,2023-11-25 04:00:00+00:00,1,0,0.0,0.0,0.0,1.0,1.0
120,2023-11-25 14:00:00+00:00,1,0,0.0,0.0,0.0,1.0,1.0
120,2023-11-26 14:00:00+00:00,3,0,0.0,0.0,0.0,1.0,1.0
120,2023-11-26 16:00:00+00:00,1,0,0.0,0.0,0.0,1.0,1.0
120,2023-11-27 12:00:00+00:00,1,0,0.0,0.0,0.0,1.0,1.0
120,2023-11-27 14:00:00+00:00,1,0,0.0,0.0,0.0,1.0,1.0
120,2023-11-28 10:00:00+00:00,1,0,0.0,0.0,0.0,1.0,1.0
120,2023-11-29 06:00:00+00:00,1,0,0.0,0.0,0.0,1.0,1.0
120,2023-11-29 08:00:00+00:00,2,0,0.0,0.0,0.0,0.9999999999999999,0.9999999999999999
120,2023-11-30 08:00:00+00:00,2,0,0.0,0.0,0.0,0.9999999999999999,0.9999999999999999
120,2023-11-30 10:00:00+00:00,1,0,0.0,0.0,0.0,1.0,1.0
120,2023-12-09 04:00:00+00:00,2,0,0.0,0.0,0.0,0.9999999999999999,0.9999999999999999
120,2023-12-09 06:00:00+00:00,1,0,0.0,0.0,0.0,1.0,1.0
120,2023-12-09 08:00:00+00:00,1,0,0.0,0.0,0.0,1.0,1.0
120,2023-12-11 06:00:00+00:00,1,0,0.0,0.0,0.0,1.0,1.0
120,2023-12-11 14:00:00+00:00,2,0,0.0,0.0,0.0,0.9999999999999999,0.9999999999999999
120,2023-12-13 04:00:00+00:00,2,0,0.0,0.0,0.0,0.9999999999999999,0.9999999999999999
120,2023-12-13 14:00:00+00:00,1,0,0.0,0.0,0.0,1.0,1.0
120,2023-12-14 02:00:00+00:00,1,0,0.0,0.0,0.0,1.0,1.0
120,2023-12-15 00:00:00+00:00,1,0,0.0,0.0,0.0,1.0,1.0
120,2023-12-15 06:00:00+00:00,1,0,0.0,0.0,0.0,1.0,1.0
120,2023-12-15 12:00:00+00:00,1,0,0.0,0.0,0.0,1.0,1.0
120,2023-12-17 12:00:00+00:00,1,0,0.0,0.0,0.0,1.0,1.0
120,2023-12-18 10:00:00+00:00,2,0,0.0,0.0,0.0,0.9999999999999999,0.9999999999999999
120,2023-12-19 02:00:00+00:00,2,0,0.0,0.0,0.0,0.9999999999999999,0.9999999999999999
120,2023-12-19 08:00:00+00:00,2,0,0.0,0.0,0.0,0.9999999999999999,0.9999999999999999
120,2023-12-20 10:00:00+00:00,1,0,0.0,0.0,0.0,1.0,1.0
120,2023-12-20 14:00:00+00:00,1,0,0.0,0.0,0.0,1.0,1.0
120,2023-12-22 02:00:00+00:00,1,0,0.0,0.0,0.0,1.0,1.0
120,2023-12-22 04:00:00+00:00,1,0,0.0,0.0,0.0,1.0,1.0
120,2023-12-22 14:00:00+00:00,1,0,0.0,0.0,0.0,1.0,1.0
120,2023-12-25 12:00:00+00:00,2,0,0.0,0.0,0.0,0.9999999999999999,0.9999999999999999
120,2023-12-25 14:00:00+00:00,1,0,0.0,0.0,0.0,1.0,1.0
120,2023-12-26 02:00:00+00:00,1,0,0.0,0.0,0.0,1.0,1.0
120,2023-12-26 04:00:00+00:00,1,0,0.0,0.0,0.0,1.0,1.0
120,2023-12-27 16:00:00+00:00,2,0,0.0,0.0,0.0,0.9999999999999999,0.9999999999999999
120,2023-12-28 00:00:00+00:00,1,0,0.0,0.0,0.0,1.0,1.0
120,2023-12-28 02:00:00+00:00,1,0,0.0,0.0,0.0,1.0,1.0
120,2023-12-28 04:00:00+00:00,1,0,0.0,0.0,0.0,1.0,1.0
120,2023-12-28 10:00:00+00:00,1,0,0.0,0.0,0.0,1.0,1.0
120,2023-12-30 00:00:00+00:00,1,0,0.0,0.0,0.0,1.0,1.0
120,2024-01-02 04:00:00+00:00,1,0,0.0,0.0,0.0,1.0,1.0
120,2024-01-03 02:00:00+00:00,1,0,0.0,0.0,0.0,1.0,1.0
120,2024-01-03 10:00:00+00:00,1,0,0.0,0.0,0.0,1.0,1.0
120,2024-01-04 06:00:00+00:00,1,0,0.0,0.0,0.0,1.0,1.0
120,2024-01-05 08:00:00+00:00,2,0,0.0,0.0,0.0,0.9999999999999999,0.9999999999999999
120,2024-01-09 22:00:00+00:00,1,0,0.0,0.0,0.0,1.0,1.0
120,2024-01-10 04:00:00+00:00,2,0,0.0,0.0,0.0,0.9999999999999999,0.9999999999999999
120,2024-01-10 08:00:00+00:00,1,0,0.0,0.0,0.0,1.0,1.0
120,2024-01-11 02:00:00+00:00,3,0,0.0,0.0,0.0,1.0,1.0
120,2024-01-12 04:00:00+00:00,1,0,0.0,0.0,0.0,1.0,1.0
120,2024-01-12 10:00:00+00:00,1,0,0.0,0.0,0.0,1.0,1.0
120,2024-01-13 08:00:00+00:00,1,0,0.0,0.0,0.0,1.0,1.0
120,2024-01-14 12:00:00+00:00,1,0,0.0,0.0,0.0,1.0,1.0
120,2024-01-15 06:00:00+00:00,1,0,0.0,0.0,0.0,1.0,1.0
120,2024-01-16 04:00:00+00:00,1,0,0.0,0.0,0.0,1.0,1.0
120,2024-01-17 02:00:00+00:00,1,0,0.0,0.0,0.0,1.0,1.0
120,2024-01-17 12:00:00+00:00,1,0,0.0,0.0,0.0,1.0,1.0
120,2024-01-18 08:00:00+00:00,1,0,0.0,0.0,0.0,1.0,1.0
120,2024-01-19 04:00:00+00:00,1,0,0.0,0.0,0.0,1.0,1.0
120,2024-01-19 06:00:00+00:00,1,0,0.0,0.0,0.0,1.0,1.0
120,2024-01-21 14:00:00+00:00,2,0,0.0,0.0,0.0,0.9999999999999999,0.9999999999999999
120,2024-01-22 02:00:00+00:00,3,0,0.0,0.0,0.0,1.0,1.0
120,2024-01-22 08:00:00+00:00,1,0,0.0,0.0,0.0,1.0,1.0
120,2024-01-24 02:00:00+00:00,1,0,0.0,0.0,0.0,1.0,1.0
120,2024-01-24 04:00:00+00:00,1,0,0.0,0.0,0.0,1.0,1.0
120,2024-01-25 04:00:00+00:00,1,0,0.0,0.0,0.0,1.0,1.0
120,2024-01-25 08:00:00+00:00,1,0,0.0,0.0,0.0,1.0,1.0
120,2024-01-26 02:00:00+00:00,2,0,0.0,0.0,0.0,0.9999999999999999,0.9999999999999999
120,2024-01-26 08:00:00+00:00,1,0,0.0,0.0,0.0,1.0,1.0
120,2024-01-27 04:00:00+00:00,1,0,0.0,0.0,0.0,1.0,1.0
120,2024-01-27 08:00:00+00:00,1,0,0.0,0.0,0.0,1.0,1.0
120,2024-01-28 12:00:00+00:00,1,0,0.0,0.0,0.0,1.0,1.0
120,2024-01-28 14:00:00+00:00,2,0,0.0,0.0,0.0,0.9999999999999999,0.9999999999999999
120,2024-01-28 16:00:00+00:00,1,0,0.0,0.0,0.0,1.0,1.0
120,2024-01-28 18:00:00+00:00,1,0,0.0,0.0,0.0,1.0,1.0
120,2024-01-29 00:00:00+00:00,1,0,0.0,0.0,0.0,1.0,1.0
120,2024-01-29 04:00:00+00:00,5,0,0.0,0.0,0.0,0.9999999999999999,0.9999999999999999
120,2024-01-29 06:00:00+00:00,1,0,0.0,0.0,0.0,1.0,1.0
120,2024-01-30 02:00:00+00:00,2,0,0.0,0.0,0.0,0.9999999999999999,0.9999999999999999
120,2024-01-30 06:00:00+00:00,1,0,0.0,0.0,0.0,1.0,1.0
120,2024-01-30 08:00:00+00:00,1,0,0.0,0.0,0.0,1.0,1.0
120,2024-01-30 14:00:00+00:00,1,0,0.0,0.0,0.0,1.0,1.0
120,2024-01-31 02:00:00+00:00,6,0,0.0,0.0,0.0,1.0,1.0
120,2024-01-31 04:00:00+00:00,1,0,0.0,0.0,0.0,1.0,1.0
120,2024-01-31 08:00:00+00:00,1,0,0.0,0.0,0.0,1.0,1.0
120,2024-01-31 12:00:00+00:00,2,0,0.0,0.0,0.0,0.9999999999999999,0.9999999999999999
120,2024-02-01 02:00:00+00:00,1,0,0.0,0.0,0.0,1.0,1.0
120,2024-02-01 04:00:00+00:00,10,0,0.0,0.0,0.0,0.9999999999999999,0.9999999999999999
120,2024-02-01 06:00:00+00:00,1,0,0.0,0.0,0.0,1.0,1.0
120,2024-02-01 08:00:00+00:00,1,0,0.0,0.0,0.0,1.0,1.0
120,2024-02-01 12:00:00+00:00,3,0,0.0,0.0,0.0,1.0,1.0
120,2024-02-02 00:00:00+00:00,4,0,0.0,0.0,0.0,1.0,1.0
120,2024-02-02 02:00:00+00:00,3,0,0.0,0.0,0.0,1.0,1.0
120,2024-02-02 04:00:00+00:00,6,0,0.0,0.0,0.0,1.0,1.0
120,2024-02-02 06:00:00+00:00,1,0,0.0,0.0,0.0,1.0,1.0
120,2024-02-02 08:00:00+00:00,2,0,0.0,0.0,0.0,0.9999999999999999,0.9999999999999999
120,2024-02-02 10:00:00+00:00,1,0,0.0,0.0,0.0,1.0,1.0
120,2024-02-03 02:00:00+00:00,1,0,0.0,0.0,0.0,1.0,1.0
120,2024-02-03 06:00:00+00:00,1,0,0.0,0.0,0.0,1.0,1.0
120,2024-02-04 00:00:00+00:00,2,0,0.0,0.0,0.0,0.9999999999999999,0.9999999999999999
120,2024-02-04 06:00:00+00:00,6,0,0.0,0.0,0.0,1.0,1.0
120,2024-02-05 00:00:00+00:00,2,0,0.0,0.0,0.0,0.9999999999999999,0.9999999999999999
120,2024-02-05 02:00:00+00:00,4,0,0.0,0.0,0.0,1.0,1.0
120,2024-02-05 04:00:00+00:00,4,0,0.0,0.0,0.0,1.0,1.0
120,2024-02-05 06:00:00+00:00,3,0,0.0,0.0,0.0,1.0,1.0
120,2024-02-05 08:00:00+00:00,1,0,0.0,0.0,0.0,1.0,1.0
120,2024-02-05 10:00:00+00:00,1,0,0.0,0.0,0.0,1.0,1.0
120,2024-02-05 16:00:00+00:00,2,2,1.0,1.0,1.0,0.0,-0.9999999999999999
120,2024-02-06 02:00:00+00:00,4,0,0.0,0.0,0.0,1.0,1.0
120,2024-02-06 04:00:00+00:00,5,0,0.0,0.0,0.0,0.9999999999999999,0.9999999999999999
120,2024-02-06 06:00:00+00:00,3,0,0.0,0.0,0.0,1.0,1.0
120,2024-02-06 08:00:00+00:00,2,0,0.0,0.0,0.0,0.9999999999999999,0.9999999999999999
120,2024-02-06 10:00:00+00:00,1,0,0.0,0.0,0.0,1.0,1.0
120,2024-02-15 04:00:00+00:00,4,0,0.0,0.0,0.0,1.0,1.0
120,2024-02-16 02:00:00+00:00,1,0,0.0,0.0,0.0,1.0,1.0
120,2024-02-16 04:00:00+00:00,2,0,0.0,0.0,0.0,0.9999999999999999,0.9999999999999999
120,2024-02-17 02:00:00+00:00,3,0,0.0,0.0,0.0,1.0,1.0
120,2024-02-17 04:00:00+00:00,1,0,0.0,0.0,0.0,1.0,1.0
120,2024-02-17 08:00:00+00:00,1,0,0.0,0.0,0.0,1.0,1.0
120,2024-02-17 10:00:00+00:00,1,0,0.0,0.0,0.0,1.0,1.0
120,2024-02-18 06:00:00+00:00,2,0,0.0,0.0,0.0,0.9999999999999999,0.9999999999999999
120,2024-02-19 02:00:00+00:00,4,0,0.0,0.0,0.0,1.0,1.0
120,2024-02-19 04:00:00+00:00,2,2,1.0,1.0,1.0,0.0,-0.9999999999999999
120,2024-02-19 06:00:00+00:00,2,0,0.0,0.0,0.0,0.9999999999999999,0.9999999999999999
120,2024-02-19 08:00:00+00:00,1,0,0.0,0.0,0.0,1.0,1.0
120,2024-02-19 12:00:00+00:00,1,0,0.0,0.0,0.0,1.0,1.0
120,2024-02-20 00:00:00+00:00,3,3,1.0,1.3333333333333333,2.0,0.25,-0.5
120,2024-02-20 02:00:00+00:00,5,0,0.0,0.0,0.0,0.9999999999999999,0.9999999999999999
120,2024-02-20 04:00:00+00:00,1,0,0.0,0.0,0.0,1.0,1.0
120,2024-02-20 08:00:00+00:00,1,0,0.0,0.0,0.0,1.0,1.0
120,2024-02-21 02:00:00+00:00,5,0,0.0,0.0,0.0,0.9999999999999999,0.9999999999999999
120,2024-02-21 04:00:00+00:00,1,0,0.0,0.0,0.0,1.0,1.0
120,2024-02-21 06:00:00+00:00,1,0,0.0,0.0,0.0,1.0,1.0
120,2024-02-21 08:00:00+00:00,2,0,0.0,0.0,0.0,0.9999999999999999,0.9999999999999999
120,2024-02-21 10:00:00+00:00,3,0,0.0,0.0,0.0,1.0,1.0
120,2024-02-22 02:00:00+00:00,3,0,0.0,0.0,0.0,1.0,1.0
120,2024-02-22 04:00:00+00:00,3,0,0.0,0.0,0.0,1.0,1.0
120,2024-02-22 08:00:00+00:00,2,0,0.0,0.0,0.0,0.9999999999999999,0.9999999999999999
120,2024-02-22 12:00:00+00:00,3,0,0.0,0.0,0.0,1.0,1.0
120,2024-02-23 04:00:00+00:00,3,0,0.0,0.0,0.0,1.0,1.0
120,2024-02-23 08:00:00+00:00,2,0,0.0,0.0,0.0,0.9999999999999999,0.9999999999999999
120,2024-02-23 16:00:00+00:00,4,0,0.0,0.0,0.0,1.0,1.0
120,2024-02-24 02:00:00+00:00,3,0,0.0,0.0,0.0,1.0,1.0
120,2024-02-25 14:00:00+00:00,2,0,0.0,0.0,0.0,0.9999999999999999,0.9999999999999999
120,2024-02-25 16:00:00+00:00,1,0,0.0,0.0,0.0,1.0,1.0
120,2024-02-26 02:00:00+00:00,1,0,0.0,0.0,0.0,1.0,1.0
120,2024-02-26 10:00:00+00:00,1,0,0.0,0.0,0.0,1.0,1.0
120,2024-02-26 16:00:00+00:00,2,0,0.0,0.0,0.0,0.9999999999999999,0.9999999999999999
120,2024-02-27 00:00:00+00:00,2,0,0.0,0.0,0.0,0.9999999999999999,0.9999999999999999
120,2024-02-27 02:00:00+00:00,1,0,0.0,0.0,0.0,1.0,1.0
120,2024-02-27 04:00:00+00:00,5,0,0.0,0.0,0.0,0.9999999999999999,0.9999999999999999
120,2024-02-28 00:00:00+00:00,1,0,0.0,0.0,0.0,1.0,1.0
120,2024-02-28 02:00:00+00:00,3,0,0.0,0.0,0.0,1.0,1.0
120,2024-02-28 04:00:00+00:00,2,0,0.0,0.0,0.0,0.9999999999999999,0.9999999999999999
120,2024-02-28 06:00:00+00:00,1,0,0.0,0.0,0.0,1.0,1.0
120,2024-02-28 10:00:00+00:00,1,0,0.0,0.0,0.0,1.0,1.0
120,2024-02-29 02:00:00+00:00,3,0,0.0,0.0,0.0,1.0,1.0
120,2024-02-29 06:00:00+00:00,2,0,0.0,0.0,0.0,0.9999999999999999,0.9999999999999999
120,2024-02-29 08:00:00+00:00,2,0,0.0,0.0,0.0,0.9999999999999999,0.9999999999999999
120,2024-03-01 04:00:00+00:00,4,0,0.0,0.0,0.0,1.0,1.0
120,2024-03-01 10:00:00+00:00,2,0,0.0,0.0,0.0,0.9999999999999999,0.9999999999999999
120,2024-03-02 04:00:00+00:00,2,0,0.0,0.0,0.0,0.9999999999999999,0.9999999999999999
120,2024-03-02 06:00:00+00:00,1,0,0.0,0.0,0.0,1.0,1.0
120,2024-03-02 08:00:00+00:00,3,0,0.0,0.0,0.0,1.0,1.0
120,2024-03-03 14:00:00+00:00,1,0,0.0,0.0,0.0,1.0,1.0
120,2024-03-04 06:00:00+00:00,3,0,0.0,0.0,0.0,1.0,1.0
120,2024-03-04 14:00:00+00:00,1,0,0.0,0.0,0.0,1.0,1.0
120,2024-03-05 02:00:00+00:00,1,0,0.0,0.0,0.0,1.0,1.0
120,2024-03-05 04:00:00+00:00,3,0,0.0,0.0,0.0,1.0,1.0
120,2024-03-05 12:00:00+00:00,2,0,0.0,0.0,0.0,0.9999999999999999,0.9999999999999999
120,2024-03-06 00:00:00+00:00,1,0,0.0,0.0,0.0,1.0,1.0
120,2024-03-06 04:00:00+00:00,4,0,0.0,0.0,0.0,1.0,1.0
120,2024-03-07 02:00:00+00:00,3,0,0.0,0.0,0.0,1.0,1.0
120,2024-03-07 08:00:00+00:00,1,0,0.0,0.0,0.0,1.0,1.0
120,2024-03-07 10:00:00+00:00,1,0,0.0,0.0,0.0,1.0,1.0
120,2024-03-07 14:00:00+00:00,1,0,0.0,0.0,0.0,1.0,1.0
120,2024-03-08 02:00:00+00:00,5,2,0.4,0.4,1.0,0.9499999999999998,0.8999999999999998
120,2024-03-08 04:00:00+00:00,6,6,1.0,1.6666666666666667,5.0,0.6857142857142858,0.14285714285714288
120,2024-03-08 10:00:00+00:00,1,0,0.0,0.0,0.0,1.0,1.0
120,2024-03-09 02:00:00+00:00,4,0,0.0,0.0,0.0,1.0,1.0
120,2024-03-09 04:00:00+00:00,1,0,0.0,0.0,0.0,1.0,1.0
120,2024-03-09 06:00:00+00:00,1,0,0.0,0.0,0.0,1.0,1.0
120,2024-03-10 16:00:00+00:00,1,0,0.0,0.0,0.0,1.0,1.0
120,2024-03-11 02:00:00+00:00,2,0,0.0,0.0,0.0,0.9999999999999999,0.9999999999999999
120,2024-03-11 04:00:00+00:00,1,0,0.0,0.0,0.0,1.0,1.0
120,2024-03-11 08:00:00+00:00,1,0,0.0,0.0,0.0,1.0,1.0
120,2024-03-12 02:00:00+00:00,3,0,0.0,0.0,0.0,1.0,1.0
120,2024-03-12 04:00:00+00:00,2,0,0.0,0.0,0.0,0.9999999999999999,0.9999999999999999
120,2024-03-12 06:00:00+00:00,4,4,1.0,1.5,3.0,0.39999999999999997,-0.19999999999999998
120,2024-03-13 02:00:00+00:00,1,0,0.0,0.0,0.0,1.0,1.0
120,2024-03-13 04:00:00+00:00,2,0,0.0,0.0,0.0,0.9999999999999999,0.9999999999999999
120,2024-03-13 16:00:00+00:00,1,0,0.0,0.0,0.0,1.0,1.0
120,2024-03-14 02:00:00+00:00,3,0,0.0,0.0,0.0,1.0,1.0
120,2024-03-14 04:00:00+00:00,2,0,0.0,0.0,0.0,0.9999999999999999,0.9999999999999999
120,2024-03-14 06:00:00+00:00,4,0,0.0,0.0,0.0,1.0,1.0
120,2024-03-14 08:00:00+00:00,1,0,0.0,0.0,0.0,1.0,1.0
120,2024-03-14 10:00:00+00:00,2,0,0.0,0.0,0.0,0.9999999999999999,0.9999999999999999
120,2024-03-14 14:00:00+00:00,1,0,0.0,0.0,0.0,1.0,1.0
120,2024-03-15 02:00:00+00:00,3,0,0.0,0.0,0.0,1.0,1.0
120,2024-03-15 04:00:00+00:00,1,0,0.0,0.0,0.0,1.0,1.0
120,2024-03-15 06:00:00+00:00,1,0,0.0,0.0,0.0,1.0,1.0
120,2024-03-15 16:00:00+00:00,1,0,0.0,0.0,0.0,1.0,1.0
120,2024-03-16 02:00:00+00:00,1,0,0.0,0.0,0.0,1.0,1.0
120,2024-03-16 04:00:00+00:00,2,0,0.0,0.0,0.0,0.9999999999999999,0.9999999999999999
120,2024-03-16 06:00:00+00:00,2,0,0.0,0.0,0.0,0.9999999999999999,0.9999999999999999
120,2024-03-16 08:00:00+00:00,3,0,0.0,0.0,0.0,1.0,1.0
120,2024-03-17 04:00:00+00:00,1,0,0.0,0.0,0.0,1.0,1.0
120,2024-03-17 16:00:00+00:00,1,0,0.0,0.0,0.0,1.0,1.0
120,2024-03-18 02:00:00+00:00,6,0,0.0,0.0,0.0,1.0,1.0
120,2024-03-18 06:00:00+00:00,1,0,0.0,0.0,0.0,1.0,1.0
120,2024-03-19 02:00:00+00:00,3,0,0.0,0.0,0.0,1.0,1.0
120,2024-03-19 10:00:00+00:00,2,0,0.0,0.0,0.0,0.9999999999999999,0.9999999999999999
120,2024-03-20 02:00:00+00:00,4,0,0.0,0.0,0.0,1.0,1.0
120,2024-03-20 06:00:00+00:00,4,0,0.0,0.0,0.0,1.0,1.0
120,2024-03-20 16:00:00+00:00,1,0,0.0,0.0,0.0,1.0,1.0
120,2024-03-21 02:00:00+00:00,1,0,0.0,0.0,0.0,1.0,1.0
120,2024-03-21 04:00:00+00:00,2,0,0.0,0.0,0.0,0.9999999999999999,0.9999999999999999
120,2024-03-21 06:00:00+00:00,1,0,0.0,0.0,0.0,1.0,1.0
120,2024-03-22 02:00:00+00:00,5,0,0.0,0.0,0.0,0.9999999999999999,0.9999999999999999
120,2024-03-22 04:00:00+00:00,1,0,0.0,0.0,0.0,1.0,1.0
120,2024-03-22 06:00:00+00:00,1,0,0.0,0.0,0.0,1.0,1.0
120,2024-03-22 08:00:00+00:00,1,0,0.0,0.0,0.0,1.0,1.0
120,2024-03-22 10:00:00+00:00,2,0,0.0,0.0,0.0,0.9999999999999999,0.9999999999999999
120,2024-03-22 16:00:00+00:00,1,0,0.0,0.0,0.0,1.0,1.0
120,2024-03-23 02:00:00+00:00,2,0,0.0,0.0,0.0,0.9999999999999999,0.9999999999999999
120,2024-03-23 04:00:00+00:00,2,0,0.0,0.0,0.0,0.9999999999999999,0.9999999999999999
120,2024-03-23 06:00:00+00:00,3,0,0.0,0.0,0.0,1.0,1.0
120,2024-03-25 02:00:00+00:00,4,0,0.0,0.0,0.0,1.0,1.0
120,2024-03-25 04:00:00+00:00,3,0,0.0,0.0,0.0,1.0,1.0
120,2024-03-25 06:00:00+00:00,2,0,0.0,0.0,0.0,0.9999999999999999,0.9999999999999999
120,2024-03-25 08:00:00+00:00,1,0,0.0,0.0,0.0,1.0,1.0
120,2024-03-26 02:00:00+00:00,4,0,0.0,0.0,0.0,1.0,1.0
120,2024-03-26 04:00:00+00:00,1,0,0.0,0.0,0.0,1.0,1.0
120,2024-03-26 06:00:00+00:00,1,0,0.0,0.0,0.0,1.0,1.0
120,2024-03-26 10:00:00+00:00,1,0,0.0,0.0,0.0,1.0,1.0
120,2024-03-26 12:00:00+00:00,1,0,0.0,0.0,0.0,1.0,1.0
120,2024-03-27 02:00:00+00:00,4,2,0.5,0.5,1.0,0.8999999999999999,0.7999999999999999
120,2024-03-27 04:00:00+00:00,4,0,0.0,0.0,0.0,1.0,1.0
120,2024-03-27 08:00:00+00:00,1,0,0.0,0.0,0.0,1.0,1.0
120,2024-03-28 00:00:00+00:00,1,0,0.0,0.0,0.0,1.0,1.0
120,2024-03-28 02:00:00+00:00,3,0,0.0,0.0,0.0,1.0,1.0
120,2024-03-28 04:00:00+00:00,4,3,0.75,1.0,2.0,0.7000000000000001,0.39999999999999997
120,2024-03-28 08:00:00+00:00,1,0,0.0,0.0,0.0,1.0,1.0
120,2024-03-28 10:00:00+00:00,1,0,0.0,0.0,0.0,1.0,1.0
120,2024-03-29 02:00:00+00:00,3,0,0.0,0.0,0.0,1.0,1.0
120,2024-03-29 22:00:00+00:00,1,0,0.0,0.0,0.0,1.0,1.0
120,2024-03-30 00:00:00+00:00,1,0,0.0,0.0,0.0,1.0,1.0
120,2024-03-30 02:00:00+00:00,2,0,0.0,0.0,0.0,0.9999999999999999,0.9999999999999999
120,2024-03-30 06:00:00+00:00,1,0,0.0,0.0,0.0,1.0,1.0
120,2024-03-30 08:00:00+00:00,1,0,0.0,0.0,0.0,1.0,1.0
120,2024-04-01 02:00:00+00:00,1,0,0.0,0.0,0.0,1.0,1.0
120,2024-04-01 04:00:00+00:00,4,3,0.75,1.0,2.0,0.7000000000000001,0.39999999999999997
120,2024-04-01 06:00:00+00:00,3,0,0.0,0.0,0.0,1.0,1.0
120,2024-04-02 02:00:00+00:00,1,0,0.0,0.0,0.0,1.0,1.0
120,2024-04-02 04:00:00+00:00,2,0,0.0,0.0,0.0,0.9999999999999999,0.9999999999999999
120,2024-04-03 04:00:00+00:00,2,0,0.0,0.0,0.0,0.9999999999999999,0.9999999999999999
120,2024-04-03 08:00:00+00:00,2,0,0.0,0.0,0.0,0.9999999999999999,0.9999999999999999
120,2024-04-04 02:00:00+00:00,7,0,0.0,0.0,0.0,1.0,1.0
120,2024-04-04 04:00:00+00:00,4,2,0.5,0.5,1.0,0.8999999999999999,0.7999999999999999
120,2024-04-05 02:00:00+00:00,5,0,0.0,0.0,0.0,0.9999999999999999,0.9999999999999999
120,2024-04-05 04:00:00+00:00,2,0,0.0,0.0,0.0,0.9999999999999999,0.9999999999999999
120,2024-04-05 06:00:00+00:00,4,0,0.0,0.0,0.0,1.0,1.0
120,2024-04-05 10:00:00+00:00,1,0,0.0,0.0,0.0,1.0,1.0
120,2024-04-06 04:00:00+00:00,3,2,0.6666666666666666,0.6666666666666666,1.0,0.75,0.5
120,2024-04-06 06:00:00+00:00,1,0,0.0,0.0,0.0,1.0,1.0
120,2024-04-06 10:00:00+00:00,2,0,0.0,0.0,0.0,0.9999999999999999,0.9999999999999999
120,2024-04-07 02:00:00+00:00,1,0,0.0,0.0,0.0,1.0,1.0
120,2024-04-07 14:00:00+00:00,1,0,0.0,0.0,0.0,1.0,1.0
120,2024-04-08 02:00:00+00:00,3,0,0.0,0.0,0.0,1.0,1.0
120,2024-04-08 04:00:00+00:00,2,0,0.0,0.0,0.0,0.9999999999999999,0.9999999999999999
120,2024-04-08 06:00:00+00:00,1,0,0.0,0.0,0.0,1.0,1.0
120,2024-04-09 02:00:00+00:00,3,0,0.0,0.0,0.0,1.0,1.0
120,2024-04-09 06:00:00+00:00,1,0,0.0,0.0,0.0,1.0,1.0
120,2024-04-10 02:00:00+00:00,2,2,1.0,1.0,1.0,0.0,-0.9999999999999999
120,2024-04-10 04:00:00+00:00,5,0,0.0,0.0,0.0,0.9999999999999999,0.9999999999999999
120,2024-04-10 06:00:00+00:00,3,0,0.0,0.0,0.0,1.0,1.0
120,2024-04-11 04:00:00+00:00,2,0,0.0,0.0,0.0,0.9999999999999999,0.9999999999999999
120,2024-04-12 00:00:00+00:00,1,0,0.0,0.0,0.0,1.0,1.0
120,2024-04-12 02:00:00+00:00,4,0,0.0,0.0,0.0,1.0,1.0
120,2024-04-12 04:00:00+00:00,3,0,0.0,0.0,0.0,1.0,1.0
120,2024-04-12 06:00:00+00:00,1,0,0.0,0.0,0.0,1.0,1.0
120,2024-04-12 12:00:00+00:00,1,0,0.0,0.0,0.0,1.0,1.0
120,2024-04-12 22:00:00+00:00,2,0,0.0,0.0,0.0,0.9999999999999999,0.9999999999999999
120,2024-04-13 06:00:00+00:00,1,0,0.0,0.0,0.0,1.0,1.0
120,2024-04-15 02:00:00+00:00,4,0,0.0,0.0,0.0,1.0,1.0
120,2024-04-15 06:00:00+00:00,1,0,0.0,0.0,0.0,1.0,1.0
120,2024-04-16 02:00:00+00:00,2,0,0.0,0.0,0.0,0.9999999999999999,0.9999999999999999
120,2024-04-16 04:00:00+00:00,1,0,0.0,0.0,0.0,1.0,1.0
120,2024-04-16 06:00:00+00:00,1,0,0.0,0.0,0.0,1.0,1.0
120,2024-04-16 14:00:00+00:00,2,0,0.0,0.0,0.0,0.9999999999999999,0.9999999999999999
120,2024-04-17 02:00:00+00:00,3,0,0.0,0.0,0.0,1.0,1.0
120,2024-04-17 04:00:00+00:00,1,0,0.0,0.0,0.0,1.0,1.0
120,2024-04-17 06:00:00+00:00,1,0,0.0,0.0,0.0,1.0,1.0
120,2024-04-17 08:00:00+00:00,1,0,0.0,0.0,0.0,1.0,1.0
120,2024-04-18 02:00:00+00:00,1,0,0.0,0.0,0.0,1.0,1.0
120,2024-04-18 04:00:00+00:00,1,0,0.0,0.0,0.0,1.0,1.0
120,2024-04-19 02:00:00+00:00,4,0,0.0,0.0,0.0,1.0,1.0
120,2024-04-19 04:00:00+00:00,5,0,0.0,0.0,0.0,0.9999999999999999,0.9999999999999999
120,2024-04-19 06:00:00+00:00,4,0,0.0,0.0,0.0,1.0,1.0
120,2024-04-19 08:00:00+00:00,1,0,0.0,0.0,0.0,1.0,1.0
120,2024-04-20 04:00:00+00:00,3,0,0.0,0.0,0.0,1.0,1.0
120,2024-04-20 06:00:00+00:00,1,0,0.0,0.0,0.0,1.0,1.0
120,2024-04-20 08:00:00+00:00,1,0,0.0,0.0,0.0,1.0,1.0
120,2024-04-21 04:00:00+00:00,1,0,0.0,0.0,0.0,1.0,1.0
120,2024-04-21 06:00:00+00:00,1,0,0.0,0.0,0.0,1.0,1.0
120,2024-04-21 18:00:00+00:00,1,0,0.0,0.0,0.0,1.0,1.0
120,2024-04-22 02:00:00+00:00,8,0,0.0,0.0,0.0,1.0,1.0
120,2024-04-22 04:00:00+00:00,5,0,0.0,0.0,0.0,0.9999999999999999,0.9999999999999999
120,2024-04-23 02:00:00+00:00,8,3,0.375,0.5,2.0,0.9642857142857144,0.9285714285714287
120,2024-04-23 04:00:00+00:00,4,0,0.0,0.0,0.0,1.0,1.0
120,2024-04-23 06:00:00+00:00,1,0,0.0,0.0,0.0,1.0,1.0
120,2024-04-23 14:00:00+00:00,1,0,0.0,0.0,0.0,1.0,1.0
120,2024-04-24 00:00:00+00:00,1,0,0.0,0.0,0.0,1.0,1.0
120,2024-04-24 04:00:00+00:00,2,0,0.0,0.0,0.0,0.9999999999999999,0.9999999999999999
120,2024-04-24 06:00:00+00:00,1,0,0.0,0.0,0.0,1.0,1.0
120,2024-04-24 10:00:00+00:00,2,0,0.0,0.0,0.0,0.9999999999999999,0.9999999999999999
120,2024-04-25 02:00:00+00:00,2,0,0.0,0.0,0.0,0.9999999999999999,0.9999999999999999
120,2024-04-25 04:00:00+00:00,3,0,0.0,0.0,0.0,1.0,1.0
120,2024-04-25 08:00:00+00:00,2,0,0.0,0.0,0.0,0.9999999999999999,0.9999999999999999
120,2024-04-26 02:00:00+00:00,6,0,0.0,0.0,0.0,1.0,1.0
120,2024-04-26 04:00:00+00:00,2,0,0.0,0.0,0.0,0.9999999999999999,0.9999999999999999
120,2024-04-26 08:00:00+00:00,1,0,0.0,0.0,0.0,1.0,1.0
120,2024-04-26 10:00:00+00:00,1,0,0.0,0.0,0.0,1.0,1.0
120,2024-04-26 12:00:00+00:00,1,0,0.0,0.0,0.0,1.0,1.0
120,2024-04-26 14:00:00+00:00,2,0,0.0,0.0,0.0,0.9999999999999999,0.9999999999999999
120,2024-04-27 02:00:00+00:00,1,0,0.0,0.0,0.0,1.0,1.0
120,2024-04-27 04:00:00+00:00,1,0,0.0,0.0,0.0,1.0,1.0
120,2024-04-28 12:00:00+00:00,1,0,0.0,0.0,0.0,1.0,1.0
120,2024-04-29 02:00:00+00:00,1,0,0.0,0.0,0.0,1.0,1.0
120,2024-04-29 04:00:00+00:00,4,0,0.0,0.0,0.0,1.0,1.0
120,2024-04-30 02:00:00+00:00,1,0,0.0,0.0,0.0,1.0,1.0
120,2024-04-30 04:00:00+00:00,1,0,0.0,0.0,0.0,1.0,1.0
120,2024-04-30 06:00:00+00:00,3,0,0.0,0.0,0.0,1.0,1.0
120,2024-05-01 14:00:00+00:00,1,0,0.0,0.0,0.0,1.0,1.0
120,2024-05-02 04:00:00+00:00,1,0,0.0,0.0,0.0,1.0,1.0
120,2024-05-02 06:00:00+00:00,2,0,0.0,0.0,0.0,0.9999999999999999,0.9999999999999999
120,2024-05-03 02:00:00+00:00,3,0,0.0,0.0,0.0,1.0,1.0
120,2024-05-04 02:00:00+00:00,8,0,0.0,0.0,0.0,1.0,1.0
120,2024-05-04 04:00:00+00:00,2,0,0.0,0.0,0.0,0.9999999999999999,0.9999999999999999
120,2024-05-04 06:00:00+00:00,1,0,0.0,0.0,0.0,1.0,1.0
120,2024-05-05 02:00:00+00:00,1,0,0.0,0.0,0.0,1.0,1.0
120,2024-05-05 14:00:00+00:00,2,0,0.0,0.0,0.0,0.9999999999999999,0.9999999999999999
120,2024-05-06 04:00:00+00:00,3,0,0.0,0.0,0.0,1.0,1.0
120,2024-05-06 06:00:00+00:00,1,0,0.0,0.0,0.0,1.0,1.0
120,2024-05-06 16:00:00+00:00,1,0,0.0,0.0,0.0,1.0,1.0
120,2024-05-07 00:00:00+00:00,1,0,0.0,0.0,0.0,1.0,1.0
120,2024-05-07 04:00:00+00:00,2,2,1.0,1.0,1.0,0.0,-0.9999999999999999
120,2024-05-07 06:00:00+00:00,1,0,0.0,0.0,0.0,1.0,1.0
120,2024-05-07 08:00:00+00:00,1,0,0.0,0.0,0.0,1.0,1.0
120,2024-05-07 16:00:00+00:00,1,0,0.0,0.0,0.0,1.0,1.0
120,2024-05-09 02:00:00+00:00,4,0,0.0,0.0,0.0,1.0,1.0
120,2024-05-09 06:00:00+00:00,1,0,0.0,0.0,0.0,1.0,1.0
120,2024-05-09 08:00:00+00:00,1,0,0.0,0.0,0.0,1.0,1.0
120,2024-05-10 00:00:00+00:00,3,0,0.0,0.0,0.0,1.0,1.0
120,2024-05-10 04:00:00+00:00,1,0,0.0,0.0,0.0,1.0,1.0
120,2024-05-10 06:00:00+00:00,2,0,0.0,0.0,0.0,0.9999999999999999,0.9999999999999999
120,2024-05-10 10:00:00+00:00,2,0,0.0,0.0,0.0,0.9999999999999999,0.9999999999999999
120,2024-05-11 00:00:00+00:00,1,0,0.0,0.0,0.0,1.0,1.0
120,2024-05-11 02:00:00+00:00,3,0,0.0,0.0,0.0,1.0,1.0
120,2024-05-11 04:00:00+00:00,3,0,0.0,0.0,0.0,1.0,1.0
120,2024-05-12 04:00:00+00:00,1,0,0.0,0.0,0.0,1.0,1.0
120,2024-05-13 02:00:00+00:00,3,0,0.0,0.0,0.0,1.0,1.0
120,2024-05-13 06:00:00+00:00,1,0,0.0,0.0,0.0,1.0,1.0
120,2024-05-13 08:00:00+00:00,1,0,0.0,0.0,0.0,1.0,1.0
120,2024-05-13 10:00:00+00:00,1,0,0.0,0.0,0.0,1.0,1.0
120,2024-05-14 02:00:00+00:00,3,0,0.0,0.0,0.0,1.0,1.0
120,2024-05-14 04:00:00+00:00,4,0,0.0,0.0,0.0,1.0,1.0
120,2024-05-14 08:00:00+00:00,1,0,0.0,0.0,0.0,1.0,1.0
120,2024-05-14 18:00:00+00:00,1,0,0.0,0.0,0.0,1.0,1.0
120,2024-05-15 04:00:00+00:00,2,0,0.0,0.0,0.0,0.9999999999999999,0.9999999999999999
120,2024-05-15 06:00:00+00:00,2,0,0.0,0.0,0.0,0.9999999999999999,0.9999999999999999
120,2024-05-16 02:00:00+00:00,4,0,0.0,0.0,0.0,1.0,1.0
120,2024-05-16 04:00:00+00:00,6,2,0.3333333333333333,0.3333333333333333,1.0,0.9714285714285715,0.942857142857143
120,2024-05-16 06:00:00+00:00,3,0,0.0,0.0,0.0,1.0,1.0
120,2024-05-17 06:00:00+00:00,2,0,0.0,0.0,0.0,0.9999999999999999,0.9999999999999999
120,2024-05-17 08:00:00+00:00,2,0,0.0,0.0,0.0,0.9999999999999999,0.9999999999999999
120,2024-05-18 04:00:00+00:00,2,0,0.0,0.0,0.0,0.9999999999999999,0.9999999999999999
120,2024-05-18 08:00:00+00:00,3,0,0.0,0.0,0.0,1.0,1.0
120,2024-05-18 10:00:00+00:00,1,0,0.0,0.0,0.0,1.0,1.0
120,2024-05-19 16:00:00+00:00,1,0,0.0,0.0,0.0,1.0,1.0
120,2024-05-20 02:00:00+00:00,3,0,0.0,0.0,0.0,1.0,1.0
120,2024-05-20 04:00:00+00:00,2,0,0.0,0.0,0.0,0.9999999999999999,0.9999999999999999
120,2024-05-20 06:00:00+00:00,2,0,0.0,0.0,0.0,0.9999999999999999,0.9999999999999999
120,2024-05-20 08:00:00+00:00,4,0,0.0,0.0,0.0,1.0,1.0
120,2024-05-21 02:00:00+00:00,3,0,0.0,0.0,0.0,1.0,1.0
120,2024-05-21 04:00:00+00:00,2,0,0.0,0.0,0.0,0.9999999999999999,0.9999999999999999
120,2024-05-21 06:00:00+00:00,2,0,0.0,0.0,0.0,0.9999999999999999,0.9999999999999999
120,2024-05-21 08:00:00+00:00,1,0,0.0,0.0,0.0,1.0,1.0
120,2024-05-21 10:00:00+00:00,1,0,0.0,0.0,0.0,1.0,1.0
120,2024-05-22 04:00:00+00:00,2,0,0.0,0.0,0.0,0.9999999999999999,0.9999999999999999
120,2024-05-23 06:00:00+00:00,1,0,0.0,0.0,0.0,1.0,1.0
120,2024-05-23 10:00:00+00:00,1,0,0.0,0.0,0.0,1.0,1.0
120,2024-05-24 02:00:00+00:00,5,0,0.0,0.0,0.0,0.9999999999999999,0.9999999999999999
120,2024-05-24 04:00:00+00:00,3,0,0.0,0.0,0.0,1.0,1.0
120,2024-05-24 06:00:00+00:00,2,2,1.0,1.0,1.0,0.0,-0.9999999999999999
120,2024-05-25 02:00:00+00:00,1,0,0.0,0.0,0.0,1.0,1.0
120,2024-05-25 08:00:00+00:00,1,0,0.0,0.0,0.0,1.0,1.0
120,2024-05-27 02:00:00+00:00,5,0,0.0,0.0,0.0,0.9999999999999999,0.9999999999999999
120,2024-05-27 04:00:00+00:00,5,0,0.0,0.0,0.0,0.9999999999999999,0.9999999999999999
120,2024-05-27 06:00:00+00:00,6,2,0.3333333333333333,0.3333333333333333,1.0,0.9714285714285715,0.942857142857143
120,2024-05-27 08:00:00+00:00,4,0,0.0,0.0,0.0,1.0,1.0
120,2024-05-28 02:00:00+00:00,2,0,0.0,0.0,0.0,0.9999999999999999,0.9999999999999999
120,2024-05-28 04:00:00+00:00,3,0,0.0,0.0,0.0,1.0,1.0
120,2024-05-29 04:00:00+00:00,1,0,0.0,0.0,0.0,1.0,1.0
120,2024-05-29 14:00:00+00:00,2,2,1.0,1.0,1.0,0.0,-0.9999999999999999
120,2024-05-30 02:00:00+00:00,3,2,0.6666666666666666,0.6666666666666666,1.0,0.75,0.5
120,2024-05-30 04:00:00+00:00,1,0,0.0,0.0,0.0,1.0,1.0
120,2024-05-30 06:00:00+00:00,1,0,0.0,0.0,0.0,1.0,1.0
120,2024-05-30 08:00:00+00:00,2,0,0.0,0.0,0.0,0.9999999999999999,0.9999999999999999
120,2024-05-31 02:00:00+00:00,4,2,0.5,0.5,1.0,0.8999999999999999,0.7999999999999999
120,2024-05-31 04:00:00+00:00,4,2,0.5,0.5,1.0,0.8999999999999999,0.7999999999999999
120,2024-06-01 02:00:00+00:00,2,0,0.0,0.0,0.0,0.9999999999999999,0.9999999999999999
120,2024-06-01 04:00:00+00:00,1,0,0.0,0.0,0.0,1.0,1.0
120,2024-06-01 06:00:00+00:00,3,0,0.0,0.0,0.0,1.0,1.0
120,2024-06-01 08:00:00+00:00,1,0,0.0,0.0,0.0,1.0,1.0
120,2024-06-01 10:00:00+00:00,1,0,0.0,0.0,0.0,1.0,1.0
120,2024-06-02 04:00:00+00:00,1,0,0.0,0.0,0.0,1.0,1.0
120,2024-06-02 10:00:00+00:00,1,0,0.0,0.0,0.0,1.0,1.0
120,2024-06-03 00:00:00+00:00,1,0,0.0,0.0,0.0,1.0,1.0
120,2024-06-03 02:00:00+00:00,2,0,0.0,0.0,0.0,0.9999999999999999,0.9999999999999999
120,2024-06-03 04:00:00+00:00,3,0,0.0,0.0,0.0,1.0,1.0
120,2024-06-04 04:00:00+00:00,4,0,0.0,0.0,0.0,1.0,1.0
120,2024-06-04 06:00:00+00:00,1,0,0.0,0.0,0.0,1.0,1.0
120,2024-06-04 14:00:00+00:00,1,0,0.0,0.0,0.0,1.0,1.0
120,2024-06-04 16:00:00+00:00,1,0,0.0,0.0,0.0,1.0,1.0
120,2024-06-05 02:00:00+00:00,2,0,0.0,0.0,0.0,0.9999999999999999,0.9999999999999999
120,2024-06-05 04:00:00+00:00,3,0,0.0,0.0,0.0,1.0,1.0
120,2024-06-05 06:00:00+00:00,2,0,0.0,0.0,0.0,0.9999999999999999,0.9999999999999999
120,2024-06-05 08:00:00+00:00,1,0,0.0,0.0,0.0,1.0,1.0
120,2024-06-06 04:00:00+00:00,2,0,0.0,0.0,0.0,0.9999999999999999,0.9999999999999999
120,2024-06-06 10:00:00+00:00,1,0,0.0,0.0,0.0,1.0,1.0
120,2024-06-07 08:00:00+00:00,2,0,0.0,0.0,0.0,0.9999999999999999,0.9999999999999999
120,2024-06-07 16:00:00+00:00,1,0,0.0,0.0,0.0,1.0,1.0
120,2024-06-08 02:00:00+00:00,1,0,0.0,0.0,0.0,1.0,1.0
120,2024-06-08 04:00:00+00:00,4,0,0.0,0.0,0.0,1.0,1.0
120,2024-06-08 06:00:00+00:00,1,0,0.0,0.0,0.0,1.0,1.0
120,2024-06-09 06:00:00+00:00,1,0,0.0,0.0,0.0,1.0,1.0
120,2024-06-09 18:00:00+00:00,1,0,0.0,0.0,0.0,1.0,1.0
120,2024-06-10 00:00:00+00:00,1,0,0.0,0.0,0.0,1.0,1.0
120,2024-06-10 02:00:00+00:00,4,0,0.0,0.0,0.0,1.0,1.0
120,2024-06-10 04:00:00+00:00,5,0,0.0,0.0,0.0,0.9999999999999999,0.9999999999999999
120,2024-06-10 06:00:00+00:00,1,0,0.0,0.0,0.0,1.0,1.0
120,2024-06-11 02:00:00+00:00,1,0,0.0,0.0,0.0,1.0,1.0
120,2024-06-11 04:00:00+00:00,1,0,0.0,0.0,0.0,1.0,1.0
120,2024-06-11 10:00:00+00:00,1,0,0.0,0.0,0.0,1.0,1.0
120,2024-06-11 16:00:00+00:00,1,0,0.0,0.0,0.0,1.0,1.0
120,2024-06-12 02:00:00+00:00,2,0,0.0,0.0,0.0,0.9999999999999999,0.9999999999999999
120,2024-06-12 06:00:00+00:00,3,0,0.0,0.0,0.0,1.0,1.0
120,2024-06-12 08:00:00+00:00,4,0,0.0,0.0,0.0,1.0,1.0
120,2024-06-12 10:00:00+00:00,1,0,0.0,0.0,0.0,1.0,1.0
120,2024-06-13 04:00:00+00:00,5,3,0.6,0.8,2.0,0.85,0.7
120,2024-06-13 06:00:00+00:00,2,0,0.0,0.0,0.0,0.9999999999999999,0.9999999999999999
120,2024-06-13 08:00:00+00:00,2,0,0.0,0.0,0.0,0.9999999999999999,0.9999999999999999
120,2024-06-14 02:00:00+00:00,8,3,0.375,0.5,2.0,0.9722222222222223,0.9285714285714287
120,2024-06-14 04:00:00+00:00,2,0,0.0,0.0,0.0,0.9999999999999999,0.9999999999999999
120,2024-06-14 08:00:00+00:00,3,3,1.0,1.3333333333333333,2.0,0.25,-0.5
120,2024-06-15 00:00:00+00:00,2,0,0.0,0.0,0.0,0.9999999999999999,0.9999999999999999
120,2024-06-15 02:00:00+00:00,2,0,0.0,0.0,0.0,0.9999999999999999,0.9999999999999999
120,2024-06-15 04:00:00+00:00,1,0,0.0,0.0,0.0,1.0,1.0
120,2024-06-15 06:00:00+00:00,2,0,0.0,0.0,0.0,0.9999999999999999,0.9999999999999999
120,2024-06-17 02:00:00+00:00,4,0,0.0,0.0,0.0,1.0,1.0
120,2024-06-17 04:00:00+00:00,2,0,0.0,0.0,0.0,0.9999999999999999,0.9999999999999999
120,2024-06-17 06:00:00+00:00,2,0,0.0,0.0,0.0,0.9999999999999999,0.9999999999999999
120,2024-06-18 02:00:00+00:00,2,0,0.0,0.0,0.0,0.9999999999999999,0.9999999999999999
120,2024-06-18 04:00:00+00:00,3,0,0.0,0.0,0.0,1.0,1.0
120,2024-06-18 06:00:00+00:00,1,0,0.0,0.0,0.0,1.0,1.0
120,2024-06-18 08:00:00+00:00,3,0,0.0,0.0,0.0,1.0,1.0
120,2024-06-18 12:00:00+00:00,3,2,0.6666666666666666,0.6666666666666666,1.0,0.75,0.5
120,2024-06-19 02:00:00+00:00,5,0,0.0,0.0,0.0,0.9999999999999999,0.9999999999999999
120,2024-06-19 04:00:00+00:00,10,0,0.0,0.0,0.0,0.9999999999999999,0.9999999999999999
120,2024-06-19 06:00:00+00:00,1,0,0.0,0.0,0.0,1.0,1.0
120,2024-06-19 08:00:00+00:00,2,0,0.0,0.0,0.0,0.9999999999999999,0.9999999999999999
120,2024-06-20 02:00:00+00:00,3,0,0.0,0.0,0.0,1.0,1.0
120,2024-06-20 04:00:00+00:00,2,0,0.0,0.0,0.0,0.9999999999999999,0.9999999999999999
120,2024-06-20 06:00:00+00:00,3,0,0.0,0.0,0.0,1.0,1.0
120,2024-06-20 08:00:00+00:00,1,0,0.0,0.0,0.0,1.0,1.0
120,2024-06-21 02:00:00+00:00,4,2,0.5,0.5,1.0,0.8999999999999999,0.7999999999999999
120,2024-06-21 04:00:00+00:00,3,0,0.0,0.0,0.0,1.0,1.0
120,2024-06-21 06:00:00+00:00,1,0,0.0,0.0,0.0,1.0,1.0
120,2024-06-21 08:00:00+00:00,2,0,0.0,0.0,0.0,0.9999999999999999,0.9999999999999999
120,2024-06-22 02:00:00+00:00,2,0,0.0,0.0,0.0,0.9999999999999999,0.9999999999999999
120,2024-06-22 08:00:00+00:00,6,0,0.0,0.0,0.0,1.0,1.0
120,2024-06-22 10:00:00+00:00,1,0,0.0,0.0,0.0,1.0,1.0
120,2024-06-23 08:00:00+00:00,1,0,0.0,0.0,0.0,1.0,1.0
120,2024-06-23 18:00:00+00:00,1,0,0.0,0.0,0.0,1.0,1.0
120,2024-06-24 02:00:00+00:00,1,0,0.0,0.0,0.0,1.0,1.0
120,2024-06-24 04:00:00+00:00,3,0,0.0,0.0,0.0,1.0,1.0
120,2024-06-24 06:00:00+00:00,2,0,0.0,0.0,0.0,0.9999999999999999,0.9999999999999999
120,2024-06-24 08:00:00+00:00,1,0,0.0,0.0,0.0,1.0,1.0
120,2024-06-24 14:00:00+00:00,1,0,0.0,0.0,0.0,1.0,1.0
120,2024-06-25 00:00:00+00:00,1,0,0.0,0.0,0.0,1.0,1.0
120,2024-06-25 02:00:00+00:00,9,0,0.0,0.0,0.0,1.0,1.0
120,2024-06-25 04:00:00+00:00,3,0,0.0,0.0,0.0,1.0,1.0
120,2024-06-25 06:00:00+00:00,1,0,0.0,0.0,0.0,1.0,1.0
120,2024-06-25 08:00:00+00:00,2,0,0.0,0.0,0.0,0.9999999999999999,0.9999999999999999
120,2024-06-26 02:00:00+00:00,5,0,0.0,0.0,0.0,0.9999999999999999,0.9999999999999999
120,2024-06-26 04:00:00+00:00,5,3,0.6,0.8,2.0,0.85,0.7
120,2024-06-26 06:00:00+00:00,1,0,0.0,0.0,0.0,1.0,1.0
120,2024-06-26 10:00:00+00:00,1,0,0.0,0.0,0.0,1.0,1.0
120,2024-06-27 02:00:00+00:00,6,0,0.0,0.0,0.0,1.0,1.0
120,2024-06-27 04:00:00+00:00,2,0,0.0,0.0,0.0,0.9999999999999999,0.9999999999999999
120,2024-06-27 06:00:00+00:00,1,0,0.0,0.0,0.0,1.0,1.0
120,2024-06-27 16:00:00+00:00,2,0,0.0,0.0,0.0,0.9999999999999999,0.9999999999999999
120,2024-06-28 00:00:00+00:00,2,2,1.0,1.0,1.0,0.0,-0.9999999999999999
120,2024-06-28 02:00:00+00:00,6,3,0.5,0.6666666666666666,2.0,0.9142857142857143,0.8285714285714287
120,2024-06-28 04:00:00+00:00,5,0,0.0,0.0,0.0,0.9999999999999999,0.9999999999999999
120,2024-06-28 06:00:00+00:00,2,0,0.0,0.0,0.0,0.9999999999999999,0.9999999999999999
120,2024-06-28 08:00:00+00:00,1,0,0.0,0.0,0.0,1.0,1.0
120,2024-06-28 10:00:00+00:00,2,0,0.0,0.0,0.0,0.9999999999999999,0.9999999999999999
120,2024-06-29 00:00:00+00:00,2,0,0.0,0.0,0.0,0.9999999999999999,0.9999999999999999
120,2024-06-29 02:00:00+00:00,7,0,0.0,0.0,0.0,1.0,1.0
120,2024-06-29 04:00:00+00:00,2,0,0.0,0.0,0.0,0.9999999999999999,0.9999999999999999
120,2024-06-29 06:00:00+00:00,2,0,0.0,0.0,0.0,0.9999999999999999,0.9999999999999999
120,2024-06-30 02:00:00+00:00,2,0,0.0,0.0,0.0,0.9999999999999999,0.9999999999999999
120,2024-07-01 02:00:00+00:00,6,0,0.0,0.0,0.0,1.0,1.0
120,2024-07-01 04:00:00+00:00,10,3,0.3,0.4,2.0,0.9858585858585857,0.9636363636363635
120,2024-07-01 06:00:00+00:00,6,0,0.0,0.0,0.0,1.0,1.0
120,2024-07-01 10:00:00+00:00,1,0,0.0,0.0,0.0,1.0,1.0
120,2024-07-02 02:00:00+00:00,4,0,0.0,0.0,0.0,1.0,1.0
120,2024-07-02 04:00:00+00:00,4,0,0.0,0.0,0.0,1.0,1.0
120,2024-07-02 08:00:00+00:00,3,0,0.0,0.0,0.0,1.0,1.0
120,2024-07-02 14:00:00+00:00,3,0,0.0,0.0,0.0,1.0,1.0
120,2024-07-03 04:00:00+00:00,4,0,0.0,0.0,0.0,1.0,1.0
120,2024-07-03 06:00:00+00:00,1,0,0.0,0.0,0.0,1.0,1.0
120,2024-07-03 08:00:00+00:00,3,0,0.0,0.0,0.0,1.0,1.0
120,2024-07-04 00:00:00+00:00,1,0,0.0,0.0,0.0,1.0,1.0
120,2024-07-04 02:00:00+00:00,9,5,0.5555555555555556,0.8888888888888888,4.0,0.9333333333333332,0.8333333333333333
120,2024-07-04 04:00:00+00:00,4,3,0.75,1.0,2.0,0.7000000000000001,0.39999999999999997
120,2024-07-04 06:00:00+00:00,2,0,0.0,0.0,0.0,0.9999999999999999,0.9999999999999999
120,2024-07-04 08:00:00+00:00,1,0,0.0,0.0,0.0,1.0,1.0
120,2024-07-04 16:00:00+00:00,5,0,0.0,0.0,0.0,0.9999999999999999,0.9999999999999999
120,2024-07-05 02:00:00+00:00,6,0,0.0,0.0,0.0,1.0,1.0
120,2024-07-05 04:00:00+00:00,7,4,0.5714285714285714,1.1428571428571428,2.0,0.8571428571428572,0.7142857142857144
120,2024-07-05 06:00:00+00:00,3,0,0.0,0.0,0.0,1.0,1.0
120,2024-07-05 10:00:00+00:00,1,0,0.0,0.0,0.0,1.0,1.0
120,2024-07-06 00:00:00+00:00,1,0,0.0,0.0,0.0,1.0,1.0
120,2024-07-06 02:00:00+00:00,7,0,0.0,0.0,0.0,1.0,1.0
120,2024-07-06 04:00:00+00:00,1,0,0.0,0.0,0.0,1.0,1.0
120,2024-07-06 06:00:00+00:00,3,3,1.0,1.3333333333333333,2.0,0.25,-0.5
120,2024-07-06 08:00:00+00:00,2,0,0.0,0.0,0.0,0.9999999999999999,0.9999999999999999
120,2024-07-07 16:00:00+00:00,1,0,0.0,0.0,0.0,1.0,1.0
120,2024-07-08 00:00:00+00:00,1,0,0.0,0.0,0.0,1.0,1.0
120,2024-07-08 02:00:00+00:00,12,8,0.6666666666666666,1.1666666666666667,7.0,0.9300699300699301,0.8041958041958043
120,2024-07-08 04:00:00+00:00,3,0,0.0,0.0,0.0,1.0,1.0
120,2024-07-08 06:00:00+00:00,1,0,0.0,0.0,0.0,1.0,1.0
120,2024-07-08 08:00:00+00:00,1,0,0.0,0.0,0.0,1.0,1.0
120,2024-07-08 10:00:00+00:00,1,0,0.0,0.0,0.0,1.0,1.0
120,2024-07-08 14:00:00+00:00,4,0,0.0,0.0,0.0,1.0,1.0
120,2024-07-08 16:00:00+00:00,1,0,0.0,0.0,0.0,1.0,1.0
120,2024-07-09 00:00:00+00:00,1,0,0.0,0.0,0.0,1.0,1.0
120,2024-07-09 02:00:00+00:00,6,0,0.0,0.0,0.0,1.0,1.0
120,2024-07-09 04:00:00+00:00,6,0,0.0,0.0,0.0,1.0,1.0
120,2024-07-09 06:00:00+00:00,3,0,0.0,0.0,0.0,1.0,1.0
120,2024-07-09 08:00:00+00:00,1,0,0.0,0.0,0.0,1.0,1.0
120,2024-07-09 16:00:00+00:00,5,0,0.0,0.0,0.0,0.9999999999999999,0.9999999999999999
120,2024-07-10 00:00:00+00:00,2,0,0.0,0.0,0.0,0.9999999999999999,0.9999999999999999
120,2024-07-10 02:00:00+00:00,8,6,0.75,1.25,5.0,0.8571428571428572,0.6428571428571429
120,2024-07-10 04:00:00+00:00,5,3,0.6,0.8,2.0,0.85,0.7
120,2024-07-10 06:00:00+00:00,2,0,0.0,0.0,0.0,0.9999999999999999,0.9999999999999999
120,2024-07-10 08:00:00+00:00,2,0,0.0,0.0,0.0,0.9999999999999999,0.9999999999999999
120,2024-07-10 16:00:00+00:00,1,0,0.0,0.0,0.0,1.0,1.0
120,2024-07-11 02:00:00+00:00,10,0,0.0,0.0,0.0,0.9999999999999999,0.9999999999999999
120,2024-07-11 04:00:00+00:00,2,0,0.0,0.0,0.0,0.9999999999999999,0.9999999999999999
120,2024-07-11 06:00:00+00:00,8,0,0.0,0.0,0.0,1.0,1.0
120,2024-07-11 10:00:00+00:00,1,0,0.0,0.0,0.0,1.0,1.0
120,2024-07-11 16:00:00+00:00,3,0,0.0,0.0,0.0,1.0,1.0
120,2024-07-12 00:00:00+00:00,1,0,0.0,0.0,0.0,1.0,1.0
120,2024-07-12 02:00:00+00:00,7,3,0.42857142857142855,0.5714285714285714,2.0,0.9464285714285715,0.8928571428571429
120,2024-07-12 04:00:00+00:00,12,3,0.25,0.3333333333333333,2.0,0.991841491841492,0.9790209790209792
120,2024-07-12 06:00:00+00:00,3,0,0.0,0.0,0.0,1.0,1.0
120,2024-07-12 08:00:00+00:00,2,0,0.0,0.0,0.0,0.9999999999999999,0.9999999999999999
120,2024-07-12 10:00:00+00:00,1,0,0.0,0.0,0.0,1.0,1.0
120,2024-07-12 18:00:00+00:00,1,0,0.0,0.0,0.0,1.0,1.0
120,2024-07-13 02:00:00+00:00,15,0,0.0,0.0,0.0,1.0,1.0
120,2024-07-13 04:00:00+00:00,3,0,0.0,0.0,0.0,1.0,1.0
120,2024-07-13 06:00:00+00:00,1,0,0.0,0.0,0.0,1.0,1.0
120,2024-07-13 08:00:00+00:00,2,0,0.0,0.0,0.0,0.9999999999999999,0.9999999999999999
120,2024-07-14 12:00:00+00:00,1,0,0.0,0.0,0.0,1.0,1.0
120,2024-07-15 00:00:00+00:00,2,0,0.0,0.0,0.0,0.9999999999999999,0.9999999999999999
120,2024-07-15 02:00:00+00:00,14,6,0.42857142857142855,0.5714285714285714,3.0,0.9846153846153847,0.9692307692307693
120,2024-07-15 04:00:00+00:00,12,0,0.0,0.0,0.0,1.0,1.0
120,2024-07-15 06:00:00+00:00,2,0,0.0,0.0,0.0,0.9999999999999999,0.9999999999999999
120,2024-07-15 08:00:00+00:00,3,0,0.0,0.0,0.0,1.0,1.0
120,2024-07-16 02:00:00+00:00,13,0,0.0,0.0,0.0,1.0,1.0
120,2024-07-16 04:00:00+00:00,8,5,0.625,0.75,2.0,0.9484126984126985,0.9047619047619048
120,2024-07-16 06:00:00+00:00,1,0,0.0,0.0,0.0,1.0,1.0
120,2024-07-16 08:00:00+00:00,3,0,0.0,0.0,0.0,1.0,1.0
120,2024-07-16 12:00:00+00:00,1,0,0.0,0.0,0.0,1.0,1.0
120,2024-07-16 16:00:00+00:00,3,0,0.0,0.0,0.0,1.0,1.0
120,2024-07-16 18:00:00+00:00,8,0,0.0,0.0,0.0,1.0,1.0
120,2024-07-17 02:00:00+00:00,1,0,0.0,0.0,0.0,1.0,1.0
120,2024-07-17 06:00:00+00:00,1,0,0.0,0.0,0.0,1.0,1.0
120,2024-07-17 08:00:00+00:00,2,0,0.0,0.0,0.0,0.9999999999999999,0.9999999999999999
120,2024-07-17 16:00:00+00:00,10,0,0.0,0.0,0.0,0.9999999999999999,0.9999999999999999
120,2024-07-17 18:00:00+00:00,1,0,0.0,0.0,0.0,1.0,1.0
120,2024-07-18 02:00:00+00:00,12,0,0.0,0.0,0.0,1.0,1.0
120,2024-07-18 04:00:00+00:00,6,5,0.8333333333333334,1.3333333333333333,3.0,0.7714285714285715,0.5428571428571429
120,2024-07-18 06:00:00+00:00,2,0,0.0,0.0,0.0,0.9999999999999999,0.9999999999999999
120,2024-07-18 08:00:00+00:00,1,0,0.0,0.0,0.0,1.0,1.0
120,2024-07-18 16:00:00+00:00,1,0,0.0,0.0,0.0,1.0,1.0
120,2024-07-19 00:00:00+00:00,1,0,0.0,0.0,0.0,1.0,1.0
120,2024-07-19 02:00:00+00:00,11,0,0.0,0.0,0.0,1.0,1.0
120,2024-07-19 04:00:00+00:00,2,0,0.0,0.0,0.0,0.9999999999999999,0.9999999999999999
120,2024-07-19 06:00:00+00:00,1,0,0.0,0.0,0.0,1.0,1.0
120,2024-07-19 08:00:00+00:00,1,0,0.0,0.0,0.0,1.0,1.0
120,2024-07-19 18:00:00+00:00,7,0,0.0,0.0,0.0,1.0,1.0
120,2024-07-20 02:00:00+00:00,10,0,0.0,0.0,0.0,0.9999999999999999,0.9999999999999999
120,2024-07-20 04:00:00+00:00,3,0,0.0,0.0,0.0,1.0,1.0
120,2024-07-20 06:00:00+00:00,1,0,0.0,0.0,0.0,1.0,1.0
120,2024-07-20 08:00:00+00:00,3,0,0.0,0.0,0.0,1.0,1.0
120,2024-07-21 12:00:00+00:00,2,0,0.0,0.0,0.0,0.9999999999999999,0.9999999999999999
120,2024-07-21 18:00:00+00:00,2,0,0.0,0.0,0.0,0.9999999999999999,0.9999999999999999
120,2024-07-21 20:00:00+00:00,8,0,0.0,0.0,0.0,1.0,1.0
120,2024-07-22 00:00:00+00:00,1,0,0.0,0.0,0.0,1.0,1.0
120,2024-07-22 02:00:00+00:00,8,0,0.0,0.0,0.0,1.0,1.0
120,2024-07-22 04:00:00+00:00,10,0,0.0,0.0,0.0,0.9999999999999999,0.9999999999999999
120,2024-07-22 06:00:00+00:00,1,0,0.0,0.0,0.0,1.0,1.0
120,2024-07-22 08:00:00+00:00,1,0,0.0,0.0,0.0,1.0,1.0
120,2024-07-22 16:00:00+00:00,2,0,0.0,0.0,0.0,0.9999999999999999,0.9999999999999999
120,2024-07-23 02:00:00+00:00,11,0,0.0,0.0,0.0,1.0,1.0
120,2024-07-23 04:00:00+00:00,5,0,0.0,0.0,0.0,0.9999999999999999,0.9999999999999999
120,2024-07-23 06:00:00+00:00,1,0,0.0,0.0,0.0,1.0,1.0
120,2024-07-23 14:00:00+00:00,2,0,0.0,0.0,0.0,0.9999999999999999,0.9999999999999999
120,2024-07-23 16:00:00+00:00,6,0,0.0,0.0,0.0,1.0,1.0
120,2024-07-23 18:00:00+00:00,3,0,0.0,0.0,0.0,1.0,1.0
120,2024-07-24 00:00:00+00:00,1,0,0.0,0.0,0.0,1.0,1.0
120,2024-07-24 02:00:00+00:00,13,0,0.0,0.0,0.0,1.0,1.0
120,2024-07-24 04:00:00+00:00,6,5,0.8333333333333334,1.3333333333333333,3.0,0.8285714285714286,0.5428571428571429
120,2024-07-24 06:00:00+00:00,1,0,0.0,0.0,0.0,1.0,1.0
120,2024-07-24 14:00:00+00:00,2,0,0.0,0.0,0.0,0.9999999999999999,0.9999999999999999
120,2024-07-24 18:00:00+00:00,1,0,0.0,0.0,0.0,1.0,1.0
120,2024-07-25 00:00:00+00:00,1,0,0.0,0.0,0.0,1.0,1.0
120,2024-07-25 02:00:00+00:00,10,4,0.4,0.6,3.0,0.9696969696969696,0.9272727272727272
120,2024-07-25 04:00:00+00:00,4,0,0.0,0.0,0.0,1.0,1.0
120,2024-07-25 06:00:00+00:00,1,0,0.0,0.0,0.0,1.0,1.0
120,2024-07-25 16:00:00+00:00,8,0,0.0,0.0,0.0,1.0,1.0
120,2024-07-26 02:00:00+00:00,10,0,0.0,0.0,0.0,0.9999999999999999,0.9999999999999999
120,2024-07-26 06:00:00+00:00,1,0,0.0,0.0,0.0,1.0,1.0
120,2024-07-26 08:00:00+00:00,5,0,0.0,0.0,0.0,0.9999999999999999,0.9999999999999999
120,2024-07-26 14:00:00+00:00,5,0,0.0,0.0,0.0,0.9999999999999999,0.9999999999999999
120,2024-07-26 16:00:00+00:00,1,0,0.0,0.0,0.0,1.0,1.0
120,2024-07-27 04:00:00+00:00,1,0,0.0,0.0,0.0,1.0,1.0
120,2024-07-27 06:00:00+00:00,2,0,0.0,0.0,0.0,0.9999999999999999,0.9999999999999999
120,2024-07-29 02:00:00+00:00,1,0,0.0,0.0,0.0,1.0,1.0
120,2024-07-29 04:00:00+00:00,16,3,0.1875,0.25,2.0,0.9955882352941177,0.9911764705882352
120,2024-07-29 06:00:00+00:00,1,0,0.0,0.0,0.0,1.0,1.0
120,2024-07-29 08:00:00+00:00,4,4,1.0,1.5,3.0,0.5333333333333333,-0.19999999999999998
120,2024-07-29 10:00:00+00:00,1,0,0.0,0.0,0.0,1.0,1.0
120,2024-07-30 02:00:00+00:00,2,0,0.0,0.0,0.0,0.9999999999999999,0.9999999999999999
120,2024-07-30 04:00:00+00:00,1,0,0.0,0.0,0.0,1.0,1.0
120,2024-07-30 06:00:00+00:00,2,0,0.0,0.0,0.0,0.9999999999999999,0.9999999999999999
120,2024-07-30 08:00:00+00:00,1,0,0.0,0.0,0.0,1.0,1.0
120,2024-07-30 14:00:00+00:00,1,0,0.0,0.0,0.0,1.0,1.0
120,2024-07-30 16:00:00+00:00,7,0,0.0,0.0,0.0,1.0,1.0
120,2024-07-31 00:00:00+00:00,1,0,0.0,0.0,0.0,1.0,1.0
120,2024-07-31 02:00:00+00:00,1,0,0.0,0.0,0.0,1.0,1.0
120,2024-07-31 04:00:00+00:00,4,0,0.0,0.0,0.0,1.0,1.0
120,2024-07-31 06:00:00+00:00,2,0,0.0,0.0,0.0,0.9999999999999999,0.9999999999999999
120,2024-07-31 10:00:00+00:00,2,0,0.0,0.0,0.0,0.9999999999999999,0.9999999999999999
120,2024-07-31 16:00:00+00:00,1,0,0.0,0.0,0.0,1.0,1.0
120,2024-08-01 02:00:00+00:00,6,0,0.0,0.0,0.0,1.0,1.0
120,2024-08-01 04:00:00+00:00,1,0,0.0,0.0,0.0,1.0,1.0
120,2024-08-01 08:00:00+00:00,3,0,0.0,0.0,0.0,1.0,1.0
120,2024-08-02 02:00:00+00:00,3,0,0.0,0.0,0.0,1.0,1.0
120,2024-08-02 04:00:00+00:00,3,0,0.0,0.0,0.0,1.0,1.0
120,2024-08-02 06:00:00+00:00,2,0,0.0,0.0,0.0,0.9999999999999999,0.9999999999999999
120,2024-08-02 08:00:00+00:00,6,0,0.0,0.0,0.0,1.0,1.0
120,2024-08-03 02:00:00+00:00,1,0,0.0,0.0,0.0,1.0,1.0
120,2024-08-03 04:00:00+00:00,3,0,0.0,0.0,0.0,1.0,1.0
120,2024-08-03 06:00:00+00:00,1,0,0.0,0.0,0.0,1.0,1.0
120,2024-08-03 08:00:00+00:00,2,0,0.0,0.0,0.0,0.9999999999999999,0.9999999999999999
120,2024-08-05 04:00:00+00:00,1,0,0.0,0.0,0.0,1.0,1.0
120,2024-08-05 08:00:00+00:00,1,0,0.0,0.0,0.0,1.0,1.0
120,2024-08-05 10:00:00+00:00,2,0,0.0,0.0,0.0,0.9999999999999999,0.9999999999999999
120,2024-08-06 02:00:00+00:00,5,0,0.0,0.0,0.0,0.9999999999999999,0.9999999999999999
120,2024-08-06 04:00:00+00:00,13,0,0.0,0.0,0.0,1.0,1.0
120,2024-08-06 06:00:00+00:00,3,0,0.0,0.0,0.0,1.0,1.0
120,2024-08-07 02:00:00+00:00,8,0,0.0,0.0,0.0,1.0,1.0
120,2024-08-07 04:00:00+00:00,4,0,0.0,0.0,0.0,1.0,1.0
120,2024-08-07 06:00:00+00:00,1,0,0.0,0.0,0.0,1.0,1.0
120,2024-08-07 08:00:00+00:00,1,0,0.0,0.0,0.0,1.0,1.0
120,2024-08-07 10:00:00+00:00,2,0,0.0,0.0,0.0,0.9999999999999999,0.9999999999999999
120,2024-08-07 12:00:00+00:00,2,0,0.0,0.0,0.0,0.9999999999999999,0.9999999999999999
120,2024-08-08 02:00:00+00:00,8,3,0.375,0.5,2.0,0.9722222222222223,0.9285714285714287
120,2024-08-08 04:00:00+00:00,4,0,0.0,0.0,0.0,1.0,1.0
120,2024-08-08 06:00:00+00:00,7,0,0.0,0.0,0.0,1.0,1.0
120,2024-08-08 10:00:00+00:00,1,0,0.0,0.0,0.0,1.0,1.0
120,2024-08-08 12:00:00+00:00,1,0,0.0,0.0,0.0,1.0,1.0
120,2024-08-09 02:00:00+00:00,7,0,0.0,0.0,0.0,1.0,1.0
120,2024-08-09 04:00:00+00:00,3,0,0.0,0.0,0.0,1.0,1.0
120,2024-08-09 06:00:00+00:00,1,0,0.0,0.0,0.0,1.0,1.0
120,2024-08-09 14:00:00+00:00,2,0,0.0,0.0,0.0,0.9999999999999999,0.9999999999999999
120,2024-08-09 16:00:00+00:00,11,4,0.36363636363636365,0.5454545454545454,3.0,0.9727272727272727,0.9454545454545454
120,2024-08-10 02:00:00+00:00,2,0,0.0,0.0,0.0,0.9999999999999999,0.9999999999999999
120,2024-08-10 04:00:00+00:00,11,2,0.18181818181818182,0.18181818181818182,1.0,0.9954545454545455,0.990909090909091
120,2024-08-10 06:00:00+00:00,1,0,0.0,0.0,0.0,1.0,1.0
120,2024-08-10 08:00:00+00:00,1,0,0.0,0.0,0.0,1.0,1.0
120,2024-08-10 10:00:00+00:00,1,0,0.0,0.0,0.0,1.0,1.0
120,2024-08-11 10:00:00+00:00,1,0,0.0,0.0,0.0,1.0,1.0
120,2024-08-12 02:00:00+00:00,3,0,0.0,0.0,0.0,1.0,1.0
120,2024-08-12 04:00:00+00:00,1,0,0.0,0.0,0.0,1.0,1.0
120,2024-08-12 06:00:00+00:00,2,0,0.0,0.0,0.0,0.9999999999999999,0.9999999999999999
120,2024-08-12 08:00:00+00:00,1,0,0.0,0.0,0.0,1.0,1.0
120,2024-08-12 14:00:00+00:00,1,0,0.0,0.0,0.0,1.0,1.0
120,2024-08-13 00:00:00+00:00,1,0,0.0,0.0,0.0,1.0,1.0
120,2024-08-13 02:00:00+00:00,13,0,0.0,0.0,0.0,1.0,1.0
120,2024-08-13 10:00:00+00:00,1,0,0.0,0.0,0.0,1.0,1.0
120,2024-08-14 02:00:00+00:00,5,0,0.0,0.0,0.0,0.9999999999999999,0.9999999999999999
120,2024-08-14 04:00:00+00:00,5,0,0.0,0.0,0.0,0.9999999999999999,0.9999999999999999
120,2024-08-14 06:00:00+00:00,2,0,0.0,0.0,0.0,0.9999999999999999,0.9999999999999999
120,2024-08-15 00:00:00+00:00,1,0,0.0,0.0,0.0,1.0,1.0
120,2024-08-15 02:00:00+00:00,4,2,0.5,0.5,1.0,0.8999999999999999,0.7999999999999999
120,2024-08-15 04:00:00+00:00,9,0,0.0,0.0,0.0,1.0,1.0
120,2024-08-15 12:00:00+00:00,2,0,0.0,0.0,0.0,0.9999999999999999,0.9999999999999999
120,2024-08-15 16:00:00+00:00,1,0,0.0,0.0,0.0,1.0,1.0
120,2024-08-16 02:00:00+00:00,5,5,1.0,2.4,3.0,0.24999999999999997,-0.49999999999999994
120,2024-08-16 04:00:00+00:00,7,0,0.0,0.0,0.0,1.0,1.0
120,2024-08-16 08:00:00+00:00,1,0,0.0,0.0,0.0,1.0,1.0
120,2024-08-16 10:00:00+00:00,1,0,0.0,0.0,0.0,1.0,1.0
120,2024-08-17 02:00:00+00:00,6,2,0.3333333333333333,0.3333333333333333,1.0,0.9714285714285715,0.942857142857143
120,2024-08-17 04:00:00+00:00,8,0,0.0,0.0,0.0,1.0,1.0
120,2024-08-18 12:00:00+00:00,2,0,0.0,0.0,0.0,0.9999999999999999,0.9999999999999999
120,2024-08-18 14:00:00+00:00,1,0,0.0,0.0,0.0,1.0,1.0
120,2024-08-19 00:00:00+00:00,1,0,0.0,0.0,0.0,1.0,1.0
120,2024-08-19 02:00:00+00:00,3,0,0.0,0.0,0.0,1.0,1.0
120,2024-08-19 04:00:00+00:00,12,0,0.0,0.0,0.0,1.0,1.0
120,2024-08-19 06:00:00+00:00,1,0,0.0,0.0,0.0,1.0,1.0
120,2024-08-20 00:00:00+00:00,1,0,0.0,0.0,0.0,1.0,1.0
120,2024-08-20 02:00:00+00:00,2,0,0.0,0.0,0.0,0.9999999999999999,0.9999999999999999
120,2024-08-20 04:00:00+00:00,10,2,0.2,0.2,1.0,0.9939393939393938,0.9878787878787878
120,2024-08-20 06:00:00+00:00,1,0,0.0,0.0,0.0,1.0,1.0
120,2024-08-20 08:00:00+00:00,1,0,0.0,0.0,0.0,1.0,1.0
120,2024-08-20 12:00:00+00:00,2,0,0.0,0.0,0.0,0.9999999999999999,0.9999999999999999
120,2024-08-20 14:00:00+00:00,1,0,0.0,0.0,0.0,1.0,1.0
120,2024-08-21 02:00:00+00:00,7,0,0.0,0.0,0.0,1.0,1.0
120,2024-08-21 04:00:00+00:00,4,0,0.0,0.0,0.0,1.0,1.0
120,2024-08-21 06:00:00+00:00,3,0,0.0,0.0,0.0,1.0,1.0
120,2024-08-21 14:00:00+00:00,1,0,0.0,0.0,0.0,1.0,1.0
120,2024-08-22 04:00:00+00:00,9,0,0.0,0.0,0.0,1.0,1.0
120,2024-08-22 06:00:00+00:00,3,0,0.0,0.0,0.0,1.0,1.0
120,2024-08-22 08:00:00+00:00,1,0,0.0,0.0,0.0,1.0,1.0
120,2024-08-22 12:00:00+00:00,2,0,0.0,0.0,0.0,0.9999999999999999,0.9999999999999999
120,2024-08-23 00:00:00+00:00,1,0,0.0,0.0,0.0,1.0,1.0
120,2024-08-23 02:00:00+00:00,2,2,1.0,1.0,1.0,0.0,-0.9999999999999999
120,2024-08-23 04:00:00+00:00,4,0,0.0,0.0,0.0,1.0,1.0
180,2023-05-04 12:00:00+00:00,1,0,0.0,0.0,0.0,1.0,1.0
180,2023-05-05 03:00:00+00:00,1,0,0.0,0.0,0.0,1.0,1.0
180,2023-05-06 09:00:00+00:00,1,0,0.0,0.0,0.0,1.0,1.0
180,2023-05-07 15:00:00+00:00,1,0,0.0,0.0,0.0,1.0,1.0
180,2023-05-09 06:00:00+00:00,1,0,0.0,0.0,0.0,1.0,1.0
180,2023-05-09 12:00:00+00:00,1,0,0.0,0.0,0.0,1.0,1.0
180,2023-05-10 00:00:00+00:00,1,0,0.0,0.0,0.0,1.0,1.0
180,2023-05-10 03:00:00+00:00,1,0,0.0,0.0,0.0,1.0,1.0
180,2023-05-11 03:00:00+00:00,2,0,0.0,0.0,0.0,0.9999999999999999,0.9999999999999999
180,2023-05-12 03:00:00+00:00,1,0,0.0,0.0,0.0,1.0,1.0
180,2023-05-12 15:00:00+00:00,2,0,0.0,0.0,0.0,0.9999999999999999,0.9999999999999999
180,2023-05-13 00:00:00+00:00,1,0,0.0,0.0,0.0,1.0,1.0
180,2023-05-13 09:00:00+00:00,2,0,0.0,0.0,0.0,0.9999999999999999,0.9999999999999999
180,2023-05-16 06:00:00+00:00,1,0,0.0,0.0,0.0,1.0,1.0
180,2023-05-16 09:00:00+00:00,1,0,0.0,0.0,0.0,1.0,1.0
180,2023-05-17 03:00:00+00:00,1,0,0.0,0.0,0.0,1.0,1.0
180,2023-05-18 03:00:00+00:00,1,0,0.0,0.0,0.0,1.0,1.0
180,2023-05-18 06:00:00+00:00,1,0,0.0,0.0,0.0,1.0,1.0
180,2023-05-18 12:00:00+00:00,2,0,0.0,0.0,0.0,0.9999999999999999,0.9999999999999999
180,2023-05-19 03:00:00+00:00,2,0,0.0,0.0,0.0,0.9999999999999999,0.9999999999999999
180,2023-05-20 06:00:00+00:00,3,0,0.0,0.0,0.0,1.0,1.0
180,2023-05-22 03:00:00+00:00,2,0,0.0,0.0,0.0,0.9999999999999999,0.9999999999999999
180,2023-05-22 09:00:00+00:00,1,0,0.0,0.0,0.0,1.0,1.0
180,2023-05-22 15:00:00+00:00,2,0,0.0,0.0,0.0,0.9999999999999999,0.9999999999999999
180,2023-05-23 03:00:00+00:00,1,0,0.0,0.0,0.0,1.0,1.0
180,2023-05-23 09:00:00+00:00,2,0,0.0,0.0,0.0,0.9999999999999999,0.9999999999999999
180,2023-05-25 03:00:00+00:00,1,0,0.0,0.0,0.0,1.0,1.0
180,2023-05-26 00:00:00+00:00,2,0,0.0,0.0,0.0,0.9999999999999999,0.9999999999999999
180,2023-05-27 06:00:00+00:00,1,0,0.0,0.0,0.0,1.0,1.0
180,2023-05-30 00:00:00+00:00,1,0,0.0,0.0,0.0,1.0,1.0
180,2023-05-30 03:00:00+00:00,3,0,0.0,0.0,0.0,1.0,1.0
180,2023-05-30 09:00:00+00:00,1,0,0.0,0.0,0.0,1.0,1.0
180,2023-05-31 03:00:00+00:00,2,0,0.0,0.0,0.0,0.9999999999999999,0.9999999999999999
180,2023-05-31 06:00:00+00:00,1,0,0.0,0.0,0.0,1.0,1.0
180,2023-05-31 12:00:00+00:00,1,0,0.0,0.0,0.0,1.0,1.0
180,2023-06-01 03:00:00+00:00,1,0,0.0,0.0,0.0,1.0,1.0
180,2023-06-01 06:00:00+00:00,2,0,0.0,0.0,0.0,0.9999999999999999,0.9999999999999999
180,2023-06-02 00:00:00+00:00,1,0,0.0,0.0,0.0,1.0,1.0
180,2023-06-02 03:00:00+00:00,1,0,0.0,0.0,0.0,1.0,1.0
180,2023-06-02 06:00:00+00:00,2,0,0.0,0.0,0.0,0.9999999999999999,0.9999999999999999
180,2023-06-02 09:00:00+00:00,1,0,0.0,0.0,0.0,1.0,1.0
180,2023-06-03 09:00:00+00:00,1,0,0.0,0.0,0.0,1.0,1.0
180,2023-06-04 06:00:00+00:00,2,0,0.0,0.0,0.0,0.9999999999999999,0.9999999999999999
180,2023-06-05 06:00:00+00:00,1,0,0.0,0.0,0.0,1.0,1.0
180,2023-06-05 15:00:00+00:00,1,0,0.0,0.0,0.0,1.0,1.0
180,2023-06-06 03:00:00+00:00,1,0,0.0,0.0,0.0,1.0,1.0
180,2023-06-06 06:00:00+00:00,2,0,0.0,0.0,0.0,0.9999999999999999,0.9999999999999999
180,2023-06-06 12:00:00+00:00,2,0,0.0,0.0,0.0,0.9999999999999999,0.9999999999999999
180,2023-06-07 03:00:00+00:00,2,0,0.0,0.0,0.0,0.9999999999999999,0.9999999999999999
180,2023-06-08 03:00:00+00:00,1,0,0.0,0.0,0.0,1.0,1.0
180,2023-06-09 03:00:00+00:00,2,0,0.0,0.0,0.0,0.9999999999999999,0.9999999999999999
180,2023-06-09 09:00:00+00:00,1,0,0.0,0.0,0.0,1.0,1.0
180,2023-06-09 12:00:00+00:00,1,0,0.0,0.0,0.0,1.0,1.0
180,2023-06-12 03:00:00+00:00,2,0,0.0,0.0,0.0,0.9999999999999999,0.9999999999999999
180,2023-06-12 09:00:00+00:00,1,0,0.0,0.0,0.0,1.0,1.0
180,2023-06-14 06:00:00+00:00,1,0,0.0,0.0,0.0,1.0,1.0
180,2023-06-15 03:00:00+00:00,1,0,0.0,0.0,0.0,1.0,1.0
180,2023-06-18 12:00:00+00:00,1,0,0.0,0.0,0.0,1.0,1.0
180,2023-06-19 09:00:00+00:00,1,0,0.0,0.0,0.0,1.0,1.0
180,2023-06-20 03:00:00+00:00,2,0,0.0,0.0,0.0,0.9999999999999999,0.9999999999999999
180,2023-06-20 12:00:00+00:00,1,0,0.0,0.0,0.0,1.0,1.0
180,2023-06-22 06:00:00+00:00,2,0,0.0,0.0,0.0,0.9999999999999999,0.9999999999999999
180,2023-06-22 09:00:00+00:00,1,0,0.0,0.0,0.0,1.0,1.0
180,2023-06-23 03:00:00+00:00,1,0,0.0,0.0,0.0,1.0,1.0
180,2023-06-23 06:00:00+00:00,2,0,0.0,0.0,0.0,0.9999999999999999,0.9999999999999999
180,2023-06-24 06:00:00+00:00,1,0,0.0,0.0,0.0,1.0,1.0
180,2023-06-24 09:00:00+00:00,1,0,0.0,0.0,0.0,1.0,1.0
180,2023-06-25 15:00:00+00:00,1,0,0.0,0.0,0.0,1.0,1.0
180,2023-06-27 09:00:00+00:00,1,0,0.0,0.0,0.0,1.0,1.0
180,2023-06-28 12:00:00+00:00,2,0,0.0,0.0,0.0,0.9999999999999999,0.9999999999999999
180,2023-06-30 03:00:00+00:00,2,0,0.0,0.0,0.0,0.9999999999999999,0.9999999999999999
180,2023-07-03 06:00:00+00:00,2,0,0.0,0.0,0.0,0.9999999999999999,0.9999999999999999
180,2023-07-04 03:00:00+00:00,2,0,0.0,0.0,0.0,0.9999999999999999,0.9999999999999999
180,2023-07-04 06:00:00+00:00,1,0,0.0,0.0,0.0,1.0,1.0
180,2023-07-05 03:00:00+00:00,3,0,0.0,0.0,0.0,1.0,1.0
180,2023-07-06 03:00:00+00:00,1,0,0.0,0.0,0.0,1.0,1.0
180,2023-07-06 09:00:00+00:00,1,0,0.0,0.0,0.0,1.0,1.0
180,2023-07-07 03:00:00+00:00,1,0,0.0,0.0,0.0,1.0,1.0
180,2023-07-08 09:00:00+00:00,1,0,0.0,0.0,0.0,1.0,1.0
180,2023-07-08 12:00:00+00:00,1,0,0.0,0.0,0.0,1.0,1.0
180,2023-07-10 06:00:00+00:00,1,0,0.0,0.0,0.0,1.0,1.0
180,2023-07-10 09:00:00+00:00,1,0,0.0,0.0,0.0,1.0,1.0
180,2023-07-11 03:00:00+00:00,1,0,0.0,0.0,0.0,1.0,1.0
180,2023-07-11 06:00:00+00:00,2,0,0.0,0.0,0.0,0.9999999999999999,0.9999999999999999
180,2023-07-12 09:00:00+00:00,1,0,0.0,0.0,0.0,1.0,1.0
180,2023-07-12 12:00:00+00:00,1,0,0.0,0.0,0.0,1.0,1.0
180,2023-07-14 00:00:00+00:00,1,0,0.0,0.0,0.0,1.0,1.0
180,2023-07-15 03:00:00+00:00,2,0,0.0,0.0,0.0,0.9999999999999999,0.9999999999999999
180,2023-07-15 06:00:00+00:00,1,0,0.0,0.0,0.0,1.0,1.0
180,2023-07-17 06:00:00+00:00,2,2,1.0,1.0,1.0,0.0,-0.9999999999999999
180,2023-07-17 09:00:00+00:00,1,0,0.0,0.0,0.0,1.0,1.0
180,2023-07-18 09:00:00+00:00,2,0,0.0,0.0,0.0,0.9999999999999999,0.9999999999999999
180,2023-07-18 15:00:00+00:00,2,0,0.0,0.0,0.0,0.9999999999999999,0.9999999999999999
180,2023-07-20 03:00:00+00:00,3,0,0.0,0.0,0.0,1.0,1.0
180,2023-07-20 09:00:00+00:00,2,0,0.0,0.0,0.0,0.9999999999999999,0.9999999999999999
180,2023-07-20 12:00:00+00:00,1,0,0.0,0.0,0.0,1.0,1.0
180,2023-07-22 03:00:00+00:00,1,0,0.0,0.0,0.0,1.0,1.0
180,2023-07-22 09:00:00+00:00,1,0,0.0,0.0,0.0,1.0,1.0
180,2023-07-24 06:00:00+00:00,2,0,0.0,0.0,0.0,0.9999999999999999,0.9999999999999999
180,2023-07-25 00:00:00+00:00,2,0,0.0,0.0,0.0,0.9999999999999999,0.9999999999999999
180,2023-07-25 06:00:00+00:00,4,3,0.75,1.0,2.0,0.7000000000000001,0.39999999999999997
180,2023-07-26 03:00:00+00:00,2,0,0.0,0.0,0.0,0.9999999999999999,0.9999999999999999
180,2023-07-27 00:00:00+00:00,1,0,0.0,0.0,0.0,1.0,1.0
180,2023-07-28 06:00:00+00:00,1,0,0.0,0.0,0.0,1.0,1.0
180,2023-07-29 03:00:00+00:00,2,0,0.0,0.0,0.0,0.9999999999999999,0.9999999999999999
180,2023-07-29 06:00:00+00:00,2,0,0.0,0.0,0.0,0.9999999999999999,0.9999999999999999
180,2023-07-31 09:00:00+00:00,1,0,0.0,0.0,0.0,1.0,1.0
180,2023-08-01 06:00:00+00:00,4,2,0.5,0.5,1.0,0.8999999999999999,0.7999999999999999
180,2023-08-01 15:00:00+00:00,1,0,0.0,0.0,0.0,1.0,1.0
180,2023-08-02 09:00:00+00:00,2,0,0.0,0.0,0.0,0.9999999999999999,0.9999999999999999
180,2023-08-03 03:00:00+00:00,1,0,0.0,0.0,0.0,1.0,1.0
180,2023-08-03 09:00:00+00:00,1,0,0.0,0.0,0.0,1.0,1.0
180,2023-08-05 03:00:00+00:00,1,0,0.0,0.0,0.0,1.0,1.0
180,2023-08-05 09:00:00+00:00,1,0,0.0,0.0,0.0,1.0,1.0
180,2023-08-06 12:00:00+00:00,2,2,1.0,1.0,1.0,0.0,-0.9999999999999999
180,2023-08-07 03:00:00+00:00,2,0,0.0,0.0,0.0,0.9999999999999999,0.9999999999999999
180,2023-08-08 03:00:00+00:00,1,0,0.0,0.0,0.0,1.0,1.0
180,2023-08-09 09:00:00+00:00,1,0,0.0,0.0,0.0,1.0,1.0
180,2023-08-09 15:00:00+00:00,2,0,0.0,0.0,0.0,0.9999999999999999,0.9999999999999999
180,2023-08-11 03:00:00+00:00,1,0,0.0,0.0,0.0,1.0,1.0
180,2023-08-11 09:00:00+00:00,1,0,0.0,0.0,0.0,1.0,1.0
180,2023-08-14 00:00:00+00:00,1,0,0.0,0.0,0.0,1.0,1.0
180,2023-08-14 03:00:00+00:00,3,0,0.0,0.0,0.0,1.0,1.0
180,2023-08-15 00:00:00+00:00,1,0,0.0,0.0,0.0,1.0,1.0
180,2023-08-15 06:00:00+00:00,1,0,0.0,0.0,0.0,1.0,1.0
180,2023-08-16 03:00:00+00:00,3,0,0.0,0.0,0.0,1.0,1.0
180,2023-08-16 09:00:00+00:00,1,0,0.0,0.0,0.0,1.0,1.0
180,2023-08-17 06:00:00+00:00,1,0,0.0,0.0,0.0,1.0,1.0
180,2023-08-18 06:00:00+00:00,1,0,0.0,0.0,0.0,1.0,1.0
180,2023-08-19 03:00:00+00:00,1,0,0.0,0.0,0.0,1.0,1.0
180,2023-08-19 09:00:00+00:00,1,0,0.0,0.0,0.0,1.0,1.0
180,2023-08-21 03:00:00+00:00,4,0,0.0,0.0,0.0,1.0,1.0
180,2023-08-21 09:00:00+00:00,1,0,0.0,0.0,0.0,1.0,1.0
180,2023-08-24 00:00:00+00:00,1,0,0.0,0.0,0.0,1.0,1.0
180,2023-08-24 03:00:00+00:00,3,0,0.0,0.0,0.0,1.0,1.0
180,2023-08-25 03:00:00+00:00,2,0,0.0,0.0,0.0,0.9999999999999999,0.9999999999999999
180,2023-08-25 06:00:00+00:00,1,0,0.0,0.0,0.0,1.0,1.0
180,2023-08-26 00:00:00+00:00,2,0,0.0,0.0,0.0,0.9999999999999999,0.9999999999999999
180,2023-08-26 03:00:00+00:00,1,0,0.0,0.0,0.0,1.0,1.0
180,2023-08-26 06:00:00+00:00,2,0,0.0,0.0,0.0,0.9999999999999999,0.9999999999999999
180,2023-08-26 09:00:00+00:00,1,0,0.0,0.0,0.0,1.0,1.0
180,2023-08-28 03:00:00+00:00,1,0,0.0,0.0,0.0,1.0,1.0
180,2023-08-28 12:00:00+00:00,1,0,0.0,0.0,0.0,1.0,1.0
180,2023-08-29 00:00:00+00:00,1,0,0.0,0.0,0.0,1.0,1.0
180,2023-08-30 06:00:00+00:00,1,0,0.0,0.0,0.0,1.0,1.0
180,2023-08-31 03:00:00+00:00,3,0,0.0,0.0,0.0,1.0,1.0
180,2023-08-31 09:00:00+00:00,1,0,0.0,0.0,0.0,1.0,1.0
180,2023-09-05 03:00:00+00:00,1,0,0.0,0.0,0.0,1.0,1.0
180,2023-09-05 09:00:00+00:00,3,0,0.0,0.0,0.0,1.0,1.0
180,2023-09-06 03:00:00+00:00,1,0,0.0,0.0,0.0,1.0,1.0
180,2023-09-07 06:00:00+00:00,1,0,0.0,0.0,0.0,1.0,1.0
180,2023-09-08 03:00:00+00:00,1,0,0.0,0.0,0.0,1.0,1.0
180,2023-09-08 06:00:00+00:00,3,0,0.0,0.0,0.0,1.0,1.0
180,2023-09-09 03:00:00+00:00,1,0,0.0,0.0,0.0,1.0,1.0
180,2023-09-11 06:00:00+00:00,4,0,0.0,0.0,0.0,1.0,1.0
180,2023-09-12 00:00:00+00:00,1,0,0.0,0.0,0.0,1.0,1.0
180,2023-09-12 03:00:00+00:00,1,0,0.0,0.0,0.0,1.0,1.0
180,2023-09-13 03:00:00+00:00,3,0,0.0,0.0,0.0,1.0,1.0
180,2023-09-13 06:00:00+00:00,1,0,0.0,0.0,0.0,1.0,1.0
180,2023-09-13 09:00:00+00:00,2,0,0.0,0.0,0.0,0.9999999999999999,0.9999999999999999
180,2023-09-13 12:00:00+00:00,2,0,0.0,0.0,0.0,0.9999999999999999,0.9999999999999999
180,2023-09-13 15:00:00+00:00,1,0,0.0,0.0,0.0,1.0,1.0
180,2023-09-14 06:00:00+00:00,1,0,0.0,0.0,0.0,1.0,1.0
180,2023-09-14 09:00:00+00:00,1,0,0.0,0.0,0.0,1.0,1.0
180,2023-09-14 15:00:00+00:00,2,0,0.0,0.0,0.0,0.9999999999999999,0.9999999999999999
180,2023-09-15 09:00:00+00:00,1,0,0.0,0.0,0.0,1.0,1.0
180,2023-09-16 00:00:00+00:00,1,0,0.0,0.0,0.0,1.0,1.0
180,2023-09-16 06:00:00+00:00,1,0,0.0,0.0,0.0,1.0,1.0
180,2023-09-18 00:00:00+00:00,1,0,0.0,0.0,0.0,1.0,1.0
180,2023-09-18 03:00:00+00:00,2,0,0.0,0.0,0.0,0.9999999999999999,0.9999999999999999
180,2023-09-20 00:00:00+00:00,2,0,0.0,0.0,0.0,0.9999999999999999,0.9999999999999999
180,2023-09-20 03:00:00+00:00,3,2,0.6666666666666666,0.6666666666666666,1.0,0.75,0.5
180,2023-09-21 00:00:00+00:00,1,0,0.0,0.0,0.0,1.0,1.0
180,2023-09-21 06:00:00+00:00,2,2,1.0,1.0,1.0,0.0,-0.9999999999999999
180,2023-09-21 09:00:00+00:00,1,0,0.0,0.0,0.0,1.0,1.0
180,2023-09-21 12:00:00+00:00,1,0,0.0,0.0,0.0,1.0,1.0
180,2023-09-22 03:00:00+00:00,3,0,0.0,0.0,0.0,1.0,1.0
180,2023-09-22 06:00:00+00:00,1,0,0.0,0.0,0.0,1.0,1.0
180,2023-09-22 09:00:00+00:00,1,0,0.0,0.0,0.0,1.0,1.0
180,2023-09-23 03:00:00+00:00,1,0,0.0,0.0,0.0,1.0,1.0
180,2023-09-23 18:00:00+00:00,2,0,0.0,0.0,0.0,0.9999999999999999,0.9999999999999999
180,2023-09-24 03:00:00+00:00,1,0,0.0,0.0,0.0,1.0,1.0
180,2023-09-24 06:00:00+00:00,1,0,0.0,0.0,0.0,1.0,1.0
180,2023-09-24 12:00:00+00:00,1,0,0.0,0.0,0.0,1.0,1.0
180,2023-09-25 06:00:00+00:00,2,0,0.0,0.0,0.0,0.9999999999999999,0.9999999999999999
180,2023-09-25 12:00:00+00:00,1,0,0.0,0.0,0.0,1.0,1.0
180,2023-09-25 15:00:00+00:00,1,0,0.0,0.0,0.0,1.0,1.0
180,2023-09-26 03:00:00+00:00,1,0,0.0,0.0,0.0,1.0,1.0
180,2023-09-26 06:00:00+00:00,3,0,0.0,0.0,0.0,1.0,1.0
180,2023-09-27 06:00:00+00:00,2,0,0.0,0.0,0.0,0.9999999999999999,0.9999999999999999
180,2023-09-28 03:00:00+00:00,3,0,0.0,0.0,0.0,1.0,1.0
180,2023-09-29 03:00:00+00:00,1,0,0.0,0.0,0.0,1.0,1.0
180,2023-09-29 06:00:00+00:00,3,0,0.0,0.0,0.0,1.0,1.0
180,2023-09-29 09:00:00+00:00,1,0,0.0,0.0,0.0,1.0,1.0
180,2023-09-30 00:00:00+00:00,1,0,0.0,0.0,0.0,1.0,1.0
180,2023-09-30 09:00:00+00:00,1,0,0.0,0.0,0.0,1.0,1.0
180,2023-10-02 03:00:00+00:00,5,0,0.0,0.0,0.0,0.9999999999999999,0.9999999999999999
180,2023-10-02 06:00:00+00:00,2,2,1.0,1.0,1.0,0.0,-0.9999999999999999
180,2023-10-02 09:00:00+00:00,1,0,0.0,0.0,0.0,1.0,1.0
180,2023-10-02 15:00:00+00:00,1,0,0.0,0.0,0.0,1.0,1.0
180,2023-10-03 03:00:00+00:00,1,0,0.0,0.0,0.0,1.0,1.0
180,2023-10-03 06:00:00+00:00,1,0,0.0,0.0,0.0,1.0,1.0
180,2023-10-03 09:00:00+00:00,1,0,0.0,0.0,0.0,1.0,1.0
180,2023-10-04 06:00:00+00:00,2,0,0.0,0.0,0.0,0.9999999999999999,0.9999999999999999
180,2023-10-06 00:00:00+00:00,1,0,0.0,0.0,0.0,1.0,1.0
180,2023-10-06 03:00:00+00:00,1,0,0.0,0.0,0.0,1.0,1.0
180,2023-10-06 06:00:00+00:00,2,0,0.0,0.0,0.0,0.9999999999999999,0.9999999999999999
180,2023-10-07 00:00:00+00:00,1,0,0.0,0.0,0.0,1.0,1.0
180,2023-10-07 03:00:00+00:00,1,0,0.0,0.0,0.0,1.0,1.0
180,2023-10-07 06:00:00+00:00,2,0,0.0,0.0,0.0,0.9999999999999999,0.9999999999999999
180,2023-10-07 18:00:00+00:00,1,0,0.0,0.0,0.0,1.0,1.0
180,2023-10-08 09:00:00+00:00,4,0,0.0,0.0,0.0,1.0,1.0
180,2023-10-08 12:00:00+00:00,1,0,0.0,0.0,0.0,1.0,1.0
180,2023-10-09 03:00:00+00:00,2,0,0.0,0.0,0.0,0.9999999999999999,0.9999999999999999
180,2023-10-09 06:00:00+00:00,2,0,0.0,0.0,0.0,0.9999999999999999,0.9999999999999999
180,2023-10-09 09:00:00+00:00,1,0,0.0,0.0,0.0,1.0,1.0
180,2023-10-10 06:00:00+00:00,3,0,0.0,0.0,0.0,1.0,1.0
180,2023-10-10 09:00:00+00:00,1,0,0.0,0.0,0.0,1.0,1.0
180,2023-10-11 03:00:00+00:00,1,0,0.0,0.0,0.0,1.0,1.0
180,2023-10-12 03:00:00+00:00,3,0,0.0,0.0,0.0,1.0,1.0
180,2023-10-12 06:00:00+00:00,1,0,0.0,0.0,0.0,1.0,1.0
180,2023-10-12 12:00:00+00:00,1,0,0.0,0.0,0.0,1.0,1.0
180,2023-10-13 06:00:00+00:00,2,0,0.0,0.0,0.0,0.9999999999999999,0.9999999999999999
180,2023-10-13 09:00:00+00:00,1,0,0.0,0.0,0.0,1.0,1.0
180,2023-10-16 09:00:00+00:00,3,0,0.0,0.0,0.0,1.0,1.0
180,2023-10-17 06:00:00+00:00,2,0,0.0,0.0,0.0,0.9999999999999999,0.9999999999999999
180,2023-10-18 03:00:00+00:00,4,0,0.0,0.0,0.0,1.0,1.0
180,2023-10-18 06:00:00+00:00,2,0,0.0,0.0,0.0,0.9999999999999999,0.9999999999999999
180,2023-10-18 18:00:00+00:00,1,0,0.0,0.0,0.0,1.0,1.0
180,2023-10-19 00:00:00+00:00,1,0,0.0,0.0,0.0,1.0,1.0
180,2023-10-19 03:00:00+00:00,3,0,0.0,0.0,0.0,1.0,1.0
180,2023-10-19 06:00:00+00:00,1,0,0.0,0.0,0.0,1.0,1.0
180,2023-10-19 09:00:00+00:00,2,0,0.0,0.0,0.0,0.9999999999999999,0.9999999999999999
180,2023-10-20 03:00:00+00:00,1,0,0.0,0.0,0.0,1.0,1.0
180,2023-10-20 15:00:00+00:00,2,2,1.0,1.0,1.0,0.0,-0.9999999999999999
180,2023-10-21 06:00:00+00:00,1,0,0.0,0.0,0.0,1.0,1.0
180,2023-10-22 12:00:00+00:00,2,0,0.0,0.0,0.0,0.9999999999999999,0.9999999999999999
180,2023-10-23 12:00:00+00:00,3,2,0.6666666666666666,0.6666666666666666,1.0,0.75,0.5
180,2023-10-24 00:00:00+00:00,1,0,0.0,0.0,0.0,1.0,1.0
180,2023-10-24 12:00:00+00:00,1,0,0.0,0.0,0.0,1.0,1.0
180,2023-10-25 09:00:00+00:00,1,0,0.0,0.0,0.0,1.0,1.0
180,2023-10-26 03:00:00+00:00,1,0,0.0,0.0,0.0,1.0,1.0
180,2023-10-26 06:00:00+00:00,1,0,0.0,0.0,0.0,1.0,1.0
180,2023-10-27 09:00:00+00:00,2,0,0.0,0.0,0.0,0.9999999999999999,0.9999999999999999
180,2023-10-27 15:00:00+00:00,1,0,0.0,0.0,0.0,1.0,1.0
180,2023-10-28 09:00:00+00:00,2,0,0.0,0.0,0.0,0.9999999999999999,0.9999999999999999
180,2023-10-29 12:00:00+00:00,1,0,0.0,0.0,0.0,1.0,1.0
180,2023-10-30 06:00:00+00:00,1,0,0.0,0.0,0.0,1.0,1.0
180,2023-10-31 06:00:00+00:00,1,0,0.0,0.0,0.0,1.0,1.0
180,2023-10-31 12:00:00+00:00,1,0,0.0,0.0,0.0,1.0,1.0
180,2023-11-01 09:00:00+00:00,1,0,0.0,0.0,0.0,1.0,1.0
180,2023-11-01 12:00:00+00:00,1,0,0.0,0.0,0.0,1.0,1.0
180,2023-11-02 03:00:00+00:00,1,0,0.0,0.0,0.0,1.0,1.0
180,2023-11-03 00:00:00+00:00,4,0,0.0,0.0,0.0,1.0,1.0
180,2023-11-03 09:00:00+00:00,1,0,0.0,0.0,0.0,1.0,1.0
180,2023-11-03 12:00:00+00:00,1,0,0.0,0.0,0.0,1.0,1.0
180,2023-11-04 09:00:00+00:00,1,0,0.0,0.0,0.0,1.0,1.0
180,2023-11-04 12:00:00+00:00,1,0,0.0,0.0,0.0,1.0,1.0
180,2023-11-08 18:00:00+00:00,1,0,0.0,0.0,0.0,1.0,1.0
180,2023-11-09 15:00:00+00:00,2,0,0.0,0.0,0.0,0.9999999999999999,0.9999999999999999
180,2023-11-11 03:00:00+00:00,2,0,0.0,0.0,0.0,0.9999999999999999,0.9999999999999999
180,2023-11-11 12:00:00+00:00,1,0,0.0,0.0,0.0,1.0,1.0
180,2023-11-12 12:00:00+00:00,5,0,0.0,0.0,0.0,0.9999999999999999,0.9999999999999999
180,2023-11-13 03:00:00+00:00,1,0,0.0,0.0,0.0,1.0,1.0
180,2023-11-14 03:00:00+00:00,1,0,0.0,0.0,0.0,1.0,1.0
180,2023-11-15 03:00:00+00:00,5,0,0.0,0.0,0.0,0.9999999999999999,0.9999999999999999
180,2023-11-15 09:00:00+00:00,2,0,0.0,0.0,0.0,0.9999999999999999,0.9999999999999999
180,2023-11-15 12:00:00+00:00,1,0,0.0,0.0,0.0,1.0,1.0
180,2023-11-16 00:00:00+00:00,1,0,0.0,0.0,0.0,1.0,1.0
180,2023-11-16 03:00:00+00:00,2,0,0.0,0.0,0.0,0.9999999999999999,0.9999999999999999
180,2023-11-17 00:00:00+00:00,3,0,0.0,0.0,0.0,1.0,1.0
180,2023-11-17 06:00:00+00:00,2,0,0.0,0.0,0.0,0.9999999999999999,0.9999999999999999
180,2023-11-18 00:00:00+00:00,1,0,0.0,0.0,0.0,1.0,1.0
180,2023-11-18 06:00:00+00:00,1,0,0.0,0.0,0.0,1.0,1.0
180,2023-11-19 00:00:00+00:00,1,0,0.0,0.0,0.0,1.0,1.0
180,2023-11-19 12:00:00+00:00,3,0,0.0,0.0,0.0,1.0,1.0
180,2023-11-19 15:00:00+00:00,1,0,0.0,0.0,0.0,1.0,1.0
180,2023-11-20 09:00:00+00:00,1,0,0.0,0.0,0.0,1.0,1.0
180,2023-11-20 18:00:00+00:00,1,0,0.0,0.0,0.0,1.0,1.0
180,2023-11-21 06:00:00+00:00,2,0,0.0,0.0,0.0,0.9999999999999999,0.9999999999999999
180,2023-11-21 09:00:00+00:00,1,0,0.0,0.0,0.0,1.0,1.0
180,2023-11-22 00:00:00+00:00,2,0,0.0,0.0,0.0,0.9999999999999999,0.9999999999999999
180,2023-11-23 06:00:00+00:00,1,0,0.0,0.0,0.0,1.0,1.0
180,2023-11-24 03:00:00+00:00,2,0,0.0,0.0,0.0,0.9999999999999999,0.9999999999999999
180,2023-11-24 09:00:00+00:00,2,0,0.0,0.0,0.0,0.9999999999999999,0.9999999999999999
180,2023-11-24 12:00:00+00:00,1,0,0.0,0.0,0.0,1.0,1.0
180,2023-11-24 15:00:00+00:00,1,0,0.0,0.0,0.0,1.0,1.0
180,2023-11-25 03:00:00+00:00,1,0,0.0,0.0,0.0,1.0,1.0
180,2023-11-25 12:00:00+00:00,1,0,0.0,0.0,0.0,1.0,1.0
180,2023-11-26 12:00:00+00:00,2,0,0.0,0.0,0.0,0.9999999999999999,0.9999999999999999
180,2023-11-26 15:00:00+00:00,2,0,0.0,0.0,0.0,0.9999999999999999,0.9999999999999999
180,2023-11-27 12:00:00+00:00,2,0,0.0,0.0,0.0,0.9999999999999999,0.9999999999999999
180,2023-11-28 09:00:00+00:00,1,0,0.0,0.0,0.0,1.0,1.0
180,2023-11-29 06:00:00+00:00,2,0,0.0,0.0,0.0,0.9999999999999999,0.9999999999999999
180,2023-11-29 09:00:00+00:00,1,0,0.0,0.0,0.0,1.0,1.0
180,2023-11-30 09:00:00+00:00,3,0,0.0,0.0,0.0,1.0,1.0
180,2023-12-09 03:00:00+00:00,2,0,0.0,0.0,0.0,0.9999999999999999,0.9999999999999999
180,2023-12-09 06:00:00+00:00,1,0,0.0,0.0,0.0,1.0,1.0
180,2023-12-09 09:00:00+00:00,1,0,0.0,0.0,0.0,1.0,1.0
180,2023-12-11 06:00:00+00:00,1,0,0.0,0.0,0.0,1.0,1.0
180,2023-12-11 12:00:00+00:00,2,0,0.0,0.0,0.0,0.9999999999999999,0.9999999999999999
180,2023-12-13 03:00:00+00:00,2,0,0.0,0.0,0.0,0.9999999999999999,0.9999999999999999
180,2023-12-13 12:00:00+00:00,1,0,0.0,0.0,0.0,1.0,1.0
180,2023-12-14 03:00:00+00:00,1,0,0.0,0.0,0.0,1.0,1.0
180,2023-12-15 00:00:00+00:00,1,0,0.0,0.0,0.0,1.0,1.0
180,2023-12-15 06:00:00+00:00,1,0,0.0,0.0,0.0,1.0,1.0
180,2023-12-15 12:00:00+00:00,1,0,0.0,0.0,0.0,1.0,1.0
180,2023-12-17 12:00:00+00:00,1,0,0.0,0.0,0.0,1.0,1.0
180,2023-12-18 09:00:00+00:00,2,0,0.0,0.0,0.0,0.9999999999999999,0.9999999999999999
180,2023-12-19 00:00:00+00:00,2,0,0.0,0.0,0.0,0.9999999999999999,0.9999999999999999
180,2023-12-19 06:00:00+00:00,1,0,0.0,0.0,0.0,1.0,1.0
180,2023-12-19 09:00:00+00:00,1,0,0.0,0.0,0.0,1.0,1.0
180,2023-12-20 09:00:00+00:00,1,0,0.0,0.0,0.0,1.0,1.0
180,2023-12-20 12:00:00+00:00,1,0,0.0,0.0,0.0,1.0,1.0
180,2023-12-22 00:00:00+00:00,1,0,0.0,0.0,0.0,1.0,1.0
180,2023-12-22 03:00:00+00:00,1,0,0.0,0.0,0.0,1.0,1.0
180,2023-12-22 12:00:00+00:00,1,0,0.0,0.0,0.0,1.0,1.0
180,2023-12-25 12:00:00+00:00,2,0,0.0,0.0,0.0,0.9999999999999999,0.9999999999999999
180,2023-12-25 15:00:00+00:00,1,0,0.0,0.0,0.0,1.0,1.0
180,2023-12-26 00:00:00+00:00,1,0,0.0,0.0,0.0,1.0,1.0
180,2023-12-26 03:00:00+00:00,1,0,0.0,0.0,0.0,1.0,1.0
180,2023-12-27 15:00:00+00:00,2,0,0.0,0.0,0.0,0.9999999999999999,0.9999999999999999
180,2023-12-28 00:00:00+00:00,1,0,0.0,0.0,0.0,1.0,1.0
180,2023-12-28 03:00:00+00:00,2,0,0.0,0.0,0.0,0.9999999999999999,0.9999999999999999
180,2023-12-28 09:00:00+00:00,1,0,0.0,0.0,0.0,1.0,1.0
180,2023-12-30 00:00:00+00:00,1,0,0.0,0.0,0.0,1.0,1.0
180,2024-01-02 03:00:00+00:00,1,0,0.0,0.0,0.0,1.0,1.0
180,2024-01-03 00:00:00+00:00,1,0,0.0,0.0,0.0,1.0,1.0
180,2024-01-03 09:00:00+00:00,1,0,0.0,0.0,0.0,1.0,1.0
180,2024-01-04 06:00:00+00:00,1,0,0.0,0.0,0.0,1.0,1.0
180,2024-01-05 06:00:00+00:00,2,0,0.0,0.0,0.0,0.9999999999999999,0.9999999999999999
180,2024-01-09 21:00:00+00:00,1,0,0.0,0.0,0.0,1.0,1.0
180,2024-01-10 03:00:00+00:00,2,0,0.0,0.0,0.0,0.9999999999999999,0.9999999999999999
180,2024-01-10 06:00:00+00:00,1,0,0.0,0.0,0.0,1.0,1.0
180,2024-01-11 00:00:00+00:00,3,0,0.0,0.0,0.0,1.0,1.0
180,2024-01-12 03:00:00+00:00,1,0,0.0,0.0,0.0,1.0,1.0
180,2024-01-12 09:00:00+00:00,1,0,0.0,0.0,0.0,1.0,1.0
180,2024-01-13 09:00:00+00:00,1,0,0.0,0.0,0.0,1.0,1.0
180,2024-01-14 12:00:00+00:00,1,0,0.0,0.0,0.0,1.0,1.0
180,2024-01-15 06:00:00+00:00,1,0,0.0,0.0,0.0,1.0,1.0
180,2024-01-16 03:00:00+00:00,1,0,0.0,0.0,0.0,1.0,1.0
180,2024-01-17 03:00:00+00:00,1,0,0.0,0.0,0.0,1.0,1.0
180,2024-01-17 12:00:00+00:00,1,0,0.0,0.0,0.0,1.0,1.0
180,2024-01-18 09:00:00+00:00,1,0,0.0,0.0,0.0,1.0,1.0
180,2024-01-19 03:00:00+00:00,1,0,0.0,0.0,0.0,1.0,1.0
180,2024-01-19 06:00:00+00:00,1,0,0.0,0.0,0.0,1.0,1.0
180,2024-01-21 12:00:00+00:00,1,0,0.0,0.0,0.0,1.0,1.0
180,2024-01-21 15:00:00+00:00,1,0,0.0,0.0,0.0,1.0,1.0
180,2024-01-22 00:00:00+00:00,1,0,0.0,0.0,0.0,1.0,1.0
180,2024-01-22 03:00:00+00:00,2,0,0.0,0.0,0.0,0.9999999999999999,0.9999999999999999
180,2024-01-22 09:00:00+00:00,1,0,0.0,0.0,0.0,1.0,1.0
180,2024-01-24 03:00:00+00:00,2,0,0.0,0.0,0.0,0.9999999999999999,0.9999999999999999
180,2024-01-25 03:00:00+00:00,1,0,0.0,0.0,0.0,1.0,1.0
180,2024-01-25 09:00:00+00:00,1,0,0.0,0.0,0.0,1.0,1.0
180,2024-01-26 03:00:00+00:00,2,0,0.0,0.0,0.0,0.9999999999999999,0.9999999999999999
180,2024-01-26 09:00:00+00:00,1,0,0.0,0.0,0.0,1.0,1.0
180,2024-01-27 03:00:00+00:00,1,0,0.0,0.0,0.0,1.0,1.0
180,2024-01-27 09:00:00+00:00,1,0,0.0,0.0,0.0,1.0,1.0
180,2024-01-28 12:00:00+00:00,3,0,0.0,0.0,0.0,1.0,1.0
180,2024-01-28 15:00:00+00:00,1,0,0.0,0.0,0.0,1.0,1.0
180,2024-01-28 18:00:00+00:00,1,0,0.0,0.0,0.0,1.0,1.0
180,2024-01-29 00:00:00+00:00,1,0,0.0,0.0,0.0,1.0,1.0
180,2024-01-29 03:00:00+00:00,5,0,0.0,0.0,0.0,0.9999999999999999,0.9999999999999999
180,2024-01-29 06:00:00+00:00,1,0,0.0,0.0,0.0,1.0,1.0
180,2024-01-30 03:00:00+00:00,2,0,0.0,0.0,0.0,0.9999999999999999,0.9999999999999999
180,2024-01-30 06:00:00+00:00,2,0,0.0,0.0,0.0,0.9999999999999999,0.9999999999999999
180,2024-01-30 12:00:00+00:00,1,0,0.0,0.0,0.0,1.0,1.0
180,2024-01-31 03:00:00+00:00,7,0,0.0,0.0,0.0,1.0,1.0
180,2024-01-31 09:00:00+00:00,1,0,0.0,0.0,0.0,1.0,1.0
180,2024-01-31 12:00:00+00:00,2,0,0.0,0.0,0.0,0.9999999999999999,0.9999999999999999
180,2024-02-01 03:00:00+00:00,11,0,0.0,0.0,0.0,1.0,1.0
180,2024-02-01 06:00:00+00:00,2,0,0.0,0.0,0.0,0.9999999999999999,0.9999999999999999
180,2024-02-01 12:00:00+00:00,3,0,0.0,0.0,0.0,1.0,1.0
180,2024-02-02 00:00:00+00:00,7,0,0.0,0.0,0.0,1.0,1.0
180,2024-02-02 03:00:00+00:00,6,0,0.0,0.0,0.0,1.0,1.0
180,2024-02-02 06:00:00+00:00,2,0,0.0,0.0,0.0,0.9999999999999999,0.9999999999999999
180,2024-02-02 09:00:00+00:00,2,0,0.0,0.0,0.0,0.9999999999999999,0.9999999999999999
180,2024-02-03 03:00:00+00:00,1,0,0.0,0.0,0.0,1.0,1.0
180,2024-02-03 06:00:00+00:00,1,0,0.0,0.0,0.0,1.0,1.0
180,2024-02-04 00:00:00+00:00,2,0,0.0,0.0,0.0,0.9999999999999999,0.9999999999999999
180,2024-02-04 06:00:00+00:00,6,0,0.0,0.0,0.0,1.0,1.0
180,2024-02-05 00:00:00+00:00,3,0,0.0,0.0,0.0,1.0,1.0
180,2024-02-05 03:00:00+00:00,7,0,0.0,0.0,0.0,1.0,1.0
180,2024-02-05 06:00:00+00:00,4,0,0.0,0.0,0.0,1.0,1.0
180,2024-02-05 09:00:00+00:00,1,0,0.0,0.0,0.0,1.0,1.0
180,2024-02-05 15:00:00+00:00,2,2,1.0,1.0,1.0,0.0,-0.9999999999999999
180,2024-02-06 00:00:00+00:00,1,0,0.0,0.0,0.0,1.0,1.0
180,2024-02-06 03:00:00+00:00,8,0,0.0,0.0,0.0,1.0,1.0
180,2024-02-06 06:00:00+00:00,3,0,0.0,0.0,0.0,1.0,1.0
180,2024-02-06 09:00:00+00:00,3,0,0.0,0.0,0.0,1.0,1.0
180,2024-02-15 03:00:00+00:00,4,0,0.0,0.0,0.0,1.0,1.0
180,2024-02-16 00:00:00+00:00,1,0,0.0,0.0,0.0,1.0,1.0
180,2024-02-16 03:00:00+00:00,2,0,0.0,0.0,0.0,0.9999999999999999,0.9999999999999999
180,2024-02-17 03:00:00+00:00,4,0,0.0,0.0,0.0,1.0,1.0
180,2024-02-17 06:00:00+00:00,1,0,0.0,0.0,0.0,1.0,1.0
180,2024-02-17 09:00:00+00:00,1,0,0.0,0.0,0.0,1.0,1.0
180,2024-02-18 06:00:00+00:00,2,0,0.0,0.0,0.0,0.9999999999999999,0.9999999999999999
180,2024-02-19 00:00:00+00:00,3,0,0.0,0.0,0.0,1.0,1.0
180,2024-02-19 03:00:00+00:00,3,3,1.0,1.3333333333333333,2.0,0.25,-0.5
180,2024-02-19 06:00:00+00:00,2,0,0.0,0.0,0.0,0.9999999999999999,0.9999999999999999
180,2024-02-19 09:00:00+00:00,1,0,0.0,0.0,0.0,1.0,1.0
180,2024-02-19 12:00:00+00:00,1,0,0.0,0.0,0.0,1.0,1.0
180,2024-02-20 00:00:00+00:00,3,0,0.0,0.0,0.0,1.0,1.0
180,2024-02-20 03:00:00+00:00,6,2,0.3333333333333333,0.3333333333333333,1.0,0.9714285714285715,0.942857142857143
180,2024-02-20 06:00:00+00:00,1,0,0.0,0.0,0.0,1.0,1.0
180,2024-02-21 00:00:00+00:00,1,0,0.0,0.0,0.0,1.0,1.0
180,2024-02-21 03:00:00+00:00,5,0,0.0,0.0,0.0,0.9999999999999999,0.9999999999999999
180,2024-02-21 06:00:00+00:00,3,0,0.0,0.0,0.0,1.0,1.0
180,2024-02-21 09:00:00+00:00,3,0,0.0,0.0,0.0,1.0,1.0
180,2024-02-22 00:00:00+00:00,1,0,0.0,0.0,0.0,1.0,1.0
180,2024-02-22 03:00:00+00:00,5,0,0.0,0.0,0.0,0.9999999999999999,0.9999999999999999
180,2024-02-22 06:00:00+00:00,2,0,0.0,0.0,0.0,0.9999999999999999,0.9999999999999999
180,2024-02-22 12:00:00+00:00,3,0,0.0,0.0,0.0,1.0,1.0
180,2024-02-23 03:00:00+00:00,3,0,0.0,0.0,0.0,1.0,1.0
180,2024-02-23 09:00:00+00:00,2,0,0.0,0.0,0.0,0.9999999999999999,0.9999999999999999
180,2024-02-23 15:00:00+00:00,4,0,0.0,0.0,0.0,1.0,1.0
180,2024-02-24 03:00:00+00:00,3,0,0.0,0.0,0.0,1.0,1.0
180,2024-02-25 12:00:00+00:00,2,0,0.0,0.0,0.0,0.9999999999999999,0.9999999999999999
180,2024-02-25 15:00:00+00:00,1,0,0.0,0.0,0.0,1.0,1.0
180,2024-02-26 03:00:00+00:00,1,0,0.0,0.0,0.0,1.0,1.0
180,2024-02-26 09:00:00+00:00,1,0,0.0,0.0,0.0,1.0,1.0
180,2024-02-26 15:00:00+00:00,2,0,0.0,0.0,0.0,0.9999999999999999,0.9999999999999999
180,2024-02-27 00:00:00+00:00,3,0,0.0,0.0,0.0,1.0,1.0
180,2024-02-27 03:00:00+00:00,5,0,0.0,0.0,0.0,0.9999999999999999,0.9999999999999999
180,2024-02-28 00:00:00+00:00,2,0,0.0,0.0,0.0,0.9999999999999999,0.9999999999999999
180,2024-02-28 03:00:00+00:00,4,0,0.0,0.0,0.0,1.0,1.0
180,2024-02-28 06:00:00+00:00,1,0,0.0,0.0,0.0,1.0,1.0
180,2024-02-28 09:00:00+00:00,1,0,0.0,0.0,0.0,1.0,1.0
180,2024-02-29 00:00:00+00:00,3,0,0.0,0.0,0.0,1.0,1.0
180,2024-02-29 06:00:00+00:00,2,0,0.0,0.0,0.0,0.9999999999999999,0.9999999999999999
180,2024-02-29 09:00:00+00:00,2,0,0.0,0.0,0.0,0.9999999999999999,0.9999999999999999
180,2024-03-01 03:00:00+00:00,4,0,0.0,0.0,0.0,1.0,1.0
180,2024-03-01 09:00:00+00:00,2,0,0.0,0.0,0.0,0.9999999999999999,0.9999999999999999
180,2024-03-02 03:00:00+00:00,2,0,0.0,0.0,0.0,0.9999999999999999,0.9999999999999999
180,2024-03-02 06:00:00+00:00,2,0,0.0,0.0,0.0,0.9999999999999999,0.9999999999999999
180,2024-03-02 09:00:00+00:00,2,0,0.0,0.0,0.0,0.9999999999999999,0.9999999999999999
180,2024-03-03 15:00:00+00:00,1,0,0.0,0.0,0.0,1.0,1.0
180,2024-03-04 06:00:00+00:00,3,0,0.0,0.0,0.0,1.0,1.0
180,2024-03-04 12:00:00+00:00,1,0,0.0,0.0,0.0,1.0,1.0
180,2024-03-05 03:00:00+00:00,4,0,0.0,0.0,0.0,1.0,1.0
180,2024-03-05 12:00:00+00:00,2,0,0.0,0.0,0.0,0.9999999999999999,0.9999999999999999
180,2024-03-06 00:00:00+00:00,1,0,0.0,0.0,0.0,1.0,1.0
180,2024-03-06 03:00:00+00:00,4,0,0.0,0.0,0.0,1.0,1.0
180,2024-03-07 03:00:00+00:00,3,0,0.0,0.0,0.0,1.0,1.0
180,2024-03-07 06:00:00+00:00,1,0,0.0,0.0,0.0,1.0,1.0
180,2024-03-07 09:00:00+00:00,1,0,0.0,0.0,0.0,1.0,1.0
180,2024-03-07 15:00:00+00:00,1,0,0.0,0.0,0.0,1.0,1.0
180,2024-03-08 03:00:00+00:00,11,8,0.7272727272727273,1.7272727272727273,5.0,0.9015151515151515,0.7545454545454545
180,2024-03-08 09:00:00+00:00,1,0,0.0,0.0,0.0,1.0,1.0
180,2024-03-09 03:00:00+00:00,5,4,0.8,1.2,3.0,0.6999999999999998,0.39999999999999997
180,2024-03-09 06:00:00+00:00,1,0,0.0,0.0,0.0,1.0,1.0
180,2024-03-10 15:00:00+00:00,1,0,0.0,0.0,0.0,1.0,1.0
180,2024-03-11 00:00:00+00:00,1,0,0.0,0.0,0.0,1.0,1.0
180,2024-03-11 03:00:00+00:00,2,0,0.0,0.0,0.0,0.9999999999999999,0.9999999999999999
180,2024-03-11 09:00:00+00:00,1,0,0.0,0.0,0.0,1.0,1.0
180,2024-03-12 03:00:00+00:00,5,0,0.0,0.0,0.0,0.9999999999999999,0.9999999999999999
180,2024-03-12 06:00:00+00:00,4,3,0.75,1.0,2.0,0.7000000000000001,0.39999999999999997
180,2024-03-13 03:00:00+00:00,3,0,0.0,0.0,0.0,1.0,1.0
180,2024-03-13 15:00:00+00:00,1,0,0.0,0.0,0.0,1.0,1.0
180,2024-03-14 03:00:00+00:00,5,0,0.0,0.0,0.0,0.9999999999999999,0.9999999999999999
180,2024-03-14 06:00:00+00:00,4,0,0.0,0.0,0.0,1.0,1.0
180,2024-03-14 09:00:00+00:00,3,0,0.0,0.0,0.0,1.0,1.0
180,2024-03-14 12:00:00+00:00,1,0,0.0,0.0,0.0,1.0,1.0
180,2024-03-15 03:00:00+00:00,4,0,0.0,0.0,0.0,1.0,1.0
180,2024-03-15 06:00:00+00:00,1,0,0.0,0.0,0.0,1.0,1.0
180,2024-03-15 15:00:00+00:00,1,0,0.0,0.0,0.0,1.0,1.0
180,2024-03-16 03:00:00+00:00,3,0,0.0,0.0,0.0,1.0,1.0
180,2024-03-16 06:00:00+00:00,5,2,0.4,0.4,1.0,0.9499999999999998,0.8999999999999998
180,2024-03-17 03:00:00+00:00,1,0,0.0,0.0,0.0,1.0,1.0
180,2024-03-17 15:00:00+00:00,1,0,0.0,0.0,0.0,1.0,1.0
180,2024-03-18 03:00:00+00:00,6,0,0.0,0.0,0.0,1.0,1.0
180,2024-03-18 06:00:00+00:00,1,0,0.0,0.0,0.0,1.0,1.0
180,2024-03-19 00:00:00+00:00,1,0,0.0,0.0,0.0,1.0,1.0
180,2024-03-19 03:00:00+00:00,2,0,0.0,0.0,0.0,0.9999999999999999,0.9999999999999999
180,2024-03-19 09:00:00+00:00,2,0,0.0,0.0,0.0,0.9999999999999999,0.9999999999999999
180,2024-03-20 03:00:00+00:00,4,0,0.0,0.0,0.0,1.0,1.0
180,2024-03-20 06:00:00+00:00,4,0,0.0,0.0,0.0,1.0,1.0
180,2024-03-20 15:00:00+00:00,1,0,0.0,0.0,0.0,1.0,1.0
180,2024-03-21 03:00:00+00:00,3,0,0.0,0.0,0.0,1.0,1.0
180,2024-03-21 06:00:00+00:00,1,0,0.0,0.0,0.0,1.0,1.0
180,2024-03-22 00:00:00+00:00,1,0,0.0,0.0,0.0,1.0,1.0
180,2024-03-22 03:00:00+00:00,5,0,0.0,0.0,0.0,0.9999999999999999,0.9999999999999999
180,2024-03-22 06:00:00+00:00,1,0,0.0,0.0,0.0,1.0,1.0
180,2024-03-22 09:00:00+00:00,3,0,0.0,0.0,0.0,1.0,1.0
180,2024-03-22 15:00:00+00:00,1,0,0.0,0.0,0.0,1.0,1.0
180,2024-03-23 03:00:00+00:00,4,0,0.0,0.0,0.0,1.0,1.0
180,2024-03-23 06:00:00+00:00,3,0,0.0,0.0,0.0,1.0,1.0
180,2024-03-25 03:00:00+00:00,7,0,0.0,0.0,0.0,1.0,1.0
180,2024-03-25 06:00:00+00:00,2,0,0.0,0.0,0.0,0.9999999999999999,0.9999999999999999
180,2024-03-25 09:00:00+00:00,1,0,0.0,0.0,0.0,1.0,1.0
180,2024-03-26 03:00:00+00:00,5,4,0.8,1.2,3.0,0.7666666666666666,0.39999999999999997
180,2024-03-26 06:00:00+00:00,1,0,0.0,0.0,0.0,1.0,1.0
180,2024-03-26 09:00:00+00:00,1,0,0.0,0.0,0.0,1.0,1.0
180,2024-03-26 12:00:00+00:00,1,0,0.0,0.0,0.0,1.0,1.0
180,2024-03-27 00:00:00+00:00,2,2,1.0,1.0,1.0,0.0,-0.9999999999999999
180,2024-03-27 03:00:00+00:00,6,0,0.0,0.0,0.0,1.0,1.0
180,2024-03-27 06:00:00+00:00,1,0,0.0,0.0,0.0,1.0,1.0
180,2024-03-28 00:00:00+00:00,2,0,0.0,0.0,0.0,0.9999999999999999,0.9999999999999999
180,2024-03-28 03:00:00+00:00,6,3,0.5,0.6666666666666666,2.0,0.9142857142857143,0.8285714285714287
180,2024-03-28 06:00:00+00:00,1,0,0.0,0.0,0.0,1.0,1.0
180,2024-03-28 09:00:00+00:00,1,0,0.0,0.0,0.0,1.0,1.0
180,2024-03-29 03:00:00+00:00,3,0,0.0,0.0,0.0,1.0,1.0
180,2024-03-29 21:00:00+00:00,1,0,0.0,0.0,0.0,1.0,1.0
180,2024-03-30 00:00:00+00:00,1,0,0.0,0.0,0.0,1.0,1.0
180,2024-03-30 03:00:00+00:00,2,0,0.0,0.0,0.0,0.9999999999999999,0.9999999999999999
180,2024-03-30 06:00:00+00:00,2,0,0.0,0.0,0.0,0.9999999999999999,0.9999999999999999
180,2024-04-01 00:00:00+00:00,1,0,0.0,0.0,0.0,1.0,1.0
180,2024-04-01 03:00:00+00:00,4,3,0.75,1.0,2.0,0.7000000000000001,0.39999999999999997
180,2024-04-01 06:00:00+00:00,3,0,0.0,0.0,0.0,1.0,1.0
180,2024-04-02 03:00:00+00:00,3,0,0.0,0.0,0.0,1.0,1.0
180,2024-04-03 03:00:00+00:00,2,0,0.0,0.0,0.0,0.9999999999999999,0.9999999999999999
180,2024-04-03 09:00:00+00:00,2,0,0.0,0.0,0.0,0.9999999999999999,0.9999999999999999
180,2024-04-04 00:00:00+00:00,7,0,0.0,0.0,0.0,1.0,1.0
180,2024-04-04 03:00:00+00:00,4,2,0.5,0.5,1.0,0.8999999999999999,0.7999999999999999
180,2024-04-05 03:00:00+00:00,7,2,0.2857142857142857,0.2857142857142857,1.0,0.9821428571428572,0.9642857142857145
180,2024-04-05 06:00:00+00:00,4,0,0.0,0.0,0.0,1.0,1.0
180,2024-04-05 09:00:00+00:00,1,0,0.0,0.0,0.0,1.0,1.0
180,2024-04-06 03:00:00+00:00,3,2,0.6666666666666666,0.6666666666666666,1.0,0.75,0.5
180,2024-04-06 06:00:00+00:00,1,0,0.0,0.0,0.0,1.0,1.0
180,2024-04-06 09:00:00+00:00,2,0,0.0,0.0,0.0,0.9999999999999999,0.9999999999999999
180,2024-04-07 00:00:00+00:00,1,0,0.0,0.0,0.0,1.0,1.0
180,2024-04-07 12:00:00+00:00,1,0,0.0,0.0,0.0,1.0,1.0
180,2024-04-08 03:00:00+00:00,5,4,0.8,1.6,2.0,0.6166666666666666,0.19999999999999998
180,2024-04-08 06:00:00+00:00,1,0,0.0,0.0,0.0,1.0,1.0
180,2024-04-09 00:00:00+00:00,1,0,0.0,0.0,0.0,1.0,1.0
180,2024-04-09 03:00:00+00:00,2,0,0.0,0.0,0.0,0.9999999999999999,0.9999999999999999
180,2024-04-09 06:00:00+00:00,1,0,0.0,0.0,0.0,1.0,1.0
180,2024-04-10 00:00:00+00:00,1,0,0.0,0.0,0.0,1.0,1.0
180,2024-04-10 03:00:00+00:00,6,0,0.0,0.0,0.0,1.0,1.0
180,2024-04-10 06:00:00+00:00,3,0,0.0,0.0,0.0,1.0,1.0
180,2024-04-11 03:00:00+00:00,2,0,0.0,0.0,0.0,0.9999999999999999,0.9999999999999999
180,2024-04-12 00:00:00+00:00,1,0,0.0,0.0,0.0,1.0,1.0
180,2024-04-12 03:00:00+00:00,7,0,0.0,0.0,0.0,1.0,1.0
180,2024-04-12 06:00:00+00:00,1,0,0.0,0.0,0.0,1.0,1.0
180,2024-04-12 12:00:00+00:00,1,0,0.0,0.0,0.0,1.0,1.0
180,2024-04-12 21:00:00+00:00,2,0,0.0,0.0,0.0,0.9999999999999999,0.9999999999999999
180,2024-04-13 06:00:00+00:00,1,0,0.0,0.0,0.0,1.0,1.0
180,2024-04-15 03:00:00+00:00,4,0,0.0,0.0,0.0,1.0,1.0
180,2024-04-15 06:00:00+00:00,1,0,0.0,0.0,0.0,1.0,1.0
180,2024-04-16 00:00:00+00:00,2,0,0.0,0.0,0.0,0.9999999999999999,0.9999999999999999
180,2024-04-16 03:00:00+00:00,1,0,0.0,0.0,0.0,1.0,1.0
180,2024-04-16 06:00:00+00:00,1,0,0.0,0.0,0.0,1.0,1.0
180,2024-04-16 12:00:00+00:00,2,0,0.0,0.0,0.0,0.9999999999999999,0.9999999999999999
180,2024-04-17 00:00:00+00:00,1,0,0.0,0.0,0.0,1.0,1.0
180,2024-04-17 03:00:00+00:00,3,2,0.6666666666666666,0.6666666666666666,1.0,0.75,0.5
180,2024-04-17 06:00:00+00:00,2,0,0.0,0.0,0.0,0.9999999999999999,0.9999999999999999
180,2024-04-18 03:00:00+00:00,2,0,0.0,0.0,0.0,0.9999999999999999,0.9999999999999999
180,2024-04-19 03:00:00+00:00,9,6,0.6666666666666666,2.0,3.0,0.7749999999999999,0.5499999999999999
180,2024-04-19 06:00:00+00:00,5,0,0.0,0.0,0.0,0.9999999999999999,0.9999999999999999
180,2024-04-20 03:00:00+00:00,3,0,0.0,0.0,0.0,1.0,1.0
180,2024-04-20 06:00:00+00:00,1,0,0.0,0.0,0.0,1.0,1.0
180,2024-04-20 09:00:00+00:00,1,0,0.0,0.0,0.0,1.0,1.0
180,2024-04-21 03:00:00+00:00,1,0,0.0,0.0,0.0,1.0,1.0
180,2024-04-21 06:00:00+00:00,1,0,0.0,0.0,0.0,1.0,1.0
180,2024-04-21 18:00:00+00:00,1,0,0.0,0.0,0.0,1.0,1.0
180,2024-04-22 03:00:00+00:00,13,6,0.46153846153846156,1.0769230769230769,3.0,0.9597069597069597,0.901098901098901
180,2024-04-23 03:00:00+00:00,12,0,0.0,0.0,0.0,1.0,1.0
180,2024-04-23 06:00:00+00:00,1,0,0.0,0.0,0.0,1.0,1.0
180,2024-04-23 15:00:00+00:00,1,0,0.0,0.0,0.0,1.0,1.0
180,2024-04-24 00:00:00+00:00,1,0,0.0,0.0,0.0,1.0,1.0
180,2024-04-24 03:00:00+00:00,2,0,0.0,0.0,0.0,0.9999999999999999,0.9999999999999999
180,2024-04-24 06:00:00+00:00,1,0,0.0,0.0,0.0,1.0,1.0
180,2024-04-24 09:00:00+00:00,2,0,0.0,0.0,0.0,0.9999999999999999,0.9999999999999999
180,2024-04-25 00:00:00+00:00,1,0,0.0,0.0,0.0,1.0,1.0
180,2024-04-25 03:00:00+00:00,4,2,0.5,0.5,1.0,0.8999999999999999,0.7999999999999999
180,2024-04-25 06:00:00+00:00,2,0,0.0,0.0,0.0,0.9999999999999999,0.9999999999999999
180,2024-04-26 03:00:00+00:00,8,3,0.375,0.5,2.0,0.9642857142857144,0.9285714285714287
180,2024-04-26 06:00:00+00:00,1,0,0.0,0.0,0.0,1.0,1.0
180,2024-04-26 09:00:00+00:00,1,0,0.0,0.0,0.0,1.0,1.0
180,2024-04-26 12:00:00+00:00,1,0,0.0,0.0,0.0,1.0,1.0
180,2024-04-26 15:00:00+00:00,2,0,0.0,0.0,0.0,0.9999999999999999,0.9999999999999999
180,2024-04-27 03:00:00+00:00,2,0,0.0,0.0,0.0,0.9999999999999999,0.9999999999999999
180,2024-04-28 12:00:00+00:00,1,0,0.0,0.0,0.0,1.0,1.0
180,2024-04-29 03:00:00+00:00,5,0,0.0,0.0,0.0,0.9999999999999999,0.9999999999999999
180,2024-04-30 03:00:00+00:00,2,0,0.0,0.0,0.0,0.9999999999999999,0.9999999999999999
180,2024-04-30 06:00:00+00:00,3,0,0.0,0.0,0.0,1.0,1.0
180,2024-05-01 12:00:00+00:00,1,0,0.0,0.0,0.0,1.0,1.0
180,2024-05-02 03:00:00+00:00,1,0,0.0,0.0,0.0,1.0,1.0
180,2024-05-02 06:00:00+00:00,2,0,0.0,0.0,0.0,0.9999999999999999,0.9999999999999999
180,2024-05-03 03:00:00+00:00,3,0,0.0,0.0,0.0,1.0,1.0
180,2024-05-04 03:00:00+00:00,10,0,0.0,0.0,0.0,0.9999999999999999,0.9999999999999999
180,2024-05-04 06:00:00+00:00,1,0,0.0,0.0,0.0,1.0,1.0
180,2024-05-05 03:00:00+00:00,1,0,0.0,0.0,0.0,1.0,1.0
180,2024-05-05 12:00:00+00:00,1,0,0.0,0.0,0.0,1.0,1.0
180,2024-05-05 15:00:00+00:00,1,0,0.0,0.0,0.0,1.0,1.0
180,2024-05-06 03:00:00+00:00,3,0,0.0,0.0,0.0,1.0,1.0
180,2024-05-06 06:00:00+00:00,1,0,0.0,0.0,0.0,1.0,1.0
180,2024-05-06 15:00:00+00:00,1,0,0.0,0.0,0.0,1.0,1.0
180,2024-05-07 00:00:00+00:00,1,0,0.0,0.0,0.0,1.0,1.0
180,2024-05-07 03:00:00+00:00,2,2,1.0,1.0,1.0,0.0,-0.9999999999999999
180,2024-05-07 06:00:00+00:00,2,2,1.0,1.0,1.0,0.0,-0.9999999999999999
180,2024-05-07 15:00:00+00:00,1,0,0.0,0.0,0.0,1.0,1.0
180,2024-05-09 00:00:00+00:00,4,0,0.0,0.0,0.0,1.0,1.0
180,2024-05-09 06:00:00+00:00,2,2,1.0,1.0,1.0,0.0,-0.9999999999999999
180,2024-05-10 00:00:00+00:00,3,0,0.0,0.0,0.0,1.0,1.0
180,2024-05-10 03:00:00+00:00,1,0,0.0,0.0,0.0,1.0,1.0
180,2024-05-10 06:00:00+00:00,2,0,0.0,0.0,0.0,0.9999999999999999,0.9999999999999999
180,2024-05-10 09:00:00+00:00,2,0,0.0,0.0,0.0,0.9999999999999999,0.9999999999999999
180,2024-05-11 00:00:00+00:00,1,0,0.0,0.0,0.0,1.0,1.0
180,2024-05-11 03:00:00+00:00,6,0,0.0,0.0,0.0,1.0,1.0
180,2024-05-12 03:00:00+00:00,1,0,0.0,0.0,0.0,1.0,1.0
180,2024-05-13 03:00:00+00:00,3,0,0.0,0.0,0.0,1.0,1.0
180,2024-05-13 06:00:00+00:00,1,0,0.0,0.0,0.0,1.0,1.0
180,2024-05-13 09:00:00+00:00,2,0,0.0,0.0,0.0,0.9999999999999999,0.9999999999999999
180,2024-05-14 00:00:00+00:00,2,0,0.0,0.0,0.0,0.9999999999999999,0.9999999999999999
180,2024-05-14 03:00:00+00:00,5,0,0.0,0.0,0.0,0.9999999999999999,0.9999999999999999
180,2024-05-14 06:00:00+00:00,1,0,0.0,0.0,0.0,1.0,1.0
180,2024-05-14 18:00:00+00:00,1,0,0.0,0.0,0.0,1.0,1.0
180,2024-05-15 03:00:00+00:00,2,0,0.0,0.0,0.0,0.9999999999999999,0.9999999999999999
180,2024-05-15 06:00:00+00:00,2,0,0.0,0.0,0.0,0.9999999999999999,0.9999999999999999
180,2024-05-16 00:00:00+00:00,2,0,0.0,0.0,0.0,0.9999999999999999,0.9999999999999999
180,2024-05-16 03:00:00+00:00,8,2,0.25,0.25,1.0,0.9880952380952381,0.9761904761904763
180,2024-05-16 06:00:00+00:00,3,0,0.0,0.0,0.0,1.0,1.0
180,2024-05-17 06:00:00+00:00,4,0,0.0,0.0,0.0,1.0,1.0
180,2024-05-18 03:00:00+00:00,2,0,0.0,0.0,0.0,0.9999999999999999,0.9999999999999999
180,2024-05-18 09:00:00+00:00,4,0,0.0,0.0,0.0,1.0,1.0
180,2024-05-19 15:00:00+00:00,1,0,0.0,0.0,0.0,1.0,1.0
180,2024-05-20 03:00:00+00:00,5,0,0.0,0.0,0.0,0.9999999999999999,0.9999999999999999
180,2024-05-20 06:00:00+00:00,5,0,0.0,0.0,0.0,0.9999999999999999,0.9999999999999999
180,2024-05-20 09:00:00+00:00,1,0,0.0,0.0,0.0,1.0,1.0
180,2024-05-21 03:00:00+00:00,5,0,0.0,0.0,0.0,0.9999999999999999,0.9999999999999999
180,2024-05-21 06:00:00+00:00,3,0,0.0,0.0,0.0,1.0,1.0
180,2024-05-21 09:00:00+00:00,1,0,0.0,0.0,0.0,1.0,1.0
180,2024-05-22 03:00:00+00:00,2,0,0.0,0.0,0.0,0.9999999999999999,0.9999999999999999
180,2024-05-23 06:00:00+00:00,1,0,0.0,0.0,0.0,1.0,1.0
180,2024-05-23 09:00:00+00:00,1,0,0.0,0.0,0.0,1.0,1.0
180,2024-05-24 00:00:00+00:00,1,0,0.0,0.0,0.0,1.0,1.0
180,2024-05-24 03:00:00+00:00,7,0,0.0,0.0,0.0,1.0,1.0
180,2024-05-24 06:00:00+00:00,2,0,0.0,0.0,0.0,0.9999999999999999,0.9999999999999999
180,2024-05-25 03:00:00+00:00,1,0,0.0,0.0,0.0,1.0,1.0
180,2024-05-25 09:00:00+00:00,1,0,0.0,0.0,0.0,1.0,1.0
180,2024-05-27 03:00:00+00:00,10,5,0.5,1.0,3.0,0.9333333333333331,0.8666666666666665
180,2024-05-27 06:00:00+00:00,10,5,0.5,0.8,4.0,0.9393939393939393,0.8787878787878788
180,2024-05-28 00:00:00+00:00,1,0,0.0,0.0,0.0,1.0,1.0
180,2024-05-28 03:00:00+00:00,4,0,0.0,0.0,0.0,1.0,1.0
180,2024-05-29 03:00:00+00:00,1,0,0.0,0.0,0.0,1.0,1.0
180,2024-05-29 12:00:00+00:00,1,0,0.0,0.0,0.0,1.0,1.0
180,2024-05-29 15:00:00+00:00,1,0,0.0,0.0,0.0,1.0,1.0
180,2024-05-30 00:00:00+00:00,1,0,0.0,0.0,0.0,1.0,1.0
180,2024-05-30 03:00:00+00:00,3,2,0.6666666666666666,0.6666666666666666,1.0,0.75,0.5
180,2024-05-30 06:00:00+00:00,2,2,1.0,1.0,1.0,0.0,-0.9999999999999999
180,2024-05-30 09:00:00+00:00,1,0,0.0,0.0,0.0,1.0,1.0
180,2024-05-31 00:00:00+00:00,1,0,0.0,0.0,0.0,1.0,1.0
180,2024-05-31 03:00:00+00:00,7,5,0.7142857142857143,0.8571428571428571,2.0,0.9285714285714287,0.8571428571428573
180,2024-06-01 03:00:00+00:00,3,0,0.0,0.0,0.0,1.0,1.0
180,2024-06-01 06:00:00+00:00,4,0,0.0,0.0,0.0,1.0,1.0
180,2024-06-01 09:00:00+00:00,1,0,0.0,0.0,0.0,1.0,1.0
180,2024-06-02 03:00:00+00:00,1,0,0.0,0.0,0.0,1.0,1.0
180,2024-06-02 09:00:00+00:00,1,0,0.0,0.0,0.0,1.0,1.0
180,2024-06-03 00:00:00+00:00,1,0,0.0,0.0,0.0,1.0,1.0
180,2024-06-03 03:00:00+00:00,5,0,0.0,0.0,0.0,0.9999999999999999,0.9999999999999999
180,2024-06-04 03:00:00+00:00,4,0,0.0,0.0,0.0,1.0,1.0
180,2024-06-04 06:00:00+00:00,1,0,0.0,0.0,0.0,1.0,1.0
180,2024-06-04 15:00:00+00:00,2,0,0.0,0.0,0.0,0.9999999999999999,0.9999999999999999
180,2024-06-05 00:00:00+00:00,2,0,0.0,0.0,0.0,0.9999999999999999,0.9999999999999999
180,2024-06-05 03:00:00+00:00,3,0,0.0,0.0,0.0,1.0,1.0
180,2024-06-05 06:00:00+00:00,3,0,0.0,0.0,0.0,1.0,1.0
180,2024-06-06 03:00:00+00:00,2,0,0.0,0.0,0.0,0.9999999999999999,0.9999999999999999
180,2024-06-06 09:00:00+00:00,1,0,0.0,0.0,0.0,1.0,1.0
180,2024-06-07 06:00:00+00:00,1,0,0.0,0.0,0.0,1.0,1.0
180,2024-06-07 09:00:00+00:00,1,0,0.0,0.0,0.0,1.0,1.0
180,2024-06-07 15:00:00+00:00,1,0,0.0,0.0,0.0,1.0,1.0
180,2024-06-08 03:00:00+00:00,5,0,0.0,0.0,0.0,0.9999999999999999,0.9999999999999999
180,2024-06-08 06:00:00+00:00,1,0,0.0,0.0,0.0,1.0,1.0
180,2024-06-09 06:00:00+00:00,1,0,0.0,0.0,0.0,1.0,1.0
180,2024-06-09 18:00:00+00:00,1,0,0.0,0.0,0.0,1.0,1.0
180,2024-06-10 00:00:00+00:00,2,0,0.0,0.0,0.0,0.9999999999999999,0.9999999999999999
180,2024-06-10 03:00:00+00:00,8,2,0.25,0.25,1.0,0.9880952380952381,0.9761904761904763
180,2024-06-10 06:00:00+00:00,1,0,0.0,0.0,0.0,1.0,1.0
180,2024-06-11 00:00:00+00:00,1,0,0.0,0.0,0.0,1.0,1.0
180,2024-06-11 03:00:00+00:00,1,0,0.0,0.0,0.0,1.0,1.0
180,2024-06-11 09:00:00+00:00,1,0,0.0,0.0,0.0,1.0,1.0
180,2024-06-11 15:00:00+00:00,1,0,0.0,0.0,0.0,1.0,1.0
180,2024-06-12 03:00:00+00:00,2,0,0.0,0.0,0.0,0.9999999999999999,0.9999999999999999
180,2024-06-12 06:00:00+00:00,7,0,0.0,0.0,0.0,1.0,1.0
180,2024-06-12 09:00:00+00:00,1,0,0.0,0.0,0.0,1.0,1.0
180,2024-06-13 03:00:00+00:00,5,3,0.6,0.8,2.0,0.85,0.7
180,2024-06-13 06:00:00+00:00,3,0,0.0,0.0,0.0,1.0,1.0
180,2024-06-13 09:00:00+00:00,1,0,0.0,0.0,0.0,1.0,1.0
180,2024-06-14 00:00:00+00:00,2,0,0.0,0.0,0.0,0.9999999999999999,0.9999999999999999
180,2024-06-14 03:00:00+00:00,8,6,0.75,1.75,4.0,0.7976190476190478,0.5476190476190477
180,2024-06-14 06:00:00+00:00,1,0,0.0,0.0,0.0,1.0,1.0
180,2024-06-14 09:00:00+00:00,2,0,0.0,0.0,0.0,0.9999999999999999,0.9999999999999999
180,2024-06-15 00:00:00+00:00,4,0,0.0,0.0,0.0,1.0,1.0
180,2024-06-15 03:00:00+00:00,1,0,0.0,0.0,0.0,1.0,1.0
180,2024-06-15 06:00:00+00:00,2,0,0.0,0.0,0.0,0.9999999999999999,0.9999999999999999
180,2024-06-17 03:00:00+00:00,6,2,0.3333333333333333,0.3333333333333333,1.0,0.9714285714285715,0.942857142857143
180,2024-06-17 06:00:00+00:00,2,0,0.0,0.0,0.0,0.9999999999999999,0.9999999999999999
180,2024-06-18 03:00:00+00:00,5,0,0.0,0.0,0.0,0.9999999999999999,0.9999999999999999
180,2024-06-18 06:00:00+00:00,3,0,0.0,0.0,0.0,1.0,1.0
180,2024-06-18 09:00:00+00:00,1,0,0.0,0.0,0.0,1.0,1.0
180,2024-06-18 12:00:00+00:00,3,2,0.6666666666666666,0.6666666666666666,1.0,0.75,0.5
180,2024-06-19 03:00:00+00:00,15,6,0.4,0.6666666666666666,5.0,0.9732142857142856,0.9464285714285712
180,2024-06-19 06:00:00+00:00,2,0,0.0,0.0,0.0,0.9999999999999999,0.9999999999999999
180,2024-06-19 09:00:00+00:00,1,0,0.0,0.0,0.0,1.0,1.0
180,2024-06-20 03:00:00+00:00,5,0,0.0,0.0,0.0,0.9999999999999999,0.9999999999999999
180,2024-06-20 06:00:00+00:00,3,0,0.0,0.0,0.0,1.0,1.0
180,2024-06-20 09:00:00+00:00,1,0,0.0,0.0,0.0,1.0,1.0
180,2024-06-21 00:00:00+00:00,1,0,0.0,0.0,0.0,1.0,1.0
180,2024-06-21 03:00:00+00:00,6,0,0.0,0.0,0.0,1.0,1.0
180,2024-06-21 06:00:00+00:00,2,0,0.0,0.0,0.0,0.9999999999999999,0.9999999999999999
180,2024-06-21 09:00:00+00:00,1,0,0.0,0.0,0.0,1.0,1.0
180,2024-06-22 00:00:00+00:00,2,0,0.0,0.0,0.0,0.9999999999999999,0.9999999999999999
180,2024-06-22 06:00:00+00:00,5,0,0.0,0.0,0.0,0.9999999999999999,0.9999999999999999
180,2024-06-22 09:00:00+00:00,2,0,0.0,0.0,0.0,0.9999999999999999,0.9999999999999999
180,2024-06-23 09:00:00+00:00,1,0,0.0,0.0,0.0,1.0,1.0
180,2024-06-23 18:00:00+00:00,1,0,0.0,0.0,0.0,1.0,1.0
180,2024-06-24 00:00:00+00:00,1,0,0.0,0.0,0.0,1.0,1.0
180,2024-06-24 03:00:00+00:00,3,0,0.0,0.0,0.0,1.0,1.0
180,2024-06-24 06:00:00+00:00,2,0,0.0,0.0,0.0,0.9999999999999999,0.9999999999999999
180,2024-06-24 09:00:00+00:00,1,0,0.0,0.0,0.0,1.0,1.0
180,2024-06-24 12:00:00+00:00,1,0,0.0,0.0,0.0,1.0,1.0
180,2024-06-25 00:00:00+00:00,6,0,0.0,0.0,0.0,1.0,1.0
180,2024-06-25 03:00:00+00:00,7,0,0.0,0.0,0.0,1.0,1.0
180,2024-06-25 06:00:00+00:00,2,0,0.0,0.0,0.0,0.9999999999999999,0.9999999999999999
180,2024-06-25 09:00:00+00:00,1,0,0.0,0.0,0.0,1.0,1.0
180,2024-06-26 03:00:00+00:00,10,3,0.3,0.4,2.0,0.9818181818181818,0.9636363636363635
180,2024-06-26 06:00:00+00:00,1,0,0.0,0.0,0.0,1.0,1.0
180,2024-06-26 09:00:00+00:00,1,0,0.0,0.0,0.0,1.0,1.0
180,2024-06-27 03:00:00+00:00,8,0,0.0,0.0,0.0,1.0,1.0
180,2024-06-27 06:00:00+00:00,1,0,0.0,0.0,0.0,1.0,1.0
180,2024-06-27 15:00:00+00:00,2,0,0.0,0.0,0.0,0.9999999999999999,0.9999999999999999
180,2024-06-28 00:00:00+00:00,4,2,0.5,0.5,1.0,0.8999999999999999,0.7999999999999999
180,2024-06-28 03:00:00+00:00,9,3,0.3333333333333333,0.4444444444444444,2.0,0.9805555555555555,0.9500000000000001
180,2024-06-28 06:00:00+00:00,3,0,0.0,0.0,0.0,1.0,1.0
180,2024-06-28 09:00:00+00:00,2,0,0.0,0.0,0.0,0.9999999999999999,0.9999999999999999
180,2024-06-29 00:00:00+00:00,2,0,0.0,0.0,0.0,0.9999999999999999,0.9999999999999999
180,2024-06-29 03:00:00+00:00,9,3,0.3333333333333333,0.4444444444444444,2.0,0.9750000000000001,0.9500000000000001
180,2024-06-29 06:00:00+00:00,2,0,0.0,0.0,0.0,0.9999999999999999,0.9999999999999999
180,2024-06-30 00:00:00+00:00,2,0,0.0,0.0,0.0,0.9999999999999999,0.9999999999999999
180,2024-07-01 03:00:00+00:00,16,10,0.625,1.75,4.0,0.9436274509803922,0.8676470588235294
180,2024-07-01 06:00:00+00:00,6,0,0.0,0.0,0.0,1.0,1.0
180,2024-07-01 09:00:00+00:00,1,0,0.0,0.0,0.0,1.0,1.0
180,2024-07-02 03:00:00+00:00,8,2,0.25,0.25,1.0,0.9880952380952381,0.9761904761904763
180,2024-07-02 06:00:00+00:00,2,0,0.0,0.0,0.0,0.9999999999999999,0.9999999999999999
180,2024-07-02 09:00:00+00:00,1,0,0.0,0.0,0.0,1.0,1.0
180,2024-07-02 12:00:00+00:00,3,0,0.0,0.0,0.0,1.0,1.0
180,2024-07-03 03:00:00+00:00,4,0,0.0,0.0,0.0,1.0,1.0
180,2024-07-03 06:00:00+00:00,2,0,0.0,0.0,0.0,0.9999999999999999,0.9999999999999999
180,2024-07-03 09:00:00+00:00,2,0,0.0,0.0,0.0,0.9999999999999999,0.9999999999999999
180,2024-07-04 00:00:00+00:00,5,4,0.8,1.2,3.0,0.6999999999999998,0.39999999999999997
180,2024-07-04 03:00:00+00:00,9,3,0.3333333333333333,0.4444444444444444,2.0,0.9750000000000001,0.9500000000000001
180,2024-07-04 06:00:00+00:00,3,0,0.0,0.0,0.0,1.0,1.0
180,2024-07-04 15:00:00+00:00,5,0,0.0,0.0,0.0,0.9999999999999999,0.9999999999999999
180,2024-07-05 03:00:00+00:00,13,6,0.46153846153846156,1.0769230769230769,4.0,0.9478021978021977,0.8956043956043955
180,2024-07-05 06:00:00+00:00,3,0,0.0,0.0,0.0,1.0,1.0
180,2024-07-05 09:00:00+00:00,1,0,0.0,0.0,0.0,1.0,1.0
180,2024-07-06 00:00:00+00:00,5,0,0.0,0.0,0.0,0.9999999999999999,0.9999999999999999
180,2024-07-06 03:00:00+00:00,4,0,0.0,0.0,0.0,1.0,1.0
180,2024-07-06 06:00:00+00:00,5,2,0.4,0.4,1.0,0.9499999999999998,0.8999999999999998
180,2024-07-07 15:00:00+00:00,1,0,0.0,0.0,0.0,1.0,1.0
180,2024-07-08 00:00:00+00:00,4,4,1.0,1.5,2.0,0.5666666666666667,0.0
180,2024-07-08 03:00:00+00:00,12,3,0.25,0.3333333333333333,2.0,0.9895104895104896,0.9790209790209792
180,2024-07-08 06:00:00+00:00,1,0,0.0,0.0,0.0,1.0,1.0
180,2024-07-08 09:00:00+00:00,2,0,0.0,0.0,0.0,0.9999999999999999,0.9999999999999999
180,2024-07-08 15:00:00+00:00,5,0,0.0,0.0,0.0,0.9999999999999999,0.9999999999999999
180,2024-07-09 00:00:00+00:00,3,0,0.0,0.0,0.0,1.0,1.0
180,2024-07-09 03:00:00+00:00,10,0,0.0,0.0,0.0,0.9999999999999999,0.9999999999999999
180,2024-07-09 06:00:00+00:00,3,0,0.0,0.0,0.0,1.0,1.0
180,2024-07-09 09:00:00+00:00,1,0,0.0,0.0,0.0,1.0,1.0
180,2024-07-09 15:00:00+00:00,5,0,0.0,0.0,0.0,0.9999999999999999,0.9999999999999999
180,2024-07-10 00:00:00+00:00,3,2,0.6666666666666666,0.6666666666666666,1.0,0.75,0.5
180,2024-07-10 03:00:00+00:00,12,3,0.25,0.3333333333333333,2.0,0.9895104895104896,0.9790209790209792
180,2024-07-10 06:00:00+00:00,4,3,0.75,1.0,2.0,0.7000000000000001,0.39999999999999997
180,2024-07-10 15:00:00+00:00,1,0,0.0,0.0,0.0,1.0,1.0
180,2024-07-11 03:00:00+00:00,12,0,0.0,0.0,0.0,1.0,1.0
180,2024-07-11 06:00:00+00:00,8,0,0.0,0.0,0.0,1.0,1.0
180,2024-07-11 09:00:00+00:00,1,0,0.0,0.0,0.0,1.0,1.0
180,2024-07-11 15:00:00+00:00,3,0,0.0,0.0,0.0,1.0,1.0
180,2024-07-12 00:00:00+00:00,2,0,0.0,0.0,0.0,0.9999999999999999,0.9999999999999999
180,2024-07-12 03:00:00+00:00,18,3,0.16666666666666666,0.2222222222222222,2.0,0.997592019263846,0.9938080495356036
180,2024-07-12 06:00:00+00:00,3,0,0.0,0.0,0.0,1.0,1.0
180,2024-07-12 09:00:00+00:00,3,0,0.0,0.0,0.0,1.0,1.0
180,2024-07-12 18:00:00+00:00,1,0,0.0,0.0,0.0,1.0,1.0
180,2024-07-13 03:00:00+00:00,18,4,0.2222222222222222,0.3333333333333333,3.0,0.9938080495356038,0.9876160990712075
180,2024-07-13 06:00:00+00:00,3,0,0.0,0.0,0.0,1.0,1.0
180,2024-07-14 12:00:00+00:00,1,0,0.0,0.0,0.0,1.0,1.0
180,2024-07-15 00:00:00+00:00,4,0,0.0,0.0,0.0,1.0,1.0
180,2024-07-15 03:00:00+00:00,24,10,0.4166666666666667,1.6666666666666667,6.0,0.9710144927536231,0.9234782608695651
180,2024-07-15 06:00:00+00:00,2,0,0.0,0.0,0.0,0.9999999999999999,0.9999999999999999
180,2024-07-15 09:00:00+00:00,3,0,0.0,0.0,0.0,1.0,1.0
180,2024-07-16 00:00:00+00:00,2,0,0.0,0.0,0.0,0.9999999999999999,0.9999999999999999
180,2024-07-16 03:00:00+00:00,19,5,0.2631578947368421,0.3157894736842105,2.0,0.9961988304093566,0.9929824561403509
180,2024-07-16 06:00:00+00:00,3,0,0.0,0.0,0.0,1.0,1.0
180,2024-07-16 09:00:00+00:00,1,0,0.0,0.0,0.0,1.0,1.0
180,2024-07-16 12:00:00+00:00,1,0,0.0,0.0,0.0,1.0,1.0
180,2024-07-16 15:00:00+00:00,3,0,0.0,0.0,0.0,1.0,1.0
180,2024-07-16 18:00:00+00:00,8,0,0.0,0.0,0.0,1.0,1.0
180,2024-07-17 00:00:00+00:00,1,0,0.0,0.0,0.0,1.0,1.0
180,2024-07-17 06:00:00+00:00,2,0,0.0,0.0,0.0,0.9999999999999999,0.9999999999999999
180,2024-07-17 09:00:00+00:00,1,0,0.0,0.0,0.0,1.0,1.0
180,2024-07-17 15:00:00+00:00,10,0,0.0,0.0,0.0,0.9999999999999999,0.9999999999999999
180,2024-07-17 18:00:00+00:00,1,0,0.0,0.0,0.0,1.0,1.0
180,2024-07-18 00:00:00+00:00,9,0,0.0,0.0,0.0,1.0,1.0
180,2024-07-18 03:00:00+00:00,9,5,0.5555555555555556,0.8888888888888888,3.0,0.9333333333333332,0.8666666666666667
180,2024-07-18 06:00:00+00:00,2,0,0.0,0.0,0.0,0.9999999999999999,0.9999999999999999
180,2024-07-18 09:00:00+00:00,1,0,0.0,0.0,0.0,1.0,1.0
180,2024-07-18 15:00:00+00:00,1,0,0.0,0.0,0.0,1.0,1.0
180,2024-07-19 00:00:00+00:00,8,2,0.25,0.25,1.0,0.9880952380952381,0.9761904761904763
180,2024-07-19 03:00:00+00:00,6,2,0.3333333333333333,0.3333333333333333,1.0,0.9714285714285715,0.942857142857143
180,2024-07-19 06:00:00+00:00,1,0,0.0,0.0,0.0,1.0,1.0
180,2024-07-19 09:00:00+00:00,1,0,0.0,0.0,0.0,1.0,1.0
180,2024-07-19 18:00:00+00:00,7,0,0.0,0.0,0.0,1.0,1.0
180,2024-07-20 03:00:00+00:00,13,0,0.0,0.0,0.0,1.0,1.0
180,2024-07-20 06:00:00+00:00,2,0,0.0,0.0,0.0,0.9999999999999999,0.9999999999999999
180,2024-07-20 09:00:00+00:00,2,0,0.0,0.0,0.0,0.9999999999999999,0.9999999999999999
180,2024-07-21 12:00:00+00:00,2,0,0.0,0.0,0.0,0.9999999999999999,0.9999999999999999
180,2024-07-21 18:00:00+00:00,10,0,0.0,0.0,0.0,0.9999999999999999,0.9999999999999999
180,2024-07-22 00:00:00+00:00,2,2,1.0,1.0,1.0,0.0,-0.9999999999999999
180,2024-07-22 03:00:00+00:00,17,7,0.4117647058823529,1.411764705882353,4.0,0.9566993464052289,0.8970588235294119
180,2024-07-22 06:00:00+00:00,2,0,0.0,0.0,0.0,0.9999999999999999,0.9999999999999999
180,2024-07-22 15:00:00+00:00,2,0,0.0,0.0,0.0,0.9999999999999999,0.9999999999999999
180,2024-07-23 00:00:00+00:00,8,0,0.0,0.0,0.0,1.0,1.0
180,2024-07-23 03:00:00+00:00,8,0,0.0,0.0,0.0,1.0,1.0
180,2024-07-23 06:00:00+00:00,1,0,0.0,0.0,0.0,1.0,1.0
180,2024-07-23 15:00:00+00:00,8,0,0.0,0.0,0.0,1.0,1.0
180,2024-07-23 18:00:00+00:00,3,0,0.0,0.0,0.0,1.0,1.0
180,2024-07-24 00:00:00+00:00,12,0,0.0,0.0,0.0,1.0,1.0
180,2024-07-24 03:00:00+00:00,8,5,0.625,1.0,3.0,0.9285714285714287,0.8095238095238096
180,2024-07-24 06:00:00+00:00,1,0,0.0,0.0,0.0,1.0,1.0
180,2024-07-24 15:00:00+00:00,2,0,0.0,0.0,0.0,0.9999999999999999,0.9999999999999999
180,2024-07-24 18:00:00+00:00,1,0,0.0,0.0,0.0,1.0,1.0
180,2024-07-25 00:00:00+00:00,7,0,0.0,0.0,0.0,1.0,1.0
180,2024-07-25 03:00:00+00:00,8,3,0.375,0.5,2.0,0.9642857142857144,0.9285714285714287
180,2024-07-25 06:00:00+00:00,1,0,0.0,0.0,0.0,1.0,1.0
180,2024-07-25 15:00:00+00:00,8,0,0.0,0.0,0.0,1.0,1.0
180,2024-07-26 00:00:00+00:00,1,0,0.0,0.0,0.0,1.0,1.0
180,2024-07-26 03:00:00+00:00,9,0,0.0,0.0,0.0,1.0,1.0
180,2024-07-26 06:00:00+00:00,5,0,0.0,0.0,0.0,0.9999999999999999,0.9999999999999999
180,2024-07-26 09:00:00+00:00,1,0,0.0,0.0,0.0,1.0,1.0
180,2024-07-26 15:00:00+00:00,6,0,0.0,0.0,0.0,1.0,1.0
180,2024-07-27 03:00:00+00:00,1,0,0.0,0.0,0.0,1.0,1.0
180,2024-07-27 06:00:00+00:00,2,0,0.0,0.0,0.0,0.9999999999999999,0.9999999999999999
180,2024-07-29 00:00:00+00:00,1,0,0.0,0.0,0.0,1.0,1.0
180,2024-07-29 03:00:00+00:00,16,3,0.1875,0.25,2.0,0.9955882352941177,0.9911764705882352
180,2024-07-29 06:00:00+00:00,2,0,0.0,0.0,0.0,0.9999999999999999,0.9999999999999999
180,2024-07-29 09:00:00+00:00,4,0,0.0,0.0,0.0,1.0,1.0
180,2024-07-30 00:00:00+00:00,2,0,0.0,0.0,0.0,0.9999999999999999,0.9999999999999999
180,2024-07-30 03:00:00+00:00,1,0,0.0,0.0,0.0,1.0,1.0
180,2024-07-30 06:00:00+00:00,3,0,0.0,0.0,0.0,1.0,1.0
180,2024-07-30 15:00:00+00:00,8,0,0.0,0.0,0.0,1.0,1.0
180,2024-07-31 00:00:00+00:00,1,0,0.0,0.0,0.0,1.0,1.0
180,2024-07-31 03:00:00+00:00,5,3,0.6,0.8,2.0,0.8833333333333332,0.7
180,2024-07-31 06:00:00+00:00,2,0,0.0,0.0,0.0,0.9999999999999999,0.9999999999999999
180,2024-07-31 09:00:00+00:00,2,0,0.0,0.0,0.0,0.9999999999999999,0.9999999999999999
180,2024-07-31 15:00:00+00:00,1,0,0.0,0.0,0.0,1.0,1.0
180,2024-08-01 00:00:00+00:00,5,0,0.0,0.0,0.0,0.9999999999999999,0.9999999999999999
180,2024-08-01 03:00:00+00:00,2,0,0.0,0.0,0.0,0.9999999999999999,0.9999999999999999
180,2024-08-01 09:00:00+00:00,3,0,0.0,0.0,0.0,1.0,1.0
180,2024-08-02 03:00:00+00:00,6,0,0.0,0.0,0.0,1.0,1.0
180,2024-08-02 06:00:00+00:00,7,0,0.0,0.0,0.0,1.0,1.0
180,2024-08-02 09:00:00+00:00,1,0,0.0,0.0,0.0,1.0,1.0
180,2024-08-03 03:00:00+00:00,4,3,0.75,1.0,2.0,0.7666666666666666,0.39999999999999997
180,2024-08-03 06:00:00+00:00,2,0,0.0,0.0,0.0,0.9999999999999999,0.9999999999999999
180,2024-08-03 09:00:00+00:00,1,0,0.0,0.0,0.0,1.0,1.0
180,2024-08-05 03:00:00+00:00,1,0,0.0,0.0,0.0,1.0,1.0
180,2024-08-05 06:00:00+00:00,1,0,0.0,0.0,0.0,1.0,1.0
180,2024-08-05 09:00:00+00:00,2,0,0.0,0.0,0.0,0.9999999999999999,0.9999999999999999
180,2024-08-06 00:00:00+00:00,1,0,0.0,0.0,0.0,1.0,1.0
180,2024-08-06 03:00:00+00:00,17,0,0.0,0.0,0.0,1.0,1.0
180,2024-08-06 06:00:00+00:00,3,0,0.0,0.0,0.0,1.0,1.0
180,2024-08-07 00:00:00+00:00,1,0,0.0,0.0,0.0,1.0,1.0
180,2024-08-07 03:00:00+00:00,11,3,0.2727272727272727,0.36363636363636365,2.0,0.9863636363636364,0.9727272727272729
180,2024-08-07 06:00:00+00:00,1,0,0.0,0.0,0.0,1.0,1.0
180,2024-08-07 09:00:00+00:00,3,0,0.0,0.0,0.0,1.0,1.0
180,2024-08-07 12:00:00+00:00,2,0,0.0,0.0,0.0,0.9999999999999999,0.9999999999999999
180,2024-08-08 00:00:00+00:00,2,0,0.0,0.0,0.0,0.9999999999999999,0.9999999999999999
180,2024-08-08 03:00:00+00:00,10,3,0.3,0.4,2.0,0.9818181818181818,0.9636363636363635
180,2024-08-08 06:00:00+00:00,7,0,0.0,0.0,0.0,1.0,1.0
180,2024-08-08 09:00:00+00:00,1,0,0.0,0.0,0.0,1.0,1.0
180,2024-08-08 12:00:00+00:00,1,0,0.0,0.0,0.0,1.0,1.0
180,2024-08-09 03:00:00+00:00,10,2,0.2,0.2,1.0,0.9939393939393938,0.9878787878787878
180,2024-08-09 06:00:00+00:00,1,0,0.0,0.0,0.0,1.0,1.0
180,2024-08-09 15:00:00+00:00,13,7,0.5384615384615384,1.0769230769230769,5.0,0.9560439560439561,0.8901098901098902
180,2024-08-10 00:00:00+00:00,1,0,0.0,0.0,0.0,1.0,1.0
180,2024-08-10 03:00:00+00:00,12,2,0.16666666666666666,0.16666666666666666,1.0,0.9965034965034966,0.9930069930069931
180,2024-08-10 06:00:00+00:00,1,0,0.0,0.0,0.0,1.0,1.0
180,2024-08-10 09:00:00+00:00,2,0,0.0,0.0,0.0,0.9999999999999999,0.9999999999999999
180,2024-08-11 09:00:00+00:00,1,0,0.0,0.0,0.0,1.0,1.0
180,2024-08-12 03:00:00+00:00,4,0,0.0,0.0,0.0,1.0,1.0
180,2024-08-12 06:00:00+00:00,3,0,0.0,0.0,0.0,1.0,1.0
180,2024-08-12 12:00:00+00:00,1,0,0.0,0.0,0.0,1.0,1.0
180,2024-08-13 00:00:00+00:00,8,0,0.0,0.0,0.0,1.0,1.0
180,2024-08-13 03:00:00+00:00,6,0,0.0,0.0,0.0,1.0,1.0
180,2024-08-13 09:00:00+00:00,1,0,0.0,0.0,0.0,1.0,1.0
180,2024-08-14 03:00:00+00:00,10,0,0.0,0.0,0.0,0.9999999999999999,0.9999999999999999
180,2024-08-14 06:00:00+00:00,2,0,0.0,0.0,0.0,0.9999999999999999,0.9999999999999999
180,2024-08-15 00:00:00+00:00,2,0,0.0,0.0,0.0,0.9999999999999999,0.9999999999999999
180,2024-08-15 03:00:00+00:00,12,2,0.16666666666666666,0.16666666666666666,1.0,0.9965034965034966,0.9930069930069931
180,2024-08-15 12:00:00+00:00,2,0,0.0,0.0,0.0,0.9999999999999999,0.9999999999999999
180,2024-08-15 15:00:00+00:00,1,0,0.0,0.0,0.0,1.0,1.0
180,2024-08-16 00:00:00+00:00,3,0,0.0,0.0,0.0,1.0,1.0
180,2024-08-16 03:00:00+00:00,9,0,0.0,0.0,0.0,1.0,1.0
180,2024-08-16 09:00:00+00:00,2,0,0.0,0.0,0.0,0.9999999999999999,0.9999999999999999
180,2024-08-17 00:00:00+00:00,2,0,0.0,0.0,0.0,0.9999999999999999,0.9999999999999999
180,2024-08-17 03:00:00+00:00,12,2,0.16666666666666666,0.16666666666666666,1.0,0.9965034965034966,0.9930069930069931
180,2024-08-18 12:00:00+00:00,2,0,0.0,0.0,0.0,0.9999999999999999,0.9999999999999999
180,2024-08-18 15:00:00+00:00,1,0,0.0,0.0,0.0,1.0,1.0
180,2024-08-19 00:00:00+00:00,1,0,0.0,0.0,0.0,1.0,1.0
180,2024-08-19 03:00:00+00:00,15,0,0.0,0.0,0.0,1.0,1.0
180,2024-08-19 06:00:00+00:00,1,0,0.0,0.0,0.0,1.0,1.0
180,2024-08-20 00:00:00+00:00,1,0,0.0,0.0,0.0,1.0,1.0
180,2024-08-20 03:00:00+00:00,12,2,0.16666666666666666,0.16666666666666666,1.0,0.9965034965034966,0.9930069930069931
180,2024-08-20 06:00:00+00:00,2,2,1.0,1.0,1.0,0.0,-0.9999999999999999
180,2024-08-20 12:00:00+00:00,3,2,0.6666666666666666,0.6666666666666666,1.0,0.75,0.5
180,2024-08-21 00:00:00+00:00,1,0,0.0,0.0,0.0,1.0,1.0
180,2024-08-21 03:00:00+00:00,10,0,0.0,0.0,0.0,0.9999999999999999,0.9999999999999999
180,2024-08-21 06:00:00+00:00,3,0,0.0,0.0,0.0,1.0,1.0
180,2024-08-21 15:00:00+00:00,1,0,0.0,0.0,0.0,1.0,1.0
180,2024-08-22 03:00:00+00:00,9,0,0.0,0.0,0.0,1.0,1.0
180,2024-08-22 06:00:00+00:00,4,0,0.0,0.0,0.0,1.0,1.0
180,2024-08-22 12:00:00+00:00,2,0,0.0,0.0,0.0,0.9999999999999999,0.9999999999999999
180,2024-08-23 00:00:00+00:00,3,2,0.6666666666666666,0.6666666666666666,1.0,0.75,0.5
180,2024-08-23 03:00:00+00:00,4,0,0.0,0.0,0.0,1.0,1.0
