delivery_id,service_type,created_at,expected_delivery_time,deadline_urgency,service_priority,waiting_time_score,priority_score,priority_rank
66c6fe01b8e7077ed012e57d,3h,2024-08-22 08:59:45.864000+00:00,2024-08-22 11:59:11.529000+00:00,1.0,1.0,1.0,1.0,1
66c585fbb8e7077ed012b2ba,3h,2024-08-21 06:15:23.645000+00:00,2024-08-21 08:29:31.934000+00:00,1.0,1.0,1.0,1.0,2
66c56bf1b8e7077ed012acd2,3h,2024-08-21 04:24:17.836000+00:00,2024-08-21 07:23:07.549000+00:00,1.0,1.0,1.0,1.0,3
66c56999b8e7077ed012ab2e,3h,2024-08-21 04:14:17.043000+00:00,2024-08-21 07:13:14.114000+00:00,1.0,1.0,1.0,1.0,4
66c567deb8e7077ed012ab18,3h,2024-08-21 04:06:54.279000+00:00,2024-08-21 07:06:12.325000+00:00,1.0,1.0,1.0,1.0,5
66c56230b8e7077ed012a89d,3h,2024-08-21 03:42:40.655000+00:00,2024-08-21 06:40:50.724000+00:00,1.0,1.0,1.0,1.0,6
66c561bdb8e7077ed012a892,3h,2024-08-21 03:40:45.564000+00:00,2024-08-21 06:37:50.878000+00:00,1.0,1.0,1.0,1.0,7
66c5610cb8e7077ed012a442,3h,2024-08-21 03:37:48.268000+00:00,2024-08-21 06:36:55.805000+00:00,1.0,1.0,1.0,1.0,8
66c560d4b8e7077ed012a439,3h,2024-08-21 03:36:52.857000+00:00,2024-08-21 06:35:42.492000+00:00,1.0,1.0,1.0,1.0,9
66c56085b8e7077ed012a017,3h,2024-08-21 03:35:33.313000+00:00,2024-08-21 06:13:10.700000+00:00,1.0,1.0,1.0,1.0,10
66c54daab8e7077ed0129cc0,3h,2024-08-21 02:15:06.922000+00:00,2024-08-21 05:06:37.157000+00:00,1.0,1.0,1.0,1.0,11
66c44fc09a1d4579e8b423aa,3h,2024-08-20 08:11:44.709000+00:00,2024-08-20 11:11:18.920000+00:00,1.0,1.0,1.0,1.0,12
65964bcd7ef10f912879f4b3,3h,2024-01-04 06:10:21.932000+00:00,2024-01-04 09:10:21.927000+00:00,1.0,1.0,1.0,1.0,13
6544bb2d00df48c3e9c2c851,3h,2023-11-03 09:19:41.356000+00:00,2023-11-03 12:19:41.352000+00:00,1.0,1.0,1.0,1.0,14
650189c8f181bf03ea1aa306,3h,2023-09-13 10:07:04.108000+00:00,2023-09-13 13:07:04.098000+00:00,1.0,1.0,1.0,1.0,15
64e9acd1d54ea638bcb4aa01,3h,2023-08-26 07:42:09.347000+00:00,2023-08-26 10:42:09.338000+00:00,1.0,1.0,1.0,1.0,16
64e0a19bbdd1b2d3e85f75b2,3h,2023-08-19 11:03:55.762000+00:00,2023-08-19 14:03:55.752000+00:00,1.0,1.0,1.0,1.0,17
655d5fea6334442d4839ed75,3h,2023-11-22 01:56:58.871000+00:00,2023-11-22 04:56:58.868000+00:00,1.0,1.0,1.0,1.0,18
65250b1e16fc92ef78cca694,3h,2023-10-10 08:28:14.184000+00:00,2023-10-10 11:28:14.180000+00:00,1.0,1.0,1.0,1.0,19
64c4c52b553721daabdbae37,3h,2023-05-22 04:08:21.575000+00:00,,,1.0,1.0,1.0,20
6502acfb39a237688acc490a,3h,2023-09-14 06:49:31.562000+00:00,2023-09-14 09:49:31.549000+00:00,1.0,1.0,1.0,1.0,21
64f7031a061258eb78b2b4ba,3h,2023-09-05 10:29:46.770000+00:00,2023-09-05 13:29:46.767000+00:00,1.0,1.0,1.0,1.0,22
6503363139a237688acc4e60,3h,2023-09-14 16:34:57.324000+00:00,2023-09-15 04:00:00+00:00,1.0,1.0,1.0,1.0,23
651bab653d40ccc43b67110b,3h,2023-10-03 05:49:25.069000+00:00,2023-10-03 08:49:25.066000+00:00,1.0,1.0,1.0,1.0,24
64f025fdd54ea638bcb4bcae,3h,2023-08-31 05:32:45.613000+00:00,2023-08-31 08:32:45.605000+00:00,1.0,1.0,1.0,1.0,25
64dc552bfe6290c33ef759f6,3h,2023-08-16 04:48:43.583000+00:00,2023-08-16 07:48:43.575000+00:00,1.0,1.0,1.0,1.0,26
64c4c52b553721daabdbae27,3h,2023-05-30 05:01:07.679000+00:00,,,1.0,1.0,1.0,27
65445795198243e83613764a,3h,2023-11-03 02:14:45.964000+00:00,2023-11-03 05:14:45.959000+00:00,1.0,1.0,1.0,1.0,28
6544510a198243e83613742d,3h,2023-11-03 01:46:50.272000+00:00,2023-11-03 04:46:50.266000+00:00,1.0,1.0,1.0,1.0,29
651a4257322d5c0cf180c210,3h,2023-10-02 04:08:55.076000+00:00,2023-10-02 07:08:55.058000+00:00,1.0,1.0,1.0,1.0,30
65b7289d624c8e2168d067d8,3h,2024-01-29 04:25:01.428000+00:00,2024-01-29 07:25:01.404000+00:00,1.0,1.0,1.0,1.0,31
66c42b85b8e7077ed01284d1,3h,2024-08-20 05:37:09.887000+00:00,2024-08-20 08:34:22.679000+00:00,1.0,1.0,1.0,1.0,32
66c421dfb8e7077ed0127f92,3h,2024-08-20 04:55:59.776000+00:00,2024-08-20 07:55:13.340000+00:00,1.0,1.0,1.0,1.0,33
66c421a1b8e7077ed0127f50,3h,2024-08-20 04:54:57.039000+00:00,2024-08-20 07:50:56.399000+00:00,1.0,1.0,1.0,1.0,34
66c419bbb8e7077ed0127e21,3h,2024-08-20 04:21:15.353000+00:00,2024-08-20 07:19:10.427000+00:00,1.0,1.0,1.0,1.0,35
66c4192eb8e7077ed0127de5,3h,2024-08-20 04:18:54.415000+00:00,2024-08-20 07:16:56.048000+00:00,1.0,1.0,1.0,1.0,36
66c417efdc29bcc583b5c18e,3h,2024-08-20 04:13:35.455000+00:00,2024-08-20 07:12:21.133000+00:00,1.0,1.0,1.0,1.0,37
66c41747dc29bcc583b5c176,3h,2024-08-20 04:10:47.316000+00:00,2024-08-20 07:09:43.707000+00:00,1.0,1.0,1.0,1.0,38
66c414a8dc29bcc583b5c0f8,3h,2024-08-20 03:59:36.474000+00:00,2024-08-20 06:57:17.060000+00:00,1.0,1.0,1.0,1.0,39
66c413b6dc29bcc583b5c0ed,3h,2024-08-20 03:55:34.319000+00:00,2024-08-20 06:53:42.382000+00:00,1.0,1.0,1.0,1.0,40
66c3e5939a1d4579e8b42194,3h,2024-08-20 00:38:43.678000+00:00,2024-08-20 04:00:00+00:00,1.0,1.0,1.0,1.0,41
66c2f3b39973faa9d13386ba,3h,2024-08-19 07:26:43.646000+00:00,2024-08-19 10:23:50.078000+00:00,1.0,1.0,1.0,1.0,42
66c2d8699973faa9d133800e,3h,2024-08-19 05:30:17.588000+00:00,2024-08-19 08:24:59.772000+00:00,1.0,1.0,1.0,1.0,43
65816075a5083abd7195b224,3h,2023-12-19 09:20:53.723000+00:00,2023-12-19 12:20:53.720000+00:00,1.0,1.0,1.0,1.0,44
658d4ed446151b63c19d4ca9,3h,2023-12-28 10:32:52.522000+00:00,2023-12-28 13:32:52.488000+00:00,1.0,1.0,1.0,1.0,45
65570d7e6a0125b9d7ba1e14,3h,2023-11-17 06:51:42.883000+00:00,2023-11-17 09:51:42.881000+00:00,1.0,1.0,1.0,1.0,46
64e6d688d54ea638bcb493f6,3h,2023-08-24 04:03:20.155000+00:00,2023-08-24 07:03:20.142000+00:00,1.0,1.0,1.0,1.0,47
64dc5cbdfe6290c33ef75b21,3h,2023-08-16 05:21:01.615000+00:00,2023-08-16 08:21:01.590000+00:00,1.0,1.0,1.0,1.0,48
6576b8638bd4b73dac11b258,3h,2023-12-11 07:21:07.656000+00:00,2023-12-11 10:21:07.648000+00:00,1.0,1.0,1.0,1.0,49
64f06bf9d54ea638bcb4c791,3h,2023-08-31 10:31:21.803000+00:00,2023-08-31 13:31:21.797000+00:00,1.0,1.0,1.0,1.0,50
64e6c6dad54ea638bcb49283,3h,2023-08-24 02:56:26.098000+00:00,2023-08-24 05:56:26.053000+00:00,1.0,1.0,1.0,1.0,51
652f6baf4271b1bef68fac3d,3h,2023-10-18 05:22:55.555000+00:00,2023-10-18 08:22:55.553000+00:00,1.0,1.0,1.0,1.0,52
650d09d650fdce3fe1b0fdff,3h,2023-09-22 03:28:22.962000+00:00,2023-09-22 06:28:22.953000+00:00,1.0,1.0,1.0,1.0,53
65302358c417268785e45f79,3h,2023-10-18 18:26:32.827000+00:00,2023-10-19 04:00:00+00:00,1.0,1.0,1.0,1.0,54
64e6d622d54ea638bcb49345,3h,2023-08-24 04:01:38.150000+00:00,2023-08-24 07:01:38.144000+00:00,1.0,1.0,1.0,1.0,55
64c4c52b553721daabdbad93,3h,2023-07-29 06:19:28.398000+00:00,2023-07-29 09:19:28.391000+00:00,1.0,1.0,1.0,1.0,56
652781be9f3a817aaf29683f,3h,2023-10-12 05:18:54.438000+00:00,2023-10-12 08:18:54.411000+00:00,1.0,1.0,1.0,1.0,57
652e33affb4ed6645c995b78,3h,2023-10-17 07:11:43.704000+00:00,2023-10-17 10:11:43.700000+00:00,1.0,1.0,1.0,1.0,58
64c8a204e6da5a9aaea66e79,3h,2023-08-01 06:11:16.646000+00:00,2023-08-01 09:11:16.643000+00:00,1.0,1.0,1.0,1.0,59
64e2dc6ebdd1b2d3e85f7984,3h,2023-08-21 03:39:26.841000+00:00,2023-08-21 06:39:26.833000+00:00,1.0,1.0,1.0,1.0,60
65559b0f6a0125b9d7ba0232,3h,2023-11-16 04:31:11.555000+00:00,2023-11-16 07:31:11.551000+00:00,1.0,1.0,1.0,1.0,61
65add8184f40997642655a48,3h,2024-01-22 02:51:04.478000+00:00,2024-01-22 05:51:04.450000+00:00,1.0,1.0,1.0,1.0,62
66c2d4a29973faa9d1337c89,3h,2024-08-19 05:14:10.824000+00:00,2024-08-19 08:12:37.093000+00:00,1.0,1.0,1.0,1.0,63
66c2d3759973faa9d1337c4f,3h,2024-08-19 05:09:09.122000+00:00,2024-08-19 08:06:09.411000+00:00,1.0,1.0,1.0,1.0,64
66c2d11f9973faa9d13377cb,3h,2024-08-19 04:59:12.051000+00:00,2024-08-19 07:56:05.233000+00:00,1.0,1.0,1.0,1.0,65
66c2d0629973faa9d1337371,3h,2024-08-19 04:56:03.052000+00:00,2024-08-19 07:51:42.129000+00:00,1.0,1.0,1.0,1.0,66
66c2ce269973faa9d13372ce,3h,2024-08-19 04:46:30.164000+00:00,2024-08-19 07:45:47.521000+00:00,1.0,1.0,1.0,1.0,67
66c2ca139973faa9d133719d,3h,2024-08-19 04:29:07.803000+00:00,2024-08-19 06:26:59.860000+00:00,1.0,1.0,1.0,1.0,68
66c2c3709973faa9d1336fc7,3h,2024-08-19 04:00:48.023000+00:00,2024-08-19 06:47:11.926000+00:00,1.0,1.0,1.0,1.0,69
66c2b7b79973faa9d1336dbf,3h,2024-08-19 03:10:47.201000+00:00,2024-08-19 06:06:21.076000+00:00,1.0,1.0,1.0,1.0,70
66c2b6a59973faa9d1336d9b,3h,2024-08-19 03:06:13.364000+00:00,2024-08-19 06:02:48.228000+00:00,1.0,1.0,1.0,1.0,71
66c2b5d59973faa9d1336975,3h,2024-08-19 03:02:45.200000+00:00,2024-08-19 05:53:06.528000+00:00,1.0,1.0,1.0,1.0,72
65445168198243e836137441,3h,2023-11-03 01:48:24.476000+00:00,2023-11-03 04:48:24.471000+00:00,1.0,1.0,1.0,1.0,73
651d0298a9c2631ec9e10030,3h,2023-10-04 06:13:44.185000+00:00,2023-10-04 09:13:44.181000+00:00,1.0,1.0,1.0,1.0,74
6566feaf852af0bbec46d718,3h,2023-11-29 09:04:48.022000+00:00,2023-11-29 12:04:47.966000+00:00,1.0,1.0,1.0,1.0,75
65557efa6a0125b9d7b9fdba,3h,2023-11-16 02:31:22.254000+00:00,2023-11-16 05:31:22.249000+00:00,1.0,1.0,1.0,1.0,76
653682ec577c64ad568464d5,3h,2023-10-23 14:27:56.075000+00:00,2023-10-24 04:00:00+00:00,1.0,1.0,1.0,1.0,77
64c4c52b553721daabdbad9a,3h,2023-07-25 08:06:29.577000+00:00,2023-07-25 11:06:29.574000+00:00,1.0,1.0,1.0,1.0,78
64c4c52b553721daabdbad94,3h,2023-07-29 04:26:01.895000+00:00,2023-07-29 07:26:01.888000+00:00,1.0,1.0,1.0,1.0,79
64c4c52b553721daabdbad9f,3h,2023-07-25 01:09:12.514000+00:00,2023-07-25 04:09:12.511000+00:00,1.0,1.0,1.0,1.0,80
651fa57988d44bf7e0792b61,3h,2023-10-06 06:13:13.629000+00:00,2023-10-06 09:13:13.625000+00:00,1.0,1.0,1.0,1.0,81
66c02e6e9973faa9d13345c7,3h,2024-08-17 05:00:30.185000+00:00,2024-08-17 07:57:56.061000+00:00,1.0,1.0,1.0,1.0,82
66c02bf29973faa9d1333cfd,3h,2024-08-17 04:49:54.621000+00:00,2024-08-17 07:48:53.393000+00:00,1.0,1.0,1.0,1.0,83
66c024a59973faa9d133364b,3h,2024-08-17 04:18:45.016000+00:00,2024-08-17 07:16:42.451000+00:00,1.0,1.0,1.0,1.0,84
66c01f789973faa9d1333500,3h,2024-08-17 03:56:40.709000+00:00,2024-08-17 06:55:07.229000+00:00,1.0,1.0,1.0,1.0,85
66c01f179973faa9d13334f0,3h,2024-08-17 03:55:03.338000+00:00,2024-08-17 06:54:07.787000+00:00,1.0,1.0,1.0,1.0,86
66c018f69973faa9d133306f,3h,2024-08-17 03:28:54.142000+00:00,2024-08-17 06:09:33.384000+00:00,1.0,1.0,1.0,1.0,87
66c011989a1d4579e8b41a47,3h,2024-08-17 02:57:28.007000+00:00,2024-08-17 05:56:51.601000+00:00,1.0,1.0,1.0,1.0,88
66c010009a1d4579e8b41a25,3h,2024-08-17 02:50:40.010000+00:00,2024-08-17 05:50:15.934000+00:00,1.0,1.0,1.0,1.0,89
64f7fe55061258eb78b2beaf,3h,2023-09-06 04:21:41.660000+00:00,2023-09-06 07:21:41.646000+00:00,1.0,1.0,1.0,1.0,90
652790629f3a817aaf296c36,3h,2023-10-12 06:21:22.915000+00:00,2023-10-12 09:21:22.912000+00:00,1.0,1.0,1.0,1.0,91
652d1b6ffb4ed6645c99523e,3h,2023-10-16 11:15:59.457000+00:00,2023-10-16 14:15:59.442000+00:00,1.0,1.0,1.0,1.0,92
652f85c14271b1bef68fb2fa,3h,2023-10-18 07:14:09.956000+00:00,2023-10-18 10:14:09.953000+00:00,1.0,1.0,1.0,1.0,93
64dcb07bfe6290c33ef75ed2,3h,2023-08-16 11:18:19.299000+00:00,2023-08-16 14:18:19.292000+00:00,1.0,1.0,1.0,1.0,94
6566d5fe1a3e7cdd80c6522e,3h,2023-11-29 06:11:10.120000+00:00,2023-11-29 09:11:10.115000+00:00,1.0,1.0,1.0,1.0,95
650a4d9725b0bb2f15f65c5f,3h,2023-09-20 01:40:39.900000+00:00,2023-09-20 04:40:39.877000+00:00,1.0,1.0,1.0,1.0,96
659e57127c145e4379be8dd7,3h,2024-01-10 08:36:34.369000+00:00,2024-01-10 11:36:34.362000+00:00,1.0,1.0,1.0,1.0,97
655c60e06334442d4839e211,3h,2023-11-21 07:48:48.363000+00:00,2023-11-21 10:48:48.360000+00:00,1.0,1.0,1.0,1.0,98
65409d628f5664f27d7c67ee,3h,2023-10-31 06:23:30.808000+00:00,2023-10-31 09:23:30.800000+00:00,1.0,1.0,1.0,1.0,99
64f969a7350c8fe15b47a5c7,3h,2023-09-07 06:11:51.512000+00:00,2023-09-07 09:11:51.501000+00:00,1.0,1.0,1.0,1.0,100
653370fa97e822e6c88e881f,3h,2023-10-21 06:34:34.961000+00:00,2023-10-21 09:34:34.959000+00:00,1.0,1.0,1.0,1.0,101
65685162852af0bbec46dd92,3h,2023-11-30 09:09:54.914000+00:00,2023-11-30 12:09:54.912000+00:00,1.0,1.0,1.0,1.0,102
65127f4a452644c9037c6518,3h,2023-09-26 06:50:50.897000+00:00,2023-09-26 09:50:50.888000+00:00,1.0,1.0,1.0,1.0,103
655441fa09f80bbb5325774d,3h,2023-11-15 03:58:50.716000+00:00,2023-11-15 06:58:50.713000+00:00,1.0,1.0,1.0,1.0,104
650339a039a237688acc4e8e,3h,2023-09-14 16:49:36.077000+00:00,2023-09-15 04:00:00+00:00,1.0,1.0,1.0,1.0,105
64db3c49ea5bee232b6af31f,3h,2023-08-15 08:50:17.843000+00:00,2023-08-15 11:50:17.822000+00:00,1.0,1.0,1.0,1.0,106
6530ff3697e822e6c88e6dda,3h,2023-10-19 10:04:38.375000+00:00,2023-10-19 13:04:38.371000+00:00,1.0,1.0,1.0,1.0,107
64e33b11bdd1b2d3e85f8357,3h,2023-08-21 10:23:13.482000+00:00,2023-08-21 13:23:13.454000+00:00,1.0,1.0,1.0,1.0,108
64e04bcb4bd4fa0ee0dd524c,3h,2023-08-19 04:57:47.787000+00:00,2023-08-19 07:57:47.777000+00:00,1.0,1.0,1.0,1.0,109
650e733eb1c0f38fbf611d2e,3h,2023-09-23 05:10:22.474000+00:00,2023-09-23 08:10:22.398000+00:00,1.0,1.0,1.0,1.0,110
66bf24069a1d4579e8b419db,3h,2024-08-16 10:03:50.925000+00:00,2024-08-16 13:03:11.607000+00:00,1.0,1.0,1.0,1.0,111
66bf21bb9a1d4579e8b41994,3h,2024-08-16 09:54:03.514000+00:00,2024-08-16 12:53:06.227000+00:00,1.0,1.0,1.0,1.0,112
66bedd8b9973faa9d133108c,3h,2024-08-16 05:03:07.574000+00:00,2024-08-16 08:01:48.263000+00:00,1.0,1.0,1.0,1.0,113
66bed9c29973faa9d1330b38,3h,2024-08-16 04:46:58.789000+00:00,2024-08-16 07:44:02.738000+00:00,1.0,1.0,1.0,1.0,114
66bed8099a1d4579e8b418ae,3h,2024-08-16 04:39:37.076000+00:00,2024-08-16 07:38:50.297000+00:00,1.0,1.0,1.0,1.0,115
66bed32d9973faa9d1330946,3h,2024-08-16 04:18:53.418000+00:00,2024-08-16 07:14:59.721000+00:00,1.0,1.0,1.0,1.0,116
66becfcd9973faa9d13305d6,3h,2024-08-16 04:04:29.038000+00:00,2024-08-16 07:03:03.529000+00:00,1.0,1.0,1.0,1.0,117
66becf759973faa9d13305c9,3h,2024-08-16 04:03:01.215000+00:00,2024-08-16 07:02:08.441000+00:00,1.0,1.0,1.0,1.0,118
66becef59973faa9d1330567,3h,2024-08-16 04:00:53.340000+00:00,2024-08-16 06:59:42.903000+00:00,1.0,1.0,1.0,1.0,119
66beceaa9973faa9d1330129,3h,2024-08-16 03:59:38.795000+00:00,2024-08-16 06:49:10.859000+00:00,1.0,1.0,1.0,1.0,120
66bece979973faa9d133011a,3h,2024-08-16 03:59:19.232000+00:00,2024-08-16 06:57:50.380000+00:00,1.0,1.0,1.0,1.0,121
65606d07f262a21f35ea4923,3h,2023-11-24 09:29:43.126000+00:00,2023-11-24 12:29:43.120000+00:00,1.0,1.0,1.0,1.0,122
6551a69ab2fe9632df0d5171,3h,2023-11-13 04:31:22.737000+00:00,2023-11-13 07:31:22.734000+00:00,1.0,1.0,1.0,1.0,123
64c4c52b553721daabdbadd1,3h,2023-07-05 05:30:34.136000+00:00,2023-07-05 10:56:56.314000+00:00,1.0,1.0,1.0,1.0,124
65180225322d5c0cf180ba76,3h,2023-09-30 11:10:29.327000+00:00,2023-09-30 14:10:29.322000+00:00,1.0,1.0,1.0,1.0,125
64c4c52b553721daabdbada0,3h,2023-07-25 01:02:46.743000+00:00,2023-07-25 04:02:46.731000+00:00,1.0,1.0,1.0,1.0,126
65b224fbf2e993f3dfe85049,3h,2024-01-25 09:08:11.218000+00:00,2024-01-25 12:08:11.202000+00:00,1.0,1.0,1.0,1.0,127
65a7c1929539e97b16261c90,3h,2024-01-17 12:01:22.534000+00:00,2024-01-18 04:00:00+00:00,1.0,1.0,1.0,1.0,128
65a10ef012c52b180d7498ea,3h,2024-01-12 10:05:36.865000+00:00,2024-01-12 13:05:36.836000+00:00,1.0,1.0,1.0,1.0,129
6597becb927203f4f8ac9097,3h,2024-01-05 08:33:15.856000+00:00,2024-01-05 11:33:15.852000+00:00,1.0,1.0,1.0,1.0,130
6597bb83927203f4f8ac9023,3h,2024-01-05 08:19:15.368000+00:00,2024-01-05 11:19:15.362000+00:00,1.0,1.0,1.0,1.0,131
651af178800f3e2419387ab5,3h,2023-10-02 16:36:08.038000+00:00,2023-10-03 04:00:00+00:00,1.0,1.0,1.0,1.0,132
6501e4c176b40276cd2cff44,3h,2023-09-13 16:35:13.909000+00:00,2023-09-14 04:00:00+00:00,1.0,1.0,1.0,1.0,133
652f7e794271b1bef68fb1f1,3h,2023-10-18 06:43:05.014000+00:00,2023-10-18 09:43:05.011000+00:00,1.0,1.0,1.0,1.0,134
64feb8bfa8ab4a4e94bff680,3h,2023-09-11 06:50:39.165000+00:00,2023-09-11 09:50:39.148000+00:00,1.0,1.0,1.0,1.0,135
64c4c52b553721daabdbae2e,3h,2023-05-25 03:22:51.304000+00:00,,,1.0,1.0,1.0,136
6530c75097e822e6c88e686e,3h,2023-10-19 06:06:08.892000+00:00,2023-10-19 09:06:08.889000+00:00,1.0,1.0,1.0,1.0,137
64c4c52b553721daabdbae18,3h,2023-06-02 06:52:29.809000+00:00,,,1.0,1.0,1.0,138
6523d46716fc92ef78cc9480,3h,2023-10-09 10:22:31.111000+00:00,2023-10-09 13:22:31.108000+00:00,1.0,1.0,1.0,1.0,139
64c4c52b553721daabdbadc1,3h,2023-07-11 03:06:36.483000+00:00,2023-07-11 06:06:36.480000+00:00,1.0,1.0,1.0,1.0,140
6520eac3edc6e7ed93cbe21f,3h,2023-10-07 05:21:08.001000+00:00,2023-10-07 08:21:07.997000+00:00,1.0,1.0,1.0,1.0,141
64d9922fcc7fc4cd66943bd5,3h,2023-08-14 02:32:15.843000+00:00,2023-08-14 05:32:15.829000+00:00,1.0,1.0,1.0,1.0,142
64c8a2afe6da5a9aaea66ea3,3h,2023-08-01 06:14:07.610000+00:00,2023-08-01 09:14:07.608000+00:00,1.0,1.0,1.0,1.0,143
651a7ff6800f3e2419386f7f,3h,2023-10-02 08:31:50.875000+00:00,2023-10-02 11:31:50.871000+00:00,1.0,1.0,1.0,1.0,144
64ed5a74d54ea638bcb4b407,3h,2023-08-29 02:39:48.432000+00:00,2023-08-29 05:39:48.427000+00:00,1.0,1.0,1.0,1.0,145
66bd88859973faa9d132e8ae,3h,2024-08-15 04:48:05.178000+00:00,2024-08-15 07:46:25.393000+00:00,1.0,1.0,1.0,1.0,146
66bd881e9973faa9d132e8a2,3h,2024-08-15 04:46:23.022000+00:00,2024-08-15 07:45:24.821000+00:00,1.0,1.0,1.0,1.0,147
66bd87e29973faa9d132e88c,3h,2024-08-15 04:45:22.672000+00:00,2024-08-15 07:44:18.759000+00:00,1.0,1.0,1.0,1.0,148
66bd84639973faa9d132e294,3h,2024-08-15 04:30:27.859000+00:00,2024-08-15 07:29:46.341000+00:00,1.0,1.0,1.0,1.0,149
66bd760a9973faa9d132dafd,3h,2024-08-15 03:29:14.186000+00:00,2024-08-15 06:27:40.606000+00:00,1.0,1.0,1.0,1.0,150
66bd5ba59973faa9d132d9a8,3h,2024-08-15 01:36:37.983000+00:00,2024-08-15 04:35:42.005000+00:00,1.0,1.0,1.0,1.0,151
6523914416fc92ef78cc894c,3h,2023-10-09 05:36:04.457000+00:00,2023-10-09 08:36:04.451000+00:00,1.0,1.0,1.0,1.0,152
64c4c52b553721daabdbade2,3h,2023-06-24 10:08:55.942000+00:00,,,1.0,1.0,1.0,153
64c4c52b553721daabdbadb9,3h,2023-07-15 06:30:38.401000+00:00,2023-07-15 09:30:38.398000+00:00,1.0,1.0,1.0,1.0,154
64e2dc05bdd1b2d3e85f790b,3h,2023-08-21 03:37:41.084000+00:00,2023-08-21 06:37:41.062000+00:00,1.0,1.0,1.0,1.0,155
651a42f1322d5c0cf180c25d,3h,2023-10-02 04:11:29.145000+00:00,2023-10-02 07:11:29.143000+00:00,1.0,1.0,1.0,1.0,156
65b081701bce2f41362e0c2e,3h,2024-01-24 03:18:08.957000+00:00,2024-01-24 06:18:08.952000+00:00,1.0,1.0,1.0,1.0,157
65b7278d624c8e2168d06701,3h,2024-01-29 04:20:29.165000+00:00,2024-01-29 07:20:29.151000+00:00,1.0,1.0,1.0,1.0,158
659391a982e4f564d2329c04,3h,2024-01-02 04:31:37.564000+00:00,2024-01-02 07:31:37.519000+00:00,1.0,1.0,1.0,1.0,159
6595345ec93fc5b0ee38c9c4,3h,2024-01-03 10:18:06.486000+00:00,2024-01-03 13:18:06.480000+00:00,1.0,1.0,1.0,1.0,160
65850ad757fb10f190e0fc2e,3h,2023-12-22 04:04:39.495000+00:00,2023-12-22 07:04:39.491000+00:00,1.0,1.0,1.0,1.0,161
65055eac39a237688acc6045,3h,2023-09-16 07:52:12.902000+00:00,2023-09-16 10:52:12.899000+00:00,1.0,1.0,1.0,1.0,162
64c4c52b553721daabdbadea,3h,2023-06-22 06:56:04.299000+00:00,,,1.0,1.0,1.0,163
64c4c52b553721daabdbadee,3h,2023-06-20 05:15:08.574000+00:00,,,1.0,1.0,1.0,164
64c4c52b553721daabdbae14,3h,2023-06-03 11:04:24.643000+00:00,,,1.0,1.0,1.0,165
64c4c52b553721daabdbae24,3h,2023-05-30 09:18:42.710000+00:00,,,1.0,1.0,1.0,166
6524f69816fc92ef78cca34b,3h,2023-10-10 07:00:40.022000+00:00,2023-10-10 10:00:40.016000+00:00,1.0,1.0,1.0,1.0,167
6514f42f9ac8e87ef9415b0f,3h,2023-09-28 03:34:07.328000+00:00,2023-09-28 06:34:07.324000+00:00,1.0,1.0,1.0,1.0,168
64c4c52b553721daabdbae26,3h,2023-05-30 05:02:34.713000+00:00,,,1.0,1.0,1.0,169
64cb3e2fbc14fb4a0231373b,3h,2023-08-03 05:42:08.004000+00:00,2023-08-03 08:42:07.987000+00:00,1.0,1.0,1.0,1.0,170
650178d3f181bf03ea1a9d9f,3h,2023-09-13 08:54:43.356000+00:00,2023-09-13 11:54:43.346000+00:00,1.0,1.0,1.0,1.0,171
64ca1cfb7c56bad8f892b378,3h,2023-08-02 09:08:11.893000+00:00,2023-08-02 12:08:11.883000+00:00,1.0,1.0,1.0,1.0,172
66bc494d7cb3f11298e46f2f,ban_tai_nhanh,2024-08-14 06:06:05.461000+00:00,2024-08-14 09:06:05.440000+00:00,1.0,1.0,1.0,1.0,173
66bc34ba7cb3f11298e465ae,3h,2024-08-14 04:38:19.072000+00:00,2024-08-14 07:37:27.695000+00:00,1.0,1.0,1.0,1.0,174
66bc33f97cb3f11298e46180,3h,2024-08-14 04:35:05.632000+00:00,2024-08-14 07:33:14.829000+00:00,1.0,1.0,1.0,1.0,175
66bc2e787cb3f11298e460d6,3h,2024-08-14 04:11:36.029000+00:00,2024-08-14 07:08:58.558000+00:00,1.0,1.0,1.0,1.0,176
66bc2d797cb3f11298e45c95,3h,2024-08-14 04:07:21.937000+00:00,2024-08-14 07:01:38.787000+00:00,1.0,1.0,1.0,1.0,177
66bc2be07cb3f11298e45800,3h,2024-08-14 04:00:32.448000+00:00,2024-08-14 06:53:23.073000+00:00,1.0,1.0,1.0,1.0,178
66bc2b8f0f42ac1ad11cb354,3h,2024-08-14 03:59:11.860000+00:00,2024-08-14 06:58:17.150000+00:00,1.0,1.0,1.0,1.0,179
66bc295e7cb3f11298e4516d,3h,2024-08-14 03:49:50.378000+00:00,2024-08-14 06:48:51.597000+00:00,1.0,1.0,1.0,1.0,180
66bc28757cb3f11298e44cb3,3h,2024-08-14 03:45:57.820000+00:00,2024-08-14 06:45:03.807000+00:00,1.0,1.0,1.0,1.0,181
66bc21097cb3f11298e44c2c,3h,2024-08-14 03:14:17.667000+00:00,2024-08-14 06:12:47.076000+00:00,1.0,1.0,1.0,1.0,182
66bb348f0f42ac1ad11cb2c2,3h,2024-08-13 10:25:19.735000+00:00,2024-08-13 13:24:31.917000+00:00,1.0,1.0,1.0,1.0,183
66bad1d17cb3f11298e431e9,3h,2024-08-13 03:24:01.651000+00:00,2024-08-13 06:23:28.082000+00:00,1.0,1.0,1.0,1.0,184
66bacfe87cb3f11298e42dc0,3h,2024-08-13 03:15:53.027000+00:00,2024-08-13 06:15:15.993000+00:00,1.0,1.0,1.0,1.0,185
66bacfa37cb3f11298e42db0,3h,2024-08-13 03:14:43.205000+00:00,2024-08-13 06:13:03.073000+00:00,1.0,1.0,1.0,1.0,186
651d0b8ba9c2631ec9e10198,3h,2023-10-04 06:51:55.476000+00:00,2023-10-04 09:51:55.474000+00:00,1.0,1.0,1.0,1.0,187
64ffc19f1680ceedb2876eb2,3h,2023-09-12 01:40:47.307000+00:00,2023-09-12 04:40:47.296000+00:00,1.0,1.0,1.0,1.0,188
64faade2e3ba32dbf7039613,3h,2023-09-08 05:15:14.661000+00:00,2023-09-08 08:15:14.645000+00:00,1.0,1.0,1.0,1.0,189
64f70713061258eb78b2b69f,3h,2023-09-05 10:46:43.015000+00:00,2023-09-05 13:46:43.007000+00:00,1.0,1.0,1.0,1.0,190
650bfdbed9e53014149e8568,3h,2023-09-21 08:24:30.697000+00:00,2023-09-21 11:24:30.688000+00:00,1.0,1.0,1.0,1.0,191
650d16e250fdce3fe1b10012,3h,2023-09-22 04:24:02.457000+00:00,2023-09-22 07:24:02.406000+00:00,1.0,1.0,1.0,1.0,192
65210439edc6e7ed93cbe5ac,3h,2023-10-07 07:09:45.572000+00:00,2023-10-07 10:09:45.568000+00:00,1.0,1.0,1.0,1.0,193
65685062852af0bbec46dd6f,3h,2023-11-30 09:05:38.015000+00:00,2023-11-30 12:05:38.008000+00:00,1.0,1.0,1.0,1.0,194
64c4c52b553721daabdbade9,3h,2023-06-22 07:03:18.079000+00:00,,,1.0,1.0,1.0,195
64e84137d54ea638bcb4a116,3h,2023-08-25 05:50:47.935000+00:00,2023-08-25 08:50:47.928000+00:00,1.0,1.0,1.0,1.0,196
65740fba12e961a55ca02a50,3h,2023-12-09 06:56:58.298000+00:00,2023-12-09 09:56:58.295000+00:00,1.0,1.0,1.0,1.0,197
64e96049d54ea638bcb4a594,3h,2023-08-26 02:15:37.311000+00:00,2023-08-26 05:15:37.292000+00:00,1.0,1.0,1.0,1.0,198
64c4c52b553721daabdbadb7,3h,2023-07-17 08:50:19.757000+00:00,2023-07-17 11:50:19.753000+00:00,1.0,1.0,1.0,1.0,199
64c4c52b553721daabdbad99,3h,2023-07-26 03:18:16.328000+00:00,2023-07-26 06:18:16.325000+00:00,1.0,1.0,1.0,1.0,200
64c4c52b553721daabdbae2c,3h,2023-05-26 00:46:20.210000+00:00,,,1.0,1.0,1.0,201
64f026a6d54ea638bcb4bd32,3h,2023-08-31 05:35:34.269000+00:00,2023-08-31 08:35:34.262000+00:00,1.0,1.0,1.0,1.0,202
64c4c52b553721daabdbae35,3h,2023-05-22 11:00:36.328000+00:00,,,1.0,1.0,1.0,203
64c4c52b553721daabdbad98,3h,2023-07-26 03:19:48.415000+00:00,2023-07-26 06:19:48.413000+00:00,1.0,1.0,1.0,1.0,204
6554acdc09f80bbb53258cf4,3h,2023-11-15 11:34:52.580000+00:00,2023-11-16 04:00:00+00:00,1.0,1.0,1.0,1.0,205
66bacf3c7cb3f11298e42da7,3h,2024-08-13 03:13:00.069000+00:00,2024-08-13 06:06:10.318000+00:00,1.0,1.0,1.0,1.0,206
66bacd9f7cb3f11298e42d90,3h,2024-08-13 03:06:07.437000+00:00,2024-08-13 05:57:58.192000+00:00,1.0,1.0,1.0,1.0,207
66bacbac7cb3f11298e42d69,3h,2024-08-13 02:57:48.650000+00:00,2024-08-13 05:54:22.459000+00:00,1.0,1.0,1.0,1.0,208
66bacada7cb3f11298e42940,3h,2024-08-13 02:54:18.196000+00:00,2024-08-13 05:52:39.873000+00:00,1.0,1.0,1.0,1.0,209
66baca4e7cb3f11298e42933,3h,2024-08-13 02:51:59.007000+00:00,2024-08-13 05:49:57.266000+00:00,1.0,1.0,1.0,1.0,210
66bac5c77cb3f11298e428d8,3h,2024-08-13 02:32:39.185000+00:00,2024-08-13 05:31:09.285000+00:00,1.0,1.0,1.0,1.0,211
66bac56a7cb3f11298e428ce,3h,2024-08-13 02:31:06.670000+00:00,2024-08-13 05:18:35.033000+00:00,1.0,1.0,1.0,1.0,212
66bac1527cb3f11298e42891,3h,2024-08-13 02:13:38.856000+00:00,2024-08-13 05:12:04.825000+00:00,1.0,1.0,1.0,1.0,213
66bab4a67cb3f11298e42097,3h,2024-08-13 01:19:34.281000+00:00,2024-08-13 04:16:10.076000+00:00,1.0,1.0,1.0,1.0,214
66b9ceea0f42ac1ad11cafd7,3h,2024-08-12 08:59:22.673000+00:00,2024-08-12 11:58:54.333000+00:00,1.0,1.0,1.0,1.0,215
66b9c05c7cb3f11298e40e11,3h,2024-08-12 07:57:16.594000+00:00,2024-08-12 10:56:36.943000+00:00,1.0,1.0,1.0,1.0,216
66b9adb10f42ac1ad11caf84,3h,2024-08-12 06:37:37.159000+00:00,2024-08-12 09:37:19.360000+00:00,1.0,1.0,1.0,1.0,217
66b98d867cb3f11298e40187,3h,2024-08-12 04:20:23.268000+00:00,2024-08-12 07:19:43.765000+00:00,1.0,1.0,1.0,1.0,218
66b981fc7cb3f11298e4002a,3h,2024-08-12 03:31:08.052000+00:00,2024-08-12 06:26:19.868000+00:00,1.0,1.0,1.0,1.0,219
64c4c52b553721daabdbadf9,3h,2023-06-14 08:26:09.072000+00:00,,,1.0,1.0,1.0,220
64d06d8fd97c6216cdaa2b8f,3h,2023-08-07 04:05:35.097000+00:00,2023-08-07 07:05:35.094000+00:00,1.0,1.0,1.0,1.0,221
64c4c52b553721daabdbadfd,3h,2023-06-12 05:14:40.293000+00:00,,,1.0,1.0,1.0,222
64c4c52b553721daabdbada1,3h,2023-07-24 06:43:23.463000+00:00,2023-07-24 09:43:23.456000+00:00,1.0,1.0,1.0,1.0,223
64d9b0f2cc7fc4cd66943cc0,3h,2023-08-14 04:43:30.655000+00:00,2023-08-14 07:43:30.642000+00:00,1.0,1.0,1.0,1.0,224
64c4c52b553721daabdbada3,3h,2023-07-22 11:10:08.282000+00:00,2023-07-22 14:10:08.280000+00:00,1.0,1.0,1.0,1.0,225
64df0c72212447b4203bddc2,3h,2023-08-18 06:15:14.945000+00:00,2023-08-18 09:15:14.934000+00:00,1.0,1.0,1.0,1.0,226
64c4c52b553721daabdbae17,3h,2023-06-02 07:31:41.671000+00:00,,,1.0,1.0,1.0,227
65291679c57198e078778099,3h,2023-10-13 10:05:45.914000+00:00,2023-10-13 13:05:45.910000+00:00,1.0,1.0,1.0,1.0,228
64ddbbec808368aa1ed78d9a,3h,2023-08-17 06:19:24.997000+00:00,2023-08-17 09:19:24.971000+00:00,1.0,1.0,1.0,1.0,229
64c4c52b553721daabdbae10,3h,2023-06-05 06:26:43.229000+00:00,,,1.0,1.0,1.0,230
652d1da7fb4ed6645c99525d,3h,2023-10-16 11:25:27.087000+00:00,2023-10-16 14:25:27.082000+00:00,1.0,1.0,1.0,1.0,231
65125ea5452644c9037c6177,3h,2023-09-26 04:31:33.398000+00:00,2023-09-26 07:31:33.388000+00:00,1.0,1.0,1.0,1.0,232
64c4c52b553721daabdbae44,3h,2023-05-16 09:47:35.206000+00:00,,,1.0,1.0,1.0,233
64c4c52b553721daabdbae0e,3h,2023-06-06 05:33:01.166000+00:00,,,1.0,1.0,1.0,234
66b980d87cb3f11298e3fbbd,3h,2024-08-12 03:26:16.877000+00:00,2024-08-12 06:09:03.855000+00:00,1.0,1.0,1.0,1.0,235
66b97eec7cb3f11298e3fb87,3h,2024-08-12 03:18:04.170000+00:00,2024-08-12 06:14:47.640000+00:00,1.0,1.0,1.0,1.0,236
66b743d67cb3f11298e3e917,3h,2024-08-10 10:41:27.061000+00:00,2024-08-10 13:40:55.959000+00:00,1.0,1.0,1.0,1.0,237
66b734f77cb3f11298e3e840,3h,2024-08-10 09:37:59.180000+00:00,2024-08-10 12:36:19.471000+00:00,1.0,1.0,1.0,1.0,238
66b717c37cb3f11298e3cc38,3h,2024-08-10 07:33:23.792000+00:00,2024-08-10 10:31:58.584000+00:00,1.0,1.0,1.0,1.0,239
66b6f6ea7cb3f11298e3bee6,3h,2024-08-10 05:13:14.093000+00:00,2024-08-10 08:12:25.379000+00:00,1.0,1.0,1.0,1.0,240
66b6edad7cb3f11298e3b88f,3h,2024-08-10 04:33:49.829000+00:00,2024-08-10 07:32:28.573000+00:00,1.0,1.0,1.0,1.0,241
66b6ed487cb3f11298e3b495,3h,2024-08-10 04:32:08.143000+00:00,2024-08-10 07:31:16.232000+00:00,1.0,1.0,1.0,1.0,242
66b6ecff7cb3f11298e3b484,3h,2024-08-10 04:30:55.740000+00:00,2024-08-10 07:26:58.418000+00:00,1.0,1.0,1.0,1.0,243
66b6eb687cb3f11298e3b379,3h,2024-08-10 04:24:08.720000+00:00,2024-08-10 07:22:24.880000+00:00,1.0,1.0,1.0,1.0,244
66b6ea627cb3f11298e3b33c,3h,2024-08-10 04:19:46.661000+00:00,2024-08-10 07:16:43.594000+00:00,1.0,1.0,1.0,1.0,245
66b6e98a7cb3f11298e3b31f,3h,2024-08-10 04:16:10.384000+00:00,2024-08-10 07:15:01.520000+00:00,1.0,1.0,1.0,1.0,246
66b6e87c7cb3f11298e3b2e3,3h,2024-08-10 04:11:40.699000+00:00,2024-08-10 07:07:00.771000+00:00,1.0,1.0,1.0,1.0,247
66b6e7367cb3f11298e3aee8,3h,2024-08-10 04:06:14.354000+00:00,2024-08-10 07:05:10.162000+00:00,1.0,1.0,1.0,1.0,248
65b72b44624c8e2168d0695d,3h,2024-01-29 04:36:20.682000+00:00,2024-01-29 07:36:20.678000+00:00,1.0,1.0,1.0,1.0,249
65b894e75804904ade2edac5,3h,2024-01-30 06:19:19.880000+00:00,2024-01-30 09:19:19.874000+00:00,1.0,1.0,1.0,1.0,250
65a600909539e97b16261367,3h,2024-01-16 04:05:36.200000+00:00,2024-01-16 07:05:36.195000+00:00,1.0,1.0,1.0,1.0,251
6554ac9109f80bbb53258cdc,3h,2023-11-15 11:33:37.622000+00:00,2023-11-16 04:00:00+00:00,1.0,1.0,1.0,1.0,252
6554451009f80bbb53257848,3h,2023-11-15 04:12:00.425000+00:00,2023-11-15 07:12:00.418000+00:00,1.0,1.0,1.0,1.0,253
64c4c52b553721daabdbae04,3h,2023-06-08 04:13:31.099000+00:00,,,1.0,1.0,1.0,254
65277b589f3a817aaf29670a,3h,2023-10-12 04:51:36.031000+00:00,2023-10-12 07:51:36.023000+00:00,1.0,1.0,1.0,1.0,255
64c4c52b553721daabdbae48,3h,2023-05-13 02:29:33.571000+00:00,,,1.0,1.0,1.0,256
6514f5069ac8e87ef9415b56,3h,2023-09-28 03:37:42.182000+00:00,2023-09-28 06:37:42.179000+00:00,1.0,1.0,1.0,1.0,257
650c272bd547002b39c74506,3h,2023-09-21 11:21:15.470000+00:00,2023-09-21 14:21:15.415000+00:00,1.0,1.0,1.0,1.0,258
652287c606af5c02eb33976f,3h,2023-10-08 10:43:18.011000+00:00,2023-10-09 04:00:00+00:00,1.0,1.0,1.0,1.0,259
654322f8c3d975fe7dbe3a22,3h,2023-11-02 04:18:00.724000+00:00,2023-11-02 07:18:00.720000+00:00,1.0,1.0,1.0,1.0,260
652f6a9a4271b1bef68fab7e,3h,2023-10-18 05:18:18.843000+00:00,2023-10-18 08:18:18.839000+00:00,1.0,1.0,1.0,1.0,261
651bb49a3d40ccc43b67132d,3h,2023-10-03 06:28:42.016000+00:00,2023-10-03 09:28:42.011000+00:00,1.0,1.0,1.0,1.0,262
64dae0b07a2b374485fc2aa0,3h,2023-08-15 02:19:28.447000+00:00,2023-08-15 05:19:28.425000+00:00,1.0,1.0,1.0,1.0,263
64c4c52b553721daabdbae32,3h,2023-05-23 03:35:38.969000+00:00,,,1.0,1.0,1.0,264
64c4c52b553721daabdbad95,3h,2023-07-29 04:07:49.504000+00:00,2023-07-29 07:07:49.496000+00:00,1.0,1.0,1.0,1.0,265
64c4c52b553721daabdbadce,3h,2023-07-06 04:31:19.357000+00:00,2023-07-06 07:31:19.351000+00:00,1.0,1.0,1.0,1.0,266
653f4a3b09fa7bc8f50138c9,3h,2023-10-30 06:16:27.871000+00:00,2023-10-30 09:16:27.866000+00:00,1.0,1.0,1.0,1.0,267
64c4c52b553721daabdbadc9,3h,2023-07-07 03:41:28.067000+00:00,2023-07-07 06:41:28.062000+00:00,1.0,1.0,1.0,1.0,268
66b6e2677cb3f11298e3ad85,3h,2024-08-10 03:45:43.317000+00:00,2024-08-10 06:27:43.923000+00:00,1.0,1.0,1.0,1.0,269
66b6d24b7cb3f11298e3aaec,3h,2024-08-10 02:36:59.733000+00:00,2024-08-10 05:33:05.044000+00:00,1.0,1.0,1.0,1.0,270
66b64f327cb3f11298e39e19,3h,2024-08-09 17:17:38.813000+00:00,2024-08-10 04:00:00+00:00,1.0,1.0,1.0,1.0,271
66b64d3e7cb3f11298e39dff,3h,2024-08-09 17:09:18.671000+00:00,2024-08-10 04:00:00+00:00,1.0,1.0,1.0,1.0,272
66b5b4447cb3f11298e3863c,3h,2024-08-09 06:16:36.887000+00:00,2024-08-09 09:15:24.590000+00:00,1.0,1.0,1.0,1.0,273
66b5af8b7cb3f11298e38476,3h,2024-08-09 05:56:27.280000+00:00,2024-08-09 08:54:44.514000+00:00,1.0,1.0,1.0,1.0,274
66b5af1a7cb3f11298e38448,3h,2024-08-09 05:54:34.270000+00:00,2024-08-09 08:44:18.082000+00:00,1.0,1.0,1.0,1.0,275
66b5a06d7cb3f11298e37fc0,3h,2024-08-09 04:51:57.806000+00:00,2024-08-09 07:50:34.994000+00:00,1.0,1.0,1.0,1.0,276
66b58edf7cb3f11298e37bea,3h,2024-08-09 03:37:03.066000+00:00,2024-08-09 06:33:01.680000+00:00,1.0,1.0,1.0,1.0,277
66b58e557cb3f11298e37bcd,3h,2024-08-09 03:34:45.659000+00:00,2024-08-09 06:31:58.812000+00:00,1.0,1.0,1.0,1.0,278
66b58c807cb3f11298e37ba1,3h,2024-08-09 03:26:56.183000+00:00,2024-08-09 06:24:32.819000+00:00,1.0,1.0,1.0,1.0,279
66b58b477cb3f11298e37b88,3h,2024-08-09 03:21:43.752000+00:00,2024-08-09 06:20:18.441000+00:00,1.0,1.0,1.0,1.0,280
66b589047cb3f11298e37790,3h,2024-08-09 03:12:05.074000+00:00,2024-08-09 06:08:42.056000+00:00,1.0,1.0,1.0,1.0,281
66b588377cb3f11298e37782,3h,2024-08-09 03:08:39.411000+00:00,2024-08-09 06:04:05.230000+00:00,1.0,1.0,1.0,1.0,282
66b471827cb3f11298e3566f,3h,2024-08-08 07:19:30.265000+00:00,2024-08-08 10:17:29.172000+00:00,1.0,1.0,1.0,1.0,283
66b46d6a7cb3f11298e35520,3h,2024-08-08 07:02:02.387000+00:00,2024-08-08 10:01:03.221000+00:00,1.0,1.0,1.0,1.0,284
66b46a517cb3f11298e35463,3h,2024-08-08 06:48:49.265000+00:00,2024-08-08 09:48:03.031000+00:00,1.0,1.0,1.0,1.0,285
64c4c52b553721daabdbada2,3h,2023-07-24 06:15:04.840000+00:00,2023-07-24 09:15:04.816000+00:00,1.0,1.0,1.0,1.0,286
64e9c7d5d54ea638bcb4ac8b,3h,2023-08-26 09:37:25.994000+00:00,2023-08-26 12:37:25.987000+00:00,1.0,1.0,1.0,1.0,287
64c4c52b553721daabdbade8,3h,2023-06-22 09:19:32.730000+00:00,,,1.0,1.0,1.0,288
651aa8bd800f3e24193873f6,3h,2023-10-02 11:25:49.744000+00:00,2023-10-02 14:25:49.739000+00:00,1.0,1.0,1.0,1.0,289
64c4c52b553721daabdbae45,3h,2023-05-16 08:09:35.150000+00:00,,,1.0,1.0,1.0,290
64c4c52b553721daabdbae25,3h,2023-05-30 05:04:57.972000+00:00,,,1.0,1.0,1.0,291
64c4c52b553721daabdbae03,3h,2023-06-09 03:55:55.259000+00:00,,,1.0,1.0,1.0,292
653e58a809fa7bc8f5013371,3h,2023-10-29 13:05:44.829000+00:00,2023-10-30 04:00:00+00:00,1.0,1.0,1.0,1.0,293
64cb793424a2974115b26527,3h,2023-08-03 09:53:56.592000+00:00,2023-08-03 12:53:56.587000+00:00,1.0,1.0,1.0,1.0,294
64c4c52b553721daabdbae4c,3h,2023-05-12 04:53:47.017000+00:00,,,1.0,1.0,1.0,295
64c787f3e6da5a9aaea66b18,3h,2023-07-31 10:07:47.521000+00:00,2023-07-31 13:07:47.510000+00:00,1.0,1.0,1.0,1.0,296
64d5fc41d708e9dbe89375f9,3h,2023-08-11 09:15:45.582000+00:00,2023-08-11 12:15:45.565000+00:00,1.0,1.0,1.0,1.0,297
64c4c52b553721daabdbae02,3h,2023-06-09 04:32:03.107000+00:00,,,1.0,1.0,1.0,298
64c4c52b553721daabdbad9e,3h,2023-07-25 06:21:27.551000+00:00,2023-07-25 09:21:27.546000+00:00,1.0,1.0,1.0,1.0,299
65a4e45c12c52b180d74b013,3h,2024-01-15 07:53:00.523000+00:00,2024-01-15 10:53:00.520000+00:00,1.0,1.0,1.0,1.0,300
65ade6904f40997642655e0e,3h,2024-01-22 03:52:48.264000+00:00,2024-01-22 06:52:48.261000+00:00,1.0,1.0,1.0,1.0,301
65b7494d624c8e2168d072f9,3h,2024-01-29 06:44:29.675000+00:00,2024-01-29 09:44:29.671000+00:00,1.0,1.0,1.0,1.0,302
65b7037f2853ec33a9a3ab83,3h,2024-01-29 01:46:39.522000+00:00,2024-01-29 04:46:39.514000+00:00,1.0,1.0,1.0,1.0,303
66b4689a7cb3f11298e3543e,3h,2024-08-08 06:41:30.381000+00:00,2024-08-08 09:37:01.844000+00:00,1.0,1.0,1.0,1.0,304
66b461ed0f42ac1ad11ca378,3h,2024-08-08 06:13:01.481000+00:00,2024-08-08 09:12:32.466000+00:00,1.0,1.0,1.0,1.0,305
66b460207cb3f11298e35196,3h,2024-08-08 06:05:20.920000+00:00,2024-08-08 09:04:44.158000+00:00,1.0,1.0,1.0,1.0,306
66b45f0e0f42ac1ad11ca340,3h,2024-08-08 06:00:46.172000+00:00,2024-08-08 08:58:18.308000+00:00,1.0,1.0,1.0,1.0,307
66b4564c7cb3f11298e34ff7,3h,2024-08-08 05:23:24.116000+00:00,2024-08-08 08:22:11.418000+00:00,1.0,1.0,1.0,1.0,308
66b4447b7cb3f11298e34b81,3h,2024-08-08 04:07:23.153000+00:00,2024-08-08 07:06:20.082000+00:00,1.0,1.0,1.0,1.0,309
66b4438b7cb3f11298e346a9,3h,2024-08-08 04:03:24.072000+00:00,2024-08-08 07:02:23.934000+00:00,1.0,1.0,1.0,1.0,310
66b4432e7cb3f11298e3469e,3h,2024-08-08 04:01:50.638000+00:00,2024-08-08 07:00:33.097000+00:00,1.0,1.0,1.0,1.0,311
66b441337cb3f11298e33e7d,3h,2024-08-08 03:53:23.166000+00:00,2024-08-08 06:51:55.965000+00:00,1.0,1.0,1.0,1.0,312
66b43b797cb3f11298e33e32,3h,2024-08-08 03:28:57.683000+00:00,2024-08-08 06:24:08.877000+00:00,1.0,1.0,1.0,1.0,313
66b4354d7cb3f11298e33dbd,3h,2024-08-08 03:02:37.268000+00:00,2024-08-08 06:00:06.480000+00:00,1.0,1.0,1.0,1.0,314
66b434b37cb3f11298e33d8d,3h,2024-08-08 03:00:03.342000+00:00,2024-08-08 05:58:21.766000+00:00,1.0,1.0,1.0,1.0,315
66b433587cb3f11298e33d66,3h,2024-08-08 02:54:16.574000+00:00,2024-08-08 05:52:40.648000+00:00,1.0,1.0,1.0,1.0,316
651694a2322d5c0cf180b254,3h,2023-09-29 09:10:58.056000+00:00,2023-09-29 12:10:58.054000+00:00,1.0,1.0,1.0,1.0,317
65167e50322d5c0cf180b08e,3h,2023-09-29 07:35:44.999000+00:00,2023-09-29 10:35:44.997000+00:00,1.0,1.0,1.0,1.0,318
64c4c52b553721daabdbadf0,3h,2023-06-19 10:52:25.863000+00:00,,,1.0,1.0,1.0,319
65166875322d5c0cf180ab1f,3h,2023-09-29 06:02:29.298000+00:00,2023-09-29 09:02:29.285000+00:00,1.0,1.0,1.0,1.0,320
64ce242b34b7486f81d47227,3h,2023-08-05 10:27:55.454000+00:00,2023-08-05 13:27:55.450000+00:00,1.0,1.0,1.0,1.0,321
65618b0df262a21f35ea5a2d,3h,2023-11-25 05:50:05.513000+00:00,2023-11-25 08:50:05.510000+00:00,1.0,1.0,1.0,1.0,322
655878d64c450e5d893bfd97,3h,2023-11-18 08:41:58.383000+00:00,2023-11-18 11:41:58.380000+00:00,1.0,1.0,1.0,1.0,323
64c4c52b553721daabdbadb3,3h,2023-07-18 10:22:58.407000+00:00,2023-07-18 13:22:58.403000+00:00,1.0,1.0,1.0,1.0,324
64f6b2832c51260331e70266,3h,2023-09-05 04:45:55.427000+00:00,2023-09-05 07:45:55.410000+00:00,1.0,1.0,1.0,1.0,325
6501c60cf181bf03ea1aa97f,3h,2023-09-13 14:24:12.819000+00:00,2023-09-14 04:00:00+00:00,1.0,1.0,1.0,1.0,326
64ec1495d54ea638bcb4b03e,3h,2023-08-28 03:29:25.155000+00:00,2023-08-28 06:29:25.153000+00:00,1.0,1.0,1.0,1.0,327
64fadfcce3ba32dbf7039b6d,3h,2023-09-08 08:48:12.437000+00:00,2023-09-08 11:48:12.435000+00:00,1.0,1.0,1.0,1.0,328
64c4c52b553721daabdbadae,3h,2023-07-20 05:12:36.311000+00:00,2023-07-20 08:12:36.304000+00:00,1.0,1.0,1.0,1.0,329
64c4c52b553721daabdbadb4,3h,2023-07-18 09:46:58.951000+00:00,2023-07-18 12:46:58.943000+00:00,1.0,1.0,1.0,1.0,330
64e83179d54ea638bcb49f25,3h,2023-08-25 04:43:37.887000+00:00,2023-08-25 07:43:37.881000+00:00,1.0,1.0,1.0,1.0,331
64c4c52b553721daabdbae54,3h,2023-05-06 10:48:07.174000+00:00,,,1.0,1.0,1.0,332
65b1f545f2e993f3dfe84d78,3h,2024-01-25 05:44:37.849000+00:00,2024-01-25 08:44:37.845000+00:00,1.0,1.0,1.0,1.0,333
65aa0ca2c6210fb8fd1aa529,3h,2024-01-19 05:46:10.485000+00:00,2024-01-19 08:46:10.482000+00:00,1.0,1.0,1.0,1.0,334
64c4c52b553721daabdbade6,3h,2023-06-23 06:07:50.871000+00:00,,,1.0,1.0,1.0,335
64c4c52b553721daabdbadd9,3h,2023-06-30 04:46:08.725000+00:00,,,1.0,1.0,1.0,336
64c4c52b553721daabdbadb0,3h,2023-07-20 04:36:53.345000+00:00,2023-07-20 07:36:53.328000+00:00,1.0,1.0,1.0,1.0,337
64c4c52b553721daabdbadc0,3h,2023-07-11 08:15:20.381000+00:00,2023-07-11 11:15:20.370000+00:00,1.0,1.0,1.0,1.0,338
64c4c52b553721daabdbadd7,3h,2023-07-03 07:16:13.254000+00:00,,,1.0,1.0,1.0,339
64c4c52b553721daabdbadd3,3h,2023-07-04 07:15:46.306000+00:00,,,1.0,1.0,1.0,340
652783c99f3a817aaf2968e4,3h,2023-10-12 05:27:37.782000+00:00,2023-10-12 08:27:37.760000+00:00,1.0,1.0,1.0,1.0,341
64e86888d54ea638bcb4a2df,3h,2023-08-25 08:38:32.247000+00:00,2023-08-25 11:38:32.172000+00:00,1.0,1.0,1.0,1.0,342
6513c895452644c9037c7be6,3h,2023-09-27 06:15:49.011000+00:00,2023-09-27 09:15:49.003000+00:00,1.0,1.0,1.0,1.0,343
652f70244271b1bef68fada7,3h,2023-10-18 05:41:56.964000+00:00,2023-10-18 08:41:56.961000+00:00,1.0,1.0,1.0,1.0,344
655eeb226334442d4839f66b,3h,2023-11-23 06:03:14.402000+00:00,2023-11-23 09:03:14.398000+00:00,1.0,1.0,1.0,1.0,345
653ccfbebf08f60a7200336e,3h,2023-10-28 09:09:18.525000+00:00,2023-10-28 12:09:18.519000+00:00,1.0,1.0,1.0,1.0,346
6531f48697e822e6c88e7b15,3h,2023-10-20 03:31:18.881000+00:00,2023-10-20 06:31:18.875000+00:00,1.0,1.0,1.0,1.0,347
64c4c52b553721daabdbadf6,3h,2023-06-15 05:33:33.030000+00:00,,,1.0,1.0,1.0,348
64c4c52b553721daabdbae49,3h,2023-05-12 15:49:32.897000+00:00,,,1.0,1.0,1.0,349
6539d93b8ca97e4c0c4e5bab,3h,2023-10-26 03:12:59.644000+00:00,2023-10-26 06:12:59.640000+00:00,1.0,1.0,1.0,1.0,350
6507be0d39a237688acc68ca,3h,2023-09-18 03:03:41.206000+00:00,2023-09-18 06:03:41.188000+00:00,1.0,1.0,1.0,1.0,351
64d37708d44fb648be8f2ca4,3h,2023-08-09 11:22:48.082000+00:00,2023-08-09 14:22:48.072000+00:00,1.0,1.0,1.0,1.0,352
66b34bae7cb3f11298e3364a,3h,2024-08-07 10:25:50.221000+00:00,2024-08-07 13:25:15.287000+00:00,1.0,1.0,1.0,1.0,353
66b31f1e7cb3f11298e326bc,3h,2024-08-07 07:15:42.668000+00:00,2024-08-07 10:13:31.776000+00:00,1.0,1.0,1.0,1.0,354
66b30af87cb3f11298e3221f,3h,2024-08-07 05:49:44.469000+00:00,2024-08-07 08:45:56.427000+00:00,1.0,1.0,1.0,1.0,355
66b304517cb3f11298e31cd3,3h,2024-08-07 05:21:21.884000+00:00,2024-08-07 08:19:39.402000+00:00,1.0,1.0,1.0,1.0,356
66b2ecaa7cb3f11298e31553,3h,2024-08-07 03:40:27.040000+00:00,2024-08-07 06:38:33.130000+00:00,1.0,1.0,1.0,1.0,357
66b2e7807cb3f11298e313d1,3h,2024-08-07 03:18:24.416000+00:00,2024-08-07 06:15:22.266000+00:00,1.0,1.0,1.0,1.0,358
66b2e6c77cb3f11298e313c5,3h,2024-08-07 03:15:19.399000+00:00,2024-08-07 06:14:28.142000+00:00,1.0,1.0,1.0,1.0,359
66b2e4c241dd95a0cd97ad47,3h,2024-08-07 03:06:42.162000+00:00,2024-08-07 06:01:37.327000+00:00,1.0,1.0,1.0,1.0,360
65b494073c0096cac1ea2690,3h,2024-01-27 05:26:31.702000+00:00,2024-01-27 08:26:31.660000+00:00,1.0,1.0,1.0,1.0,361
65b86e635804904ade2ed4a4,3h,2024-01-30 03:34:59.831000+00:00,2024-01-30 06:34:59.826000+00:00,1.0,1.0,1.0,1.0,362
6581540da5083abd7195b15c,3h,2023-12-19 08:27:57.355000+00:00,2023-12-19 11:27:57.343000+00:00,1.0,1.0,1.0,1.0,363
64c4c52b553721daabdbae01,3h,2023-06-09 09:38:22.370000+00:00,,,1.0,1.0,1.0,364
64c4c52b553721daabdbad96,3h,2023-07-28 08:26:36.036000+00:00,2023-07-28 11:26:36.010000+00:00,1.0,1.0,1.0,1.0,365
64e9ac11d54ea638bcb4a973,3h,2023-08-26 07:38:57.509000+00:00,2023-08-26 10:38:57.493000+00:00,1.0,1.0,1.0,1.0,366
64fecd0aa8ab4a4e94c000aa,3h,2023-09-11 08:17:14.777000+00:00,2023-09-11 11:17:14.766000+00:00,1.0,1.0,1.0,1.0,367
64fec5eea8ab4a4e94bffd88,3h,2023-09-11 07:46:54.441000+00:00,2023-09-11 10:46:54.425000+00:00,1.0,1.0,1.0,1.0,368
650a6ceb25b0bb2f15f65ffd,3h,2023-09-20 03:54:19.489000+00:00,2023-09-20 06:54:19.475000+00:00,1.0,1.0,1.0,1.0,369
655c628b6334442d4839e260,3h,2023-11-21 07:55:55.874000+00:00,2023-11-21 10:55:55.870000+00:00,1.0,1.0,1.0,1.0,370
6525170216fc92ef78cca7d7,3h,2023-10-10 09:18:58.383000+00:00,2023-10-10 12:18:58.381000+00:00,1.0,1.0,1.0,1.0,371
6532b9d597e822e6c88e8456,3h,2023-10-20 17:33:09.523000+00:00,2023-10-21 04:00:00+00:00,1.0,1.0,1.0,1.0,372
655b33496334442d4839d3fa,3h,2023-11-20 10:22:01.047000+00:00,2023-11-20 13:22:01.043000+00:00,1.0,1.0,1.0,1.0,373
64d9b1a4cc7fc4cd66943d0f,3h,2023-08-14 04:46:28.173000+00:00,2023-08-14 07:46:28.168000+00:00,1.0,1.0,1.0,1.0,374
64c4c52b553721daabdbae23,3h,2023-05-31 05:04:24.276000+00:00,,,1.0,1.0,1.0,375
64e2dbb9bdd1b2d3e85f7889,3h,2023-08-21 03:36:25.946000+00:00,2023-08-21 06:36:25.939000+00:00,1.0,1.0,1.0,1.0,376
64c8badb986a0959a53901be,3h,2023-08-01 07:57:15.480000+00:00,2023-08-01 10:57:15.474000+00:00,1.0,1.0,1.0,1.0,377
64c4c52b553721daabdbadd0,3h,2023-07-05 05:51:51.224000+00:00,,,1.0,1.0,1.0,378
64f7026c061258eb78b2b48f,3h,2023-09-05 10:26:52.352000+00:00,2023-09-05 13:26:52.346000+00:00,1.0,1.0,1.0,1.0,379
64f02712d54ea638bcb4bde6,3h,2023-08-31 05:37:22.295000+00:00,2023-08-31 08:37:22.288000+00:00,1.0,1.0,1.0,1.0,380
655c872e6334442d4839e699,3h,2023-11-21 10:32:14.401000+00:00,2023-11-21 13:32:14.398000+00:00,1.0,1.0,1.0,1.0,381
66b2e38841dd95a0cd979ecb,3h,2024-08-07 03:01:28.310000+00:00,2024-08-07 05:56:07.660000+00:00,1.0,1.0,1.0,1.0,382
66b2e1a441dd95a0cd979ea1,3h,2024-08-07 02:53:24.777000+00:00,2024-08-07 05:51:52.878000+00:00,1.0,1.0,1.0,1.0,383
66b1ce5341dd95a0cd97896b,3h,2024-08-06 07:18:43.402000+00:00,2024-08-06 10:16:56.427000+00:00,1.0,1.0,1.0,1.0,384
66b1c6db41dd95a0cd978787,3h,2024-08-06 06:46:51.398000+00:00,2024-08-06 09:45:28.678000+00:00,1.0,1.0,1.0,1.0,385
66b1c5aa41dd95a0cd978603,3h,2024-08-06 06:41:46.791000+00:00,2024-08-06 09:37:36.787000+00:00,1.0,1.0,1.0,1.0,386
66b1b07141dd95a0cd977755,3h,2024-08-06 05:11:13.193000+00:00,2024-08-06 08:09:35.617000+00:00,1.0,1.0,1.0,1.0,387
66b1afe941dd95a0cd9776fe,3h,2024-08-06 05:08:57.125000+00:00,2024-08-06 08:02:32.233000+00:00,1.0,1.0,1.0,1.0,388
66b1aef78bafc7aafe84102c,3h,2024-08-06 05:04:55.981000+00:00,2024-08-06 08:03:46.802000+00:00,1.0,1.0,1.0,1.0,389
66b1add041dd95a0cd97754b,3h,2024-08-06 05:00:00.637000+00:00,2024-08-06 07:58:56.292000+00:00,1.0,1.0,1.0,1.0,390
66b1ad7b41dd95a0cd9774fb,3h,2024-08-06 04:58:35.704000+00:00,2024-08-06 07:57:47.552000+00:00,1.0,1.0,1.0,1.0,391
66b1ac0c41dd95a0cd9774ae,3h,2024-08-06 04:52:28.872000+00:00,2024-08-06 07:51:31.579000+00:00,1.0,1.0,1.0,1.0,392
66b1a3a841dd95a0cd977312,3h,2024-08-06 04:16:40.843000+00:00,2024-08-06 07:15:19.034000+00:00,1.0,1.0,1.0,1.0,393
66b1a2f041dd95a0cd9772cb,3h,2024-08-06 04:13:36.868000+00:00,2024-08-06 07:10:44.092000+00:00,1.0,1.0,1.0,1.0,394
65a0c841cbdcf2dab653d953,3h,2024-01-12 05:04:01.590000+00:00,2024-01-12 08:04:01.586000+00:00,1.0,1.0,1.0,1.0,395
64c4c52b553721daabdbadda,3h,2023-06-30 04:43:38.081000+00:00,,,1.0,1.0,1.0,396
6574375a12e961a55ca02c69,3h,2023-12-09 09:46:02.398000+00:00,2023-12-09 12:46:02.396000+00:00,1.0,1.0,1.0,1.0,397
64c4c52b553721daabdbadad,3h,2023-07-20 09:43:12.474000+00:00,2023-07-20 12:43:12.466000+00:00,1.0,1.0,1.0,1.0,398
64c4c52b553721daabdbadbe,3h,2023-07-12 10:58:54.847000+00:00,2023-07-12 13:58:54.842000+00:00,1.0,1.0,1.0,1.0,399
66b1a22241dd95a0cd976f21,3h,2024-08-06 04:10:10.776000+00:00,2024-08-06 07:09:08.954000+00:00,1.0,1.0,1.0,1.0,400
66b1a12a41dd95a0cd976eec,3h,2024-08-06 04:06:02.092000+00:00,2024-08-06 06:59:58.795000+00:00,1.0,1.0,1.0,1.0,401
66b19f6d41dd95a0cd976e2b,3h,2024-08-06 03:58:37.163000+00:00,2024-08-06 06:56:43.761000+00:00,1.0,1.0,1.0,1.0,402
66b19dbe41dd95a0cd976d7a,3h,2024-08-06 03:51:26.755000+00:00,2024-08-06 06:49:01.310000+00:00,1.0,1.0,1.0,1.0,403
66b19d2941dd95a0cd976d23,3h,2024-08-06 03:48:57.493000+00:00,2024-08-06 06:38:36.760000+00:00,1.0,1.0,1.0,1.0,404
66b19ab241dd95a0cd976ca4,3h,2024-08-06 03:38:26.994000+00:00,2024-08-06 06:36:56.726000+00:00,1.0,1.0,1.0,1.0,405
66b189f641dd95a0cd976b84,3h,2024-08-06 02:27:02.068000+00:00,2024-08-06 05:24:50.595000+00:00,1.0,1.0,1.0,1.0,406
66b0a3fa41dd95a0cd976283,3h,2024-08-05 10:05:46.537000+00:00,2024-08-05 13:04:58.738000+00:00,1.0,1.0,1.0,1.0,407
66b08f1b41dd95a0cd976183,3h,2024-08-05 08:36:43.469000+00:00,2024-08-05 11:34:19.463000+00:00,1.0,1.0,1.0,1.0,408
66b04fac5555d7d11c91bba5,3h,2024-08-05 04:06:04.716000+00:00,2024-08-05 07:05:32.496000+00:00,1.0,1.0,1.0,1.0,409
66adf3943860c291622700ed,3h,2024-08-03 09:08:36.096000+00:00,2024-08-03 12:07:35.413000+00:00,1.0,1.0,1.0,1.0,410
66adeea441dd95a0cd973fa0,3h,2024-08-03 08:47:32.850000+00:00,2024-08-03 11:46:02.500000+00:00,1.0,1.0,1.0,1.0,411
66ade03f3860c291622700aa,3h,2024-08-03 07:46:07.127000+00:00,2024-08-03 10:44:20.886000+00:00,1.0,1.0,1.0,1.0,412
66adbd243860c2916227007c,3h,2024-08-03 05:16:20.758000+00:00,2024-08-03 08:14:39.221000+00:00,1.0,1.0,1.0,1.0,413
66adb98041dd95a0cd9735a4,3h,2024-08-03 05:00:48.898000+00:00,2024-08-03 07:59:08.177000+00:00,1.0,1.0,1.0,1.0,414
651a484a322d5c0cf180c361,3h,2023-10-02 04:34:18.703000+00:00,2023-10-02 07:34:18.698000+00:00,1.0,1.0,1.0,1.0,415
65263644d7babb76e24f01dd,3h,2023-10-11 05:44:36.192000+00:00,2023-10-11 08:44:36.184000+00:00,1.0,1.0,1.0,1.0,416
64eedc4dd54ea638bcb4b644,3h,2023-08-30 06:06:05.795000+00:00,2023-08-30 09:06:05.792000+00:00,1.0,1.0,1.0,1.0,417
6507b22e39a237688acc6728,3h,2023-09-18 02:13:03.007000+00:00,2023-09-18 05:13:02.966000+00:00,1.0,1.0,1.0,1.0,418
64d9b144cc7fc4cd66943cfb,3h,2023-08-14 04:44:52.861000+00:00,2023-08-14 07:44:52.854000+00:00,1.0,1.0,1.0,1.0,419
6524f72016fc92ef78cca375,3h,2023-10-10 07:02:56.251000+00:00,2023-10-10 10:02:56.246000+00:00,1.0,1.0,1.0,1.0,420
64ca25ee7c56bad8f892b4fc,3h,2023-08-02 09:46:22.606000+00:00,2023-08-02 12:46:22.604000+00:00,1.0,1.0,1.0,1.0,421
6522865306af5c02eb339682,3h,2023-10-08 10:37:07.933000+00:00,2023-10-09 04:00:00+00:00,1.0,1.0,1.0,1.0,422
651be53aa9c2631ec9e0f74c,3h,2023-10-03 09:56:10.893000+00:00,2023-10-03 12:56:10.888000+00:00,1.0,1.0,1.0,1.0,423
64c4c52b553721daabdbadac,3h,2023-07-20 09:45:43.070000+00:00,2023-07-20 12:45:43.067000+00:00,1.0,1.0,1.0,1.0,424
65b724ec624c8e2168d06423,3h,2024-01-29 04:09:16.120000+00:00,2024-01-29 07:09:16.116000+00:00,1.0,1.0,1.0,1.0,425
65b73287624c8e2168d06b86,3h,2024-01-29 05:07:19.625000+00:00,2024-01-29 08:07:19.619000+00:00,1.0,1.0,1.0,1.0,426
64c4c52b553721daabdbae11,3h,2023-06-04 07:57:06.883000+00:00,,,1.0,1.0,1.0,427
6538f2978ca97e4c0c4e57e2,3h,2023-10-25 10:48:55.210000+00:00,2023-10-25 13:48:55.206000+00:00,1.0,1.0,1.0,1.0,428
65544cf109f80bbb53257ef3,3h,2023-11-15 04:45:37.922000+00:00,2023-11-15 07:45:37.917000+00:00,1.0,1.0,1.0,1.0,429
65b4cbbf9e91084effb9e947,3h,2024-01-27 09:24:15.284000+00:00,2024-01-27 12:24:15.281000+00:00,1.0,1.0,1.0,1.0,430
659e18dcd56a6b4e86e2a739,3h,2024-01-10 04:11:08.755000+00:00,2024-01-10 07:11:08.753000+00:00,1.0,1.0,1.0,1.0,431
659e19abd56a6b4e86e2a7c8,3h,2024-01-10 04:14:35.209000+00:00,2024-01-10 07:14:35.207000+00:00,1.0,1.0,1.0,1.0,432
65114401452644c9037c560e,3h,2023-09-25 08:25:37.393000+00:00,2023-09-25 11:25:37.384000+00:00,1.0,1.0,1.0,1.0,433
651f828a88d44bf7e0792796,3h,2023-10-06 03:44:10.495000+00:00,2023-10-06 06:44:10.492000+00:00,1.0,1.0,1.0,1.0,434
653cd0a5bf08f60a7200343b,3h,2023-10-28 09:13:09.146000+00:00,2023-10-28 12:13:09.131000+00:00,1.0,1.0,1.0,1.0,435
64cdc8bc34b7486f81d46f72,3h,2023-08-05 03:57:48.074000+00:00,2023-08-05 06:57:48.066000+00:00,1.0,1.0,1.0,1.0,436
6516678b322d5c0cf180aab9,3h,2023-09-29 05:58:35.331000+00:00,2023-09-29 08:58:35.312000+00:00,1.0,1.0,1.0,1.0,437
65050d7439a237688acc5de5,3h,2023-09-16 02:05:40.910000+00:00,2023-09-16 05:05:40.901000+00:00,1.0,1.0,1.0,1.0,438
654bcf212a27777be2862ce6,3h,2023-11-08 18:10:41.643000+00:00,2023-11-09 04:00:00+00:00,1.0,1.0,1.0,1.0,439
64c4c52b553721daabdbadd6,3h,2023-07-03 07:53:10.428000+00:00,,,1.0,1.0,1.0,440
6513c8fb452644c9037c7c23,3h,2023-09-27 06:17:31.936000+00:00,2023-09-27 09:17:31.928000+00:00,1.0,1.0,1.0,1.0,441
66adaba141dd95a0cd97346a,3h,2024-08-03 04:01:37.902000+00:00,2024-08-03 07:00:17.027000+00:00,1.0,1.0,1.0,1.0,442
66acab0a41dd95a0cd9720c0,3h,2024-08-02 09:46:50.777000+00:00,2024-08-02 12:46:09.727000+00:00,1.0,1.0,1.0,1.0,443
66ac9e3941dd95a0cd971c45,3h,2024-08-02 08:52:09.223000+00:00,2024-08-02 11:49:17.583000+00:00,1.0,1.0,1.0,1.0,444
66ac9e2541dd95a0cd971c3e,3h,2024-08-02 08:51:49.997000+00:00,2024-08-02 11:51:17.270000+00:00,1.0,1.0,1.0,1.0,445
66ac9dff41dd95a0cd971c33,3h,2024-08-02 08:51:11.955000+00:00,2024-08-02 11:50:30.178000+00:00,1.0,1.0,1.0,1.0,446
66ac9dcf41dd95a0cd971c27,3h,2024-08-02 08:50:23.488000+00:00,2024-08-02 11:49:31.171000+00:00,1.0,1.0,1.0,1.0,447
66ac9d9441dd95a0cd971c16,3h,2024-08-02 08:49:24.536000+00:00,2024-08-02 11:48:43.330000+00:00,1.0,1.0,1.0,1.0,448
66ac8c2c41dd95a0cd971a52,3h,2024-08-02 07:35:08.489000+00:00,2024-08-02 10:31:46.158000+00:00,1.0,1.0,1.0,1.0,449
66ac8a4f41dd95a0cd9719db,3h,2024-08-02 07:27:11.936000+00:00,2024-08-02 10:23:27.533000+00:00,1.0,1.0,1.0,1.0,450
64c4c52b553721daabdbadc2,3h,2023-07-10 09:08:41.792000+00:00,2023-07-10 12:08:41.785000+00:00,1.0,1.0,1.0,1.0,451
65ae326e4f4099764265698c,3h,2024-01-22 09:16:30.496000+00:00,2024-01-22 12:16:30.492000+00:00,1.0,1.0,1.0,1.0,452
65aa1296c6210fb8fd1aa633,3h,2024-01-19 06:11:34.169000+00:00,2024-01-19 09:11:34.154000+00:00,1.0,1.0,1.0,1.0,453
65b86df65804904ade2ed43e,3h,2024-01-30 03:33:10.826000+00:00,2024-01-30 06:33:10.809000+00:00,1.0,1.0,1.0,1.0,454
65b3297df2e993f3dfe859bb,3h,2024-01-26 03:39:41.452000+00:00,2024-01-26 06:39:41.446000+00:00,1.0,1.0,1.0,1.0,455
65a25dab12c52b180d74a11d,3h,2024-01-13 09:53:47.070000+00:00,2024-01-13 12:53:47.062000+00:00,1.0,1.0,1.0,1.0,456
6594c275c93fc5b0ee38c516,3h,2024-01-03 02:12:05.338000+00:00,2024-01-03 05:12:05.328000+00:00,1.0,1.0,1.0,1.0,457
658ccc6b46151b63c19d40e1,3h,2023-12-28 01:16:27.453000+00:00,2023-12-28 04:16:27.446000+00:00,1.0,1.0,1.0,1.0,458
658f789934efef1b6dc36217,3h,2023-12-30 01:55:37.790000+00:00,2023-12-30 04:55:37.784000+00:00,1.0,1.0,1.0,1.0,459
66ab516d7e3bd50e54fec125,3h,2024-08-01 09:12:13.678000+00:00,2024-08-01 12:11:00.597000+00:00,1.0,1.0,1.0,1.0,460
66ab510e7e3bd50e54fec11a,3h,2024-08-01 09:10:38.733000+00:00,2024-08-01 12:09:27.346000+00:00,1.0,1.0,1.0,1.0,461
66ab4f657e3bd50e54fec0b7,3h,2024-08-01 09:03:33.974000+00:00,2024-08-01 12:01:13.455000+00:00,1.0,1.0,1.0,1.0,462
66ab092d7e3bd50e54feb472,3h,2024-08-01 04:03:57.943000+00:00,2024-08-01 07:03:16.559000+00:00,1.0,1.0,1.0,1.0,463
66aafc1e7e3bd50e54feac85,3h,2024-08-01 03:08:14.777000+00:00,2024-08-01 06:07:29.598000+00:00,1.0,1.0,1.0,1.0,464
66aaf3567e3bd50e54fea8df,3h,2024-08-01 02:30:46.030000+00:00,2024-08-01 05:28:58.794000+00:00,1.0,1.0,1.0,1.0,465
66aa66af7e3bd50e54fea6ad,3h,2024-07-31 16:30:39.468000+00:00,2024-08-01 04:00:00+00:00,1.0,1.0,1.0,1.0,466
66a9e0b87e3bd50e54fe9bb4,3h,2024-07-31 06:59:04.400000+00:00,2024-07-31 09:57:19.105000+00:00,1.0,1.0,1.0,1.0,467
66a9de677e3bd50e54fe9b8d,3h,2024-07-31 06:49:11.724000+00:00,2024-07-31 09:48:45.080000+00:00,1.0,1.0,1.0,1.0,468
64fadc3fe3ba32dbf7039a1d,3h,2023-09-08 08:33:03.889000+00:00,2023-09-08 11:33:03.882000+00:00,1.0,1.0,1.0,1.0,469
6552f8366bdff319bfbdafad,3h,2023-11-14 04:31:50.545000+00:00,2023-11-14 07:31:50.541000+00:00,1.0,1.0,1.0,1.0,470
65150c809ac8e87ef94160d0,3h,2023-09-28 05:17:52.827000+00:00,2023-09-28 08:17:52.818000+00:00,1.0,1.0,1.0,1.0,471
64c4c52b553721daabdbae0f,3h,2023-06-05 16:55:59.774000+00:00,,,1.0,1.0,1.0,472
64c4c52b553721daabdbae22,3h,2023-05-31 05:21:50.335000+00:00,,,1.0,1.0,1.0,473
6528dd8ec57198e078777bb7,3h,2023-10-13 06:02:54.312000+00:00,2023-10-13 09:02:54.309000+00:00,1.0,1.0,1.0,1.0,474
64c4c52b553721daabdbae38,3h,2023-05-20 08:59:51.830000+00:00,,,1.0,1.0,1.0,475
64feb707a8ab4a4e94bff5ce,3h,2023-09-11 06:43:19.127000+00:00,2023-09-11 09:43:19.116000+00:00,1.0,1.0,1.0,1.0,476
64c4c52b553721daabdbae55,3h,2023-05-05 04:45:32.553000+00:00,,,1.0,1.0,1.0,477
65127fcf452644c9037c6581,3h,2023-09-26 06:53:03.143000+00:00,2023-09-26 09:53:03.137000+00:00,1.0,1.0,1.0,1.0,478
64d5aa8f0eeda711d66fe681,3h,2023-08-11 03:27:11.332000+00:00,2023-08-11 06:27:11.319000+00:00,1.0,1.0,1.0,1.0,479
66a9cc7c58b703a0100ab3ad,3h,2024-07-31 05:32:44.654000+00:00,2024-07-31 08:32:13.598000+00:00,1.0,1.0,1.0,1.0,480
66a9ca5f7e3bd50e54fe9930,3h,2024-07-31 05:23:43.716000+00:00,2024-07-31 08:23:07.280000+00:00,1.0,1.0,1.0,1.0,481
66a9c1c57e3bd50e54fe9802,3h,2024-07-31 04:47:01.058000+00:00,2024-07-31 07:44:48.400000+00:00,1.0,1.0,1.0,1.0,482
66a912287e3bd50e54fe8f26,3h,2024-07-30 16:17:44.400000+00:00,2024-07-31 04:00:00+00:00,1.0,1.0,1.0,1.0,483
66a8a8c36badf0453bda9cc9,3h,2024-07-30 08:48:03.383000+00:00,2024-07-30 11:47:17.534000+00:00,1.0,1.0,1.0,1.0,484
66a89d1e0183a7b440095f63,3h,2024-07-30 07:58:22.520000+00:00,2024-07-30 10:57:24.644000+00:00,1.0,1.0,1.0,1.0,485
66a882e80183a7b440095a54,3h,2024-07-30 06:06:32.793000+00:00,2024-07-30 09:05:46.883000+00:00,1.0,1.0,1.0,1.0,486
658d033146151b63c19d46e8,3h,2023-12-28 05:10:09.618000+00:00,2023-12-28 08:10:09.614000+00:00,1.0,1.0,1.0,1.0,487
658cedf946151b63c19d4433,3h,2023-12-28 03:39:37.747000+00:00,2023-12-28 06:39:37.742000+00:00,1.0,1.0,1.0,1.0,488
659ddbc0d56a6b4e86e2a417,3h,2024-01-09 23:50:24.586000+00:00,2024-01-10 04:00:00+00:00,1.0,1.0,1.0,1.0,489
655d60506334442d4839eda3,3h,2023-11-22 01:58:40.122000+00:00,2023-11-22 04:58:40.118000+00:00,1.0,1.0,1.0,1.0,490
651fb0dc88d44bf7e0793116,3h,2023-10-06 07:01:48.498000+00:00,2023-10-06 10:01:48.496000+00:00,1.0,1.0,1.0,1.0,491
64e2e079bdd1b2d3e85f7a62,3h,2023-08-21 03:56:41.781000+00:00,2023-08-21 06:56:41.766000+00:00,1.0,1.0,1.0,1.0,492
64c4c52b553721daabdbad97,3h,2023-07-27 01:54:28.462000+00:00,2023-07-27 04:54:28.457000+00:00,1.0,1.0,1.0,1.0,493
652377db06af5c02eb33a3a1,3h,2023-10-09 03:47:39.262000+00:00,2023-10-09 06:47:39.253000+00:00,1.0,1.0,1.0,1.0,494
64c4c52b553721daabdbae4a,3h,2023-05-12 15:41:09.855000+00:00,,,1.0,1.0,1.0,495
6531069c97e822e6c88e6e4a,3h,2023-10-19 10:36:12.830000+00:00,2023-10-19 13:36:12.827000+00:00,1.0,1.0,1.0,1.0,496
66a8716f0183a7b440095165,3h,2024-07-30 04:51:59.029000+00:00,2024-07-30 07:48:41.066000+00:00,1.0,1.0,1.0,1.0,497
66a852360183a7b440094f97,3h,2024-07-30 02:38:46.586000+00:00,2024-07-30 05:37:42.093000+00:00,1.0,1.0,1.0,1.0,498
66a76f350183a7b440093d4c,3h,2024-07-29 10:30:13.884000+00:00,2024-07-29 13:29:29.820000+00:00,1.0,1.0,1.0,1.0,499
66a760240183a7b440093964,3h,2024-07-29 09:25:56.390000+00:00,2024-07-29 12:25:24.818000+00:00,1.0,1.0,1.0,1.0,500
66a760020183a7b440093956,3h,2024-07-29 09:25:22.463000+00:00,2024-07-29 12:24:21.101000+00:00,1.0,1.0,1.0,1.0,501
66a75cf90183a7b440093838,3h,2024-07-29 09:12:25.208000+00:00,2024-07-29 12:10:58.933000+00:00,1.0,1.0,1.0,1.0,502
66a74aae0183a7b440092a26,3h,2024-07-29 07:54:22.197000+00:00,2024-07-29 10:53:06.143000+00:00,1.0,1.0,1.0,1.0,503
66a724150183a7b440091f8c,3h,2024-07-29 05:09:41.405000+00:00,2024-07-29 08:07:48.702000+00:00,1.0,1.0,1.0,1.0,504
64d07a7a0b29ee5d076efd12,3h,2023-08-07 05:00:42.565000+00:00,2023-08-07 08:00:42.558000+00:00,1.0,1.0,1.0,1.0,505
650bac8dd9e53014149e7f8b,3h,2023-09-21 02:38:05.997000+00:00,2023-09-21 05:38:05.985000+00:00,1.0,1.0,1.0,1.0,506
65210658edc6e7ed93cbe5d9,3h,2023-10-07 07:18:48.114000+00:00,2023-10-07 10:18:48.112000+00:00,1.0,1.0,1.0,1.0,507
64c4c52b553721daabdbae07,3h,2023-06-07 03:45:58.760000+00:00,,,1.0,1.0,1.0,508
65166bd6322d5c0cf180ac3c,3h,2023-09-29 06:16:54.754000+00:00,2023-09-29 09:16:54.749000+00:00,1.0,1.0,1.0,1.0,509
64c4c52b553721daabdbaddf,3h,2023-06-27 10:11:44.678000+00:00,,,1.0,1.0,1.0,510
65b3757ef2e993f3dfe86087,3h,2024-01-26 09:03:58.747000+00:00,2024-01-26 12:03:58.743000+00:00,1.0,1.0,1.0,1.0,511
65b09cbdd90939ea567323e4,3h,2024-01-24 05:14:37.701000+00:00,2024-01-24 08:14:37.695000+00:00,1.0,1.0,1.0,1.0,512
657944039b6741ad23d86350,3h,2023-12-13 05:41:23.340000+00:00,2023-12-13 08:41:23.326000+00:00,1.0,1.0,1.0,1.0,513
66a71fd90183a7b440091d3a,ban_tai_nhanh,2024-07-29 04:51:37.630000+00:00,2024-07-29 07:51:37.623000+00:00,1.0,1.0,1.0,1.0,514
66a71fa10183a7b440091d2c,ban_tai_nhanh,2024-07-29 04:50:41.352000+00:00,2024-07-29 07:50:41.346000+00:00,1.0,1.0,1.0,1.0,515
66a6fe210183a7b440091546,3h,2024-07-29 02:27:45.603000+00:00,2024-07-29 05:26:06.488000+00:00,1.0,1.0,1.0,1.0,516
66a49c770183a7b44008fe25,3h,2024-07-27 07:06:31.797000+00:00,2024-07-27 10:05:40.173000+00:00,1.0,1.0,1.0,1.0,517
66a49c3d0183a7b44008fe1c,3h,2024-07-27 07:05:33.260000+00:00,2024-07-27 10:04:23.605000+00:00,1.0,1.0,1.0,1.0,518
64e9612dd54ea638bcb4a5c6,3h,2023-08-26 02:19:25.330000+00:00,2023-08-26 05:19:25.322000+00:00,1.0,1.0,1.0,1.0,519
654620c700df48c3e9c2d484,3h,2023-11-04 10:45:27.669000+00:00,2023-11-04 13:45:27.666000+00:00,1.0,1.0,1.0,1.0,520
6573f45a12e961a55ca026cd,3h,2023-12-09 05:00:10.916000+00:00,2023-12-09 08:00:10.911000+00:00,1.0,1.0,1.0,1.0,521
64c4c52b553721daabdbad92,3h,2023-07-29 06:20:20.645000+00:00,2023-07-29 09:20:20.636000+00:00,1.0,1.0,1.0,1.0,522
650d233b50fdce3fe1b1021f,3h,2023-09-22 05:16:43.092000+00:00,2023-09-22 08:16:43.084000+00:00,1.0,1.0,1.0,1.0,523
64c4c52b553721daabdbae2a,3h,2023-05-27 07:31:29.287000+00:00,,,1.0,1.0,1.0,524
64c4c52b553721daabdbadc3,3h,2023-07-10 08:42:05.949000+00:00,2023-07-10 11:42:05.937000+00:00,1.0,1.0,1.0,1.0,525
64c4c52b553721daabdbadc8,3h,2023-07-08 09:01:46.349000+00:00,2023-07-08 12:01:46.344000+00:00,1.0,1.0,1.0,1.0,526
6511a98b452644c9037c5ab5,3h,2023-09-25 15:38:51.652000+00:00,2023-09-26 04:00:00+00:00,1.0,1.0,1.0,1.0,527
66a36cad0183a7b44008de53,3h,2024-07-26 09:30:21.890000+00:00,2024-07-26 12:19:15.550000+00:00,1.0,1.0,1.0,1.0,528
66a361896badf0453bda95d8,3h,2024-07-26 08:42:49.424000+00:00,2024-07-26 11:42:29.635000+00:00,1.0,1.0,1.0,1.0,529
66a35a1d0183a7b44008d009,3h,2024-07-26 08:11:09.748000+00:00,2024-07-26 11:08:53.821000+00:00,1.0,1.0,1.0,1.0,530
66a35a110183a7b44008cffe,3h,2024-07-26 08:10:57.251000+00:00,2024-07-26 11:08:29.188000+00:00,1.0,1.0,1.0,1.0,531
66a359260183a7b44008cfd7,3h,2024-07-26 08:07:02.029000+00:00,2024-07-26 10:59:55.808000+00:00,1.0,1.0,1.0,1.0,532
66a352b10183a7b44008ce47,3h,2024-07-26 07:39:29.558000+00:00,2024-07-26 10:37:59.659000+00:00,1.0,1.0,1.0,1.0,533
66a31d090183a7b44008b6e9,3h,2024-07-26 03:50:33.752000+00:00,2024-07-26 06:48:46.847000+00:00,1.0,1.0,1.0,1.0,534
66a31bd80183a7b44008b247,3h,2024-07-26 03:45:28.261000+00:00,2024-07-26 06:42:26.299000+00:00,1.0,1.0,1.0,1.0,535
66a31b120183a7b44008adef,3h,2024-07-26 03:42:11.055000+00:00,2024-07-26 06:40:18.573000+00:00,1.0,1.0,1.0,1.0,536
66a31a890183a7b44008adb5,3h,2024-07-26 03:39:53.280000+00:00,2024-07-26 06:36:23.122000+00:00,1.0,1.0,1.0,1.0,537
66a319a60183a7b44008acff,3h,2024-07-26 03:36:06.977000+00:00,2024-07-26 06:35:10.128000+00:00,1.0,1.0,1.0,1.0,538
65c1aad2dcd755b0ef5a5b9d,3h,2024-02-06 03:43:14.681000+00:00,2024-02-06 06:42:05+00:00,1.0,1.0,1.0,1.0,539
65d2b9ec347c9179ee9be731,3h,2024-02-19 02:16:12.076000+00:00,2024-02-19 05:14:17+00:00,1.0,1.0,1.0,1.0,540
65c19539dcd755b0ef5a5611,3h,2024-02-06 02:11:05.422000+00:00,2024-02-06 05:02:15+00:00,1.0,1.0,1.0,1.0,541
65c02ea336006e25edcd3db9,3h,2024-02-05 00:41:07.281000+00:00,2024-02-06 04:00:00+00:00,1.0,1.0,1.0,1.0,542
65bc4d20e5fd84b5ca81d5a1,3h,2024-02-02 02:02:08.563000+00:00,2024-02-02 05:02:08.531000+00:00,1.0,1.0,1.0,1.0,543
65bc4acee5fd84b5ca81d3e9,3h,2024-02-02 01:52:14.272000+00:00,2024-02-02 04:52:14.260000+00:00,1.0,1.0,1.0,1.0,544
65bb1d7b56d4f5d21ff84496,3h,2024-02-01 04:26:35.077000+00:00,2024-02-01 07:26:35.073000+00:00,1.0,1.0,1.0,1.0,545
65bb1c4b56d4f5d21ff842cb,3h,2024-02-01 04:21:31.476000+00:00,2024-02-01 07:21:31.472000+00:00,1.0,1.0,1.0,1.0,546
65bb19f456d4f5d21ff841a4,3h,2024-02-01 04:11:32.105000+00:00,2024-02-01 07:11:32.101000+00:00,1.0,1.0,1.0,1.0,547
65b9c3f25804904ade2eeb11,3h,2024-01-31 03:52:18.319000+00:00,2024-01-31 06:52:18.317000+00:00,1.0,1.0,1.0,1.0,548
65b8b1fe5804904ade2ee052,3h,2024-01-30 08:23:26.938000+00:00,2024-01-30 11:23:26.934000+00:00,1.0,1.0,1.0,1.0,549
65bb248856d4f5d21ff849dd,3h,2024-02-01 04:56:40.311000+00:00,2024-02-01 07:56:40.306000+00:00,1.0,1.0,1.0,1.0,550
65bb1ab156d4f5d21ff841dd,3h,2024-02-01 04:14:41.981000+00:00,2024-02-01 07:14:41.979000+00:00,1.0,1.0,1.0,1.0,551
65b32a18f2e993f3dfe85a66,3h,2024-01-26 03:42:16.429000+00:00,2024-01-26 06:42:16.418000+00:00,1.0,1.0,1.0,1.0,552
65c1c920623505b48dfc3f98,3h,2024-02-06 05:52:32.070000+00:00,2024-02-06 08:51:04+00:00,1.0,1.0,1.0,1.0,553
65c11d78dcd755b0ef5a5202,3h,2024-02-05 17:40:08.695000+00:00,2024-02-06 04:00:00+00:00,1.0,1.0,1.0,1.0,554
65bc4b9ce5fd84b5ca81d49f,3h,2024-02-02 01:55:40.372000+00:00,2024-02-02 04:55:40.354000+00:00,1.0,1.0,1.0,1.0,555
65bee209573936e36a309b27,3h,2024-02-04 01:02:01.301000+00:00,2024-02-05 04:00:00+00:00,1.0,1.0,1.0,1.0,556
65b9bf3d5804904ade2ee9fb,3h,2024-01-31 03:32:13.341000+00:00,2024-01-31 06:32:13.262000+00:00,1.0,1.0,1.0,1.0,557
65c1b86e428b469dc45f7008,3h,2024-02-06 04:41:18.708000+00:00,2024-02-06 07:34:40+00:00,1.0,1.0,1.0,1.0,558
65c07f42282472f3b268d402,3h,2024-02-05 06:25:06.030000+00:00,2024-02-05 09:25:06.015000+00:00,1.0,1.0,1.0,1.0,559
65d02e66f08445c628eacdbf,3h,2024-02-17 03:56:22.280000+00:00,2024-02-17 06:55:11+00:00,1.0,1.0,1.0,1.0,560
65bc73d1e5fd84b5ca81dd10,3h,2024-02-02 04:47:13.518000+00:00,2024-02-02 07:47:13.514000+00:00,1.0,1.0,1.0,1.0,561
65bb5c9ee7c73caad5aa8d68,3h,2024-02-01 08:55:58.060000+00:00,2024-02-01 11:55:58.056000+00:00,1.0,1.0,1.0,1.0,562
65bc77aae5fd84b5ca81df98,3h,2024-02-02 05:03:38.436000+00:00,2024-02-02 08:03:38.414000+00:00,1.0,1.0,1.0,1.0,563
65bc4f0be5fd84b5ca81d6c3,3h,2024-02-02 02:10:19.816000+00:00,2024-02-02 05:10:19.811000+00:00,1.0,1.0,1.0,1.0,564
65b9c5865804904ade2eec0d,3h,2024-01-31 03:59:02.744000+00:00,2024-01-31 06:59:02.740000+00:00,1.0,1.0,1.0,1.0,565
65b9be075804904ade2ee98b,3h,2024-01-31 03:27:03.770000+00:00,2024-01-31 06:27:03.752000+00:00,1.0,1.0,1.0,1.0,566
65bc4c88e5fd84b5ca81d56b,3h,2024-02-02 01:59:36.981000+00:00,2024-02-02 04:59:36.969000+00:00,1.0,1.0,1.0,1.0,567
65c1a9c2dcd755b0ef5a59f6,3h,2024-02-06 03:38:42.240000+00:00,2024-02-06 06:37:09+00:00,1.0,1.0,1.0,1.0,568
65c1b8f1428b469dc45f7424,3h,2024-02-06 04:43:29.167000+00:00,2024-02-06 07:42:36+00:00,1.0,1.0,1.0,1.0,569
65bf3a33573936e36a30a265,3h,2024-02-04 07:18:11.781000+00:00,2024-02-05 04:00:00+00:00,1.0,1.0,1.0,1.0,570
65bc72c4e5fd84b5ca81dc23,3h,2024-02-02 04:42:44.555000+00:00,2024-02-02 07:42:44.544000+00:00,1.0,1.0,1.0,1.0,571
65c080b2282472f3b268d4d2,3h,2024-02-05 06:31:14.901000+00:00,2024-02-05 09:31:14.887000+00:00,1.0,1.0,1.0,1.0,572
65c2043850a7e3eb060aaf67,3h,2024-02-06 10:04:40.160000+00:00,2024-02-06 13:02:09+00:00,1.0,1.0,1.0,1.0,573
65c1b6d0428b469dc45f6ea5,3h,2024-02-06 04:34:24.569000+00:00,2024-02-06 07:33:25+00:00,1.0,1.0,1.0,1.0,574
65d074a3347c9179ee9bd466,3h,2024-02-17 08:56:03.389000+00:00,2024-02-17 11:55:23+00:00,1.0,1.0,1.0,1.0,575
65cd9584f08445c628eaabbb,3h,2024-02-15 04:39:32.270000+00:00,2024-02-15 07:38:12+00:00,1.0,1.0,1.0,1.0,576
65d028f6f08445c628eacc3d,3h,2024-02-17 03:33:10.708000+00:00,2024-02-17 06:27:33+00:00,1.0,1.0,1.0,1.0,577
66a316e20183a7b44008a339,3h,2024-07-26 03:24:18.392000+00:00,2024-07-26 06:22:52.787000+00:00,1.0,1.0,1.0,1.0,578
66a3167d0183a7b44008a322,3h,2024-07-26 03:22:37.514000+00:00,2024-07-26 06:21:24.941000+00:00,1.0,1.0,1.0,1.0,579
66a30b450183a7b44008a065,3h,2024-07-26 02:34:45.388000+00:00,2024-07-26 05:33:12.080000+00:00,1.0,1.0,1.0,1.0,580
66a201698e4a1d9c6936b33c,3h,2024-07-25 07:40:25.973000+00:00,2024-07-25 10:39:08.454000+00:00,1.0,1.0,1.0,1.0,581
66a1dd364131ebe6bf01debd,3h,2024-07-25 05:05:58.067000+00:00,2024-07-25 08:03:30.820000+00:00,1.0,1.0,1.0,1.0,582
66a1db7b6badf0453bda90b4,3h,2024-07-25 04:58:35.327000+00:00,2024-07-25 07:57:44.305000+00:00,1.0,1.0,1.0,1.0,583
66a1cf094131ebe6bf01d76f,3h,2024-07-25 04:05:29.809000+00:00,2024-07-25 07:03:44.890000+00:00,1.0,1.0,1.0,1.0,584
65c094a0282472f3b268dd48,3h,2024-02-05 07:56:16.702000+00:00,2024-02-05 10:56:16.687000+00:00,1.0,1.0,1.0,1.0,585
65d19d1c347c9179ee9be096,3h,2024-02-18 06:01:00.256000+00:00,2024-02-19 04:00:00+00:00,1.0,1.0,1.0,1.0,586
65bded25573936e36a309530,3h,2024-02-03 07:37:09.472000+00:00,2024-02-03 10:37:09.466000+00:00,1.0,1.0,1.0,1.0,587
65bf2bf2573936e36a309e91,3h,2024-02-04 06:17:22.674000+00:00,2024-02-05 04:00:00+00:00,1.0,1.0,1.0,1.0,588
65bc735ee5fd84b5ca81dc7f,3h,2024-02-02 04:45:18.584000+00:00,2024-02-02 07:45:18.582000+00:00,1.0,1.0,1.0,1.0,589
65c1dcc850a7e3eb060aa693,3h,2024-02-06 07:16:24.923000+00:00,2024-02-06 10:13:49+00:00,1.0,1.0,1.0,1.0,590
65bb4d89e7c73caad5aa8b91,3h,2024-02-01 07:51:37.212000+00:00,2024-02-01 10:51:37.206000+00:00,1.0,1.0,1.0,1.0,591
65bee38e573936e36a309ba5,3h,2024-02-04 01:08:30.787000+00:00,2024-02-05 04:00:00+00:00,1.0,1.0,1.0,1.0,592
65bc7416e5fd84b5ca81dd97,3h,2024-02-02 04:48:22.054000+00:00,2024-02-02 07:48:22.050000+00:00,1.0,1.0,1.0,1.0,593
65bc495ee5fd84b5ca81d33c,3h,2024-02-02 01:46:06.348000+00:00,2024-02-02 04:46:06.333000+00:00,1.0,1.0,1.0,1.0,594
65ba19735804904ade2efa45,3h,2024-01-31 09:57:07.439000+00:00,2024-01-31 12:57:07.424000+00:00,1.0,1.0,1.0,1.0,595
65c1fc6750a7e3eb060aae40,3h,2024-02-06 09:31:19.197000+00:00,2024-02-06 12:30:43+00:00,1.0,1.0,1.0,1.0,596
65c0c350282472f3b268e9b0,3h,2024-02-05 11:15:28.041000+00:00,2024-02-06 04:00:00+00:00,1.0,1.0,1.0,1.0,597
65c09641282472f3b268dea3,3h,2024-02-05 08:03:13.966000+00:00,2024-02-05 11:03:13.962000+00:00,1.0,1.0,1.0,1.0,598
65c045b136006e25edcd4219,3h,2024-02-05 02:19:29.676000+00:00,2024-02-05 05:19:29.660000+00:00,1.0,1.0,1.0,1.0,599
65bca7650000d952180d849d,3h,2024-02-02 08:27:17.820000+00:00,2024-02-02 11:27:17.816000+00:00,1.0,1.0,1.0,1.0,600
65bf2ca0573936e36a309fed,3h,2024-02-04 06:20:16.072000+00:00,2024-02-05 04:00:00+00:00,1.0,1.0,1.0,1.0,601
65d08487347c9179ee9bd7b3,3h,2024-02-17 10:03:51.251000+00:00,2024-02-17 13:03:06+00:00,1.0,1.0,1.0,1.0,602
65d02943f08445c628eacc92,3h,2024-02-17 03:34:27.666000+00:00,2024-02-17 06:33:19+00:00,1.0,1.0,1.0,1.0,603
65bb0ef956d4f5d21ff8403c,3h,2024-02-01 03:24:41.129000+00:00,2024-02-01 06:24:41.125000+00:00,1.0,1.0,1.0,1.0,604
65bb1bf656d4f5d21ff84295,3h,2024-02-01 04:20:06.808000+00:00,2024-02-01 07:20:06.803000+00:00,1.0,1.0,1.0,1.0,605
65bf285b573936e36a309e01,3h,2024-02-04 06:02:03.306000+00:00,2024-02-05 04:00:00+00:00,1.0,1.0,1.0,1.0,606
65bc4e2ce5fd84b5ca81d688,3h,2024-02-02 02:06:36.368000+00:00,2024-02-02 05:06:36.357000+00:00,1.0,1.0,1.0,1.0,607
65c066ba36006e25edcd53d5,3h,2024-02-05 04:40:26.897000+00:00,2024-02-05 07:40:26.893000+00:00,1.0,1.0,1.0,1.0,608
65ceddf8f08445c628eabbc8,3h,2024-02-16 04:00:56.769000+00:00,2024-02-16 06:53:26+00:00,1.0,1.0,1.0,1.0,609
65c1b8b3428b469dc45f72e6,3h,2024-02-06 04:42:27.285000+00:00,2024-02-06 07:41:31+00:00,1.0,1.0,1.0,1.0,610
65c05b4d36006e25edcd4e90,3h,2024-02-05 03:51:41.529000+00:00,2024-02-05 06:51:41.518000+00:00,1.0,1.0,1.0,1.0,611
65bc7281e5fd84b5ca81dbcb,3h,2024-02-02 04:41:37.779000+00:00,2024-02-02 07:41:37.753000+00:00,1.0,1.0,1.0,1.0,612
65d0428a347c9179ee9bd005,3h,2024-02-17 05:22:18.922000+00:00,2024-02-17 08:21:30+00:00,1.0,1.0,1.0,1.0,613
65cd972cf08445c628eaada1,3h,2024-02-15 04:46:36.529000+00:00,2024-02-15 07:45:28+00:00,1.0,1.0,1.0,1.0,614
65c1d56650a7e3eb060aa2e3,3h,2024-02-06 06:44:54.712000+00:00,2024-02-06 09:43:14+00:00,1.0,1.0,1.0,1.0,615
65c0605536006e25edcd521a,3h,2024-02-05 04:13:09.341000+00:00,2024-02-05 07:13:09.337000+00:00,1.0,1.0,1.0,1.0,616
65bf2bde573936e36a309e7e,3h,2024-02-04 06:17:02.341000+00:00,2024-02-05 04:00:00+00:00,1.0,1.0,1.0,1.0,617
65cee4a5f08445c628eabc58,3h,2024-02-16 04:29:25.016000+00:00,2024-02-16 07:26:14+00:00,1.0,1.0,1.0,1.0,618
65bb22d556d4f5d21ff848c3,3h,2024-02-01 04:49:25.879000+00:00,2024-02-01 07:49:25.858000+00:00,1.0,1.0,1.0,1.0,619
65bb1b8556d4f5d21ff84231,3h,2024-02-01 04:18:13.478000+00:00,2024-02-01 07:18:13.473000+00:00,1.0,1.0,1.0,1.0,620
65bcaf880000d952180d8714,3h,2024-02-02 09:02:00.016000+00:00,2024-02-02 12:02:00.011000+00:00,1.0,1.0,1.0,1.0,621
65c1d89a50a7e3eb060aa4fb,3h,2024-02-06 06:58:34.749000+00:00,2024-02-06 09:56:59+00:00,1.0,1.0,1.0,1.0,622
65c1ab3cdcd755b0ef5a5d71,3h,2024-02-06 03:45:00.029000+00:00,2024-02-06 06:43:17+00:00,1.0,1.0,1.0,1.0,623
65d2eb7e347c9179ee9bf8eb,3h,2024-02-19 05:47:42.727000+00:00,2024-02-19 08:39:37+00:00,1.0,1.0,1.0,1.0,624
66a1cc0c4131ebe6bf01d674,3h,2024-07-25 03:52:44.759000+00:00,2024-07-25 06:51:15.323000+00:00,1.0,1.0,1.0,1.0,625
66a1c3494131ebe6bf01d4c2,3h,2024-07-25 03:15:21.610000+00:00,2024-07-25 06:14:19.168000+00:00,1.0,1.0,1.0,1.0,626
66a1c0214131ebe6bf01d430,3h,2024-07-25 03:01:53.816000+00:00,2024-07-25 06:00:17.851000+00:00,1.0,1.0,1.0,1.0,627
66a1bf404131ebe6bf01d018,3h,2024-07-25 02:58:08.344000+00:00,2024-07-25 05:53:09.674000+00:00,1.0,1.0,1.0,1.0,628
66a1be134131ebe6bf01cfbc,3h,2024-07-25 02:53:07.082000+00:00,2024-07-25 05:52:19.907000+00:00,1.0,1.0,1.0,1.0,629
66a1bd074131ebe6bf01cb9f,3h,2024-07-25 02:48:39.420000+00:00,2024-07-25 05:46:08.262000+00:00,1.0,1.0,1.0,1.0,630
66a0abf94131ebe6bf01a3b4,3h,2024-07-24 07:23:37.803000+00:00,2024-07-24 10:21:44.247000+00:00,1.0,1.0,1.0,1.0,631
66a096ed4131ebe6bf018ee4,3h,2024-07-24 05:53:49.837000+00:00,2024-07-24 08:53:04.949000+00:00,1.0,1.0,1.0,1.0,632
65c061c336006e25edcd5283,3h,2024-02-05 04:19:15.109000+00:00,2024-02-05 07:19:15.104000+00:00,1.0,1.0,1.0,1.0,633
65bb1d4b56d4f5d21ff843ad,3h,2024-02-01 04:25:47.798000+00:00,2024-02-01 07:25:47.793000+00:00,1.0,1.0,1.0,1.0,634
65c0748a282472f3b268d0e1,3h,2024-02-05 05:39:22.313000+00:00,2024-02-05 08:39:22.280000+00:00,1.0,1.0,1.0,1.0,635
65c02f0e36006e25edcd3dda,3h,2024-02-05 00:42:54.807000+00:00,2024-02-06 04:00:00+00:00,1.0,1.0,1.0,1.0,636
65cd9673f08445c628eaad02,3h,2024-02-15 04:43:31.883000+00:00,2024-02-15 07:39:37+00:00,1.0,1.0,1.0,1.0,637
65cd952ef08445c628eaab8d,3h,2024-02-15 04:38:06.490000+00:00,2024-02-15 06:52:12+00:00,1.0,1.0,1.0,1.0,638
65c05bfa36006e25edcd4fc0,3h,2024-02-05 03:54:34.759000+00:00,2024-02-05 06:54:34.747000+00:00,1.0,1.0,1.0,1.0,639
65bb1e6a56d4f5d21ff845b3,3h,2024-02-01 04:30:34.802000+00:00,2024-02-01 07:30:34.799000+00:00,1.0,1.0,1.0,1.0,640
65b9d69a5804904ade2ef175,3h,2024-01-31 05:11:54.054000+00:00,2024-01-31 08:11:54.051000+00:00,1.0,1.0,1.0,1.0,641
65b9c08f5804904ade2eea89,3h,2024-01-31 03:37:51.937000+00:00,2024-01-31 06:37:51.924000+00:00,1.0,1.0,1.0,1.0,642
65b9bea25804904ade2ee9b1,3h,2024-01-31 03:29:38.169000+00:00,2024-01-31 06:29:38.166000+00:00,1.0,1.0,1.0,1.0,643
65bc9bdf0000d952180d807f,3h,2024-02-02 07:38:07.826000+00:00,2024-02-02 10:38:07.812000+00:00,1.0,1.0,1.0,1.0,644
65bf2b97573936e36a309e57,3h,2024-02-04 06:15:51.736000+00:00,2024-02-05 04:00:00+00:00,1.0,1.0,1.0,1.0,645
65c0530336006e25edcd4a66,3h,2024-02-05 03:16:19.924000+00:00,2024-02-05 06:16:19.911000+00:00,1.0,1.0,1.0,1.0,646
65d70473f37384db2e795a0a,3h,2024-02-22 08:23:15.999000+00:00,2024-02-22 11:18:27+00:00,1.0,1.0,1.0,1.0,647
65d3091ac2399371767af97c,3h,2024-02-19 07:54:02.757000+00:00,2024-02-19 10:53:45+00:00,1.0,1.0,1.0,1.0,648
65d8676df37384db2e79714b,3h,2024-02-23 09:37:49.281000+00:00,2024-02-23 12:36:01+00:00,1.0,1.0,1.0,1.0,649
65d831e3f37384db2e7969b0,3h,2024-02-23 05:49:23.618000+00:00,2024-02-23 08:47:25+00:00,1.0,1.0,1.0,1.0,650
65d5711a9ad6745b97caabea,3h,2024-02-21 03:42:18.492000+00:00,2024-02-21 06:40:44+00:00,1.0,1.0,1.0,1.0,651
65d96963357791dc78662496,3h,2024-02-24 03:58:27.181000+00:00,2024-02-24 06:55:51+00:00,1.0,1.0,1.0,1.0,652
65d5af899ad6745b97cac0d7,3h,2024-02-21 08:08:41.424000+00:00,2024-02-21 11:05:50+00:00,1.0,1.0,1.0,1.0,653
65d41adbc2399371767b1415,3h,2024-02-20 03:22:03.721000+00:00,2024-02-20 06:21:09+00:00,1.0,1.0,1.0,1.0,654
65d74727f37384db2e79607c,3h,2024-02-22 13:07:51.648000+00:00,2024-02-23 04:00:00+00:00,1.0,1.0,1.0,1.0,655
65d6d4e4f37384db2e794ea0,3h,2024-02-22 05:00:20.757000+00:00,2024-02-22 07:55:00+00:00,1.0,1.0,1.0,1.0,656
65d43bbe9ad6745b97ca9960,3h,2024-02-20 05:42:22.695000+00:00,2024-02-20 08:40:58+00:00,1.0,1.0,1.0,1.0,657
65d3f8bdc2399371767b090e,3h,2024-02-20 00:56:29.437000+00:00,2024-02-21 04:00:00+00:00,1.0,1.0,1.0,1.0,658
65d701c8f37384db2e795832,3h,2024-02-22 08:11:52.102000+00:00,2024-02-22 11:09:13+00:00,1.0,1.0,1.0,1.0,659
65d35744c2399371767b0005,3h,2024-02-19 13:27:32.689000+00:00,2024-02-20 04:00:00+00:00,1.0,1.0,1.0,1.0,660
65d968c3357791dc7866242b,3h,2024-02-24 03:55:47.855000+00:00,2024-02-24 06:54:53+00:00,1.0,1.0,1.0,1.0,661
65d6ad5cf37384db2e7943a4,3h,2024-02-22 02:11:40.201000+00:00,2024-02-22 05:10:48+00:00,1.0,1.0,1.0,1.0,662
65d4165ac2399371767b0efc,3h,2024-02-20 03:02:50.463000+00:00,2024-02-20 05:56:31+00:00,1.0,1.0,1.0,1.0,663
65d5e13a5d0a0b79aab0d465,3h,2024-02-21 11:40:42.717000+00:00,2024-02-22 04:00:00+00:00,1.0,1.0,1.0,1.0,664
65d570b79ad6745b97caabab,3h,2024-02-21 03:40:39.439000+00:00,2024-02-21 06:38:40+00:00,1.0,1.0,1.0,1.0,665
65d55c289ad6745b97caa917,3h,2024-02-21 02:12:56.829000+00:00,2024-02-21 05:12:01+00:00,1.0,1.0,1.0,1.0,666
65d6c0daf37384db2e7945ec,3h,2024-02-22 03:34:50.724000+00:00,2024-02-22 06:33:56+00:00,1.0,1.0,1.0,1.0,667
65d5e1265d0a0b79aab0d44d,3h,2024-02-21 11:40:22.855000+00:00,2024-02-22 04:00:00+00:00,1.0,1.0,1.0,1.0,668
65d81bf2f37384db2e7966c7,3h,2024-02-23 04:15:46.332000+00:00,2024-02-23 07:15:02+00:00,1.0,1.0,1.0,1.0,669
65d6c10df37384db2e794657,3h,2024-02-22 03:35:41.104000+00:00,2024-02-22 06:34:54+00:00,1.0,1.0,1.0,1.0,670
66a093544131ebe6bf018d36,3h,2024-07-24 05:38:28.870000+00:00,2024-07-24 08:36:06.546000+00:00,1.0,1.0,1.0,1.0,671
66a091ec4131ebe6bf018d24,3h,2024-07-24 05:32:28.912000+00:00,2024-07-24 08:30:11.866000+00:00,1.0,1.0,1.0,1.0,672
66a086624131ebe6bf01882c,3h,2024-07-24 04:43:14.169000+00:00,2024-07-24 07:42:23.347000+00:00,1.0,1.0,1.0,1.0,673
66a071ccc7250ec426da53fc,ban_tai_nhanh,2024-07-24 03:15:24.968000+00:00,2024-07-24 06:15:24.957000+00:00,1.0,1.0,1.0,1.0,674
66a06e6bc7250ec426da526b,3h,2024-07-24 03:00:59.443000+00:00,2024-07-24 05:59:28.428000+00:00,1.0,1.0,1.0,1.0,675
66a06e0cc7250ec426da5247,3h,2024-07-24 02:59:24.495000+00:00,2024-07-24 05:56:42.914000+00:00,1.0,1.0,1.0,1.0,676
66a06d2cc7250ec426da4e5f,3h,2024-07-24 02:55:40.836000+00:00,2024-07-24 05:53:03.040000+00:00,1.0,1.0,1.0,1.0,677
66a06c8ac7250ec426da4a6b,3h,2024-07-24 02:52:58.439000+00:00,2024-07-24 05:51:17.281000+00:00,1.0,1.0,1.0,1.0,678
66a06c21c7250ec426da4a41,3h,2024-07-24 02:51:13.631000+00:00,2024-07-24 05:49:32.342000+00:00,1.0,1.0,1.0,1.0,679
66a06bb9c7250ec426da49c6,3h,2024-07-24 02:49:29.234000+00:00,2024-07-24 05:35:29.795000+00:00,1.0,1.0,1.0,1.0,680
66a06867c7250ec426da497b,3h,2024-07-24 02:35:19.228000+00:00,2024-07-24 05:32:25.131000+00:00,1.0,1.0,1.0,1.0,681
65d31da7c2399371767afbf7,3h,2024-02-19 09:21:43.297000+00:00,2024-02-19 12:21:25+00:00,1.0,1.0,1.0,1.0,682
65d6c77bf37384db2e7948a7,3h,2024-02-22 04:03:07.302000+00:00,2024-02-22 07:02:12+00:00,1.0,1.0,1.0,1.0,683
65d571a19ad6745b97caac25,3h,2024-02-21 03:44:33.408000+00:00,2024-02-21 06:42:24+00:00,1.0,1.0,1.0,1.0,684
65d746caf37384db2e796045,3h,2024-02-22 13:06:18.315000+00:00,2024-02-23 04:00:00+00:00,1.0,1.0,1.0,1.0,685
65d96994357791dc786624cd,3h,2024-02-24 03:59:16.423000+00:00,2024-02-24 06:58:31+00:00,1.0,1.0,1.0,1.0,686
65d3f83ac2399371767b077b,3h,2024-02-20 00:54:18.395000+00:00,2024-02-21 04:00:00+00:00,1.0,1.0,1.0,1.0,687
65d5744e9ad6745b97caae33,3h,2024-02-21 03:55:58.057000+00:00,2024-02-21 06:54:34+00:00,1.0,1.0,1.0,1.0,688
65d419d1c2399371767b1281,3h,2024-02-20 03:17:37.661000+00:00,2024-02-20 06:02:56+00:00,1.0,1.0,1.0,1.0,689
65dc06b6357791dc78663a87,3h,2024-02-26 03:34:14.195000+00:00,2024-02-26 06:21:43+00:00,1.0,1.0,1.0,1.0,690
65d3fc4dc2399371767b0afa,3h,2024-02-20 01:11:41.069000+00:00,2024-02-20 04:08:29+00:00,1.0,1.0,1.0,1.0,691
65d74705f37384db2e796060,3h,2024-02-22 13:07:17.471000+00:00,2024-02-23 04:00:00+00:00,1.0,1.0,1.0,1.0,692
65d575cd9ad6745b97cab228,3h,2024-02-21 04:02:21.439000+00:00,2024-02-21 06:58:53+00:00,1.0,1.0,1.0,1.0,693
65d5e0fd5d0a0b79aab0d426,3h,2024-02-21 11:39:41.891000+00:00,2024-02-22 04:00:00+00:00,1.0,1.0,1.0,1.0,694
65d30429c2399371767af8b3,3h,2024-02-19 07:32:57.769000+00:00,2024-02-19 10:32:15+00:00,1.0,1.0,1.0,1.0,695
65ebeb8ac95b44438437df2e,3h,2024-03-09 04:54:34.972000+00:00,2024-03-09 07:50:01+00:00,1.0,1.0,1.0,1.0,696
65ee8f729d4d9618852edc39,3h,2024-03-11 04:58:26.422000+00:00,2024-03-11 07:58:02+00:00,1.0,1.0,1.0,1.0,697
65deb678b695ce690730f45e,3h,2024-02-28 04:28:40.099000+00:00,2024-02-28 07:26:51+00:00,1.0,1.0,1.0,1.0,698
65e69817625b5f3a104a190a,3h,2024-03-05 03:57:11.557000+00:00,2024-03-05 06:56:02+00:00,1.0,1.0,1.0,1.0,699
65e699dc625b5f3a104a1b1e,3h,2024-03-05 04:04:44.294000+00:00,2024-03-05 07:03:01+00:00,1.0,1.0,1.0,1.0,700
65deace89422b0c6cdad04b1,3h,2024-02-28 03:47:52.466000+00:00,2024-02-28 06:45:41+00:00,1.0,1.0,1.0,1.0,701
65dd5f27b660cdbe797f6d9d,3h,2024-02-27 04:03:51.084000+00:00,2024-02-27 07:03:03+00:00,1.0,1.0,1.0,1.0,702
65d81bc1f37384db2e796690,3h,2024-02-23 04:14:57.189000+00:00,2024-02-23 07:14:08+00:00,1.0,1.0,1.0,1.0,703
65d5a4c69ad6745b97cabdaa,3h,2024-02-21 07:22:46.786000+00:00,2024-02-21 10:19:17+00:00,1.0,1.0,1.0,1.0,704
65d6cc23f37384db2e794b9b,3h,2024-02-22 04:22:59.235000+00:00,2024-02-22 07:21:56+00:00,1.0,1.0,1.0,1.0,705
65d41a7ac2399371767b13e9,3h,2024-02-20 03:20:26.928000+00:00,2024-02-20 06:17:49+00:00,1.0,1.0,1.0,1.0,706
65e7149aa25037fcea42ad17,3h,2024-03-05 12:48:26.607000+00:00,2024-03-06 04:00:00+00:00,1.0,1.0,1.0,1.0,707
65e56be0625b5f3a104a06f0,3h,2024-03-04 06:36:16.392000+00:00,2024-03-04 09:35:02+00:00,1.0,1.0,1.0,1.0,708
65df0a8940d7e93bed717d0b,3h,2024-02-28 10:27:21.799000+00:00,2024-02-28 13:24:20+00:00,1.0,1.0,1.0,1.0,709
65f00839dfdb6cd659fcb467,3h,2024-03-12 07:46:01.974000+00:00,2024-03-12 10:44:13+00:00,1.0,1.0,1.0,1.0,710
65ea84538fecdc6abd0fef24,3h,2024-03-08 03:21:55.831000+00:00,2024-03-08 06:15:54+00:00,1.0,1.0,1.0,1.0,711
65ee7f239d4d9618852ed93c,3h,2024-03-11 03:48:51.842000+00:00,2024-03-11 06:48:12+00:00,1.0,1.0,1.0,1.0,712
65efd205dfdb6cd659fca619,3h,2024-03-12 03:54:45.678000+00:00,2024-03-12 06:53:17+00:00,1.0,1.0,1.0,1.0,713
65e04c95939521e6c87d0fd3,3h,2024-02-29 09:21:25.455000+00:00,2024-02-29 12:19:22+00:00,1.0,1.0,1.0,1.0,714
65dff0c72b62031dc4562dd1,3h,2024-02-29 02:49:43.710000+00:00,2024-02-29 05:46:20+00:00,1.0,1.0,1.0,1.0,715
65e7fca433f89d12f1cd1f83,3h,2024-03-06 05:18:28.634000+00:00,2024-03-06 08:15:56+00:00,1.0,1.0,1.0,1.0,716
65e0237a939521e6c87d020d,3h,2024-02-29 06:26:02.135000+00:00,2024-02-29 09:24:31+00:00,1.0,1.0,1.0,1.0,717
65dd5ff5b660cdbe797f6f1b,3h,2024-02-27 04:07:17.945000+00:00,2024-02-27 06:36:03+00:00,1.0,1.0,1.0,1.0,718
65e1555cf632619df9c15c3b,3h,2024-03-01 04:11:08.168000+00:00,2024-03-01 07:07:53+00:00,1.0,1.0,1.0,1.0,719
65efd2dedfdb6cd659fca797,3h,2024-03-12 03:58:22.226000+00:00,2024-03-12 06:57:59+00:00,1.0,1.0,1.0,1.0,720
66a067b6c7250ec426da4949,3h,2024-07-24 02:32:22.250000+00:00,2024-07-24 05:29:11.335000+00:00,1.0,1.0,1.0,1.0,721
66a066f0c7250ec426da458a,3h,2024-07-24 02:29:04.557000+00:00,2024-07-24 05:26:38.141000+00:00,1.0,1.0,1.0,1.0,722
66a05074c7250ec426da43ac,3h,2024-07-24 00:53:08.851000+00:00,2024-07-24 04:00:00+00:00,1.0,1.0,1.0,1.0,723
669f376bc7250ec426da2855,3h,2024-07-23 04:54:03.217000+00:00,2024-07-23 07:53:09.219000+00:00,1.0,1.0,1.0,1.0,724
65e9db238fecdc6abd0fea07,3h,2024-03-07 15:20:03.267000+00:00,2024-03-08 04:00:00+00:00,1.0,1.0,1.0,1.0,725
65eae9d62a6a160ae89536fb,3h,2024-03-08 10:35:02.702000+00:00,2024-03-08 13:34:09+00:00,1.0,1.0,1.0,1.0,726
65e1be97a332384ead88e655,3h,2024-03-01 11:40:07.704000+00:00,2024-03-02 04:00:00+00:00,1.0,1.0,1.0,1.0,727
65e69a26625b5f3a104a1b48,3h,2024-03-05 04:05:59.022000+00:00,2024-03-05 07:04:49+00:00,1.0,1.0,1.0,1.0,728
65e2e6cc625b5f3a1049e95f,3h,2024-03-02 08:43:56.156000+00:00,2024-03-02 11:42:23+00:00,1.0,1.0,1.0,1.0,729
65eaa93d8fecdc6abd0ffe3a,3h,2024-03-08 05:59:25.251000+00:00,2024-03-08 08:58:20+00:00,1.0,1.0,1.0,1.0,730
65eaa63a8fecdc6abd0ffbf2,3h,2024-03-08 05:46:34.140000+00:00,2024-03-08 08:45:27+00:00,1.0,1.0,1.0,1.0,731
65e7fdc233f89d12f1cd2089,3h,2024-03-06 05:23:14.109000+00:00,2024-03-06 08:21:47+00:00,1.0,1.0,1.0,1.0,732
65e05458939521e6c87d13c2,3h,2024-02-29 09:54:32.862000+00:00,2024-02-29 12:53:12+00:00,1.0,1.0,1.0,1.0,733
65dead1c9422b0c6cdad04f9,3h,2024-02-28 03:48:44.278000+00:00,2024-02-28 06:47:59+00:00,1.0,1.0,1.0,1.0,734
65de9fe29422b0c6cdad0278,3h,2024-02-28 02:52:18.428000+00:00,2024-02-28 05:51:19+00:00,1.0,1.0,1.0,1.0,735
669f338cc7250ec426da26ec,3h,2024-07-23 04:37:32.440000+00:00,2024-07-23 07:35:25.235000+00:00,1.0,1.0,1.0,1.0,736
669f32b1c7250ec426da26d9,3h,2024-07-23 04:33:53.738000+00:00,2024-07-23 07:32:56.358000+00:00,1.0,1.0,1.0,1.0,737
669f2ddac7250ec426da2643,3h,2024-07-23 04:13:14.594000+00:00,2024-07-23 07:11:44.466000+00:00,1.0,1.0,1.0,1.0,738
669f2d22c7250ec426da2287,3h,2024-07-23 04:10:10.186000+00:00,2024-07-23 07:08:47.883000+00:00,1.0,1.0,1.0,1.0,739
669f1e6bc7250ec426da1f9d,3h,2024-07-23 03:07:23.875000+00:00,2024-07-23 06:06:07.900000+00:00,1.0,1.0,1.0,1.0,740
669f1e12c7250ec426da1f92,3h,2024-07-23 03:05:54.341000+00:00,2024-07-23 06:04:04.322000+00:00,1.0,1.0,1.0,1.0,741
669f1d91c7250ec426da1f81,3h,2024-07-23 03:03:45.604000+00:00,2024-07-23 06:00:10.363000+00:00,1.0,1.0,1.0,1.0,742
669f1c5fc7250ec426da1bc3,3h,2024-07-23 02:58:39.839000+00:00,2024-07-23 05:57:14.197000+00:00,1.0,1.0,1.0,1.0,743
669f1c06c7250ec426da1813,3h,2024-07-23 02:57:11.042000+00:00,2024-07-23 05:54:58.980000+00:00,1.0,1.0,1.0,1.0,744
669f1b7fc7250ec426da145f,3h,2024-07-23 02:54:55.923000+00:00,2024-07-23 05:53:30.426000+00:00,1.0,1.0,1.0,1.0,745
669f1a9ec7250ec426da144a,3h,2024-07-23 02:51:10.395000+00:00,2024-07-23 05:50:02.612000+00:00,1.0,1.0,1.0,1.0,746
669f18fcc7250ec426da1406,3h,2024-07-23 02:44:12.127000+00:00,2024-07-23 05:40:30.947000+00:00,1.0,1.0,1.0,1.0,747
669f0ff4c7250ec426da1380,3h,2024-07-23 02:05:40.564000+00:00,2024-07-23 05:03:26.785000+00:00,1.0,1.0,1.0,1.0,748
65e2f130625b5f3a1049ec3c,3h,2024-03-02 09:28:16.126000+00:00,2024-03-02 12:26:55+00:00,1.0,1.0,1.0,1.0,749
65e03718939521e6c87d0732,3h,2024-02-29 07:49:44.338000+00:00,2024-02-29 10:32:08+00:00,1.0,1.0,1.0,1.0,750
65dd368fb660cdbe797f6314,3h,2024-02-27 01:10:39.191000+00:00,2024-02-27 04:09:26+00:00,1.0,1.0,1.0,1.0,751
65ea88d38fecdc6abd0ff1de,3h,2024-03-08 03:41:07.575000+00:00,2024-03-08 06:40:06+00:00,1.0,1.0,1.0,1.0,752
65dd40e3b660cdbe797f6518,3h,2024-02-27 01:54:43.175000+00:00,2024-02-27 04:51:20+00:00,1.0,1.0,1.0,1.0,753
65ded09140d7e93bed7174de,3h,2024-02-28 06:20:01.727000+00:00,2024-02-28 09:19:44+00:00,1.0,1.0,1.0,1.0,754
65e2b631a332384ead88ef82,3h,2024-03-02 05:16:33.541000+00:00,2024-03-02 08:13:02+00:00,1.0,1.0,1.0,1.0,755
65e69970625b5f3a104a1ad2,3h,2024-03-05 04:02:57.010000+00:00,2024-03-05 06:57:22+00:00,1.0,1.0,1.0,1.0,756
65de8dae9422b0c6cdad0006,3h,2024-02-28 01:34:38.562000+00:00,2024-02-28 04:33:43+00:00,1.0,1.0,1.0,1.0,757
65dd5ef3b660cdbe797f6d73,3h,2024-02-27 04:02:59.676000+00:00,2024-02-27 07:02:04+00:00,1.0,1.0,1.0,1.0,758
65dd4cd2b660cdbe797f6965,3h,2024-02-27 02:45:38.510000+00:00,2024-02-27 05:42:22+00:00,1.0,1.0,1.0,1.0,759
65e994b1219f5827eaef3df3,3h,2024-03-07 10:19:29.718000+00:00,2024-03-07 13:08:49+00:00,1.0,1.0,1.0,1.0,760
65e2d8dd625b5f3a1049e793,3h,2024-03-02 07:44:29.918000+00:00,2024-03-02 10:42:09+00:00,1.0,1.0,1.0,1.0,761
65dfe5962b62031dc4562943,3h,2024-02-29 02:01:58.335000+00:00,2024-02-29 05:01:20+00:00,1.0,1.0,1.0,1.0,762
65e7fcee33f89d12f1cd1fcc,3h,2024-03-06 05:19:42.694000+00:00,2024-03-06 08:18:35+00:00,1.0,1.0,1.0,1.0,763
65dfe5da2b62031dc4562af7,3h,2024-02-29 02:03:06.036000+00:00,2024-02-29 05:02:02+00:00,1.0,1.0,1.0,1.0,764
65e1beb3a332384ead88e66d,3h,2024-03-01 11:40:35.774000+00:00,2024-03-02 04:00:00+00:00,1.0,1.0,1.0,1.0,765
65e57cfe625b5f3a104a0bfc,3h,2024-03-04 07:49:18.968000+00:00,2024-03-04 10:48:35+00:00,1.0,1.0,1.0,1.0,766
65e56c3a625b5f3a104a08c1,3h,2024-03-04 06:37:46.644000+00:00,2024-03-04 09:36:35+00:00,1.0,1.0,1.0,1.0,767
65eec8fd9d4d9618852ee24a,3h,2024-03-11 09:03:57.240000+00:00,2024-03-11 12:01:32+00:00,1.0,1.0,1.0,1.0,768
65ec067cc95b44438437e848,3h,2024-03-09 06:49:32.933000+00:00,2024-03-09 09:46:23+00:00,1.0,1.0,1.0,1.0,769
65ee6a1b9d4d9618852ed3d5,3h,2024-03-11 02:19:07.756000+00:00,2024-03-11 05:14:56+00:00,1.0,1.0,1.0,1.0,770
65e7c90633f89d12f1cd1934,3h,2024-03-06 01:38:14.622000+00:00,2024-03-06 04:37:43+00:00,1.0,1.0,1.0,1.0,771
65eaa6b28fecdc6abd0ffc7d,3h,2024-03-08 05:48:34.235000+00:00,2024-03-08 08:46:41+00:00,1.0,1.0,1.0,1.0,772
65efd2efdfdb6cd659fca7b2,3h,2024-03-12 03:58:39.338000+00:00,2024-03-12 06:58:25+00:00,1.0,1.0,1.0,1.0,773
65e15630f632619df9c15cd2,3h,2024-03-01 04:14:40.031000+00:00,2024-03-01 07:13:39+00:00,1.0,1.0,1.0,1.0,774
65dd602fb660cdbe797f6f33,3h,2024-02-27 04:08:15.710000+00:00,2024-02-27 07:03:55+00:00,1.0,1.0,1.0,1.0,775
65e15a38f632619df9c15d8d,3h,2024-03-01 04:31:52.049000+00:00,2024-03-01 07:31:04+00:00,1.0,1.0,1.0,1.0,776
65ea88498fecdc6abd0ff12a,3h,2024-03-08 03:38:49.619000+00:00,2024-03-08 06:37:10+00:00,1.0,1.0,1.0,1.0,777
65eaa0b18fecdc6abd0ff93c,3h,2024-03-08 05:22:57.127000+00:00,2024-03-08 08:22:11+00:00,1.0,1.0,1.0,1.0,778
65e93575219f5827eaef316e,3h,2024-03-07 03:33:09.986000+00:00,2024-03-07 06:31:08+00:00,1.0,1.0,1.0,1.0,779
65e2f17e625b5f3a1049edf3,3h,2024-03-02 09:29:34.039000+00:00,2024-03-02 12:28:20+00:00,1.0,1.0,1.0,1.0,780
65dd79f2e167fc53154863a3,3h,2024-02-27 05:58:10.063000+00:00,2024-02-27 08:57:39+00:00,1.0,1.0,1.0,1.0,781
65e155eff632619df9c15c89,3h,2024-03-01 04:13:35.828000+00:00,2024-03-01 07:11:12+00:00,1.0,1.0,1.0,1.0,782
65e2b54da332384ead88ee36,3h,2024-03-02 05:12:45.965000+00:00,2024-03-02 08:11:59+00:00,1.0,1.0,1.0,1.0,783
65eaa0c38fecdc6abd0ff954,3h,2024-03-08 05:23:15.307000+00:00,2024-03-08 08:22:58+00:00,1.0,1.0,1.0,1.0,784
65e97bd6219f5827eaef39f5,3h,2024-03-07 08:33:26.711000+00:00,2024-03-07 11:32:18+00:00,1.0,1.0,1.0,1.0,785
669e1b66c7250ec426d9f8b5,3h,2024-07-22 08:42:14.114000+00:00,2024-07-22 11:38:53.948000+00:00,1.0,1.0,1.0,1.0,786
669dfa44c7250ec426d9e91a,3h,2024-07-22 06:20:52.627000+00:00,2024-07-22 09:17:23.258000+00:00,1.0,1.0,1.0,1.0,787
669deb4dc7250ec426d9e1f7,3h,2024-07-22 05:17:01.205000+00:00,2024-07-22 08:14:58.440000+00:00,1.0,1.0,1.0,1.0,788
669de9f6c7250ec426d9e0d7,3h,2024-07-22 05:11:18.903000+00:00,2024-07-22 08:09:51.257000+00:00,1.0,1.0,1.0,1.0,789
669de96ac7250ec426d9e048,3h,2024-07-22 05:08:58.375000+00:00,2024-07-22 07:41:29.822000+00:00,1.0,1.0,1.0,1.0,790
669de6b6c7250ec426d9de35,3h,2024-07-22 04:57:26.208000+00:00,2024-07-22 07:56:01.262000+00:00,1.0,1.0,1.0,1.0,791
669de13ec7250ec426d9db24,3h,2024-07-22 04:34:06.703000+00:00,2024-07-22 07:32:00.092000+00:00,1.0,1.0,1.0,1.0,792
669de086c7250ec426d9db0d,3h,2024-07-22 04:31:02.147000+00:00,2024-07-22 07:29:02.158000+00:00,1.0,1.0,1.0,1.0,793
669ddf84c7250ec426d9da50,3h,2024-07-22 04:26:44.429000+00:00,2024-07-22 07:24:11.760000+00:00,1.0,1.0,1.0,1.0,794
669ddeb6c7250ec426d9da1a,3h,2024-07-22 04:23:18.687000+00:00,2024-07-22 07:20:12.438000+00:00,1.0,1.0,1.0,1.0,795
669ddde8c7250ec426d9d96d,3h,2024-07-22 04:19:53.016000+00:00,2024-07-22 07:18:11.626000+00:00,1.0,1.0,1.0,1.0,796
669dd6e2c7250ec426d9d676,3h,2024-07-22 03:49:54.249000+00:00,2024-07-22 06:40:26.208000+00:00,1.0,1.0,1.0,1.0,797
65f27ba7beb0eb83892062a1,3h,2024-03-14 04:23:03.805000+00:00,2024-03-14 07:20:18+00:00,1.0,1.0,1.0,1.0,798
65f129bbdfdb6cd659fcc53b,3h,2024-03-13 04:21:15.334000+00:00,2024-03-13 07:20:42+00:00,1.0,1.0,1.0,1.0,799
65fe4da25e424e204233ab7d,3h,2024-03-23 03:33:54.638000+00:00,2024-03-23 06:31:56+00:00,1.0,1.0,1.0,1.0,800
65fceb0a424ff7c6f1fb6b8d,3h,2024-03-22 02:20:58.594000+00:00,2024-03-22 05:20:04+00:00,1.0,1.0,1.0,1.0,801
65fcf561424ff7c6f1fb6e0c,3h,2024-03-22 03:05:05.352000+00:00,2024-03-22 06:04:14+00:00,1.0,1.0,1.0,1.0,802
65fcf529424ff7c6f1fb6df0,3h,2024-03-22 03:04:09.539000+00:00,2024-03-22 06:03:13+00:00,1.0,1.0,1.0,1.0,803
65fa586be794149410fe742a,3h,2024-03-20 03:30:51.902000+00:00,2024-03-20 06:27:51+00:00,1.0,1.0,1.0,1.0,804
65f523fdbeb0eb838920a83a,3h,2024-03-16 04:45:49.350000+00:00,2024-03-16 07:44:19+00:00,1.0,1.0,1.0,1.0,805
66011a1a4aa86edeaa72c1c1,3h,2024-03-25 06:30:50.227000+00:00,2024-03-25 09:30:14+00:00,1.0,1.0,1.0,1.0,806
6604f16cf034f46ed299636a,3h,2024-03-28 04:26:20.388000+00:00,2024-03-28 07:26:09+00:00,1.0,1.0,1.0,1.0,807
65f7b6f7b0848ea5814211f2,3h,2024-03-18 03:37:27.485000+00:00,2024-03-18 06:36:14+00:00,1.0,1.0,1.0,1.0,808
65fa814ce794149410fe7f56,3h,2024-03-20 06:25:16.729000+00:00,2024-03-20 09:22:47+00:00,1.0,1.0,1.0,1.0,809
65f47516beb0eb8389209dc1,3h,2024-03-15 16:19:34.440000+00:00,2024-03-16 04:00:00+00:00,1.0,1.0,1.0,1.0,810
65f27106beb0eb8389205e68,3h,2024-03-14 03:37:42.927000+00:00,2024-03-14 06:37:01+00:00,1.0,1.0,1.0,1.0,811
65f3bd1fbeb0eb8389208274,3h,2024-03-15 03:14:39.748000+00:00,2024-03-15 06:13:54+00:00,1.0,1.0,1.0,1.0,812
65f3cd63beb0eb8389208f1d,3h,2024-03-15 04:24:03.800000+00:00,2024-03-15 07:21:01+00:00,1.0,1.0,1.0,1.0,813
65f275c2beb0eb8389205ffc,3h,2024-03-14 03:57:54.614000+00:00,2024-03-14 06:55:37+00:00,1.0,1.0,1.0,1.0,814
65fd2442424ff7c6f1fb79d4,3h,2024-03-22 06:25:06.294000+00:00,2024-03-22 09:22:50+00:00,1.0,1.0,1.0,1.0,815
660145424aa86edeaa72c849,3h,2024-03-25 09:34:58.970000+00:00,2024-03-25 12:34:16+00:00,1.0,1.0,1.0,1.0,816
66027cac4aa86edeaa72d772,3h,2024-03-26 07:43:41.051000+00:00,2024-03-26 10:40:54+00:00,1.0,1.0,1.0,1.0,817
65fe81214aa86edeaa72a736,3h,2024-03-23 07:13:37.574000+00:00,2024-03-23 10:12:35+00:00,1.0,1.0,1.0,1.0,818
65fe59fb5e424e204233adff,3h,2024-03-23 04:26:35.248000+00:00,2024-03-23 07:26:16+00:00,1.0,1.0,1.0,1.0,819
65fa827be794149410fe8198,3h,2024-03-20 06:30:19.700000+00:00,2024-03-20 09:29:46+00:00,1.0,1.0,1.0,1.0,820
6603b1974aa86edeaa72ed39,3h,2024-03-27 05:41:43.310000+00:00,2024-03-27 08:40:09+00:00,1.0,1.0,1.0,1.0,821
6600eeac4aa86edeaa72b928,3h,2024-03-25 03:25:33.144000+00:00,2024-03-25 06:23:56+00:00,1.0,1.0,1.0,1.0,822
6603b25b4aa86edeaa72ed4b,3h,2024-03-27 05:44:59.323000+00:00,2024-03-27 08:43:27+00:00,1.0,1.0,1.0,1.0,823
66038cf04aa86edeaa72e48e,3h,2024-03-27 03:05:20.877000+00:00,2024-03-27 06:04:32+00:00,1.0,1.0,1.0,1.0,824
65f510c5beb0eb838920a246,3h,2024-03-16 03:23:49.336000+00:00,2024-03-16 06:22:38+00:00,1.0,1.0,1.0,1.0,825
65fd5c31424ff7c6f1fb8024,3h,2024-03-22 10:23:45.675000+00:00,2024-03-22 13:22:11+00:00,1.0,1.0,1.0,1.0,826
65fcf825424ff7c6f1fb6fca,3h,2024-03-22 03:16:53.911000+00:00,2024-03-22 06:15:33+00:00,1.0,1.0,1.0,1.0,827
65f55eaebeb0eb838920b5b7,3h,2024-03-16 08:56:14.378000+00:00,2024-03-16 11:52:07+00:00,1.0,1.0,1.0,1.0,828
65fe4d295e424e204233ab69,3h,2024-03-23 03:31:53.450000+00:00,2024-03-23 06:30:53+00:00,1.0,1.0,1.0,1.0,829
65fd0c8b424ff7c6f1fb7559,3h,2024-03-22 04:43:55.305000+00:00,2024-03-22 07:43:10+00:00,1.0,1.0,1.0,1.0,830
669dd4bfc7250ec426d9d45c,3h,2024-07-22 03:40:47.285000+00:00,2024-07-22 06:40:12.935000+00:00,1.0,1.0,1.0,1.0,831
669dd080c7250ec426d9d379,3h,2024-07-22 03:22:40.512000+00:00,2024-07-22 06:16:05.993000+00:00,1.0,1.0,1.0,1.0,832
669dcd0ec7250ec426d9d29c,3h,2024-07-22 03:07:58.943000+00:00,2024-07-22 06:06:16.005000+00:00,1.0,1.0,1.0,1.0,833
669dc9aec7250ec426d9d1fe,3h,2024-07-22 02:53:34.904000+00:00,2024-07-22 05:46:03.797000+00:00,1.0,1.0,1.0,1.0,834
6600eda14aa86edeaa72b8d8,3h,2024-03-25 03:21:05.704000+00:00,2024-03-25 06:19:13+00:00,1.0,1.0,1.0,1.0,835
65f901258a47c192661d455a,3h,2024-03-19 03:06:13.278000+00:00,2024-03-19 06:04:43+00:00,1.0,1.0,1.0,1.0,836
65fa7fdee794149410fe7ed6,3h,2024-03-20 06:19:10.456000+00:00,2024-03-20 09:18:02+00:00,1.0,1.0,1.0,1.0,837
6604c6b2f034f46ed29956d5,3h,2024-03-28 01:24:02.223000+00:00,2024-03-28 04:00:00+00:00,1.0,1.0,1.0,1.0,838
66038f074aa86edeaa72e524,3h,2024-03-27 03:14:15.800000+00:00,2024-03-27 06:12:43+00:00,1.0,1.0,1.0,1.0,839
65fba32ce794149410fe954c,3h,2024-03-21 03:02:04.845000+00:00,2024-03-21 06:01:29+00:00,1.0,1.0,1.0,1.0,840
6604e50ef034f46ed2995f12,3h,2024-03-28 03:33:34.148000+00:00,2024-03-28 06:32:35+00:00,1.0,1.0,1.0,1.0,841
65f2bed2beb0eb83892072fc,3h,2024-03-14 09:09:38.943000+00:00,2024-03-14 12:07:13+00:00,1.0,1.0,1.0,1.0,842
669b862bc7250ec426d9ab12,3h,2024-07-20 09:40:59.551000+00:00,2024-07-20 12:40:23.663000+00:00,1.0,1.0,1.0,1.0,843
669b80afc7250ec426d9aa4c,3h,2024-07-20 09:17:35.721000+00:00,2024-07-20 12:15:53.406000+00:00,1.0,1.0,1.0,1.0,844
669b78cec7250ec426d9a075,3h,2024-07-20 08:43:58.711000+00:00,2024-07-20 11:41:44.004000+00:00,1.0,1.0,1.0,1.0,845
669b6419c7250ec426d99a4e,3h,2024-07-20 07:15:37.172000+00:00,2024-07-20 10:10:32.326000+00:00,1.0,1.0,1.0,1.0,846
669b4921c7250ec426d99207,3h,2024-07-20 05:20:33.208000+00:00,2024-07-20 08:19:06.108000+00:00,1.0,1.0,1.0,1.0,847
669b38f7c7250ec426d98be1,3h,2024-07-20 04:11:35.109000+00:00,2024-07-20 07:10:44.096000+00:00,1.0,1.0,1.0,1.0,848
669b3861c7250ec426d98833,3h,2024-07-20 04:09:05.284000+00:00,2024-07-20 07:08:29.961000+00:00,1.0,1.0,1.0,1.0,849
669b3571c7250ec426d98692,3h,2024-07-20 03:56:33.918000+00:00,2024-07-20 06:54:05.328000+00:00,1.0,1.0,1.0,1.0,850
669b347cc7250ec426d984fd,3h,2024-07-20 03:52:28.428000+00:00,2024-07-20 06:51:21.183000+00:00,1.0,1.0,1.0,1.0,851
669b329fc7250ec426d98434,3h,2024-07-20 03:44:31.913000+00:00,2024-07-20 06:43:21.973000+00:00,1.0,1.0,1.0,1.0,852
669b3249c7250ec426d9840b,3h,2024-07-20 03:43:05.652000+00:00,2024-07-20 06:40:41.332000+00:00,1.0,1.0,1.0,1.0,853
669b318cc7250ec426d983a7,3h,2024-07-20 03:39:56.112000+00:00,2024-07-20 06:36:33.297000+00:00,1.0,1.0,1.0,1.0,854
669b30b2c7250ec426d97fa4,3h,2024-07-20 03:36:18.521000+00:00,2024-07-20 06:34:36.342000+00:00,1.0,1.0,1.0,1.0,855
669b3033c7250ec426d97bf1,3h,2024-07-20 03:34:11.113000+00:00,2024-07-20 06:30:50.632000+00:00,1.0,1.0,1.0,1.0,856
65fa5915e794149410fe74e3,3h,2024-03-20 03:33:41.784000+00:00,2024-03-20 06:30:56+00:00,1.0,1.0,1.0,1.0,857
65f29a7ebeb0eb8389206a95,3h,2024-03-14 06:34:38.295000+00:00,2024-03-14 09:33:00+00:00,1.0,1.0,1.0,1.0,858
6604e4cff034f46ed2995f04,3h,2024-03-28 03:32:31.968000+00:00,2024-03-28 06:31:28+00:00,1.0,1.0,1.0,1.0,859
65f129cddfdb6cd659fcc556,3h,2024-03-13 04:21:33.489000+00:00,2024-03-13 07:21:18+00:00,1.0,1.0,1.0,1.0,860
65f7baabb0848ea58142146d,3h,2024-03-18 03:53:15.859000+00:00,2024-03-18 06:52:18+00:00,1.0,1.0,1.0,1.0,861
65f906008a47c192661d4763,3h,2024-03-19 03:26:56.491000+00:00,2024-03-19 06:21:22+00:00,1.0,1.0,1.0,1.0,862
65fbc16ce794149410fe9b08,3h,2024-03-21 05:11:08.280000+00:00,2024-03-21 08:08:28+00:00,1.0,1.0,1.0,1.0,863
669b2f46c7250ec426d9782e,3h,2024-07-20 03:30:15.442000+00:00,2024-07-20 06:27:32.413000+00:00,1.0,1.0,1.0,1.0,864
669b2de9c7250ec426d977cf,3h,2024-07-20 03:24:25.258000+00:00,2024-07-20 06:15:47.753000+00:00,1.0,1.0,1.0,1.0,865
669b2bd8c7250ec426d97784,3h,2024-07-20 03:15:36.933000+00:00,2024-07-20 06:13:33.343000+00:00,1.0,1.0,1.0,1.0,866
669a3628c7250ec426d96a85,3h,2024-07-19 09:47:20.443000+00:00,2024-07-19 12:46:49.320000+00:00,1.0,1.0,1.0,1.0,867
669a0b89c7250ec426d95e6b,3h,2024-07-19 06:45:29.842000+00:00,2024-07-19 09:43:57.595000+00:00,1.0,1.0,1.0,1.0,868
6699f392c7250ec426d9499a,3h,2024-07-19 05:03:14.220000+00:00,2024-07-19 08:01:46.948000+00:00,1.0,1.0,1.0,1.0,869
6699eba3c7250ec426d9432a,3h,2024-07-19 04:29:23.433000+00:00,2024-07-19 07:28:54.848000+00:00,1.0,1.0,1.0,1.0,870
6699dcaec7250ec426d939dd,3h,2024-07-19 03:25:34.751000+00:00,2024-07-19 06:21:51.987000+00:00,1.0,1.0,1.0,1.0,871
65fe5a0d5e424e204233ae1a,3h,2024-03-23 04:26:53.959000+00:00,2024-03-23 07:26:38+00:00,1.0,1.0,1.0,1.0,872
65fe6fef4aa86edeaa72a3d7,3h,2024-03-23 06:00:15.228000+00:00,2024-03-23 08:59:47+00:00,1.0,1.0,1.0,1.0,873
65fa81f5e794149410fe7f6b,3h,2024-03-20 06:28:05.692000+00:00,2024-03-20 09:27:26+00:00,1.0,1.0,1.0,1.0,874
65f3eaa0beb0eb83892093ed,3h,2024-03-15 06:28:48.689000+00:00,2024-03-15 09:28:04+00:00,1.0,1.0,1.0,1.0,875
6600feda4aa86edeaa72bb7f,3h,2024-03-25 04:34:34.210000+00:00,2024-03-25 07:34:08+00:00,1.0,1.0,1.0,1.0,876
65fcf4ec424ff7c6f1fb6db6,3h,2024-03-22 03:03:09.017000+00:00,2024-03-22 06:02:13+00:00,1.0,1.0,1.0,1.0,877
65f7b4a1b0848ea581420ff5,3h,2024-03-18 03:27:29.690000+00:00,2024-03-18 06:25:43+00:00,1.0,1.0,1.0,1.0,878
65f52276beb0eb838920a7a7,3h,2024-03-16 04:39:18.329000+00:00,2024-03-16 07:38:09+00:00,1.0,1.0,1.0,1.0,879
66038a224aa86edeaa72e3da,3h,2024-03-27 02:53:22.613000+00:00,2024-03-27 05:51:30+00:00,1.0,1.0,1.0,1.0,880
6602559e4aa86edeaa72d0a6,3h,2024-03-26 04:57:02.157000+00:00,2024-03-26 07:54:59+00:00,1.0,1.0,1.0,1.0,881
65fbd25be794149410fea134,3h,2024-03-21 06:23:23.471000+00:00,2024-03-21 09:20:18+00:00,1.0,1.0,1.0,1.0,882
65fa57b4e794149410fe7286,3h,2024-03-20 03:27:48.141000+00:00,2024-03-20 06:24:23+00:00,1.0,1.0,1.0,1.0,883
65fa56e3e794149410fe70f7,3h,2024-03-20 03:24:19.856000+00:00,2024-03-20 06:22:35+00:00,1.0,1.0,1.0,1.0,884
66078b6094281ab778cf22f5,3h,2024-03-30 03:47:44.418000+00:00,2024-03-30 06:46:41+00:00,1.0,1.0,1.0,1.0,885
6603b10f4aa86edeaa72ec61,3h,2024-03-27 05:39:27.110000+00:00,2024-03-27 08:38:24+00:00,1.0,1.0,1.0,1.0,886
65fd5517424ff7c6f1fb7fb4,3h,2024-03-22 09:53:27.457000+00:00,2024-03-22 12:52:29+00:00,1.0,1.0,1.0,1.0,887
6604d84ef034f46ed2995bfb,3h,2024-03-28 02:39:10.078000+00:00,2024-03-28 05:38:51+00:00,1.0,1.0,1.0,1.0,888
65f1d9698863f9257ab689fd,3h,2024-03-13 16:50:49.291000+00:00,2024-03-14 04:00:00+00:00,1.0,1.0,1.0,1.0,889
66023d3f4aa86edeaa72cd84,3h,2024-03-26 03:13:03.550000+00:00,2024-03-26 06:11:59+00:00,1.0,1.0,1.0,1.0,890
6602c32a4aa86edeaa72dd96,3h,2024-03-26 12:44:26.349000+00:00,2024-03-27 04:00:00+00:00,1.0,1.0,1.0,1.0,891
6600ee464aa86edeaa72b8f0,3h,2024-03-25 03:23:50.460000+00:00,2024-03-25 06:21:23+00:00,1.0,1.0,1.0,1.0,892
65f54fc6beb0eb838920b162,3h,2024-03-16 07:52:38.413000+00:00,2024-03-16 10:52:03+00:00,1.0,1.0,1.0,1.0,893
6699d732c7250ec426d93591,3h,2024-07-19 03:02:11.022000+00:00,2024-07-19 06:00:04.193000+00:00,1.0,1.0,1.0,1.0,894
6699d707c7250ec426d93589,3h,2024-07-19 03:01:27.636000+00:00,2024-07-19 06:00:58.465000+00:00,1.0,1.0,1.0,1.0,895
6699d657c7250ec426d934fd,3h,2024-07-19 02:58:31.011000+00:00,2024-07-19 05:54:58.336000+00:00,1.0,1.0,1.0,1.0,896
6699d5f2c7250ec426d934f3,3h,2024-07-19 02:56:50.482000+00:00,2024-07-19 05:55:57.004000+00:00,1.0,1.0,1.0,1.0,897
6699d580c7250ec426d93221,3h,2024-07-19 02:54:56.038000+00:00,2024-07-19 05:53:22.528000+00:00,1.0,1.0,1.0,1.0,898
6699d4d1c7250ec426d92c54,3h,2024-07-19 02:52:02.016000+00:00,2024-07-19 05:50:03.712000+00:00,1.0,1.0,1.0,1.0,899
6699d4cec7250ec426d92c4d,3h,2024-07-19 02:51:58.677000+00:00,2024-07-19 05:49:12.232000+00:00,1.0,1.0,1.0,1.0,900
6699d3ccc7250ec426d9288f,3h,2024-07-19 02:47:40.435000+00:00,2024-07-19 05:46:11.495000+00:00,1.0,1.0,1.0,1.0,901
66994c58c7250ec426d9260f,3h,2024-07-18 17:09:44.623000+00:00,2024-07-19 04:00:00+00:00,1.0,1.0,1.0,1.0,902
6698e1e9c7250ec426d91a79,3h,2024-07-18 09:35:37.647000+00:00,2024-07-18 12:34:36.773000+00:00,1.0,1.0,1.0,1.0,903
6698bf2ec7250ec426d90373,3h,2024-07-18 07:07:26.041000+00:00,2024-07-18 10:06:29.124000+00:00,1.0,1.0,1.0,1.0,904
6698b69ac7250ec426d8ff7d,3h,2024-07-18 06:30:50.337000+00:00,2024-07-18 09:29:23.732000+00:00,1.0,1.0,1.0,1.0,905
6698a9cfc7250ec426d8f9a6,3h,2024-07-18 05:36:15.163000+00:00,2024-07-18 08:35:33.022000+00:00,1.0,1.0,1.0,1.0,906
6698a6c8c7250ec426d8f6d5,3h,2024-07-18 05:23:20.667000+00:00,2024-07-18 08:04:28.979000+00:00,1.0,1.0,1.0,1.0,907
66345daac797695760aed6f6,3h,2024-05-03 03:44:42.535000+00:00,2024-05-03 06:41:45.654000+00:00,1.0,1.0,1.0,1.0,908
662f1d58171c0a4bf686ca8b,3h,2024-04-29 04:08:56.201000+00:00,2024-04-29 07:07:25.227000+00:00,1.0,1.0,1.0,1.0,909
662b3a15f9a546b0b87b8bb7,3h,2024-04-26 05:22:29.256000+00:00,2024-04-26 08:21:17.773000+00:00,1.0,1.0,1.0,1.0,910
66288744dcd77c2b73bb0a4a,3h,2024-04-24 04:15:00.759000+00:00,2024-04-24 07:14:43.986000+00:00,1.0,1.0,1.0,1.0,911
6625daa0a43812eb5bf90f24,3h,2024-04-22 03:33:52.905000+00:00,2024-04-22 06:31:00.225000+00:00,1.0,1.0,1.0,1.0,912
6625d7dba43812eb5bf90bed,3h,2024-04-22 03:22:03.407000+00:00,2024-04-22 06:21:13.962000+00:00,1.0,1.0,1.0,1.0,913
6625d726a43812eb5bf90b9d,3h,2024-04-22 03:19:02.550000+00:00,2024-04-22 06:04:36.436000+00:00,1.0,1.0,1.0,1.0,914
6622193ba3fe6575ec765f9c,3h,2024-04-19 07:11:55.936000+00:00,2024-04-19 10:08:40.200000+00:00,1.0,1.0,1.0,1.0,915
66160c78671f03014130eb14,3h,2024-04-10 03:50:16.654000+00:00,2024-04-10 06:49:26+00:00,1.0,1.0,1.0,1.0,916
6618b22e29cc074b1011bc14,3h,2024-04-12 04:01:50.864000+00:00,2024-04-12 07:01:30+00:00,1.0,1.0,1.0,1.0,917
660fd4bc1a314e877694111f,3h,2024-04-05 10:38:52.511000+00:00,2024-04-05 13:35:03+00:00,1.0,1.0,1.0,1.0,918
660a65949f40c96003320c21,3h,2024-04-01 07:43:16.672000+00:00,2024-04-01 10:41:59+00:00,1.0,1.0,1.0,1.0,919
660a5f109f40c96003320a71,3h,2024-04-01 07:15:28.140000+00:00,2024-04-01 10:10:44+00:00,1.0,1.0,1.0,1.0,920
6610da0e3245d81de46de407,3h,2024-04-06 05:13:50.967000+00:00,2024-04-06 08:09:17+00:00,1.0,1.0,1.0,1.0,921
660a56209f40c96003320732,3h,2024-04-01 06:37:21.052000+00:00,2024-04-01 09:36:19+00:00,1.0,1.0,1.0,1.0,922
66618927b6fcee74f065fe54,3h,2024-06-06 10:02:15.267000+00:00,2024-06-06 13:01:36.704000+00:00,1.0,1.0,1.0,1.0,923
665a9770a7b31f62c9efb105,3h,2024-06-01 03:37:20.406000+00:00,2024-06-01 06:36:31.298000+00:00,1.0,1.0,1.0,1.0,924
6655611ee847739e08b40b5a,3h,2024-05-28 04:44:14.391000+00:00,2024-05-28 07:44:01.843000+00:00,1.0,1.0,1.0,1.0,925
66542ed5e847739e08b3e472,3h,2024-05-27 06:57:25.159000+00:00,2024-05-27 09:55:41.241000+00:00,1.0,1.0,1.0,1.0,926
66540faae847739e08b3d2f2,3h,2024-05-27 04:44:26.474000+00:00,2024-05-27 07:42:38.291000+00:00,1.0,1.0,1.0,1.0,927
663ee68c06ec360644a08cfa,3h,2024-05-11 03:31:24.066000+00:00,2024-05-11 06:27:58.569000+00:00,1.0,1.0,1.0,1.0,928
6639874dfd49f746f21634b6,3h,2024-05-07 01:43:41.745000+00:00,2024-05-07 04:42:02.017000+00:00,1.0,1.0,1.0,1.0,929
66379f1827df1863216a4ff7,3h,2024-05-05 15:00:40.213000+00:00,2024-05-06 04:00:00+00:00,1.0,1.0,1.0,1.0,930
6635adfec797695760aeee13,3h,2024-05-04 03:39:42.719000+00:00,2024-05-04 06:29:50.922000+00:00,1.0,1.0,1.0,1.0,931
66346008c797695760aed8cb,3h,2024-05-03 03:54:49.020000+00:00,2024-05-03 06:53:59.313000+00:00,1.0,1.0,1.0,1.0,932
66540619e847739e08b3d19a,3h,2024-05-27 04:03:37.389000+00:00,2024-05-27 06:52:51.876000+00:00,1.0,1.0,1.0,1.0,933
66500a31f1a792c552f59fb1,3h,2024-05-24 03:32:01.291000+00:00,2024-05-24 06:30:03.379000+00:00,1.0,1.0,1.0,1.0,934
664836d8deaf302836f9052e,3h,2024-05-18 05:04:24.620000+00:00,2024-05-18 08:03:47.609000+00:00,1.0,1.0,1.0,1.0,935
6642fd4966a8ee5966e4a973,3h,2024-05-14 05:57:29.938000+00:00,2024-05-14 08:54:20.810000+00:00,1.0,1.0,1.0,1.0,936
6642fc7d66a8ee5966e4a601,ban_tai_nhanh,2024-05-14 05:54:05.488000+00:00,2024-05-14 08:54:05.476000+00:00,1.0,1.0,1.0,1.0,937
663c3ad8568ce211f484c50d,3h,2024-05-09 02:54:16.847000+00:00,2024-05-09 05:52:32.736000+00:00,1.0,1.0,1.0,1.0,938
66308ecbc32acc762d93020e,3h,2024-04-30 06:25:15.739000+00:00,2024-04-30 09:23:40.871000+00:00,1.0,1.0,1.0,1.0,939
66274e43b0f768b2bd2920b2,3h,2024-04-23 05:59:31.042000+00:00,2024-04-23 08:59:09.594000+00:00,1.0,1.0,1.0,1.0,940
6625f5d2a43812eb5bf91d4f,3h,2024-04-22 05:29:54.408000+00:00,2024-04-22 08:29:03.915000+00:00,1.0,1.0,1.0,1.0,941
6621fbbaa3fe6575ec765180,3h,2024-04-19 05:06:02.585000+00:00,2024-04-19 08:05:45.707000+00:00,1.0,1.0,1.0,1.0,942
661c9f4c2f0e077a3cd4b408,3h,2024-04-15 03:30:20.642000+00:00,2024-04-15 06:29:37.641000+00:00,1.0,1.0,1.0,1.0,943
66988bdec7250ec426d8e2f7,3h,2024-07-18 03:28:30.599000+00:00,2024-07-18 06:27:15.270000+00:00,1.0,1.0,1.0,1.0,944
66988b01c7250ec426d8e2bd,3h,2024-07-18 03:24:49.809000+00:00,2024-07-18 06:23:48.530000+00:00,1.0,1.0,1.0,1.0,945
66988a97c7250ec426d8e2b0,3h,2024-07-18 03:23:03.023000+00:00,2024-07-18 06:13:40.885000+00:00,1.0,1.0,1.0,1.0,946
669884d8c7250ec426d8e12a,3h,2024-07-18 02:58:32.429000+00:00,2024-07-18 05:53:41.538000+00:00,1.0,1.0,1.0,1.0,947
669883b2c7250ec426d8e0d2,3h,2024-07-18 02:53:38.510000+00:00,2024-07-18 05:51:20.950000+00:00,1.0,1.0,1.0,1.0,948
66988324c7250ec426d8e0c8,3h,2024-07-18 02:51:16.650000+00:00,2024-07-18 05:48:57.212000+00:00,1.0,1.0,1.0,1.0,949
66988296c7250ec426d8e0b4,3h,2024-07-18 02:48:54.231000+00:00,2024-07-18 05:44:49.619000+00:00,1.0,1.0,1.0,1.0,950
6698819ec7250ec426d8dcfc,3h,2024-07-18 02:44:46.263000+00:00,2024-07-18 05:39:19.622000+00:00,1.0,1.0,1.0,1.0,951
6698804cc7250ec426d8d913,3h,2024-07-18 02:39:08.778000+00:00,2024-07-18 05:33:02.913000+00:00,1.0,1.0,1.0,1.0,952
66987f26c7250ec426d8d8d1,3h,2024-07-18 02:34:14.273000+00:00,2024-07-18 05:33:45.505000+00:00,1.0,1.0,1.0,1.0,953
66987ed9c7250ec426d8d543,3h,2024-07-18 02:32:57.898000+00:00,2024-07-18 05:30:18.632000+00:00,1.0,1.0,1.0,1.0,954
66987deec7250ec426d8d51f,3h,2024-07-18 02:29:02.480000+00:00,2024-07-18 05:19:48.441000+00:00,1.0,1.0,1.0,1.0,955
66272963c2c1f60803bb776a,3h,2024-04-23 03:22:11.677000+00:00,2024-04-23 06:21:30.285000+00:00,1.0,1.0,1.0,1.0,956
6625ed7ca43812eb5bf91a3e,3h,2024-04-22 04:54:20.467000+00:00,2024-04-22 07:52:36.349000+00:00,1.0,1.0,1.0,1.0,957
66249882e50fbe05cb192190,3h,2024-04-21 04:39:30.684000+00:00,2024-04-22 04:00:00+00:00,1.0,1.0,1.0,1.0,958
6621e371a3fe6575ec764558,3h,2024-04-19 03:22:25.274000+00:00,2024-04-19 05:58:09.521000+00:00,1.0,1.0,1.0,1.0,959
661e13e51e5919e9a4660657,3h,2024-04-16 06:00:05.459000+00:00,2024-04-16 08:58:05.737000+00:00,1.0,1.0,1.0,1.0,960
6618a85629cc074b1011b7b5,3h,2024-04-12 03:19:51.231000+00:00,2024-04-12 06:19:05+00:00,1.0,1.0,1.0,1.0,961
66111e0737ac03251285bbd2,3h,2024-04-06 10:03:51.961000+00:00,2024-04-06 13:01:26+00:00,1.0,1.0,1.0,1.0,962
660a32279f40c9600331feaa,3h,2024-04-01 04:03:51.821000+00:00,2024-04-01 07:02:07+00:00,1.0,1.0,1.0,1.0,963
660b9460a899dbe83ee3cc2c,3h,2024-04-02 05:15:12.681000+00:00,2024-04-02 08:13:41+00:00,1.0,1.0,1.0,1.0,964
666691e8bb9619f5c265af1e,3h,2024-06-10 05:40:56.103000+00:00,2024-06-10 08:40:24.260000+00:00,1.0,1.0,1.0,1.0,965
6663e6f74716c9653e9f2ad2,3h,2024-06-08 05:07:03.718000+00:00,2024-06-08 08:01:35.169000+00:00,1.0,1.0,1.0,1.0,966
660d1e7b13dac364c002abc7,3h,2024-04-03 09:16:43.844000+00:00,2024-04-03 12:15:32+00:00,1.0,1.0,1.0,1.0,967
660cd9912587af2758f420d6,3h,2024-04-03 04:22:41.757000+00:00,2024-04-03 07:22:24+00:00,1.0,1.0,1.0,1.0,968
660540128721848d7d1e714b,3h,2024-03-28 10:01:54.195000+00:00,2024-03-28 12:59:30+00:00,1.0,1.0,1.0,1.0,969
665ea078313c7144f2e2f3be,3h,2024-06-04 05:04:56.855000+00:00,2024-06-04 08:04:43.396000+00:00,1.0,1.0,1.0,1.0,970
665002b7f1a792c552f59ec0,3h,2024-05-24 03:00:07.947000+00:00,2024-05-24 05:58:50.303000+00:00,1.0,1.0,1.0,1.0,971
664c0f668eb333e641dd3b94,3h,2024-05-21 03:05:10.291000+00:00,2024-05-21 06:03:20.767000+00:00,1.0,1.0,1.0,1.0,972
6641e8054f35b460f5c59b08,3h,2024-05-13 10:14:29.796000+00:00,2024-05-13 13:12:25.873000+00:00,1.0,1.0,1.0,1.0,973
6635b50cc797695760aef2db,3h,2024-05-04 04:09:48.950000+00:00,2024-05-04 07:08:30.323000+00:00,1.0,1.0,1.0,1.0,974
662f1cb7171c0a4bf686ca66,3h,2024-04-29 04:06:15.359000+00:00,2024-04-29 07:02:26.208000+00:00,1.0,1.0,1.0,1.0,975
6697f83bc7250ec426d8cea5,3h,2024-07-17 16:58:35.637000+00:00,2024-07-18 04:00:00+00:00,1.0,1.0,1.0,1.0,976
66978cb1c7250ec426d8c356,3h,2024-07-17 09:19:45.943000+00:00,2024-07-17 12:16:54.305000+00:00,1.0,1.0,1.0,1.0,977
6697857bc7250ec426d8c2d7,3h,2024-07-17 08:48:59.138000+00:00,2024-07-17 11:41:21.587000+00:00,1.0,1.0,1.0,1.0,978
669773e7c7250ec426d8bea5,3h,2024-07-17 07:33:59.151000+00:00,2024-07-17 10:30:10.907000+00:00,1.0,1.0,1.0,1.0,979
664ef47e9e88bb2afc1c7eea,3h,2024-05-23 07:47:10.692000+00:00,2024-05-23 10:41:19.845000+00:00,1.0,1.0,1.0,1.0,980
664abe0ef02edf975f7d12ff,3h,2024-05-20 03:05:50.456000+00:00,2024-05-20 06:04:11.501000+00:00,1.0,1.0,1.0,1.0,981
6645aa3f8941c947243a32ca,3h,2024-05-16 06:39:59.090000+00:00,2024-05-16 09:38:19.925000+00:00,1.0,1.0,1.0,1.0,982
66443fec3927e085f37f057b,3h,2024-05-15 04:54:04.488000+00:00,2024-05-15 07:53:47.745000+00:00,1.0,1.0,1.0,1.0,983
6642e5ab3ed44ab105716343,3h,2024-05-14 04:16:43.073000+00:00,2024-05-14 07:15:00.084000+00:00,1.0,1.0,1.0,1.0,984
663f03c706ec360644a0946b,3h,2024-05-11 05:36:07.763000+00:00,2024-05-11 08:34:46.041000+00:00,1.0,1.0,1.0,1.0,985
663c38ce568ce211f484c4b5,3h,2024-05-09 02:45:34.703000+00:00,2024-05-09 05:44:55.276000+00:00,1.0,1.0,1.0,1.0,986
66332ee405c5313b7bcb0063,3h,2024-05-02 06:12:52.746000+00:00,2024-05-02 09:12:38.582000+00:00,1.0,1.0,1.0,1.0,987
662a1245f9a546b0b87b7844,3h,2024-04-25 08:20:21.491000+00:00,2024-04-25 11:18:00.420000+00:00,1.0,1.0,1.0,1.0,988
6623856d049514259ec1d0f4,3h,2024-04-20 09:05:49.868000+00:00,2024-04-20 12:03:07.613000+00:00,1.0,1.0,1.0,1.0,989
6621fbd9a3fe6575ec7651a2,3h,2024-04-19 05:06:33.511000+00:00,2024-04-19 08:06:20.826000+00:00,1.0,1.0,1.0,1.0,990
6618a75429cc074b1011b72c,3h,2024-04-12 03:15:33.102000+00:00,2024-04-12 06:14:14+00:00,1.0,1.0,1.0,1.0,991
661de6953eeac8266fef18dd,3h,2024-04-16 02:46:46.046000+00:00,2024-04-16 05:43:19.905000+00:00,1.0,1.0,1.0,1.0,992
6696b387c7250ec426d899a0,3h,2024-07-16 17:53:11.520000+00:00,2024-07-17 04:00:00+00:00,1.0,1.0,1.0,1.0,993
669638af6d35576f41422e7b,3h,2024-07-16 09:09:03.500000+00:00,2024-07-16 12:08:13.869000+00:00,1.0,1.0,1.0,1.0,994
669636516d35576f41422e04,3h,2024-07-16 08:58:57.424000+00:00,2024-07-16 11:53:55.845000+00:00,1.0,1.0,1.0,1.0,995
6696351b6d35576f41422dbb,3h,2024-07-16 08:53:47.627000+00:00,2024-07-16 11:52:55.446000+00:00,1.0,1.0,1.0,1.0,996
669621c66d35576f41422988,3h,2024-07-16 07:31:18.803000+00:00,2024-07-16 10:29:40.473000+00:00,1.0,1.0,1.0,1.0,997
6695fe9b54401ab379784ed4,ban_tai_nhanh,2024-07-16 05:01:15.330000+00:00,2024-07-16 08:01:15.324000+00:00,1.0,1.0,1.0,1.0,998
661f6f8320d956274e41a820,3h,2024-04-17 06:43:16.213000+00:00,2024-04-17 09:41:31.399000+00:00,1.0,1.0,1.0,1.0,999
660fa6cb1a314e8776940945,3h,2024-04-05 07:22:51.924000+00:00,2024-04-05 10:18:35+00:00,1.0,1.0,1.0,1.0,1000
660e3131ad7887547b68ab71,3h,2024-04-04 04:48:50.002000+00:00,2024-04-04 07:38:31+00:00,1.0,1.0,1.0,1.0,1001
660b7a1c13a981ad30f9b33e,3h,2024-04-02 03:23:08.621000+00:00,2024-04-02 06:21:59+00:00,1.0,1.0,1.0,1.0,1002
6662c486d99ce7d1749c4cb7,3h,2024-06-07 08:27:50.594000+00:00,2024-06-07 11:27:03.098000+00:00,1.0,1.0,1.0,1.0,1003
66600fc6313c7144f2e31292,3h,2024-06-05 07:12:06.270000+00:00,2024-06-05 10:10:41.216000+00:00,1.0,1.0,1.0,1.0,1004
66556764e847739e08b40c09,3h,2024-05-28 05:11:00.235000+00:00,2024-05-28 08:05:38.627000+00:00,1.0,1.0,1.0,1.0,1005
6695fe5754401ab379784ec1,ban_tai_nhanh,2024-07-16 05:00:07.829000+00:00,2024-07-16 08:00:07.816000+00:00,1.0,1.0,1.0,1.0,1006
6695f38a54401ab379784b94,3h,2024-07-16 04:14:02.483000+00:00,2024-07-16 07:12:52.204000+00:00,1.0,1.0,1.0,1.0,1007
6695f0af54401ab37978491a,3h,2024-07-16 04:01:51.108000+00:00,2024-07-16 07:00:54.704000+00:00,1.0,1.0,1.0,1.0,1008
6695f08a54401ab3797848bf,3h,2024-07-16 04:01:14.153000+00:00,2024-07-16 06:59:14.069000+00:00,1.0,1.0,1.0,1.0,1009
6695f06854401ab37978488e,3h,2024-07-16 04:00:40.629000+00:00,2024-07-16 06:59:37.888000+00:00,1.0,1.0,1.0,1.0,1010
6695f00354401ab379784871,3h,2024-07-16 03:58:59.709000+00:00,2024-07-16 06:57:38.107000+00:00,1.0,1.0,1.0,1.0,1011
6695ef8354401ab379784857,3h,2024-07-16 03:56:51.665000+00:00,2024-07-16 06:55:21.045000+00:00,1.0,1.0,1.0,1.0,1012
6695ef1754401ab379784834,3h,2024-07-16 03:55:03.057000+00:00,2024-07-16 06:53:42.973000+00:00,1.0,1.0,1.0,1.0,1013
6695ee4854401ab37978481f,3h,2024-07-16 03:51:36.364000+00:00,2024-07-16 06:47:40.209000+00:00,1.0,1.0,1.0,1.0,1014
6695ed2454401ab3797843f5,3h,2024-07-16 03:46:44.463000+00:00,2024-07-16 06:44:53.059000+00:00,1.0,1.0,1.0,1.0,1015
6695ebdc54401ab379783fdf,3h,2024-07-16 03:41:16.234000+00:00,2024-07-16 06:39:52.417000+00:00,1.0,1.0,1.0,1.0,1016
6695eb7354401ab379783c3e,3h,2024-07-16 03:39:31.349000+00:00,2024-07-16 06:38:26.669000+00:00,1.0,1.0,1.0,1.0,1017
6695e62254401ab379783bef,3h,2024-07-16 03:16:50.650000+00:00,2024-07-16 06:14:43.051000+00:00,1.0,1.0,1.0,1.0,1018
6695e5a054401ab379783bc9,3h,2024-07-16 03:14:40.275000+00:00,2024-07-16 06:12:47.039000+00:00,1.0,1.0,1.0,1.0,1019
665ad5c94dccad40775bf809,3h,2024-06-01 08:03:21.396000+00:00,2024-06-01 10:58:58.234000+00:00,1.0,1.0,1.0,1.0,1020
665809790e654f117a072e9a,3h,2024-05-30 05:07:05.304000+00:00,2024-05-30 08:06:19.582000+00:00,1.0,1.0,1.0,1.0,1021
66574be91d1005721568dd38,3h,2024-05-29 15:38:17.760000+00:00,2024-05-30 04:00:00+00:00,1.0,1.0,1.0,1.0,1022
664a2bc1f02edf975f7d0e2b,3h,2024-05-19 16:41:37.483000+00:00,2024-05-20 04:00:00+00:00,1.0,1.0,1.0,1.0,1023
6647116af2216d6afffc64ca,3h,2024-05-17 08:12:26.795000+00:00,2024-05-17 11:10:42.562000+00:00,1.0,1.0,1.0,1.0,1024
66458f038941c947243a2134,3h,2024-05-16 04:43:47.484000+00:00,2024-05-16 07:42:17.342000+00:00,1.0,1.0,1.0,1.0,1025
66418d3b4ea8a18adf2e6d46,3h,2024-05-13 03:47:07.785000+00:00,2024-05-13 06:46:17.159000+00:00,1.0,1.0,1.0,1.0,1026
663ee51b06ec360644a08ca6,3h,2024-05-11 03:25:15.973000+00:00,2024-05-11 06:23:55.520000+00:00,1.0,1.0,1.0,1.0,1027
663da77306ec360644a055c7,3h,2024-05-10 04:49:56.006000+00:00,2024-05-10 07:49:28.729000+00:00,1.0,1.0,1.0,1.0,1028
6638610bfe25ee4a2ae2e04d,3h,2024-05-06 04:48:11.093000+00:00,2024-05-06 07:47:13.824000+00:00,1.0,1.0,1.0,1.0,1029
6629e600f9a546b0b87b6bbd,3h,2024-04-25 05:11:28.320000+00:00,2024-04-25 08:10:33.577000+00:00,1.0,1.0,1.0,1.0,1030
6629dc43f9a546b0b87b67fc,3h,2024-04-25 04:29:55.415000+00:00,2024-04-25 07:24:52.004000+00:00,1.0,1.0,1.0,1.0,1031
66274b8db0f768b2bd291fdf,3h,2024-04-23 05:47:57.112000+00:00,2024-04-23 08:46:26.767000+00:00,1.0,1.0,1.0,1.0,1032
66235a44049514259ec1c7ad,3h,2024-04-20 06:01:40.617000+00:00,2024-04-20 08:58:39.890000+00:00,1.0,1.0,1.0,1.0,1033
665421b1e847739e08b3df76,3h,2024-05-27 06:01:21.435000+00:00,2024-05-27 08:59:04.394000+00:00,1.0,1.0,1.0,1.0,1034
665002eef1a792c552f59ece,3h,2024-05-24 03:01:02.875000+00:00,2024-05-24 06:00:16.791000+00:00,1.0,1.0,1.0,1.0,1035
664ad996f02edf975f7d1b40,3h,2024-05-20 05:03:18.106000+00:00,2024-05-20 08:02:40.270000+00:00,1.0,1.0,1.0,1.0,1036
664703aaf2216d6afffc626b,3h,2024-05-17 07:13:46.133000+00:00,2024-05-17 10:11:28.700000+00:00,1.0,1.0,1.0,1.0,1037
6645900a8941c947243a21b3,3h,2024-05-16 04:48:10.102000+00:00,2024-05-16 07:45:35.932000+00:00,1.0,1.0,1.0,1.0,1038
66443fd93927e085f37f056e,3h,2024-05-15 04:53:45.233000+00:00,2024-05-15 07:53:25.104000+00:00,1.0,1.0,1.0,1.0,1039
663ee5bc06ec360644a08cb6,3h,2024-05-11 03:27:56.311000+00:00,2024-05-11 06:25:19.509000+00:00,1.0,1.0,1.0,1.0,1040
6635aeecc797695760aeee7e,3h,2024-05-04 03:43:40.385000+00:00,2024-05-04 06:42:44.331000+00:00,1.0,1.0,1.0,1.0,1041
663098cac32acc762d9308af,3h,2024-04-30 07:07:54.235000+00:00,2024-04-30 10:06:34.210000+00:00,1.0,1.0,1.0,1.0,1042
661632ee671f03014130fd14,3h,2024-04-10 06:34:22.920000+00:00,2024-04-10 09:32:58+00:00,1.0,1.0,1.0,1.0,1043
661397365cbb0f299624b812,3h,2024-04-08 07:05:27.055000+00:00,2024-04-08 10:02:46+00:00,1.0,1.0,1.0,1.0,1044
6604fced8721848d7d1e663c,3h,2024-03-28 05:15:25.845000+00:00,2024-03-28 08:15:04+00:00,1.0,1.0,1.0,1.0,1045
660e0febad7887547b689ff1,3h,2024-04-04 02:26:52.095000+00:00,2024-04-04 05:24:42+00:00,1.0,1.0,1.0,1.0,1046
665d3ffd4d5788b4c93a4518,3h,2024-06-03 04:01:01.840000+00:00,2024-06-03 06:59:13.185000+00:00,1.0,1.0,1.0,1.0,1047
662b2309f9a546b0b87b8518,3h,2024-04-26 03:44:09.786000+00:00,2024-04-26 06:39:21.925000+00:00,1.0,1.0,1.0,1.0,1048
6625d3bea43812eb5bf90972,3h,2024-04-22 03:04:30.716000+00:00,2024-04-22 06:02:17.654000+00:00,1.0,1.0,1.0,1.0,1049
66234118a1b0ba838dc358ce,3h,2024-04-20 04:14:16.658000+00:00,2024-04-20 07:10:23.755000+00:00,1.0,1.0,1.0,1.0,1050
6621edf6a3fe6575ec764d5f,3h,2024-04-19 04:07:18.730000+00:00,2024-04-19 07:06:39.924000+00:00,1.0,1.0,1.0,1.0,1051
6616115f671f03014130ec08,3h,2024-04-10 04:11:11.724000+00:00,2024-04-10 07:09:50+00:00,1.0,1.0,1.0,1.0,1052
66137a8f5cbb0f299624a9c4,3h,2024-04-08 05:03:11.204000+00:00,2024-04-08 07:59:02+00:00,1.0,1.0,1.0,1.0,1053
6607af7c94281ab778cf2be9,3h,2024-03-30 06:21:48.611000+00:00,2024-03-30 09:18:26+00:00,1.0,1.0,1.0,1.0,1054
66063000ffe33e797a000a31,3h,2024-03-29 03:05:36.444000+00:00,2024-03-29 06:04:45+00:00,1.0,1.0,1.0,1.0,1055
660f9c001a314e87769403d9,3h,2024-04-05 06:36:48.757000+00:00,2024-04-05 09:35:43+00:00,1.0,1.0,1.0,1.0,1056
66668e28bb9619f5c265adfd,3h,2024-06-10 05:24:56.654000+00:00,2024-06-10 08:24:01.018000+00:00,1.0,1.0,1.0,1.0,1057
665fd4ac313c7144f2e30274,3h,2024-06-05 02:59:56.345000+00:00,2024-06-05 05:54:06.046000+00:00,1.0,1.0,1.0,1.0,1058
665d488f4d5788b4c93a4b24,3h,2024-06-03 04:37:35.268000+00:00,2024-06-03 07:36:41.966000+00:00,1.0,1.0,1.0,1.0,1059
665ab4df4dccad40775bf0fc,3h,2024-06-01 05:42:55.046000+00:00,2024-06-01 08:40:35.664000+00:00,1.0,1.0,1.0,1.0,1060
66544154e847739e08b3ee2c,3h,2024-05-27 08:16:20.971000+00:00,2024-05-27 11:14:45.617000+00:00,1.0,1.0,1.0,1.0,1061
66614483bb3e3dca3a51f08c,3h,2024-06-06 05:09:23.959000+00:00,2024-06-06 08:08:09.601000+00:00,1.0,1.0,1.0,1.0,1062
666003cf313c7144f2e30f05,3h,2024-06-05 06:21:03.684000+00:00,2024-06-05 09:20:46.724000+00:00,1.0,1.0,1.0,1.0,1063
6656b3b0969b363c710534be,3h,2024-05-29 04:48:48.379000+00:00,2024-05-29 07:47:53.817000+00:00,1.0,1.0,1.0,1.0,1064
66542764e847739e08b3e0cb,3h,2024-05-27 06:25:40.226000+00:00,2024-05-27 09:21:24.706000+00:00,1.0,1.0,1.0,1.0,1065
6651ad8d51b65f7673682587,3h,2024-05-25 09:21:17.504000+00:00,2024-05-25 12:18:26.121000+00:00,1.0,1.0,1.0,1.0,1066
665045cdc25ba0d6279008b8,3h,2024-05-24 07:46:21.813000+00:00,2024-05-24 10:43:53.989000+00:00,1.0,1.0,1.0,1.0,1067
664590798941c947243a23e0,3h,2024-05-16 04:50:01.082000+00:00,2024-05-16 07:48:18.300000+00:00,1.0,1.0,1.0,1.0,1068
664465663927e085f37f0b2d,3h,2024-05-15 07:33:58.809000+00:00,2024-05-15 10:33:16.695000+00:00,1.0,1.0,1.0,1.0,1069
6643ba243927e085f37f0053,3h,2024-05-14 19:23:16.328000+00:00,2024-05-15 04:00:00+00:00,1.0,1.0,1.0,1.0,1070
6642cf3b3ed44ab105716138,3h,2024-05-14 02:40:59.197000+00:00,2024-05-14 05:40:20.039000+00:00,1.0,1.0,1.0,1.0,1071
66331596c32acc762d931ef4,3h,2024-05-02 04:24:54.133000+00:00,2024-05-02 07:23:49.995000+00:00,1.0,1.0,1.0,1.0,1072
662c7810f9a546b0b87babaf,3h,2024-04-27 03:59:12.204000+00:00,2024-04-27 06:58:41.257000+00:00,1.0,1.0,1.0,1.0,1073
662b2419f9a546b0b87b8576,3h,2024-04-26 03:48:41.080000+00:00,2024-04-26 06:46:13.954000+00:00,1.0,1.0,1.0,1.0,1074
662b2356f9a546b0b87b853c,3h,2024-04-26 03:45:26.061000+00:00,2024-04-26 06:44:15.064000+00:00,1.0,1.0,1.0,1.0,1075
662a130ef9a546b0b87b7856,3h,2024-04-25 08:23:42.417000+00:00,2024-04-25 11:20:25.826000+00:00,1.0,1.0,1.0,1.0,1076
6625e6b1a43812eb5bf91506,3h,2024-04-22 04:25:21.931000+00:00,2024-04-22 07:22:54.935000+00:00,1.0,1.0,1.0,1.0,1077
6625db46a43812eb5bf90fbe,3h,2024-04-22 03:36:38.602000+00:00,2024-04-22 06:33:56.524000+00:00,1.0,1.0,1.0,1.0,1078
662215fda3fe6575ec765e94,3h,2024-04-19 06:58:05.699000+00:00,2024-04-19 09:55:30.442000+00:00,1.0,1.0,1.0,1.0,1079
6620a9c8a3fe6575ec763816,3h,2024-04-18 05:04:08.688000+00:00,2024-04-18 08:03:46.772000+00:00,1.0,1.0,1.0,1.0,1080
661e13471e5919e9a4660638,3h,2024-04-16 05:57:28.017000+00:00,2024-04-16 08:55:47.929000+00:00,1.0,1.0,1.0,1.0,1081
6619c807eb14a3260be9bb89,3h,2024-04-12 23:47:19.373000+00:00,2024-04-13 04:00:00+00:00,1.0,1.0,1.0,1.0,1082
661a2b06eb14a3260be9c18e,3h,2024-04-13 06:49:42.375000+00:00,2024-04-13 09:47:29.947000+00:00,1.0,1.0,1.0,1.0,1083
66665f98bb9619f5c265a305,3h,2024-06-10 02:06:16.475000+00:00,2024-06-10 05:04:41.596000+00:00,1.0,1.0,1.0,1.0,1084
6663f1ac4716c9653e9f2c5a,3h,2024-06-08 05:52:44.925000+00:00,2024-06-08 08:52:11.438000+00:00,1.0,1.0,1.0,1.0,1085
6663ef634716c9653e9f2b88,3h,2024-06-08 05:42:59.320000+00:00,2024-06-08 08:38:21.853000+00:00,1.0,1.0,1.0,1.0,1086
6695e51754401ab379783bbe,3h,2024-07-16 03:12:23.047000+00:00,2024-07-16 06:08:59.737000+00:00,1.0,1.0,1.0,1.0,1087
6695e49c54401ab379783bb5,3h,2024-07-16 03:10:20.339000+00:00,2024-07-16 05:59:11.098000+00:00,1.0,1.0,1.0,1.0,1088
6695e1fc54401ab379783b6e,3h,2024-07-16 02:59:08.551000+00:00,2024-07-16 05:56:45.942000+00:00,1.0,1.0,1.0,1.0,1089
6695e16854401ab379783b63,3h,2024-07-16 02:56:40.555000+00:00,2024-07-16 05:51:53.392000+00:00,1.0,1.0,1.0,1.0,1090
6694f2ca0dfd3df4a62a03bc,3h,2024-07-15 09:58:34.909000+00:00,2024-07-15 12:58:05.057000+00:00,1.0,1.0,1.0,1.0,1091
6694e7600dfd3df4a629fd6a,3h,2024-07-15 09:09:52.339000+00:00,2024-07-15 12:06:49.905000+00:00,1.0,1.0,1.0,1.0,1092
6694e5e30dfd3df4a629fc4e,3h,2024-07-15 09:03:31.208000+00:00,2024-07-15 12:02:27.875000+00:00,1.0,1.0,1.0,1.0,1093
6694c66e0dfd3df4a629ee02,3h,2024-07-15 06:49:18.584000+00:00,2024-07-15 09:48:01.554000+00:00,1.0,1.0,1.0,1.0,1094
6694bcb4d54b84ac2ddb49cc,3h,2024-07-15 06:07:48.306000+00:00,2024-07-15 09:05:05.204000+00:00,1.0,1.0,1.0,1.0,1095
6694aabbd54b84ac2ddb413a,3h,2024-07-15 04:51:07.895000+00:00,2024-07-15 07:47:18.169000+00:00,1.0,1.0,1.0,1.0,1096
6694aa74d54b84ac2ddb4115,3h,2024-07-15 04:49:56.537000+00:00,2024-07-15 07:47:11.134000+00:00,1.0,1.0,1.0,1.0,1097
6694a906d54b84ac2ddb3fbc,3h,2024-07-15 04:43:50.580000+00:00,2024-07-15 07:41:11.777000+00:00,1.0,1.0,1.0,1.0,1098
6694a748d54b84ac2ddb3e2d,3h,2024-07-15 04:36:24.284000+00:00,2024-07-15 07:35:08.432000+00:00,1.0,1.0,1.0,1.0,1099
6694a5ead54b84ac2ddb3dfd,3h,2024-07-15 04:30:34.761000+00:00,2024-07-15 07:26:45.313000+00:00,1.0,1.0,1.0,1.0,1100
6694a434d54b84ac2ddb3ccf,3h,2024-07-15 04:23:16.622000+00:00,2024-07-15 07:18:38.337000+00:00,1.0,1.0,1.0,1.0,1101
665d40324d5788b4c93a4523,3h,2024-06-03 04:01:54.959000+00:00,2024-06-03 07:01:07.902000+00:00,1.0,1.0,1.0,1.0,1102
665d1c814d5788b4c93a3e48,3h,2024-06-03 01:29:37.210000+00:00,2024-06-03 04:29:18.403000+00:00,1.0,1.0,1.0,1.0,1103
66553cfde847739e08b400a2,3h,2024-05-28 02:10:05.777000+00:00,2024-05-28 05:08:45.503000+00:00,1.0,1.0,1.0,1.0,1104
665440ece847739e08b3ee07,3h,2024-05-27 08:14:36.095000+00:00,2024-05-27 11:13:59.236000+00:00,1.0,1.0,1.0,1.0,1105
66540f38e847739e08b3d2ab,3h,2024-05-27 04:42:32.449000+00:00,2024-05-27 07:40:40.142000+00:00,1.0,1.0,1.0,1.0,1106
6650279fb48362251a600aee,3h,2024-05-24 05:37:35.356000+00:00,2024-05-24 08:36:37.274000+00:00,1.0,1.0,1.0,1.0,1107
664b1149f5e0d9f993257d10,3h,2024-05-20 09:00:57.196000+00:00,2024-05-20 11:58:11.852000+00:00,1.0,1.0,1.0,1.0,1108
6642cf0b3ed44ab105716122,3h,2024-05-14 02:40:11.723000+00:00,2024-05-14 05:39:19.067000+00:00,1.0,1.0,1.0,1.0,1109
66418d054ea8a18adf2e6d36,3h,2024-05-13 03:46:13.795000+00:00,2024-05-13 06:45:13.323000+00:00,1.0,1.0,1.0,1.0,1110
663f03f706ec360644a0947b,3h,2024-05-11 05:36:55.976000+00:00,2024-05-11 08:34:42.903000+00:00,1.0,1.0,1.0,1.0,1111
663d76ae06ec360644a04b16,3h,2024-05-10 01:21:50.951000+00:00,2024-05-10 04:20:34.974000+00:00,1.0,1.0,1.0,1.0,1112
66390e82fd49f746f21633a9,3h,2024-05-06 17:08:18.381000+00:00,2024-05-07 04:00:00+00:00,1.0,1.0,1.0,1.0,1113
6635ae39c797695760aeee38,3h,2024-05-04 03:40:41.429000+00:00,2024-05-04 06:38:07.841000+00:00,1.0,1.0,1.0,1.0,1114
66324dd4c32acc762d931963,3h,2024-05-01 14:12:36.272000+00:00,2024-05-02 04:00:00+00:00,1.0,1.0,1.0,1.0,1115
66272f38c2c1f60803bb799e,3h,2024-04-23 03:47:04.724000+00:00,2024-04-23 06:45:52.039000+00:00,1.0,1.0,1.0,1.0,1116
6627267bef04768365889566,3h,2024-04-23 03:09:47.047000+00:00,2024-04-23 06:08:14.020000+00:00,1.0,1.0,1.0,1.0,1117
662217e5a3fe6575ec765f31,3h,2024-04-19 07:06:13.200000+00:00,2024-04-19 09:58:35.379000+00:00,1.0,1.0,1.0,1.0,1118
661f58e34cc234b019c8943b,3h,2024-04-17 05:06:44.119000+00:00,2024-04-17 08:03:26.558000+00:00,1.0,1.0,1.0,1.0,1119
661e86691e5919e9a4661110,3h,2024-04-16 14:08:41.320000+00:00,2024-04-17 04:00:00+00:00,1.0,1.0,1.0,1.0,1120
6614f184671f03014130de75,3h,2024-04-09 07:43:00.919000+00:00,2024-04-09 10:40:15+00:00,1.0,1.0,1.0,1.0,1121
6614b610671f03014130d2e7,3h,2024-04-09 03:29:20.300000+00:00,2024-04-09 06:28:49+00:00,1.0,1.0,1.0,1.0,1122
66163ab5671f030141310273,3h,2024-04-10 07:07:33.357000+00:00,2024-04-10 10:06:26+00:00,1.0,1.0,1.0,1.0,1123
660e13e1ad7887547b68a1d1,3h,2024-04-04 02:43:45.529000+00:00,2024-04-04 05:41:53+00:00,1.0,1.0,1.0,1.0,1124
6607c81a9f40c9600331ecf7,3h,2024-03-30 08:06:50.804000+00:00,2024-03-30 11:01:10+00:00,1.0,1.0,1.0,1.0,1125
66655e67a2f5f7dbd94b87c4,3h,2024-06-09 07:48:55.143000+00:00,2024-06-10 04:00:00+00:00,1.0,1.0,1.0,1.0,1126
6663d27a4716c9653e9f288c,3h,2024-06-08 03:39:38.298000+00:00,2024-06-08 06:38:55.253000+00:00,1.0,1.0,1.0,1.0,1127
665ff1a5313c7144f2e309b1,3h,2024-06-05 05:03:34.043000+00:00,2024-06-05 07:54:55.105000+00:00,1.0,1.0,1.0,1.0,1128
665e96a501dc922c142faac6,3h,2024-06-04 04:23:01.737000+00:00,2024-06-04 06:55:24.028000+00:00,1.0,1.0,1.0,1.0,1129
66667aa0bb9619f5c265aab7,3h,2024-06-10 04:01:36.865000+00:00,2024-06-10 06:59:42.370000+00:00,1.0,1.0,1.0,1.0,1130
6662d9cad99ce7d1749c4fb1,3h,2024-06-07 09:58:34.182000+00:00,2024-06-07 12:55:27.387000+00:00,1.0,1.0,1.0,1.0,1131
665af77e9fa9dd4533c9e730,3h,2024-06-01 10:27:10.058000+00:00,2024-06-01 13:26:31.289000+00:00,1.0,1.0,1.0,1.0,1132
665940dea7b31f62c9ef8e6a,3h,2024-05-31 03:15:42.383000+00:00,2024-05-31 06:14:41.025000+00:00,1.0,1.0,1.0,1.0,1133
6654077ae847739e08b3d1f4,3h,2024-05-27 04:09:30.286000+00:00,2024-05-27 07:05:23.879000+00:00,1.0,1.0,1.0,1.0,1134
664c39d159add87bce2b3973,3h,2024-05-21 06:06:09.757000+00:00,2024-05-21 09:04:53.347000+00:00,1.0,1.0,1.0,1.0,1135
664afc0bf5e0d9f993257838,ban_tai_nhanh,2024-05-20 07:30:19.284000+00:00,2024-05-20 10:30:19.276000+00:00,1.0,1.0,1.0,1.0,1136
664abe3cf02edf975f7d1315,3h,2024-05-20 03:06:36.742000+00:00,2024-05-20 06:05:56.015000+00:00,1.0,1.0,1.0,1.0,1137
6645a93b8941c947243a32c0,3h,2024-05-16 06:35:39.500000+00:00,2024-05-16 09:34:23.546000+00:00,1.0,1.0,1.0,1.0,1138
6645799c3927e085f37f169c,3h,2024-05-16 03:12:28.140000+00:00,2024-05-16 06:10:46.851000+00:00,1.0,1.0,1.0,1.0,1139
6635afc4c797695760aeeef2,3h,2024-05-04 03:47:16.088000+00:00,2024-05-04 06:43:43.281000+00:00,1.0,1.0,1.0,1.0,1140
6627316e5226afdd3cfed6f1,3h,2024-04-23 03:56:30.859000+00:00,2024-04-23 06:56:14.364000+00:00,1.0,1.0,1.0,1.0,1141
663d649f06ec360644a04a52,3h,2024-05-10 00:04:47.217000+00:00,2024-05-10 04:00:00+00:00,1.0,1.0,1.0,1.0,1142
6638618efe25ee4a2ae2e072,3h,2024-05-06 04:50:22.877000+00:00,2024-05-06 07:48:17.876000+00:00,1.0,1.0,1.0,1.0,1143
6635cfa5c797695760af0502,3h,2024-05-04 06:03:18.011000+00:00,2024-05-04 08:54:49.319000+00:00,1.0,1.0,1.0,1.0,1144
6635b13cc797695760aef218,3h,2024-05-04 03:53:32.750000+00:00,2024-05-04 06:48:39.140000+00:00,1.0,1.0,1.0,1.0,1145
6628875ddcd77c2b73bb0a5d,3h,2024-04-24 04:15:25.290000+00:00,2024-04-24 07:15:13.430000+00:00,1.0,1.0,1.0,1.0,1146
662725d2ef04768365889544,3h,2024-04-23 03:06:58.913000+00:00,2024-04-23 06:05:35.766000+00:00,1.0,1.0,1.0,1.0,1147
66209519a6fafd497076ee15,3h,2024-04-18 03:35:53.520000+00:00,2024-04-18 06:31:57.600000+00:00,1.0,1.0,1.0,1.0,1148
6619c861eb14a3260be9bb98,3h,2024-04-12 23:48:49.922000+00:00,2024-04-13 04:00:00+00:00,1.0,1.0,1.0,1.0,1149
661766a8caabc708e5d0f49a,3h,2024-04-11 04:27:20.833000+00:00,2024-04-11 07:26:45+00:00,1.0,1.0,1.0,1.0,1150
660d26f713dac364c002acca,3h,2024-04-03 09:52:55.256000+00:00,2024-04-03 12:52:34+00:00,1.0,1.0,1.0,1.0,1151
66668f29bb9619f5c265ae63,3h,2024-06-10 05:29:13.654000+00:00,2024-06-10 08:25:19.941000+00:00,1.0,1.0,1.0,1.0,1152
6694a2f6d54b84ac2ddb38ba,3h,2024-07-15 04:17:58.802000+00:00,2024-07-15 07:07:49.075000+00:00,1.0,1.0,1.0,1.0,1153
6694a2e1d54b84ac2ddb38b3,3h,2024-07-15 04:17:37.124000+00:00,2024-07-15 07:17:02.962000+00:00,1.0,1.0,1.0,1.0,1154
6694a27fd54b84ac2ddb3882,3h,2024-07-15 04:15:59.511000+00:00,2024-07-15 07:10:33.648000+00:00,1.0,1.0,1.0,1.0,1155
6694a133d54b84ac2ddb34c7,3h,2024-07-15 04:10:27.279000+00:00,2024-07-15 07:09:18.930000+00:00,1.0,1.0,1.0,1.0,1156
66949521d54b84ac2ddb2c9b,3h,2024-07-15 03:18:57.234000+00:00,2024-07-15 06:13:57.078000+00:00,1.0,1.0,1.0,1.0,1157
669493f6d54b84ac2ddb2ba1,3h,2024-07-15 03:13:58.669000+00:00,2024-07-15 06:10:15.600000+00:00,1.0,1.0,1.0,1.0,1158
669493f1d54b84ac2ddb2842,3h,2024-07-15 03:13:53.653000+00:00,2024-07-15 06:12:08.876000+00:00,1.0,1.0,1.0,1.0,1159
669492ced54b84ac2ddb20ca,3h,2024-07-15 03:09:02.958000+00:00,2024-07-15 05:44:54.505000+00:00,1.0,1.0,1.0,1.0,1160
669492bfd54b84ac2ddb20c3,3h,2024-07-15 03:08:47.233000+00:00,2024-07-15 05:54:20.072000+00:00,1.0,1.0,1.0,1.0,1161
6694926fd54b84ac2ddb20b3,3h,2024-07-15 03:07:27.561000+00:00,2024-07-15 06:04:09.019000+00:00,1.0,1.0,1.0,1.0,1162
66163bb2671f0301413102ad,3h,2024-04-10 07:11:46.787000+00:00,2024-04-10 10:07:36+00:00,1.0,1.0,1.0,1.0,1163
661368e55cbb0f299624a294,3h,2024-04-08 03:47:49.225000+00:00,2024-04-08 06:46:45+00:00,1.0,1.0,1.0,1.0,1164
660fa0901a314e877694070d,3h,2024-04-05 06:56:16.425000+00:00,2024-04-05 09:54:52+00:00,1.0,1.0,1.0,1.0,1165
6607525394281ab778cf1ddf,3h,2024-03-29 23:44:20.017000+00:00,2024-03-31 04:00:00+00:00,1.0,1.0,1.0,1.0,1166
66667727bb9619f5c265a85a,3h,2024-06-10 03:46:47.334000+00:00,2024-06-10 06:20:12.883000+00:00,1.0,1.0,1.0,1.0,1167
665834a00e654f117a074093,3h,2024-05-30 08:11:12.153000+00:00,2024-05-30 11:07:56.866000+00:00,1.0,1.0,1.0,1.0,1168
6654366de847739e08b3e942,3h,2024-05-27 07:29:49.104000+00:00,2024-05-27 10:05:43.561000+00:00,1.0,1.0,1.0,1.0,1169
665024a8b48362251a600aa3,3h,2024-05-24 05:24:56.307000+00:00,2024-05-24 08:11:11.626000+00:00,1.0,1.0,1.0,1.0,1170
664b0f4bf5e0d9f9932579d9,3h,2024-05-20 08:52:27.466000+00:00,2024-05-20 11:51:29.113000+00:00,1.0,1.0,1.0,1.0,1171
664af6edf5e0d9f993257526,ban_tai_nhanh,2024-05-20 07:08:29.927000+00:00,2024-05-20 10:08:29.914000+00:00,1.0,1.0,1.0,1.0,1172
664accf9f02edf975f7d1829,3h,2024-05-20 04:09:29.842000+00:00,2024-05-20 07:07:58.035000+00:00,1.0,1.0,1.0,1.0,1173
66456ffb3927e085f37f1558,3h,2024-05-16 02:31:23.738000+00:00,2024-05-16 05:29:20.565000+00:00,1.0,1.0,1.0,1.0,1174
6641aee24f35b460f5c58bb8,3h,2024-05-13 06:10:42.345000+00:00,2024-05-13 09:04:31.670000+00:00,1.0,1.0,1.0,1.0,1175
664876d8fdbbe39c0c4c249b,3h,2024-05-18 09:37:28.233000+00:00,2024-05-18 12:36:30.799000+00:00,1.0,1.0,1.0,1.0,1176
6647192cf2216d6afffc6699,3h,2024-05-17 08:45:32.323000+00:00,2024-05-17 11:35:41.759000+00:00,1.0,1.0,1.0,1.0,1177
664572f33927e085f37f15b2,3h,2024-05-16 02:44:03.484000+00:00,2024-05-16 05:39:04.640000+00:00,1.0,1.0,1.0,1.0,1178
6642d80b3ed44ab105716256,3h,2024-05-14 03:18:35.240000+00:00,2024-05-14 06:14:45.785000+00:00,1.0,1.0,1.0,1.0,1179
66418cc14ea8a18adf2e6d28,3h,2024-05-13 03:45:05.254000+00:00,2024-05-13 06:42:55.470000+00:00,1.0,1.0,1.0,1.0,1180
663c888b06ec360644a03f5f,3h,2024-05-09 08:25:47.678000+00:00,2024-05-09 11:22:58.747000+00:00,1.0,1.0,1.0,1.0,1181
6639bf234b21333c3fe0f020,3h,2024-05-07 05:41:55.261000+00:00,2024-05-07 08:40:24.997000+00:00,1.0,1.0,1.0,1.0,1182
6638779dfe25ee4a2ae2e8c1,3h,2024-05-06 06:24:29.827000+00:00,2024-05-06 09:22:23.533000+00:00,1.0,1.0,1.0,1.0,1183
662f1e37171c0a4bf686cadb,3h,2024-04-29 04:12:39.576000+00:00,2024-04-29 07:10:37.956000+00:00,1.0,1.0,1.0,1.0,1184
6628b1fca56d05656a3613c6,3h,2024-04-24 07:17:16.221000+00:00,2024-04-24 10:14:17.044000+00:00,1.0,1.0,1.0,1.0,1185
66274e29b0f768b2bd2920a5,3h,2024-04-23 05:59:05.244000+00:00,2024-04-23 08:56:55.550000+00:00,1.0,1.0,1.0,1.0,1186
6627261aef04768365889556,3h,2024-04-23 03:08:10.495000+00:00,2024-04-23 06:07:03.103000+00:00,1.0,1.0,1.0,1.0,1187
6625f59ca43812eb5bf91d37,3h,2024-04-22 05:29:01.026000+00:00,2024-04-22 08:28:10.563000+00:00,1.0,1.0,1.0,1.0,1188
6624b702e50fbe05cb19242d,3h,2024-04-21 06:49:38.295000+00:00,2024-04-22 04:00:00+00:00,1.0,1.0,1.0,1.0,1189
66234362a1b0ba838dc35b1a,3h,2024-04-20 04:24:02.670000+00:00,2024-04-20 07:20:30.558000+00:00,1.0,1.0,1.0,1.0,1190
66234275a1b0ba838dc35a18,3h,2024-04-20 04:20:05.442000+00:00,2024-04-20 07:15:53.459000+00:00,1.0,1.0,1.0,1.0,1191
662224c0a3fe6575ec76640c,3h,2024-04-19 08:01:04.183000+00:00,2024-04-19 10:59:39.834000+00:00,1.0,1.0,1.0,1.0,1192
6618a82329cc074b1011b785,3h,2024-04-12 03:18:59.389000+00:00,2024-04-12 06:15:36+00:00,1.0,1.0,1.0,1.0,1193
661cccd24448979e7ec737e5,3h,2024-04-15 06:44:34.927000+00:00,2024-04-15 09:42:35.362000+00:00,1.0,1.0,1.0,1.0,1194
661f839520d956274e41ac95,3h,2024-04-17 08:08:53.335000+00:00,2024-04-17 11:05:57.781000+00:00,1.0,1.0,1.0,1.0,1195
6663f91d4716c9653e9f2f56,3h,2024-06-08 06:24:29.975000+00:00,2024-06-08 09:20:56.841000+00:00,1.0,1.0,1.0,1.0,1196
6661453cbb3e3dca3a51f1be,3h,2024-06-06 05:12:28.677000+00:00,2024-06-06 08:10:10.879000+00:00,1.0,1.0,1.0,1.0,1197
66596683a7b31f62c9ef9986,3h,2024-05-31 05:56:19.850000+00:00,2024-05-31 08:55:19.622000+00:00,1.0,1.0,1.0,1.0,1198
6655612de847739e08b40b67,3h,2024-05-28 04:44:29.359000+00:00,2024-05-28 07:44:16.322000+00:00,1.0,1.0,1.0,1.0,1199
66923fafd54b84ac2ddb00fb,3h,2024-07-13 08:49:51.709000+00:00,2024-07-13 11:49:20.122000+00:00,1.0,1.0,1.0,1.0,1200
66923660d54b84ac2ddafe28,3h,2024-07-13 08:10:08.414000+00:00,2024-07-13 11:09:12.587000+00:00,1.0,1.0,1.0,1.0,1201
66921cf1d54b84ac2ddaf73b,3h,2024-07-13 06:21:37.925000+00:00,2024-07-13 09:19:35.035000+00:00,1.0,1.0,1.0,1.0,1202
6692064b407172f674590d89,3h,2024-07-13 04:44:59.224000+00:00,2024-07-13 07:39:58.724000+00:00,1.0,1.0,1.0,1.0,1203
66920432407172f674590d29,3h,2024-07-13 04:36:02.434000+00:00,2024-07-13 07:33:55.826000+00:00,1.0,1.0,1.0,1.0,1204
6691f9d6407172f674590660,3h,2024-07-13 03:51:50.891000+00:00,2024-07-13 06:50:13.420000+00:00,1.0,1.0,1.0,1.0,1205
6691f95f407172f674590606,3h,2024-07-13 03:49:51.502000+00:00,2024-07-13 06:46:59.467000+00:00,1.0,1.0,1.0,1.0,1206
6691f8a2407172f674590285,3h,2024-07-13 03:46:42.930000+00:00,2024-07-13 06:40:00.722000+00:00,1.0,1.0,1.0,1.0,1207
66554c70e847739e08b40873,3h,2024-05-28 03:16:00.656000+00:00,2024-05-28 06:15:13.659000+00:00,1.0,1.0,1.0,1.0,1208
6650166ef1a792c552f5a75e,3h,2024-05-24 04:24:14.107000+00:00,2024-05-24 07:23:00.324000+00:00,1.0,1.0,1.0,1.0,1209
664c397759add87bce2b394d,3h,2024-05-21 06:04:39.772000+00:00,2024-05-21 09:03:30.547000+00:00,1.0,1.0,1.0,1.0,1210
6647013ef2216d6afffc6238,3h,2024-05-17 07:03:26.473000+00:00,2024-05-17 10:02:31.508000+00:00,1.0,1.0,1.0,1.0,1211
6645a8eb8941c947243a3298,3h,2024-05-16 06:34:19.636000+00:00,2024-05-16 09:33:16.150000+00:00,1.0,1.0,1.0,1.0,1212
66458f4f8941c947243a216a,3h,2024-05-16 04:45:03.247000+00:00,2024-05-16 07:43:16.777000+00:00,1.0,1.0,1.0,1.0,1213
6641db014f35b460f5c59952,3h,2024-05-13 09:18:57.756000+00:00,2024-05-13 12:18:06.746000+00:00,1.0,1.0,1.0,1.0,1214
6639e51055c0e2fca8db4f5d,3h,2024-05-07 08:23:44.869000+00:00,2024-05-07 11:20:03.887000+00:00,1.0,1.0,1.0,1.0,1215
663086eac32acc762d92ff90,3h,2024-04-30 05:51:38.373000+00:00,2024-04-30 08:44:26.960000+00:00,1.0,1.0,1.0,1.0,1216
6628e5a7f9a546b0b87b57de,3h,2024-04-24 10:57:44.030000+00:00,2024-04-24 13:56:54.685000+00:00,1.0,1.0,1.0,1.0,1217
6628e55df9a546b0b87b57c5,3h,2024-04-24 10:56:29.490000+00:00,2024-04-24 13:55:14.942000+00:00,1.0,1.0,1.0,1.0,1218
662b2608f9a546b0b87b861f,3h,2024-04-26 03:56:56.490000+00:00,2024-04-26 06:55:01.958000+00:00,1.0,1.0,1.0,1.0,1219
6629b97bf9a546b0b87b63dc,3h,2024-04-25 02:01:32.711000+00:00,2024-04-25 04:59:46.082000+00:00,1.0,1.0,1.0,1.0,1220
6625efd9a43812eb5bf91aa1,3h,2024-04-22 05:04:25.523000+00:00,2024-04-22 08:03:35.014000+00:00,1.0,1.0,1.0,1.0,1221
6616110a671f03014130ebd4,3h,2024-04-10 04:09:46.950000+00:00,2024-04-10 07:08:56+00:00,1.0,1.0,1.0,1.0,1222
66177158caabc708e5d0f6c1,3h,2024-04-11 05:12:56.356000+00:00,2024-04-11 08:12:09+00:00,1.0,1.0,1.0,1.0,1223
660faa7c1a314e8776940a55,3h,2024-04-05 07:38:36.806000+00:00,2024-04-05 10:38:19+00:00,1.0,1.0,1.0,1.0,1224
660526fc8721848d7d1e6e49,3h,2024-03-28 08:14:52.851000+00:00,2024-03-28 11:13:57+00:00,1.0,1.0,1.0,1.0,1225
665fef96313c7144f2e3091b,3h,2024-06-05 04:54:46.196000+00:00,2024-06-05 07:53:09.997000+00:00,1.0,1.0,1.0,1.0,1226
665aca0c4dccad40775bf4d8,3h,2024-06-01 07:13:16.868000+00:00,2024-06-01 10:09:12.684000+00:00,1.0,1.0,1.0,1.0,1227
665942d6a7b31f62c9ef8f92,3h,2024-05-31 03:24:06.469000+00:00,2024-05-31 06:21:28.529000+00:00,1.0,1.0,1.0,1.0,1228
6691f730407172f67459020f,3h,2024-07-13 03:40:32.688000+00:00,2024-07-13 06:38:39.978000+00:00,1.0,1.0,1.0,1.0,1229
6691f6cc407172f67458fe89,3h,2024-07-13 03:38:52.721000+00:00,2024-07-13 06:36:09.570000+00:00,1.0,1.0,1.0,1.0,1230
6691f52e407172f67458fdf8,3h,2024-07-13 03:31:58.871000+00:00,2024-07-13 06:25:58.750000+00:00,1.0,1.0,1.0,1.0,1231
6691f3c3407172f67458fa49,3h,2024-07-13 03:25:55.539000+00:00,2024-07-13 06:20:50.938000+00:00,1.0,1.0,1.0,1.0,1232
6691f28f407172f67458f6e4,3h,2024-07-13 03:20:47.974000+00:00,2024-07-13 06:04:38.538000+00:00,1.0,1.0,1.0,1.0,1233
6691eec3407172f67458f66a,3h,2024-07-13 03:04:35.404000+00:00,2024-07-13 06:02:16.937000+00:00,1.0,1.0,1.0,1.0,1234
6691ee35407172f67458f318,3h,2024-07-13 03:02:13.837000+00:00,2024-07-13 06:00:31.768000+00:00,1.0,1.0,1.0,1.0,1235
6690f45490b466288b773970,3h,2024-07-12 09:16:05.038000+00:00,2024-07-12 12:14:38.933000+00:00,1.0,1.0,1.0,1.0,1236
6690f3e090b466288b77395c,3h,2024-07-12 09:14:08.738000+00:00,2024-07-12 12:12:07.467000+00:00,1.0,1.0,1.0,1.0,1237
6690d2d7f50a1c6b753891ff,3h,2024-07-12 06:53:11.846000+00:00,2024-07-12 09:48:59.913000+00:00,1.0,1.0,1.0,1.0,1238
6654270be847739e08b3e09d,3h,2024-05-27 06:24:11.851000+00:00,2024-05-27 09:23:56.990000+00:00,1.0,1.0,1.0,1.0,1239
664ffdc5f1a792c552f59cf6,3h,2024-05-24 02:39:01.852000+00:00,2024-05-24 05:38:43.697000+00:00,1.0,1.0,1.0,1.0,1240
664c1f8f8eb333e641dd3f0d,3h,2024-05-21 04:14:07.778000+00:00,2024-05-21 07:12:04.238000+00:00,1.0,1.0,1.0,1.0,1241
664b109ff5e0d9f993257cb1,3h,2024-05-20 08:58:07.781000+00:00,2024-05-20 11:55:16.811000+00:00,1.0,1.0,1.0,1.0,1242
664b0feef5e0d9f9932579ea,3h,2024-05-20 08:55:10.868000+00:00,2024-05-20 11:50:48.100000+00:00,1.0,1.0,1.0,1.0,1243
66487849fdbbe39c0c4c251e,3h,2024-05-18 09:43:37.813000+00:00,2024-05-18 12:41:48.317000+00:00,1.0,1.0,1.0,1.0,1244
6648748bfdbbe39c0c4c2439,3h,2024-05-18 09:27:39.399000+00:00,2024-05-18 12:14:07.471000+00:00,1.0,1.0,1.0,1.0,1245
6642f7c666a8ee5966e4a595,3h,2024-05-14 05:33:58.207000+00:00,2024-05-14 08:33:04.693000+00:00,1.0,1.0,1.0,1.0,1246
66379ec227df1863216a4fdb,3h,2024-05-05 14:59:14.943000+00:00,2024-05-06 04:00:00+00:00,1.0,1.0,1.0,1.0,1247
66345e4ac797695760aed71f,3h,2024-05-03 03:47:22.887000+00:00,2024-05-03 06:44:48.470000+00:00,1.0,1.0,1.0,1.0,1248
66332efa05c5313b7bcb0070,3h,2024-05-02 06:13:14.106000+00:00,2024-05-02 09:13:01.430000+00:00,1.0,1.0,1.0,1.0,1249
662f18a3171c0a4bf686c9fa,3h,2024-04-29 03:48:51.343000+00:00,2024-04-29 06:48:04.532000+00:00,1.0,1.0,1.0,1.0,1250
6618daa629cc074b1011c889,3h,2024-04-12 06:54:30.965000+00:00,2024-04-12 09:53:48+00:00,1.0,1.0,1.0,1.0,1251
661de7023eeac8266fef18fc,3h,2024-04-16 02:48:34.739000+00:00,2024-04-16 05:47:23.703000+00:00,1.0,1.0,1.0,1.0,1252
661e8bd11e5919e9a4661136,3h,2024-04-16 14:31:45.618000+00:00,2024-04-17 04:00:00+00:00,1.0,1.0,1.0,1.0,1253
6618a70029cc074b1011b6fe,3h,2024-04-12 03:14:09.217000+00:00,2024-04-12 06:11:30+00:00,1.0,1.0,1.0,1.0,1254
6614b621671f03014130d2f9,3h,2024-04-09 03:29:37.311000+00:00,2024-04-09 06:29:23+00:00,1.0,1.0,1.0,1.0,1255
660f8d021a314e877693ffd9,3h,2024-04-05 05:32:51.011000+00:00,2024-04-05 08:32:09+00:00,1.0,1.0,1.0,1.0,1256
660e3837052ab0dd76799d30,3h,2024-04-04 05:18:47.377000+00:00,2024-04-04 08:17:08+00:00,1.0,1.0,1.0,1.0,1257
66668733bb9619f5c265ada3,3h,2024-06-10 04:55:15.694000+00:00,2024-06-10 07:54:41.060000+00:00,1.0,1.0,1.0,1.0,1258
665fef2d313c7144f2e308f7,3h,2024-06-05 04:53:01.993000+00:00,2024-06-05 07:52:05.235000+00:00,1.0,1.0,1.0,1.0,1259
665ea069313c7144f2e2f3af,3h,2024-06-04 05:04:41.248000+00:00,2024-06-04 08:04:24.539000+00:00,1.0,1.0,1.0,1.0,1260
66595576a7b31f62c9ef93c9,3h,2024-05-31 04:43:34.477000+00:00,2024-05-31 07:43:18.425000+00:00,1.0,1.0,1.0,1.0,1261
6690d151f50a1c6b7538916e,3h,2024-07-12 06:46:41.118000+00:00,2024-07-12 09:45:11.255000+00:00,1.0,1.0,1.0,1.0,1262
6690cde9f50a1c6b75389015,3h,2024-07-12 06:32:09.357000+00:00,2024-07-12 09:30:50.004000+00:00,1.0,1.0,1.0,1.0,1263
6690c07bf50a1c6b753886b4,3h,2024-07-12 05:34:51.116000+00:00,2024-07-12 08:28:56.758000+00:00,1.0,1.0,1.0,1.0,1264
6690bb8cf50a1c6b753880b4,3h,2024-07-12 05:13:48.981000+00:00,2024-07-12 08:07:47.476000+00:00,1.0,1.0,1.0,1.0,1265
6690b3d7f50a1c6b75387bfd,3h,2024-07-12 04:40:55.950000+00:00,2024-07-12 07:39:48.782000+00:00,1.0,1.0,1.0,1.0,1266
6690aee7f50a1c6b75387967,ban_tai_nhanh,2024-07-12 04:19:51.782000+00:00,2024-07-12 07:19:51.776000+00:00,1.0,1.0,1.0,1.0,1267
6690aed9f50a1c6b75387620,3h,2024-07-12 04:19:37.473000+00:00,2024-07-12 07:18:49.391000+00:00,1.0,1.0,1.0,1.0,1268
6690ae39f50a1c6b75387604,3h,2024-07-12 04:16:57.236000+00:00,2024-07-12 07:14:50.231000+00:00,1.0,1.0,1.0,1.0,1269
6690ad4af50a1c6b753875ef,3h,2024-07-12 04:12:58.057000+00:00,2024-07-12 07:11:53.748000+00:00,1.0,1.0,1.0,1.0,1270
6690acd3f50a1c6b753875d3,3h,2024-07-12 04:10:59.591000+00:00,2024-07-12 07:08:35.495000+00:00,1.0,1.0,1.0,1.0,1271
6690ac34f50a1c6b75387594,3h,2024-07-12 04:08:20.048000+00:00,2024-07-12 07:06:08.643000+00:00,1.0,1.0,1.0,1.0,1272
6690ab3bf50a1c6b75387500,3h,2024-07-12 04:04:11.211000+00:00,2024-07-12 07:02:23.470000+00:00,1.0,1.0,1.0,1.0,1273
6690aabff50a1c6b753874b1,3h,2024-07-12 04:02:07.863000+00:00,2024-07-12 06:59:47.046000+00:00,1.0,1.0,1.0,1.0,1274
6690aa21f50a1c6b753873ec,3h,2024-07-12 03:59:29.220000+00:00,2024-07-12 06:57:14.644000+00:00,1.0,1.0,1.0,1.0,1275
6690a937f50a1c6b75387372,3h,2024-07-12 03:55:35.789000+00:00,2024-07-12 06:53:44.738000+00:00,1.0,1.0,1.0,1.0,1276
6663f1104716c9653e9f2c47,3h,2024-06-08 05:50:08.137000+00:00,2024-06-08 08:48:48.352000+00:00,1.0,1.0,1.0,1.0,1277
665d357c4d5788b4c93a408b,3h,2024-06-03 03:16:12.464000+00:00,2024-06-03 06:14:45.547000+00:00,1.0,1.0,1.0,1.0,1278
66595564a7b31f62c9ef93ba,3h,2024-05-31 04:43:16.576000+00:00,2024-05-31 07:42:59.574000+00:00,1.0,1.0,1.0,1.0,1279
665442c5e847739e08b3ee9a,3h,2024-05-27 08:22:29.948000+00:00,2024-05-27 11:17:21.904000+00:00,1.0,1.0,1.0,1.0,1280
663ebb7706ec360644a088e2,3h,2024-05-11 00:27:35.844000+00:00,2024-05-11 04:00:00+00:00,1.0,1.0,1.0,1.0,1281
663dfa2706ec360644a060d5,3h,2024-05-10 10:42:47.512000+00:00,2024-05-10 13:41:44.713000+00:00,1.0,1.0,1.0,1.0,1282
663092f3c32acc762d9303fa,3h,2024-04-30 06:42:59.566000+00:00,2024-04-30 09:41:59.751000+00:00,1.0,1.0,1.0,1.0,1283
662865f6dcd77c2b73bb059e,3h,2024-04-24 01:52:54.814000+00:00,2024-04-24 04:52:17.698000+00:00,1.0,1.0,1.0,1.0,1284
66274e58b0f768b2bd2920bf,3h,2024-04-23 05:59:52.383000+00:00,2024-04-23 08:59:33.441000+00:00,1.0,1.0,1.0,1.0,1285
66221851a3fe6575ec765f4c,3h,2024-04-19 07:08:01.490000+00:00,2024-04-19 10:06:41.254000+00:00,1.0,1.0,1.0,1.0,1286
663a531f0177448c5e3f9ab7,3h,2024-05-07 16:13:19.791000+00:00,2024-05-08 04:00:00+00:00,1.0,1.0,1.0,1.0,1287
6635aeabc797695760aeee6c,3h,2024-05-04 03:42:35.193000+00:00,2024-05-04 06:41:47.575000+00:00,1.0,1.0,1.0,1.0,1288
662f1cfa171c0a4bf686ca79,3h,2024-04-29 04:07:22.477000+00:00,2024-04-29 07:06:30.432000+00:00,1.0,1.0,1.0,1.0,1289
66274e80b0f768b2bd2920ea,3h,2024-04-23 06:00:32.360000+00:00,2024-04-23 09:00:09.183000+00:00,1.0,1.0,1.0,1.0,1290
66255f40a43812eb5bf8fdfe,3h,2024-04-21 18:47:28.605000+00:00,2024-04-22 04:00:00+00:00,1.0,1.0,1.0,1.0,1291
6621fbcaa3fe6575ec765191,3h,2024-04-19 05:06:18.349000+00:00,2024-04-19 08:06:05.759000+00:00,1.0,1.0,1.0,1.0,1292
660e1183ad7887547b68a025,3h,2024-04-04 02:33:39.248000+00:00,2024-04-04 05:27:44+00:00,1.0,1.0,1.0,1.0,1293
660a4d099f40c9600332055a,3h,2024-04-01 05:58:33.630000+00:00,2024-04-01 08:57:38+00:00,1.0,1.0,1.0,1.0,1294
66078bb294281ab778cf2305,3h,2024-03-30 03:49:06.856000+00:00,2024-03-30 06:47:47+00:00,1.0,1.0,1.0,1.0,1295
66667778bb9619f5c265a86c,3h,2024-06-10 03:48:08.716000+00:00,2024-06-10 06:44:28.422000+00:00,1.0,1.0,1.0,1.0,1296
66664b69a2f5f7dbd94b8c0d,3h,2024-06-10 00:40:09.282000+00:00,2024-06-10 04:00:00+00:00,1.0,1.0,1.0,1.0,1297
6690a86ef50a1c6b75387013,3h,2024-07-12 03:52:26.400000+00:00,2024-07-12 06:51:10.312000+00:00,1.0,1.0,1.0,1.0,1298
6690a829f50a1c6b75386cd2,3h,2024-07-12 03:51:05.770000+00:00,2024-07-12 06:48:23.087000+00:00,1.0,1.0,1.0,1.0,1299
6690a6c9f50a1c6b7538696f,3h,2024-07-12 03:45:13.441000+00:00,2024-07-12 06:38:50.891000+00:00,1.0,1.0,1.0,1.0,1300
6690a3e3f50a1c6b75386904,3h,2024-07-12 03:32:51.871000+00:00,2024-07-12 06:29:36.131000+00:00,1.0,1.0,1.0,1.0,1301
66908cf0f50a1c6b75386462,3h,2024-07-12 01:54:56.836000+00:00,2024-07-12 04:50:50.913000+00:00,1.0,1.0,1.0,1.0,1302
668fb3e0f50a1c6b75385cc9,3h,2024-07-11 10:28:48.622000+00:00,2024-07-11 13:27:44.800000+00:00,1.0,1.0,1.0,1.0,1303
668f7febf50a1c6b75384964,3h,2024-07-11 06:47:07.250000+00:00,2024-07-11 09:45:19.028000+00:00,1.0,1.0,1.0,1.0,1304
668f7f70f50a1c6b753845e4,3h,2024-07-11 06:45:04.374000+00:00,2024-07-11 09:42:50.633000+00:00,1.0,1.0,1.0,1.0,1305
668f7ee7f50a1c6b75384294,3h,2024-07-11 06:42:47.123000+00:00,2024-07-11 09:23:53.605000+00:00,1.0,1.0,1.0,1.0,1306
668f7a76f50a1c6b75383f20,3h,2024-07-11 06:23:50.369000+00:00,2024-07-11 09:22:40.631000+00:00,1.0,1.0,1.0,1.0,1307
661889e929cc074b1011b577,3h,2024-04-12 01:10:01.213000+00:00,2024-04-12 04:09:01+00:00,1.0,1.0,1.0,1.0,1308
66137c3a5cbb0f299624abdc,3h,2024-04-08 05:10:18.563000+00:00,2024-04-08 08:09:45+00:00,1.0,1.0,1.0,1.0,1309
6610f9f837ac03251285b518,3h,2024-04-06 07:30:00.970000+00:00,2024-04-06 10:26:17+00:00,1.0,1.0,1.0,1.0,1310
66076f7c94281ab778cf1f6d,3h,2024-03-30 01:48:45.045000+00:00,2024-03-30 04:44:42+00:00,1.0,1.0,1.0,1.0,1311
66669a79bb9619f5c265b184,3h,2024-06-10 06:17:29.751000+00:00,2024-06-10 09:16:16.432000+00:00,1.0,1.0,1.0,1.0,1312
665f3325313c7144f2e30067,3h,2024-06-04 15:30:45.948000+00:00,2024-06-05 04:00:00+00:00,1.0,1.0,1.0,1.0,1313
665d35224d5788b4c93a405b,3h,2024-06-03 03:14:42.348000+00:00,2024-06-03 06:12:31.377000+00:00,1.0,1.0,1.0,1.0,1314
665ac90f4dccad40775bf499,3h,2024-06-01 07:09:03.382000+00:00,2024-06-01 10:07:26.926000+00:00,1.0,1.0,1.0,1.0,1315
665ac8854dccad40775bf489,3h,2024-06-01 07:06:45.385000+00:00,2024-06-01 10:05:09.650000+00:00,1.0,1.0,1.0,1.0,1316
6657f8ca1d1005721568e48b,3h,2024-05-30 03:55:54.058000+00:00,2024-05-30 06:53:12.708000+00:00,1.0,1.0,1.0,1.0,1317
6653fea7e847739e08b3cfc7,3h,2024-05-27 03:31:51.456000+00:00,2024-05-27 06:24:51.200000+00:00,1.0,1.0,1.0,1.0,1318
664c859659add87bce2b4712,3h,2024-05-21 11:29:26.909000+00:00,2024-05-22 04:00:00+00:00,1.0,1.0,1.0,1.0,1319
6667d207644186407443e273,3h,2024-06-11 04:26:47.160000+00:00,2024-06-11 07:24:03.428000+00:00,1.0,1.0,1.0,1.0,1320
6667b310d59cdeec42f6cd17,3h,2024-06-11 02:14:40.544000+00:00,2024-06-11 05:13:46.196000+00:00,1.0,1.0,1.0,1.0,1321
665fd315313c7144f2e30247,ban_tai_nhanh,2024-06-05 02:53:09.870000+00:00,2024-06-05 05:53:09.804000+00:00,1.0,1.0,1.0,1.0,1322
665eb8f6313c7144f2e2f9e6,ban_tai_nhanh,2024-06-04 06:49:26.878000+00:00,2024-06-04 09:49:26.807000+00:00,1.0,1.0,1.0,1.0,1323
66544404e847739e08b3ef68,3h,2024-05-27 08:27:48.270000+00:00,2024-05-27 11:24:18.861000+00:00,1.0,1.0,1.0,1.0,1324
664d827559add87bce2b5248,3h,2024-05-22 05:28:21.158000+00:00,2024-05-22 08:25:58.415000+00:00,1.0,1.0,1.0,1.0,1325
66459ca58941c947243a2dea,3h,2024-05-16 05:41:57.306000+00:00,2024-05-16 08:41:39.962000+00:00,1.0,1.0,1.0,1.0,1326
664579fd3927e085f37f16b8,3h,2024-05-16 03:14:05.134000+00:00,2024-05-16 06:12:32.725000+00:00,1.0,1.0,1.0,1.0,1327
663dfa8806ec360644a060e1,3h,2024-05-10 10:44:24.343000+00:00,2024-05-10 13:43:30.960000+00:00,1.0,1.0,1.0,1.0,1328
6635c9d1c797695760af00c2,3h,2024-05-04 05:38:25.941000+00:00,2024-05-04 08:34:28.213000+00:00,1.0,1.0,1.0,1.0,1329
66305f69c32acc762d92f9c5,3h,2024-04-30 03:03:05.859000+00:00,2024-04-30 06:00:13.074000+00:00,1.0,1.0,1.0,1.0,1330
662e3ac5171c0a4bf686c4c0,3h,2024-04-28 12:02:13.417000+00:00,2024-04-29 04:00:00+00:00,1.0,1.0,1.0,1.0,1331
662b27cbf9a546b0b87b86d8,3h,2024-04-26 04:04:27.882000+00:00,2024-04-26 07:04:13.232000+00:00,1.0,1.0,1.0,1.0,1332
6621edcba3fe6575ec764d52,3h,2024-04-19 04:06:35.758000+00:00,2024-04-19 07:05:48.058000+00:00,1.0,1.0,1.0,1.0,1333
666a7c890ad530bd2452d580,3h,2024-06-13 04:58:49.677000+00:00,2024-06-13 07:57:28.154000+00:00,1.0,1.0,1.0,1.0,1334
666962ff40e66377970823ab,3h,2024-06-12 08:57:35.076000+00:00,2024-06-12 11:56:32.846000+00:00,1.0,1.0,1.0,1.0,1335
6669622e40e6637797082271,3h,2024-06-12 08:54:06.757000+00:00,2024-06-12 11:51:35.545000+00:00,1.0,1.0,1.0,1.0,1336
6669616040e6637797082257,3h,2024-06-12 08:50:40.993000+00:00,2024-06-12 11:48:23.667000+00:00,1.0,1.0,1.0,1.0,1337
6669606c40e6637797081e90,3h,2024-06-12 08:46:36.594000+00:00,2024-06-12 11:44:43.900000+00:00,1.0,1.0,1.0,1.0,1338
666950dd40e6637797081a4e,3h,2024-06-12 07:40:13.776000+00:00,2024-06-12 10:36:04.958000+00:00,1.0,1.0,1.0,1.0,1339
666948ad40e663779708199a,3h,2024-06-12 07:05:17.380000+00:00,2024-06-12 10:04:19.956000+00:00,1.0,1.0,1.0,1.0,1340
6669486f40e6637797081986,3h,2024-06-12 07:04:15.847000+00:00,2024-06-12 10:01:44.849000+00:00,1.0,1.0,1.0,1.0,1341
6669138d40e6637797081134,3h,2024-06-12 03:18:37.778000+00:00,2024-06-12 06:18:24.398000+00:00,1.0,1.0,1.0,1.0,1342
6668892640e6637797080fac,3h,2024-06-11 17:28:06.810000+00:00,2024-06-12 04:00:00+00:00,1.0,1.0,1.0,1.0,1343
666824e25816dbf964d0e967,3h,2024-06-11 10:20:18.543000+00:00,2024-06-11 13:18:44.611000+00:00,1.0,1.0,1.0,1.0,1344
668f5e62f50a1c6b75382d97,3h,2024-07-11 04:24:24.257000+00:00,2024-07-11 07:21:57.249000+00:00,1.0,1.0,1.0,1.0,1345
668f5c78f50a1c6b75382d5e,3h,2024-07-11 04:15:52.475000+00:00,2024-07-11 07:15:05.075000+00:00,1.0,1.0,1.0,1.0,1346
668f5365fa7cccdc55989079,3h,2024-07-11 03:37:09.501000+00:00,2024-07-11 06:34:34.486000+00:00,1.0,1.0,1.0,1.0,1347
668f52c7fa7cccdc55988cc6,3h,2024-07-11 03:34:31.651000+00:00,2024-07-11 06:33:45.849000+00:00,1.0,1.0,1.0,1.0,1348
668f528ffa7cccdc55988cb6,3h,2024-07-11 03:33:35.939000+00:00,2024-07-11 06:31:42.981000+00:00,1.0,1.0,1.0,1.0,1349
668f5215fa7cccdc55988c9e,3h,2024-07-11 03:31:33.827000+00:00,2024-07-11 06:29:06.183000+00:00,1.0,1.0,1.0,1.0,1350
668f517ffa7cccdc55988c73,3h,2024-07-11 03:29:03.054000+00:00,2024-07-11 06:27:06.270000+00:00,1.0,1.0,1.0,1.0,1351
668f4ea4fa7cccdc559888ee,3h,2024-07-11 03:16:52.290000+00:00,2024-07-11 06:14:31.233000+00:00,1.0,1.0,1.0,1.0,1352
668f4ea0fa7cccdc559888e5,3h,2024-07-11 03:16:48.081000+00:00,2024-07-11 06:15:49.313000+00:00,1.0,1.0,1.0,1.0,1353
668f4e07fa7cccdc559888bc,3h,2024-07-11 03:14:15.274000+00:00,2024-07-11 06:10:16.331000+00:00,1.0,1.0,1.0,1.0,1354
668f4ccafa7cccdc55988882,3h,2024-07-11 03:08:58.197000+00:00,2024-07-11 06:06:06.619000+00:00,1.0,1.0,1.0,1.0,1355
668f4c0dfa7cccdc55988876,3h,2024-07-11 03:05:49.758000+00:00,2024-07-11 06:04:00.847000+00:00,1.0,1.0,1.0,1.0,1356
668ec8a7fa7cccdc55988786,3h,2024-07-10 17:45:11.447000+00:00,2024-07-11 04:00:00+00:00,1.0,1.0,1.0,1.0,1357
668e4830fa7cccdc55987931,3h,2024-07-10 08:37:04.613000+00:00,2024-07-10 11:35:39.586000+00:00,1.0,1.0,1.0,1.0,1358
666bd0493058481f4e267973,3h,2024-06-14 05:08:25.055000+00:00,2024-06-14 08:07:12.435000+00:00,1.0,1.0,1.0,1.0,1359
666bca3d3058481f4e267910,3h,2024-06-14 04:42:37.391000+00:00,2024-06-14 07:41:20.424000+00:00,1.0,1.0,1.0,1.0,1360
666bbbf83058481f4e2675d7,3h,2024-06-14 03:41:44.204000+00:00,2024-06-14 06:39:46.469000+00:00,1.0,1.0,1.0,1.0,1361
666bb9993058481f4e26748d,3h,2024-06-14 03:31:37.577000+00:00,2024-06-14 06:30:11.308000+00:00,1.0,1.0,1.0,1.0,1362
666bad153058481f4e26739a,3h,2024-06-14 02:38:13.574000+00:00,2024-06-14 05:35:25.686000+00:00,1.0,1.0,1.0,1.0,1363
666ab9e6a9f5a1c8d3a9997b,3h,2024-06-13 09:20:38.199000+00:00,2024-06-13 12:18:22.548000+00:00,1.0,1.0,1.0,1.0,1364
666a9b27f212d56dfc378229,3h,2024-06-13 07:09:27.855000+00:00,2024-06-13 10:08:01.066000+00:00,1.0,1.0,1.0,1.0,1365
666a8f6df212d56dfc377da9,3h,2024-06-13 06:19:25.377000+00:00,2024-06-13 09:19:10.932000+00:00,1.0,1.0,1.0,1.0,1366
666a8a09f212d56dfc377d1d,3h,2024-06-13 05:56:25.074000+00:00,2024-06-13 08:54:47.383000+00:00,1.0,1.0,1.0,1.0,1367
666fe7e9c86b5b19e300b019,3h,2024-06-17 07:38:17.845000+00:00,2024-06-17 10:37:29.209000+00:00,1.0,1.0,1.0,1.0,1368
666fc018c86b5b19e300a2b7,3h,2024-06-17 04:48:24.364000+00:00,2024-06-17 07:46:37.321000+00:00,1.0,1.0,1.0,1.0,1369
666fb6e1c86b5b19e3009acf,3h,2024-06-17 04:09:05.120000+00:00,2024-06-17 07:08:46.075000+00:00,1.0,1.0,1.0,1.0,1370
666faccfc86b5b19e30099ae,3h,2024-06-17 03:26:07.466000+00:00,2024-06-17 06:23:26.236000+00:00,1.0,1.0,1.0,1.0,1371
666fab39c86b5b19e300991e,3h,2024-06-17 03:19:21.366000+00:00,2024-06-17 06:16:36.455000+00:00,1.0,1.0,1.0,1.0,1372
666faa49c86b5b19e3009907,3h,2024-06-17 03:15:21.558000+00:00,2024-06-17 06:14:29.264000+00:00,1.0,1.0,1.0,1.0,1373
666d3c9fc86b5b19e3008b13,3h,2024-06-15 07:02:55.632000+00:00,2024-06-15 10:00:15.989000+00:00,1.0,1.0,1.0,1.0,1374
666d2296c86b5b19e30084ea,3h,2024-06-15 05:11:50.820000+00:00,2024-06-15 08:11:36.033000+00:00,1.0,1.0,1.0,1.0,1375
666d023dc86b5b19e3007bae,3h,2024-06-15 02:53:49.157000+00:00,2024-06-15 05:53:15.223000+00:00,1.0,1.0,1.0,1.0,1376
666d0160c86b5b19e3007b81,3h,2024-06-15 02:50:08.714000+00:00,2024-06-15 05:46:26.649000+00:00,1.0,1.0,1.0,1.0,1377
666ceaecc86b5b19e3007879,3h,2024-06-15 01:14:20.245000+00:00,2024-06-15 04:13:46.683000+00:00,1.0,1.0,1.0,1.0,1378
666ceac4c86b5b19e300786d,3h,2024-06-15 01:13:40.761000+00:00,2024-06-15 04:12:14.709000+00:00,1.0,1.0,1.0,1.0,1379
666c135c5eeef68a9d24bade,3h,2024-06-14 09:54:36.468000+00:00,2024-06-14 12:51:57.963000+00:00,1.0,1.0,1.0,1.0,1380
666c118f0faf59e257a3d439,3h,2024-06-14 09:46:55.403000+00:00,2024-06-14 12:46:22.238000+00:00,1.0,1.0,1.0,1.0,1381
667254eddb29c9405177aaad,3h,2024-06-19 03:47:57.905000+00:00,2024-06-19 06:42:42.276000+00:00,1.0,1.0,1.0,1.0,1382
667253abdb29c9405177aa98,3h,2024-06-19 03:42:35.694000+00:00,2024-06-19 06:26:48.064000+00:00,1.0,1.0,1.0,1.0,1383
66718deadb29c9405177a58b,3h,2024-06-18 13:38:50.225000+00:00,2024-06-19 04:00:00+00:00,1.0,1.0,1.0,1.0,1384
667153e7db29c940517793a6,3h,2024-06-18 09:31:19.684000+00:00,2024-06-18 12:31:07.259000+00:00,1.0,1.0,1.0,1.0,1385
66714965c86b5b19e300ca3a,3h,2024-06-18 08:46:29.072000+00:00,2024-06-18 11:45:49.022000+00:00,1.0,1.0,1.0,1.0,1386
66714926c86b5b19e300c9fe,ban_tai_nhanh,2024-06-18 08:45:26.855000+00:00,2024-06-18 11:45:26.840000+00:00,1.0,1.0,1.0,1.0,1387
66712ac6c86b5b19e300c159,3h,2024-06-18 06:35:50.523000+00:00,2024-06-18 09:34:39.637000+00:00,1.0,1.0,1.0,1.0,1388
667108cfc86b5b19e300bc74,3h,2024-06-18 04:10:55.468000+00:00,2024-06-18 07:07:26.241000+00:00,1.0,1.0,1.0,1.0,1389
667107f9c86b5b19e300bc45,3h,2024-06-18 04:07:21.319000+00:00,2024-06-18 07:05:09.759000+00:00,1.0,1.0,1.0,1.0,1390
66710771c86b5b19e300bc39,3h,2024-06-18 04:05:05.137000+00:00,2024-06-18 07:02:48.964000+00:00,1.0,1.0,1.0,1.0,1391
667100cbc86b5b19e300ba07,3h,2024-06-18 03:36:43.324000+00:00,2024-06-18 06:36:28.984000+00:00,1.0,1.0,1.0,1.0,1392
666fea82c86b5b19e300b07b,3h,2024-06-17 07:49:22.477000+00:00,2024-06-17 10:47:48.865000+00:00,1.0,1.0,1.0,1.0,1393
668e43a3fa7cccdc5598761b,3h,2024-07-10 08:17:39.541000+00:00,2024-07-10 11:16:44.651000+00:00,1.0,1.0,1.0,1.0,1394
668e2488fa7cccdc559868b3,3h,2024-07-10 06:04:56.915000+00:00,2024-07-10 09:02:47.143000+00:00,1.0,1.0,1.0,1.0,1395
668e2026fa7cccdc559865e2,3h,2024-07-10 05:46:14.584000+00:00,2024-07-10 08:45:34.708000+00:00,1.0,1.0,1.0,1.0,1396
668e1d3dfa7cccdc55986436,3h,2024-07-10 05:33:50.006000+00:00,2024-07-10 08:31:00.844000+00:00,1.0,1.0,1.0,1.0,1397
668e080efa7cccdc559859bd,3h,2024-07-10 04:03:26.254000+00:00,2024-07-10 07:02:05.981000+00:00,1.0,1.0,1.0,1.0,1398
668e071ffa7cccdc5598596e,3h,2024-07-10 03:59:27.333000+00:00,2024-07-10 06:58:08.315000+00:00,1.0,1.0,1.0,1.0,1399
668dff22fa7cccdc55985888,3h,2024-07-10 03:25:22.216000+00:00,2024-07-10 06:22:37.574000+00:00,1.0,1.0,1.0,1.0,1400
668dfe77fa7cccdc55985842,3h,2024-07-10 03:22:31.668000+00:00,2024-07-10 06:20:15.471000+00:00,1.0,1.0,1.0,1.0,1401
668dfddcfa7cccdc55985806,3h,2024-07-10 03:19:56.825000+00:00,2024-07-10 06:17:53.536000+00:00,1.0,1.0,1.0,1.0,1402
668dfcd4fa7cccdc5598577c,3h,2024-07-10 03:15:32.794000+00:00,2024-07-10 06:13:07.220000+00:00,1.0,1.0,1.0,1.0,1403
668dfc38fa7cccdc55985735,3h,2024-07-10 03:12:56.467000+00:00,2024-07-10 06:03:28.964000+00:00,1.0,1.0,1.0,1.0,1404
668df9e6fa7cccdc55985361,3h,2024-07-10 03:03:02.482000+00:00,2024-07-10 06:01:26.487000+00:00,1.0,1.0,1.0,1.0,1405
6673a22104d9ab66fb5c364f,3h,2024-06-20 03:29:37.988000+00:00,2024-06-20 06:19:22.220000+00:00,1.0,1.0,1.0,1.0,1406
6672910604d9ab66fb5c24c5,3h,2024-06-19 08:04:22.985000+00:00,2024-06-19 11:04:08.836000+00:00,1.0,1.0,1.0,1.0,1407
66726bf7db29c9405177b879,3h,2024-06-19 05:26:15.436000+00:00,2024-06-19 08:22:50.282000+00:00,1.0,1.0,1.0,1.0,1408
667267a4db29c9405177b309,3h,2024-06-19 05:07:48.309000+00:00,2024-06-19 08:05:02.503000+00:00,1.0,1.0,1.0,1.0,1409
6672673adb29c9405177b2b8,3h,2024-06-19 05:06:02.362000+00:00,2024-06-19 08:05:22.383000+00:00,1.0,1.0,1.0,1.0,1410
667266fcdb29c9405177b24d,3h,2024-06-19 05:05:00.669000+00:00,2024-06-19 08:00:08.745000+00:00,1.0,1.0,1.0,1.0,1411
6672652adb29c9405177b1be,3h,2024-06-19 04:57:14.109000+00:00,2024-06-19 07:46:32.884000+00:00,1.0,1.0,1.0,1.0,1412
66726021db29c9405177aecf,3h,2024-06-19 04:35:45.628000+00:00,2024-06-19 07:33:00.322000+00:00,1.0,1.0,1.0,1.0,1413
66725f41db29c9405177ae97,3h,2024-06-19 04:32:01.110000+00:00,2024-06-19 07:27:28.568000+00:00,1.0,1.0,1.0,1.0,1414
66725caddb29c9405177ae4c,3h,2024-06-19 04:21:01.924000+00:00,2024-06-19 07:18:17.706000+00:00,1.0,1.0,1.0,1.0,1415
66725bfcdb29c9405177ad6c,3h,2024-06-19 04:18:04.763000+00:00,2024-06-19 07:04:16.572000+00:00,1.0,1.0,1.0,1.0,1416
6672586ddb29c9405177ab7a,3h,2024-06-19 04:02:53.216000+00:00,2024-06-19 06:56:33.248000+00:00,1.0,1.0,1.0,1.0,1417
667256eddb29c9405177ab42,3h,2024-06-19 03:56:29.881000+00:00,2024-06-19 06:52:20.345000+00:00,1.0,1.0,1.0,1.0,1418
667255c9db29c9405177aafa,3h,2024-06-19 03:51:37.215000+00:00,2024-06-19 06:50:30.752000+00:00,1.0,1.0,1.0,1.0,1419
667524804ec08f3598115039,3h,2024-06-21 06:58:08.624000+00:00,2024-06-21 09:54:46.091000+00:00,1.0,1.0,1.0,1.0,1420
667516444ec08f359811451e,3h,2024-06-21 05:57:24.403000+00:00,2024-06-21 08:54:33.674000+00:00,1.0,1.0,1.0,1.0,1421
6675022c4ec08f35981140cd,3h,2024-06-21 04:31:40.760000+00:00,2024-06-21 07:23:44.458000+00:00,1.0,1.0,1.0,1.0,1422
6674f9af4ec08f3598113ff6,3h,2024-06-21 03:55:27.382000+00:00,2024-06-21 06:47:21.431000+00:00,1.0,1.0,1.0,1.0,1423
6674ee314ec08f3598113ec6,3h,2024-06-21 03:06:25.769000+00:00,2024-06-21 06:02:37.944000+00:00,1.0,1.0,1.0,1.0,1424
6674ed474ec08f3598113e95,3h,2024-06-21 03:02:31.548000+00:00,2024-06-21 05:56:49.578000+00:00,1.0,1.0,1.0,1.0,1425
6673e00504d9ab66fb5c481f,3h,2024-06-20 07:53:41.719000+00:00,2024-06-20 10:51:51.958000+00:00,1.0,1.0,1.0,1.0,1426
6673d7b704d9ab66fb5c42f3,3h,2024-06-20 07:18:15.126000+00:00,2024-06-20 10:18:02.824000+00:00,1.0,1.0,1.0,1.0,1427
6673d59904d9ab66fb5c427c,3h,2024-06-20 07:09:13.485000+00:00,2024-06-20 10:05:50.063000+00:00,1.0,1.0,1.0,1.0,1428
6673ba3204d9ab66fb5c38ce,3h,2024-06-20 05:12:18.945000+00:00,2024-06-20 08:11:01.148000+00:00,1.0,1.0,1.0,1.0,1429
6673aac704d9ab66fb5c37a9,3h,2024-06-20 04:06:31.732000+00:00,2024-06-20 07:02:03.148000+00:00,1.0,1.0,1.0,1.0,1430
6673a28d04d9ab66fb5c366e,3h,2024-06-20 03:31:25.240000+00:00,2024-06-20 06:29:41.019000+00:00,1.0,1.0,1.0,1.0,1431
6678f3b1686ba46d64f04b17,3h,2024-06-24 04:18:57.337000+00:00,2024-06-24 07:11:19.297000+00:00,1.0,1.0,1.0,1.0,1432
6678f033686ba46d64f04a8f,3h,2024-06-24 04:04:03.538000+00:00,2024-06-24 06:58:09.214000+00:00,1.0,1.0,1.0,1.0,1433
6678db98686ba46d64f0454c,3h,2024-06-24 02:36:08.057000+00:00,2024-06-24 05:34:15.316000+00:00,1.0,1.0,1.0,1.0,1434
667868ec686ba46d64f04439,3h,2024-06-23 18:26:52.058000+00:00,2024-06-24 04:00:00+00:00,1.0,1.0,1.0,1.0,1435
6676a4978caccc69cb744ff1,3h,2024-06-22 10:16:55.545000+00:00,2024-06-22 13:16:25.379000+00:00,1.0,1.0,1.0,1.0,1436
6676929e8caccc69cb744e64,3h,2024-06-22 09:00:14.920000+00:00,2024-06-22 11:56:19.848000+00:00,1.0,1.0,1.0,1.0,1437
667691a18caccc69cb744e25,3h,2024-06-22 08:56:01.698000+00:00,2024-06-22 11:53:41.154000+00:00,1.0,1.0,1.0,1.0,1438
667690c08caccc69cb744e15,3h,2024-06-22 08:52:16.284000+00:00,2024-06-22 11:50:03.382000+00:00,1.0,1.0,1.0,1.0,1439
667690638caccc69cb744e04,3h,2024-06-22 08:50:43.567000+00:00,2024-06-22 11:46:57.551000+00:00,1.0,1.0,1.0,1.0,1440
66768ff88caccc69cb744dd8,3h,2024-06-22 08:48:56.627000+00:00,2024-06-22 11:47:27.110000+00:00,1.0,1.0,1.0,1.0,1441
667686e88caccc69cb744d08,3h,2024-06-22 08:10:16.311000+00:00,2024-06-22 11:07:30.630000+00:00,1.0,1.0,1.0,1.0,1442
667638098caccc69cb7438e1,3h,2024-06-22 02:33:45.428000+00:00,2024-06-22 05:32:43.219000+00:00,1.0,1.0,1.0,1.0,1443
667637c18caccc69cb7438d3,3h,2024-06-22 02:32:33.973000+00:00,2024-06-22 05:31:58.448000+00:00,1.0,1.0,1.0,1.0,1444
667541394ec08f3598115c75,3h,2024-06-21 09:00:41.303000+00:00,2024-06-21 11:56:56.631000+00:00,1.0,1.0,1.0,1.0,1445
66753d654ec08f35981157c3,3h,2024-06-21 08:44:21.036000+00:00,2024-06-21 11:33:37.624000+00:00,1.0,1.0,1.0,1.0,1446
667a4515686ba46d64f079a6,3h,2024-06-25 04:18:29.998000+00:00,2024-06-25 07:16:36.188000+00:00,1.0,1.0,1.0,1.0,1447
667a3d63686ba46d64f077e4,3h,2024-06-25 03:45:39.601000+00:00,2024-06-25 06:44:11.377000+00:00,1.0,1.0,1.0,1.0,1448
667a3a16686ba46d64f07767,3h,2024-06-25 03:31:34.969000+00:00,2024-06-25 06:30:50.734000+00:00,1.0,1.0,1.0,1.0,1449
667a3751686ba46d64f075aa,3h,2024-06-25 03:19:45.572000+00:00,2024-06-25 06:18:16.177000+00:00,1.0,1.0,1.0,1.0,1450
667a36e9686ba46d64f073ae,3h,2024-06-25 03:18:01.911000+00:00,2024-06-25 06:14:23.653000+00:00,1.0,1.0,1.0,1.0,1451
667a2e57686ba46d64f071df,3h,2024-06-25 02:41:27.107000+00:00,2024-06-25 05:40:32.472000+00:00,1.0,1.0,1.0,1.0,1452
667a2e1b686ba46d64f071d6,3h,2024-06-25 02:40:27.814000+00:00,2024-06-25 05:39:12.920000+00:00,1.0,1.0,1.0,1.0,1453
667a2dcd686ba46d64f071b4,3h,2024-06-25 02:39:09.829000+00:00,2024-06-25 05:37:38.193000+00:00,1.0,1.0,1.0,1.0,1454
667a2d6e686ba46d64f0715b,3h,2024-06-25 02:37:34.434000+00:00,2024-06-25 05:34:28.219000+00:00,1.0,1.0,1.0,1.0,1455
667a2cb1686ba46d64f07108,3h,2024-06-25 02:34:25.538000+00:00,2024-06-25 05:22:18.890000+00:00,1.0,1.0,1.0,1.0,1456
667a1761686ba46d64f06bf1,3h,2024-06-25 01:03:29.161000+00:00,2024-06-25 04:01:23.058000+00:00,1.0,1.0,1.0,1.0,1457
66793cae686ba46d64f063fd,3h,2024-06-24 09:30:22.539000+00:00,2024-06-24 12:29:57.557000+00:00,1.0,1.0,1.0,1.0,1458
66791807686ba46d64f05ecc,3h,2024-06-24 06:53:59.319000+00:00,2024-06-24 09:53:38.811000+00:00,1.0,1.0,1.0,1.0,1459
667911fb686ba46d64f05c79,3h,2024-06-24 06:28:11.105000+00:00,2024-06-24 09:26:41.807000+00:00,1.0,1.0,1.0,1.0,1460
6678f425686ba46d64f04b34,3h,2024-06-24 04:20:53.573000+00:00,2024-06-24 07:19:00.616000+00:00,1.0,1.0,1.0,1.0,1461
667bafe410954652d95219a9,3h,2024-06-26 06:06:28.176000+00:00,2024-06-26 09:06:17.284000+00:00,1.0,1.0,1.0,1.0,1462
667ba5b110954652d95206f6,3h,2024-06-26 05:22:57.196000+00:00,2024-06-26 08:20:53.682000+00:00,1.0,1.0,1.0,1.0,1463
667ba53310954652d95204f2,3h,2024-06-26 05:20:51.079000+00:00,2024-06-26 08:18:35.764000+00:00,1.0,1.0,1.0,1.0,1464
667b995a10954652d9520077,3h,2024-06-26 04:30:18.345000+00:00,2024-06-26 07:20:13.225000+00:00,1.0,1.0,1.0,1.0,1465
667b950410954652d951fbe5,3h,2024-06-26 04:11:48.229000+00:00,2024-06-26 07:08:00.087000+00:00,1.0,1.0,1.0,1.0,1466
667b875810954652d951fabe,3h,2024-06-26 03:13:28.632000+00:00,2024-06-26 06:11:43.252000+00:00,1.0,1.0,1.0,1.0,1467
667b867b10954652d951fa83,3h,2024-06-26 03:09:47.430000+00:00,2024-06-26 06:06:11.993000+00:00,1.0,1.0,1.0,1.0,1468
667b859f10954652d951fa74,3h,2024-06-26 03:06:07.167000+00:00,2024-06-26 06:04:54.404000+00:00,1.0,1.0,1.0,1.0,1469
667a8b4610954652d951e7aa,3h,2024-06-25 09:17:58.728000+00:00,2024-06-25 12:17:07.172000+00:00,1.0,1.0,1.0,1.0,1470
667a7bf410954652d951e3c1,3h,2024-06-25 08:12:36.460000+00:00,2024-06-25 11:09:13.652000+00:00,1.0,1.0,1.0,1.0,1471
667a7002c892dd969db14347,3h,2024-06-25 07:21:38.782000+00:00,2024-06-25 10:21:07.714000+00:00,1.0,1.0,1.0,1.0,1472
667a45c6686ba46d64f07a0e,3h,2024-06-25 04:21:26.480000+00:00,2024-06-25 07:18:41.218000+00:00,1.0,1.0,1.0,1.0,1473
668ce965ca82dc6592905654,3h,2024-07-09 07:40:21.642000+00:00,2024-07-09 10:38:29.008000+00:00,1.0,1.0,1.0,1.0,1474
668ce165ca82dc6592905241,3h,2024-07-09 07:06:13.847000+00:00,2024-07-09 10:05:08.929000+00:00,1.0,1.0,1.0,1.0,1475
668cd7b3ca82dc6592904789,3h,2024-07-09 06:24:51.656000+00:00,2024-07-09 09:20:12.046000+00:00,1.0,1.0,1.0,1.0,1476
668cbc02ca82dc659290385d,3h,2024-07-09 04:26:42.982000+00:00,2024-07-09 07:24:52.074000+00:00,1.0,1.0,1.0,1.0,1477
668cba05ca82dc65929037ad,3h,2024-07-09 04:18:13.532000+00:00,2024-07-09 07:15:15.648000+00:00,1.0,1.0,1.0,1.0,1478
668cb8e9ca82dc659290378c,3h,2024-07-09 04:13:29.079000+00:00,2024-07-09 07:09:56.100000+00:00,1.0,1.0,1.0,1.0,1479
668cb808ca82dc6592903760,3h,2024-07-09 04:09:44.499000+00:00,2024-07-09 07:03:29.531000+00:00,1.0,1.0,1.0,1.0,1480
667e237371cb973c546797cf,3h,2024-06-28 02:44:03.798000+00:00,2024-06-28 05:08:47.119000+00:00,1.0,1.0,1.0,1.0,1481
667e153271cb973c5467936e,3h,2024-06-28 01:43:14.288000+00:00,2024-06-28 04:42:38.524000+00:00,1.0,1.0,1.0,1.0,1482
667d9b0ddd2eeb6747e1e7fe,3h,2024-06-27 17:02:05.502000+00:00,2024-06-28 04:00:00+00:00,1.0,1.0,1.0,1.0,1483
667d99f1dd2eeb6747e1e7e7,3h,2024-06-27 16:57:21.078000+00:00,2024-06-28 04:00:00+00:00,1.0,1.0,1.0,1.0,1484
667d08748aefa3bb48fad95f,3h,2024-06-27 06:36:36.605000+00:00,2024-06-27 09:30:28.521000+00:00,1.0,1.0,1.0,1.0,1485
667cf3368aefa3bb48fad0f7,3h,2024-06-27 05:05:58.346000+00:00,2024-06-27 08:05:47.124000+00:00,1.0,1.0,1.0,1.0,1486
667ceefa8aefa3bb48facffe,3h,2024-06-27 04:47:54.179000+00:00,2024-06-27 07:41:19.802000+00:00,1.0,1.0,1.0,1.0,1487
667cddfb8aefa3bb48facb1a,3h,2024-06-27 03:35:23.635000+00:00,2024-06-27 06:34:13.677000+00:00,1.0,1.0,1.0,1.0,1488
667cdc35b75567ef80a853b2,3h,2024-06-27 03:27:49.683000+00:00,2024-06-27 06:26:24.450000+00:00,1.0,1.0,1.0,1.0,1489
667cdaf02e9c1f20aef45fbf,3h,2024-06-27 03:22:24.224000+00:00,2024-06-27 06:18:47.365000+00:00,1.0,1.0,1.0,1.0,1490
667cd9dd76e2a509f1fe6704,3h,2024-06-27 03:17:49.548000+00:00,2024-06-27 06:12:00.973000+00:00,1.0,1.0,1.0,1.0,1491
667cd87c9032761dca47f1f7,3h,2024-06-27 03:11:56.732000+00:00,2024-06-27 06:07:48.151000+00:00,1.0,1.0,1.0,1.0,1492
667cd7819032761dca47f1e8,3h,2024-06-27 03:07:45.105000+00:00,2024-06-27 06:03:19.508000+00:00,1.0,1.0,1.0,1.0,1493
667f59952d58011d21e76c15,3h,2024-06-29 00:47:17.638000+00:00,2024-06-29 04:00:00+00:00,1.0,1.0,1.0,1.0,1494
667f51002d58011d21e76bb2,3h,2024-06-29 00:10:40.935000+00:00,2024-06-29 04:00:00+00:00,1.0,1.0,1.0,1.0,1495
667e961871cb973c5467bf35,3h,2024-06-28 10:53:12.138000+00:00,2024-06-28 13:39:38.185000+00:00,1.0,1.0,1.0,1.0,1496
667e769971cb973c5467bc2b,3h,2024-06-28 08:38:49.519000+00:00,2024-06-28 10:55:46.658000+00:00,1.0,1.0,1.0,1.0,1497
667e625b71cb973c5467b27f,3h,2024-06-28 07:12:27.323000+00:00,2024-06-28 10:12:02.245000+00:00,1.0,1.0,1.0,1.0,1498
667e56d571cb973c5467b199,3h,2024-06-28 06:23:18.013000+00:00,2024-06-28 09:14:46.452000+00:00,1.0,1.0,1.0,1.0,1499
667e49a571cb973c5467aa63,ban_tai_nhanh,2024-06-28 05:27:01.087000+00:00,2024-06-28 08:27:01.078000+00:00,1.0,1.0,1.0,1.0,1500
667e426671cb973c5467a492,3h,2024-06-28 04:56:06.078000+00:00,2024-06-28 07:52:59.113000+00:00,1.0,1.0,1.0,1.0,1501
667e385c71cb973c5467a055,3h,2024-06-28 04:13:16.318000+00:00,2024-06-28 07:11:08.578000+00:00,1.0,1.0,1.0,1.0,1502
667e37d971cb973c5467a039,3h,2024-06-28 04:11:05.156000+00:00,2024-06-28 07:05:41.678000+00:00,1.0,1.0,1.0,1.0,1503
667e369071cb973c5467a002,3h,2024-06-28 04:05:37.003000+00:00,2024-06-28 07:03:42.766000+00:00,1.0,1.0,1.0,1.0,1504
667e339171cb973c54679f68,3h,2024-06-28 03:52:49.478000+00:00,2024-06-28 06:49:54.677000+00:00,1.0,1.0,1.0,1.0,1505
667e32e071cb973c54679f3a,3h,2024-06-28 03:49:52.039000+00:00,2024-06-28 06:48:33.524000+00:00,1.0,1.0,1.0,1.0,1506
667e28cf71cb973c54679d97,3h,2024-06-28 03:06:55.953000+00:00,2024-06-28 06:06:22.104000+00:00,1.0,1.0,1.0,1.0,1507
6682227f2d58011d21e798a9,3h,2024-07-01 03:29:03.250000+00:00,2024-07-01 06:28:16.668000+00:00,1.0,1.0,1.0,1.0,1508
6680c4ba2d58011d21e790d7,3h,2024-06-30 02:36:42.731000+00:00,2024-07-01 04:00:00+00:00,1.0,1.0,1.0,1.0,1509
667fbc182d58011d21e780fa,3h,2024-06-29 07:47:36.294000+00:00,2024-06-29 10:45:27.090000+00:00,1.0,1.0,1.0,1.0,1510
667fac7b2d58011d21e77b6b,3h,2024-06-29 06:40:59.340000+00:00,2024-06-29 09:36:43.093000+00:00,1.0,1.0,1.0,1.0,1511
667f9d402d58011d21e77990,3h,2024-06-29 05:36:00.068000+00:00,2024-06-29 08:35:25.697000+00:00,1.0,1.0,1.0,1.0,1512
667f9c6c2d58011d21e77948,3h,2024-06-29 05:32:28.994000+00:00,2024-06-29 08:28:36.785000+00:00,1.0,1.0,1.0,1.0,1513
667f86362d58011d21e770dc,3h,2024-06-29 03:57:42.424000+00:00,2024-06-29 06:55:18.206000+00:00,1.0,1.0,1.0,1.0,1514
667f859f2d58011d21e770ce,3h,2024-06-29 03:55:11.448000+00:00,2024-06-29 06:54:01.592000+00:00,1.0,1.0,1.0,1.0,1515
667f85552d58011d21e770b9,3h,2024-06-29 03:53:57.636000+00:00,2024-06-29 06:48:27.028000+00:00,1.0,1.0,1.0,1.0,1516
667f7e1c2d58011d21e76e7d,3h,2024-06-29 03:23:08.659000+00:00,2024-06-29 06:20:51.948000+00:00,1.0,1.0,1.0,1.0,1517
667f7c322d58011d21e76dd0,3h,2024-06-29 03:14:58.992000+00:00,2024-06-29 06:14:30.362000+00:00,1.0,1.0,1.0,1.0,1518
667f7c142d58011d21e76dc7,3h,2024-06-29 03:14:28.440000+00:00,2024-06-29 06:13:51.285000+00:00,1.0,1.0,1.0,1.0,1519
668cb5d1ca82dc6592903396,3h,2024-07-09 04:00:17.038000+00:00,2024-07-09 06:57:37.838000+00:00,1.0,1.0,1.0,1.0,1520
668cb1a1ca82dc659290319c,3h,2024-07-09 03:42:25.903000+00:00,2024-07-09 06:39:55.852000+00:00,1.0,1.0,1.0,1.0,1521
668cb102ca82dc659290318a,3h,2024-07-09 03:39:46.842000+00:00,2024-07-09 06:18:02.595000+00:00,1.0,1.0,1.0,1.0,1522
668cabe7ca82dc6592902cfe,3h,2024-07-09 03:17:59.533000+00:00,2024-07-09 06:15:00.083000+00:00,1.0,1.0,1.0,1.0,1523
668cab2cca82dc65929029df,3h,2024-07-09 03:14:52.365000+00:00,2024-07-09 06:05:04.382000+00:00,1.0,1.0,1.0,1.0,1524
668c9a8eca82dc65929025cb,3h,2024-07-09 02:03:58.024000+00:00,2024-07-09 05:03:29.494000+00:00,1.0,1.0,1.0,1.0,1525
668c9a5dca82dc65929025bd,3h,2024-07-09 02:03:09.781000+00:00,2024-07-09 05:01:36.595000+00:00,1.0,1.0,1.0,1.0,1526
668c9952ca82dc6592902598,3h,2024-07-09 01:58:42.998000+00:00,2024-07-09 04:51:00.999000+00:00,1.0,1.0,1.0,1.0,1527
668bbbd6ca82dc6592901c85,3h,2024-07-08 10:13:42.168000+00:00,2024-07-08 13:13:12.706000+00:00,1.0,1.0,1.0,1.0,1528
668bacc2ca82dc659290165d,3h,2024-07-08 09:09:22.810000+00:00,2024-07-08 12:07:45.846000+00:00,1.0,1.0,1.0,1.0,1529
668b90a6ca82dc6592901168,3h,2024-07-08 07:09:26.705000+00:00,2024-07-08 10:08:04.616000+00:00,1.0,1.0,1.0,1.0,1530
668253e92d58011d21e7c1c2,3h,2024-07-01 06:59:54.042000+00:00,2024-07-01 09:57:15.299000+00:00,1.0,1.0,1.0,1.0,1531
668253462d58011d21e7bee1,3h,2024-07-01 06:57:11.061000+00:00,2024-07-01 09:56:26.899000+00:00,1.0,1.0,1.0,1.0,1532
668253072d58011d21e7bbff,3h,2024-07-01 06:56:07.137000+00:00,2024-07-01 09:53:27.374000+00:00,1.0,1.0,1.0,1.0,1533
668241842d58011d21e7ad9c,3h,2024-07-01 05:41:24.794000+00:00,2024-07-01 08:36:45.562000+00:00,1.0,1.0,1.0,1.0,1534
66823c462d58011d21e7ac2a,3h,2024-07-01 05:19:02.731000+00:00,2024-07-01 08:16:15.785000+00:00,1.0,1.0,1.0,1.0,1535
668235b32d58011d21e7aa40,3h,2024-07-01 04:50:59.404000+00:00,2024-07-01 07:46:13.450000+00:00,1.0,1.0,1.0,1.0,1536
668234d12d58011d21e7a9cc,3h,2024-07-01 04:47:13.590000+00:00,2024-07-01 07:46:42.594000+00:00,1.0,1.0,1.0,1.0,1537
668234122d58011d21e7a901,3h,2024-07-01 04:44:02.926000+00:00,2024-07-01 07:39:12.003000+00:00,1.0,1.0,1.0,1.0,1538
66822ce72d58011d21e7a763,3h,2024-07-01 04:13:27.299000+00:00,2024-07-01 07:11:20.327000+00:00,1.0,1.0,1.0,1.0,1539
66822c652d58011d21e7a472,3h,2024-07-01 04:11:17.275000+00:00,2024-07-01 07:08:53.270000+00:00,1.0,1.0,1.0,1.0,1540
66822ba72d58011d21e7a42a,3h,2024-07-01 04:08:07.831000+00:00,2024-07-01 07:02:22.702000+00:00,1.0,1.0,1.0,1.0,1541
668226ae2d58011d21e7a344,3h,2024-07-01 03:46:54.168000+00:00,2024-07-01 06:43:19.884000+00:00,1.0,1.0,1.0,1.0,1542
668225af2d58011d21e7a021,3h,2024-07-01 03:42:39.195000+00:00,2024-07-01 06:39:08.839000+00:00,1.0,1.0,1.0,1.0,1543
66840c2c2d58011d21e7f8b6,3h,2024-07-02 14:18:20.447000+00:00,2024-07-03 04:00:00+00:00,1.0,1.0,1.0,1.0,1544
6683bb2c2d58011d21e7f3e2,3h,2024-07-02 08:32:44.923000+00:00,2024-07-02 11:32:04.775000+00:00,1.0,1.0,1.0,1.0,1545
668394272d58011d21e7ec2c,3h,2024-07-02 05:46:15.561000+00:00,2024-07-02 08:45:10.006000+00:00,1.0,1.0,1.0,1.0,1546
668391402d58011d21e7eb8d,3h,2024-07-02 05:33:52.392000+00:00,2024-07-02 08:31:37.693000+00:00,1.0,1.0,1.0,1.0,1547
66837f7f2d58011d21e7e948,3h,2024-07-02 04:18:07.713000+00:00,2024-07-02 07:16:59.819000+00:00,1.0,1.0,1.0,1.0,1548
66837e3c2d58011d21e7e90e,3h,2024-07-02 04:12:44.733000+00:00,2024-07-02 07:11:03.371000+00:00,1.0,1.0,1.0,1.0,1549
668377c12d58011d21e7e6db,3h,2024-07-02 03:45:05.468000+00:00,2024-07-02 06:42:24.641000+00:00,1.0,1.0,1.0,1.0,1550
6683770a2d58011d21e7e6bb,3h,2024-07-02 03:42:02.254000+00:00,2024-07-02 06:38:55.616000+00:00,1.0,1.0,1.0,1.0,1551
668376312d58011d21e7e3ba,3h,2024-07-02 03:38:25.991000+00:00,2024-07-02 06:35:13.631000+00:00,1.0,1.0,1.0,1.0,1552
668280692d58011d21e7d909,3h,2024-07-01 10:09:45.055000+00:00,2024-07-01 13:08:36.358000+00:00,1.0,1.0,1.0,1.0,1553
668257ea2d58011d21e7c909,3h,2024-07-01 07:16:58.950000+00:00,2024-07-01 10:13:33.705000+00:00,1.0,1.0,1.0,1.0,1554
6682575c2d58011d21e7c8b5,3h,2024-07-01 07:14:36.921000+00:00,2024-07-01 10:11:44.536000+00:00,1.0,1.0,1.0,1.0,1555
668257192d58011d21e7c5d6,3h,2024-07-01 07:13:29.594000+00:00,2024-07-01 10:08:25.695000+00:00,1.0,1.0,1.0,1.0,1556
668611a31f621b3aa7a52110,3h,2024-07-04 03:06:11.161000+00:00,2024-07-04 05:45:14.725000+00:00,1.0,1.0,1.0,1.0,1557
66860cb71f621b3aa7a519cf,3h,2024-07-04 02:45:11.909000+00:00,2024-07-04 05:43:51.590000+00:00,1.0,1.0,1.0,1.0,1558
66860c651f621b3aa7a519a9,3h,2024-07-04 02:43:49.297000+00:00,2024-07-04 05:42:12.691000+00:00,1.0,1.0,1.0,1.0,1559
66860c011f621b3aa7a516c0,3h,2024-07-04 02:42:10.047000+00:00,2024-07-04 05:41:04.901000+00:00,1.0,1.0,1.0,1.0,1560
66851d6e2d58011d21e820c8,3h,2024-07-03 09:44:14.762000+00:00,2024-07-03 12:42:12.738000+00:00,1.0,1.0,1.0,1.0,1561
66851a1f2d58011d21e82091,3h,2024-07-03 09:30:07.104000+00:00,2024-07-03 12:29:44.899000+00:00,1.0,1.0,1.0,1.0,1562
668508ee2d58011d21e81ef6,3h,2024-07-03 08:16:46.740000+00:00,2024-07-03 11:15:18.736000+00:00,1.0,1.0,1.0,1.0,1563
6684d0772d58011d21e804b4,3h,2024-07-03 04:15:51.337000+00:00,2024-07-03 07:12:20.454000+00:00,1.0,1.0,1.0,1.0,1564
6684cf222d58011d21e80467,3h,2024-07-03 04:10:10.383000+00:00,2024-07-03 06:48:29.589000+00:00,1.0,1.0,1.0,1.0,1565
66840dc42d58011d21e7f8c8,3h,2024-07-02 14:25:08.607000+00:00,2024-07-03 04:00:00+00:00,1.0,1.0,1.0,1.0,1566
668b703eca82dc6592900073,3h,2024-07-08 04:51:10.516000+00:00,2024-07-08 07:50:14.015000+00:00,1.0,1.0,1.0,1.0,1567
668b64f6ca82dc65928ffc00,3h,2024-07-08 04:03:02.682000+00:00,2024-07-08 07:00:35.423000+00:00,1.0,1.0,1.0,1.0,1568
668b6454ca82dc65928ffbdd,3h,2024-07-08 04:00:20.459000+00:00,2024-07-08 06:58:14.635000+00:00,1.0,1.0,1.0,1.0,1569
668b631dca82dc65928ffb50,3h,2024-07-08 03:55:09.232000+00:00,2024-07-08 06:54:01.510000+00:00,1.0,1.0,1.0,1.0,1570
668b60f1ca82dc65928ffa28,3h,2024-07-08 03:45:53.661000+00:00,2024-07-08 06:43:17.139000+00:00,1.0,1.0,1.0,1.0,1571
668b6051ca82dc65928ffa0e,3h,2024-07-08 03:43:13.656000+00:00,2024-07-08 06:39:13.694000+00:00,1.0,1.0,1.0,1.0,1572
668b5f50ca82dc65928ff707,3h,2024-07-08 03:38:56.568000+00:00,2024-07-08 06:30:48.882000+00:00,1.0,1.0,1.0,1.0,1573
668b5d03ca82dc65928ff48d,3h,2024-07-08 03:29:07.780000+00:00,2024-07-08 06:27:31.184000+00:00,1.0,1.0,1.0,1.0,1574
668b5c68ca82dc65928ff183,3h,2024-07-08 03:26:32.817000+00:00,2024-07-08 06:25:31.099000+00:00,1.0,1.0,1.0,1.0,1575
668b5c28ca82dc65928fee7e,3h,2024-07-08 03:25:28.679000+00:00,2024-07-08 06:24:16.913000+00:00,1.0,1.0,1.0,1.0,1576
668b53ccca82dc65928fea43,3h,2024-07-08 02:49:48.612000+00:00,2024-07-08 05:43:03.822000+00:00,1.0,1.0,1.0,1.0,1577
668b53aeca82dc65928fea3c,3h,2024-07-08 02:49:18.412000+00:00,2024-07-08 05:46:17.158000+00:00,1.0,1.0,1.0,1.0,1578
66865c131f621b3aa7a54138,3h,2024-07-04 08:23:47.565000+00:00,2024-07-04 11:23:12.057000+00:00,1.0,1.0,1.0,1.0,1579
668647cc1f621b3aa7a53ca7,3h,2024-07-04 06:57:16.920000+00:00,2024-07-04 07:30:39.267000+00:00,1.0,1.0,1.0,1.0,1580
668647661f621b3aa7a53c9e,3h,2024-07-04 06:55:34.394000+00:00,2024-07-04 09:49:52.536000+00:00,1.0,1.0,1.0,1.0,1581
66863a1f1f621b3aa7a538a9,3h,2024-07-04 05:58:55.326000+00:00,2024-07-04 08:57:22.231000+00:00,1.0,1.0,1.0,1.0,1582
668638c61f621b3aa7a53871,3h,2024-07-04 05:53:10.800000+00:00,2024-07-04 08:52:44.164000+00:00,1.0,1.0,1.0,1.0,1583
66862b391f621b3aa7a52de1,3h,2024-07-04 04:55:21.633000+00:00,2024-07-04 07:53:45.876000+00:00,1.0,1.0,1.0,1.0,1584
668618da1f621b3aa7a52496,3h,2024-07-04 03:36:58.732000+00:00,2024-07-04 06:35:01.031000+00:00,1.0,1.0,1.0,1.0,1585
668618611f621b3aa7a52476,3h,2024-07-04 03:34:57.519000+00:00,2024-07-04 06:32:36.686000+00:00,1.0,1.0,1.0,1.0,1586
6686177e1f621b3aa7a52450,3h,2024-07-04 03:31:10.081000+00:00,2024-07-04 06:26:30.480000+00:00,1.0,1.0,1.0,1.0,1587
6686141c1f621b3aa7a52147,3h,2024-07-04 03:16:44.353000+00:00,2024-07-04 06:06:16.421000+00:00,1.0,1.0,1.0,1.0,1588
668793618145f17f37639020,3h,2024-07-05 06:32:01.735000+00:00,2024-07-05 09:24:59.193000+00:00,1.0,1.0,1.0,1.0,1589
6687879a44978b72e31ad5fa,3h,2024-07-05 05:41:46.337000+00:00,2024-07-05 08:39:58.346000+00:00,1.0,1.0,1.0,1.0,1590
6687853a44978b72e31ad1ab,3h,2024-07-05 05:31:38.491000+00:00,2024-07-05 08:28:25.173000+00:00,1.0,1.0,1.0,1.0,1591
66877b1b1f621b3aa7a56a2d,3h,2024-07-05 04:48:27.221000+00:00,2024-07-05 07:47:10.114000+00:00,1.0,1.0,1.0,1.0,1592
668778291f621b3aa7a568a7,3h,2024-07-05 04:35:53.034000+00:00,2024-07-05 07:34:10.512000+00:00,1.0,1.0,1.0,1.0,1593
668773b31f621b3aa7a56523,3h,2024-07-05 04:16:51.661000+00:00,2024-07-05 07:12:30.297000+00:00,1.0,1.0,1.0,1.0,1594
66876f571f621b3aa7a55e41,3h,2024-07-05 03:58:15.827000+00:00,2024-07-05 06:56:28.829000+00:00,1.0,1.0,1.0,1.0,1595
66876c391f621b3aa7a55a80,3h,2024-07-05 03:44:57.727000+00:00,2024-07-05 06:44:08.755000+00:00,1.0,1.0,1.0,1.0,1596
66876ad51f621b3aa7a5571e,3h,2024-07-05 03:39:01.430000+00:00,2024-07-05 06:37:52.433000+00:00,1.0,1.0,1.0,1.0,1597
6687635a1f621b3aa7a55288,3h,2024-07-05 03:07:06.095000+00:00,2024-07-05 06:04:50.613000+00:00,1.0,1.0,1.0,1.0,1598
66890539ff27bc1a834e0061,3h,2024-07-06 08:50:02.021000+00:00,2024-07-06 11:47:03.765000+00:00,1.0,1.0,1.0,1.0,1599
6688fceeff27bc1a834dfe03,3h,2024-07-06 08:14:38.269000+00:00,2024-07-06 11:13:17.215000+00:00,1.0,1.0,1.0,1.0,1600
6688f3fbff27bc1a834dfabc,3h,2024-07-06 07:36:27.359000+00:00,2024-07-06 10:33:45.210000+00:00,1.0,1.0,1.0,1.0,1601
6688eed0ff27bc1a834dfa37,3h,2024-07-06 07:14:24.020000+00:00,2024-07-06 10:11:25.249000+00:00,1.0,1.0,1.0,1.0,1602
6688dce1ff27bc1a834df6e6,3h,2024-07-06 05:57:53.961000+00:00,2024-07-06 08:57:38.859000+00:00,1.0,1.0,1.0,1.0,1603
6688b510ff27bc1a834de7b1,3h,2024-07-06 03:08:00.235000+00:00,2024-07-06 06:05:35.754000+00:00,1.0,1.0,1.0,1.0,1604
6688b44dff27bc1a834de77d,3h,2024-07-06 03:04:45.274000+00:00,2024-07-06 06:02:38.345000+00:00,1.0,1.0,1.0,1.0,1605
6688b3cbff27bc1a834de76f,3h,2024-07-06 03:02:35.220000+00:00,2024-07-06 05:59:40.064000+00:00,1.0,1.0,1.0,1.0,1606
6688b319ff27bc1a834de439,3h,2024-07-06 02:59:37.286000+00:00,2024-07-06 05:58:46.746000+00:00,1.0,1.0,1.0,1.0,1607
6688b2e0ff27bc1a834de421,3h,2024-07-06 02:58:40.684000+00:00,2024-07-06 05:54:53.991000+00:00,1.0,1.0,1.0,1.0,1608
66889608ff27bc1a834de1f5,3h,2024-07-06 00:55:36.468000+00:00,2024-07-06 04:00:00+00:00,1.0,1.0,1.0,1.0,1609
64d1bcb2a2a8ec9990ba219b,3h,2023-08-08 03:55:30.423000+00:00,2023-08-08 06:55:30.416000+00:00,1.0,1.0,1.0,1.0,1610
66c6d553b8e7077ed012dd9f,3h,2024-08-22 06:06:11.494000+00:00,2024-08-22 09:04:13.669000+00:00,1.0,1.0,1.0,1.0,1611
66c6d490b8e7077ed012dc89,3h,2024-08-22 06:02:56.287000+00:00,2024-08-22 09:02:05.875000+00:00,1.0,1.0,1.0,1.0,1612
66c6cfb99a1d4579e8b42a95,3h,2024-08-22 05:42:17.931000+00:00,2024-08-22 08:41:54.590000+00:00,1.0,1.0,1.0,1.0,1613
66c6cde3b8e7077ed012db6a,3h,2024-08-22 05:34:27.246000+00:00,2024-08-22 08:33:05.725000+00:00,1.0,1.0,1.0,1.0,1614
66c6c95db8e7077ed012d9cd,3h,2024-08-22 05:15:09.533000+00:00,2024-08-22 08:14:07.731000+00:00,1.0,1.0,1.0,1.0,1615
66c6beaab8e7077ed012d794,3h,2024-08-22 04:29:30.020000+00:00,2024-08-22 07:27:16.953000+00:00,1.0,1.0,1.0,1.0,1616
66c6be20b8e7077ed012d785,3h,2024-08-22 04:27:12.939000+00:00,2024-08-22 07:24:37.331000+00:00,1.0,1.0,1.0,1.0,1617
66c6bd81b8e7077ed012d31e,3h,2024-08-22 04:24:34.103000+00:00,2024-08-22 07:16:21.798000+00:00,1.0,1.0,1.0,1.0,1618
66c6bb92b8e7077ed012d2db,3h,2024-08-22 04:16:19.014000+00:00,2024-08-22 07:05:56.710000+00:00,1.0,1.0,1.0,1.0,1619
66c59935b8e7077ed012bc53,3h,2024-08-21 07:37:25.917000+00:00,2024-08-21 10:34:15.889000+00:00,1.0,1.0,1.0,1.0,1620
66c59874b8e7077ed012bb9d,3h,2024-08-21 07:34:12.466000+00:00,2024-08-21 10:33:30.367000+00:00,1.0,1.0,1.0,1.0,1621
64dc5dcbfe6290c33ef75b80,3h,2023-08-16 05:25:31.945000+00:00,2023-08-16 08:25:31.937000+00:00,1.0,1.0,1.0,1.0,1622
64c4c52b553721daabdbadd2,3h,2023-07-05 05:23:29.846000+00:00,,,1.0,1.0,1.0,1623
64fc08dca8ab4a4e94bfe6e4,3h,2023-09-09 05:55:40.903000+00:00,2023-09-09 08:55:40.891000+00:00,1.0,1.0,1.0,1.0,1624
65112357452644c9037c541d,3h,2023-09-25 06:06:15.508000+00:00,2023-09-25 09:06:15.505000+00:00,1.0,1.0,1.0,1.0,1625
64c4c52b553721daabdbae31,3h,2023-05-23 09:01:20.199000+00:00,,,1.0,1.0,1.0,1626
668236172d58011d21e7ab06,ban_tai_4h,2024-07-01 04:52:39.792000+00:00,2024-07-01 10:00:00+00:00,1.0,0.8,1.0,0.94,1627
669097e0f50a1c6b753865b5,ban_tai_4h,2024-07-12 02:41:36.264000+00:00,2024-07-12 08:00:00+00:00,1.0,0.8,1.0,0.94,1628
6673a31704d9ab66fb5c36ae,ban_tai_4h,2024-06-20 03:33:43.355000+00:00,2024-06-20 09:00:00+00:00,1.0,0.8,1.0,0.94,1629
6673f4ed04d9ab66fb5c4e0e,ban_tai_4h,2024-06-20 09:22:53.588000+00:00,2024-06-21 08:00:00+00:00,1.0,0.8,1.0,0.94,1630
6659417da7b31f62c9ef8e96,ban_tai_4h,2024-05-31 03:18:21.164000+00:00,2024-05-31 09:00:00+00:00,1.0,0.8,1.0,0.94,1631
66c01a199973faa9d1333382,ban_tai_4h,2024-08-17 03:33:45.377000+00:00,2024-08-17 09:00:00+00:00,1.0,0.8,1.0,0.94,1632
665e9bb201dc922c142facfb,ban_tai_4h,2024-06-04 04:44:34.543000+00:00,2024-06-04 10:00:00+00:00,1.0,0.8,1.0,0.94,1633
66aa1f147e3bd50e54fea232,ban_tai_4h,2024-07-31 11:25:08.946000+00:00,2024-08-01 12:00:00+00:00,1.0,0.8,1.0,0.94,1634
66aa24527e3bd50e54fea26c,ban_tai_4h,2024-07-31 11:47:30.318000+00:00,2024-08-01 07:00:00+00:00,1.0,0.8,1.0,0.94,1635
66a1bf976badf0453bda8fce,ban_tai_4h,2024-07-25 02:59:35.099000+00:00,2024-07-25 08:00:00+00:00,1.0,0.8,1.0,0.94,1636
664ac5bbf02edf975f7d15c4,ban_tai_4h,2024-05-20 03:38:35.808000+00:00,2024-05-20 09:00:00+00:00,1.0,0.8,1.0,0.94,1637
6693c6f1d54b84ac2ddb1ada,ban_tai_4h,2024-07-14 12:39:13.224000+00:00,2024-07-15 04:00:00+00:00,1.0,0.8,1.0,0.94,1638
66719126db29c9405177a5c9,ban_tai_4h,2024-06-18 13:52:38.477000+00:00,2024-06-20 04:00:00+00:00,1.0,0.8,1.0,0.94,1639
665f4a9c313c7144f2e300ad,ban_tai_4h,2024-06-04 17:10:52.074000+00:00,2024-06-05 07:00:00+00:00,1.0,0.8,1.0,0.94,1640
66a750090183a7b440092fd9,ban_tai_4h,2024-07-29 08:17:13.499000+00:00,2024-07-30 03:00:00+00:00,1.0,0.8,1.0,0.94,1641
664c5c6c59add87bce2b45c3,ban_tai_4h,2024-05-21 08:33:48.425000+00:00,2024-05-22 03:00:00+00:00,1.0,0.8,1.0,0.94,1642
66b345497cb3f11298e33298,ban_tai_4h,2024-08-07 09:58:33.075000+00:00,2024-08-08 04:00:00+00:00,1.0,0.8,1.0,0.94,1643
6672798f0ca937e5a31f9bb9,ban_tai_4h,2024-06-19 06:24:15.167000+00:00,2024-06-19 12:00:00+00:00,1.0,0.8,1.0,0.94,1644
66b345f67cb3f11298e335cd,ban_tai_4h,2024-08-07 10:01:26.505000+00:00,2024-08-08 04:00:00+00:00,1.0,0.8,1.0,0.94,1645
668df432fa7cccdc55985237,ban_tai_4h,2024-07-10 02:38:42.898000+00:00,2024-07-10 08:00:00+00:00,1.0,0.8,1.0,0.94,1646
66698b1b40e6637797082eab,ban_tai_4h,2024-06-12 11:48:43.199000+00:00,2024-06-13 13:00:00+00:00,1.0,0.8,1.0,0.94,1647
66b363cf7cb3f11298e33ae3,ban_tai_4h,2024-08-07 12:08:47.507000+00:00,2024-08-08 08:00:00+00:00,1.0,0.8,1.0,0.94,1648
66be3bc69973faa9d132fccf,ban_tai_4h,2024-08-15 17:32:54.247000+00:00,2024-08-17 03:00:00+00:00,1.0,0.8,1.0,0.94,1649
6691081090b466288b7742b6,ban_tai_4h,2024-07-12 10:40:16.712000+00:00,2024-07-13 04:00:00+00:00,1.0,0.8,1.0,0.94,1650
66c1e45f9973faa9d1336344,ban_tai_4h,2024-08-18 12:09:03.076000+00:00,2024-08-19 04:00:00+00:00,1.0,0.8,1.0,0.94,1651
664593338941c947243a255c,ban_tai_4h,2024-05-16 05:01:39.962000+00:00,2024-05-17 03:00:00+00:00,1.0,0.8,1.0,0.94,1652
66a84e800183a7b440094f52,5h,2024-07-30 02:22:56.203000+00:00,2024-07-30 09:00:00+00:00,1.0,0.7,1.0,0.9099999999999999,1653
656035e46334442d4839ff06,5h,2023-11-24 05:34:28.891000+00:00,2023-11-25 05:26:23+00:00,1.0,0.7,1.0,0.9099999999999999,1654
6528e0c3c57198e078777c50,5h,2023-10-13 06:16:35.790000+00:00,2023-10-13 15:15:05+00:00,1.0,0.7,1.0,0.9099999999999999,1655
6577221f6c7512b40dd4d96e,5h,2023-12-11 14:52:15.514000+00:00,2023-12-12 05:50:51+00:00,1.0,0.7,1.0,0.9099999999999999,1656
650fbe59452644c9037c3a5a,5h,2023-09-24 04:43:05.848000+00:00,2023-09-24 15:30:33+00:00,1.0,0.7,1.0,0.9099999999999999,1657
657944729b6741ad23d8641c,5h,2023-12-13 05:43:14.283000+00:00,2023-12-13 15:42:45+00:00,1.0,0.7,1.0,0.9099999999999999,1658
66a72c690183a7b440092245,5h,2024-07-29 05:45:13.983000+00:00,2024-07-29 12:00:00+00:00,1.0,0.7,1.0,0.9099999999999999,1659
66c2d67a9973faa9d1337da8,5h,2024-08-19 05:22:02.805000+00:00,2024-08-19 12:00:00+00:00,1.0,0.7,1.0,0.9099999999999999,1660
66a720806badf0453bda9a2b,5h,2024-07-29 04:54:24.812000+00:00,2024-07-29 11:00:00+00:00,1.0,0.7,1.0,0.9099999999999999,1661
66a71fdc0183a7b440091d41,5h,2024-07-29 04:51:40.268000+00:00,2024-07-29 11:00:00+00:00,1.0,0.7,1.0,0.9099999999999999,1662
64c4c52b553721daabdbadbc,5h,2023-07-14 02:23:55.095000+00:00,2023-07-14 17:23:55.075000+00:00,1.0,0.7,1.0,0.9099999999999999,1663
650134c9f181bf03ea1a93c4,5h,2023-09-13 04:04:25.308000+00:00,2023-09-13 15:02:44+00:00,1.0,0.7,1.0,0.9099999999999999,1664
65b696ff2853ec33a9a3a9fc,5h,2024-01-28 18:03:43.227000+00:00,2024-01-30 05:00:00+00:00,1.0,0.7,1.0,0.9099999999999999,1665
65b693212853ec33a9a3a8cd,5h,2024-01-28 17:47:13.138000+00:00,2024-01-30 09:00:00+00:00,1.0,0.7,1.0,0.9099999999999999,1666
65b6681c2853ec33a9a3a819,5h,2024-01-28 14:43:40.463000+00:00,2024-01-29 08:00:00+00:00,1.0,0.7,1.0,0.9099999999999999,1667
65ad3ae24f40997642655610,5h,2024-01-21 15:40:18.577000+00:00,2024-01-22 04:00:00+00:00,1.0,0.7,1.0,0.9099999999999999,1668
66a7144d0183a7b440091626,5h,2024-07-29 04:02:21.296000+00:00,2024-07-29 11:00:00+00:00,1.0,0.7,1.0,0.9099999999999999,1669
66a71d2b0183a7b440091cda,5h,2024-07-29 04:40:11.242000+00:00,2024-07-29 11:00:00+00:00,1.0,0.7,1.0,0.9099999999999999,1670
66a71c0c0183a7b440091cca,5h,2024-07-29 04:35:24.533000+00:00,2024-07-29 11:00:00+00:00,1.0,0.7,1.0,0.9099999999999999,1671
66a71af30183a7b440091cba,5h,2024-07-29 04:30:43.621000+00:00,2024-07-29 11:00:00+00:00,1.0,0.7,1.0,0.9099999999999999,1672
66a719bd0183a7b440091bb2,5h,2024-07-29 04:25:33.973000+00:00,2024-07-29 11:00:00+00:00,1.0,0.7,1.0,0.9099999999999999,1673
66a7180d0183a7b440091ab6,5h,2024-07-29 04:18:21.370000+00:00,2024-07-29 11:00:00+00:00,1.0,0.7,1.0,0.9099999999999999,1674
66a723330183a7b440091dec,5h,2024-07-29 05:05:55.045000+00:00,2024-07-29 12:00:00+00:00,1.0,0.7,1.0,0.9099999999999999,1675
66a913e67e3bd50e54fe8f2f,5h,2024-07-30 16:25:10.297000+00:00,2024-07-31 08:00:00+00:00,1.0,0.7,1.0,0.9099999999999999,1676
66a910217e3bd50e54fe8f1d,5h,2024-07-30 16:09:05.473000+00:00,2024-07-31 08:00:00+00:00,1.0,0.7,1.0,0.9099999999999999,1677
66a90ecb7e3bd50e54fe8f14,5h,2024-07-30 16:03:23.686000+00:00,2024-07-31 08:00:00+00:00,1.0,0.7,1.0,0.9099999999999999,1678
66a90d297e3bd50e54fe8f09,5h,2024-07-30 15:56:25.053000+00:00,2024-07-31 08:00:00+00:00,1.0,0.7,1.0,0.9099999999999999,1679
66a71ea50183a7b440091d16,5h,2024-07-29 04:46:29.482000+00:00,2024-07-29 11:00:00+00:00,1.0,0.7,1.0,0.9099999999999999,1680
6580fa7c01273c09fae0129c,5h,2023-12-19 02:05:48.093000+00:00,2023-12-19 10:03:21+00:00,1.0,0.7,1.0,0.9099999999999999,1681
658978eb57fb10f190e10afc,5h,2023-12-25 12:43:23.739000+00:00,2023-12-26 05:36:48+00:00,1.0,0.7,1.0,0.9099999999999999,1682
65596cfc4c450e5d893c04cc,5h,2023-11-19 02:03:40.693000+00:00,2023-11-19 10:01:25+00:00,1.0,0.7,1.0,0.9099999999999999,1683
6573f4b312e961a55ca026f6,5h,2023-12-09 05:01:39.212000+00:00,2023-12-09 15:00:18+00:00,1.0,0.7,1.0,0.9099999999999999,1684
66aaf9577e3bd50e54feab5d,5h,2024-08-01 02:56:23.169000+00:00,2024-08-01 09:00:00+00:00,1.0,0.7,1.0,0.9099999999999999,1685
659f518f60879d9d855a5f9b,5h,2024-01-11 02:25:19.670000+00:00,2024-01-11 10:00:00+00:00,1.0,0.7,1.0,0.9099999999999999,1686
6580fb4201273c09fae0133c,5h,2023-12-19 02:09:06.791000+00:00,2023-12-19 10:07:17+00:00,1.0,0.7,1.0,0.9099999999999999,1687
65372fe0577c64ad56846b26,5h,2023-10-24 02:45:52.465000+00:00,2023-10-24 10:44:06+00:00,1.0,0.7,1.0,0.9099999999999999,1688
65464c5200df48c3e9c2da9f,5h,2023-11-04 13:51:14.535000+00:00,2023-11-05 05:45:53+00:00,1.0,0.7,1.0,0.9099999999999999,1689
64c4c52b553721daabdbadc7,5h,2023-07-08 13:08:51.522000+00:00,2023-07-09 10:08:51.513000+00:00,1.0,0.7,1.0,0.9099999999999999,1690
66c2d5c29973faa9d1337d26,5h,2024-08-19 05:18:58.855000+00:00,2024-08-19 12:00:00+00:00,1.0,0.7,1.0,0.9099999999999999,1691
654f89beb2fe9632df0d2eaa,5h,2023-11-11 14:03:42.762000+00:00,2023-11-12 07:02:22+00:00,1.0,0.7,1.0,0.9099999999999999,1692
653b93827941accd28f99680,5h,2023-10-27 10:40:02.575000+00:00,2023-10-28 05:02:48+00:00,1.0,0.7,1.0,0.9099999999999999,1693
64c4c52b553721daabdbad9c,5h,2023-07-25 06:36:09.263000+00:00,2023-07-25 15:36:09.260000+00:00,1.0,0.7,1.0,0.9099999999999999,1694
65559ab06a0125b9d7ba0183,5h,2023-11-16 04:29:36.047000+00:00,2023-11-16 15:27:32+00:00,1.0,0.7,1.0,0.9099999999999999,1695
65581e204c450e5d893bf6a4,5h,2023-11-18 02:14:56.864000+00:00,2023-11-18 10:13:43+00:00,1.0,0.7,1.0,0.9099999999999999,1696
6527fff05787b2d74c947d0d,5h,2023-10-12 14:17:20.045000+00:00,2023-10-13 05:15:38+00:00,1.0,0.7,1.0,0.9099999999999999,1697
6522be8206af5c02eb339a45,5h,2023-10-08 14:36:50.602000+00:00,2023-10-09 05:35:41+00:00,1.0,0.7,1.0,0.9099999999999999,1698
650d6d25b1c0f38fbf6118ec,5h,2023-09-22 10:32:05.124000+00:00,2023-09-23 05:29:56+00:00,1.0,0.7,1.0,0.9099999999999999,1699
657bf1f50874f51590317a09,5h,2023-12-15 06:28:05.046000+00:00,2023-12-15 15:27:32+00:00,1.0,0.7,1.0,0.9099999999999999,1700
657efc8301273c09fae00af3,5h,2023-12-17 13:49:55.279000+00:00,2023-12-18 09:47:08+00:00,1.0,0.7,1.0,0.9099999999999999,1701
64e6dfbdd54ea638bcb496f6,5h,2023-08-24 04:42:37.639000+00:00,2023-08-24 15:38:33+00:00,1.0,0.7,1.0,0.9099999999999999,1702
66a7226b0183a7b440091da7,5h,2024-07-29 05:02:35.591000+00:00,2024-07-29 12:00:00+00:00,1.0,0.7,1.0,0.9099999999999999,1703
66a721b20183a7b440091d88,5h,2024-07-29 04:59:30.677000+00:00,2024-07-29 11:00:00+00:00,1.0,0.7,1.0,0.9099999999999999,1704
66aaf8dc7e3bd50e54feaa6a,5h,2024-08-01 02:54:20.084000+00:00,2024-08-01 09:00:00+00:00,1.0,0.7,1.0,0.9099999999999999,1705
66aaf6597e3bd50e54feaa3e,5h,2024-08-01 02:43:37.384000+00:00,2024-08-01 09:00:00+00:00,1.0,0.7,1.0,0.9099999999999999,1706
66aaf5197e3bd50e54fea915,5h,2024-08-01 02:38:17.255000+00:00,2024-08-01 09:00:00+00:00,1.0,0.7,1.0,0.9099999999999999,1707
66a9d2ad7e3bd50e54fe9a6f,5h,2024-07-31 05:59:09.595000+00:00,2024-07-31 12:00:00+00:00,1.0,0.7,1.0,0.9099999999999999,1708
654f06d2fbd947d1ba51b7d4,5h,2023-11-11 04:45:06.229000+00:00,2023-11-11 15:39:48+00:00,1.0,0.7,1.0,0.9099999999999999,1709
6523a9db16fc92ef78cc8d44,5h,2023-10-09 07:20:59.377000+00:00,2023-10-10 05:18:57+00:00,1.0,0.7,1.0,0.9099999999999999,1710
66a9ae686badf0453bdaa0d4,5h,2024-07-31 03:24:24.520000+00:00,2024-07-31 10:00:00+00:00,1.0,0.7,1.0,0.9099999999999999,1711
66a996877e3bd50e54fe90d7,5h,2024-07-31 01:42:31.536000+00:00,2024-07-31 08:00:00+00:00,1.0,0.7,1.0,0.9099999999999999,1712
6522854206af5c02eb33963b,5h,2023-10-08 10:32:34.519000+00:00,2023-10-09 05:30:36+00:00,1.0,0.7,1.0,0.9099999999999999,1713
66a915c97e3bd50e54fe8f4f,5h,2024-07-30 16:33:13.828000+00:00,2024-07-31 08:00:00+00:00,1.0,0.7,1.0,0.9099999999999999,1714
66a9152c7e3bd50e54fe8f46,5h,2024-07-30 16:30:36.633000+00:00,2024-07-31 08:00:00+00:00,1.0,0.7,1.0,0.9099999999999999,1715
6554cefc09f80bbb5325939d,5h,2023-11-15 14:00:28.473000+00:00,2023-11-16 05:55:44+00:00,1.0,0.7,1.0,0.9099999999999999,1716
66adab323860c2916226ff7a,5h,2024-08-03 03:59:46.055000+00:00,2024-08-03 10:00:00+00:00,1.0,0.7,1.0,0.9099999999999999,1717
66ac5f0741dd95a0cd971634,5h,2024-08-02 04:22:31.909000+00:00,2024-08-02 11:00:00+00:00,1.0,0.7,1.0,0.9099999999999999,1718
66ac5c9c41dd95a0cd9715b7,5h,2024-08-02 04:12:12.969000+00:00,2024-08-02 11:00:00+00:00,1.0,0.7,1.0,0.9099999999999999,1719
66ac5bd941dd95a0cd971588,5h,2024-08-02 04:08:57.128000+00:00,2024-08-02 11:00:00+00:00,1.0,0.7,1.0,0.9099999999999999,1720
66ac588941dd95a0cd9714e9,5h,2024-08-02 03:54:49.995000+00:00,2024-08-02 10:00:00+00:00,1.0,0.7,1.0,0.9099999999999999,1721
66ac582b41dd95a0cd9713f3,5h,2024-08-02 03:53:15.370000+00:00,2024-08-02 10:00:00+00:00,1.0,0.7,1.0,0.9099999999999999,1722
66ac55bb41dd95a0cd9713c9,5h,2024-08-02 03:42:51.532000+00:00,2024-08-02 10:00:00+00:00,1.0,0.7,1.0,0.9099999999999999,1723
66a916a77e3bd50e54fe8f58,5h,2024-07-30 16:36:55.365000+00:00,2024-07-31 08:00:00+00:00,1.0,0.7,1.0,0.9099999999999999,1724
65db5404357791dc786634c3,5h,2024-02-25 14:51:48.639000+00:00,2024-02-26 08:00:00+00:00,1.0,0.7,1.0,0.9099999999999999,1725
65dc6b7ea5c5198209d1d766,5h,2024-02-26 10:44:14.652000+00:00,2024-02-27 08:00:00+00:00,1.0,0.7,1.0,0.9099999999999999,1726
65d4680d9ad6745b97caa363,5h,2024-02-20 08:51:25.575000+00:00,2024-02-21 08:00:00+00:00,1.0,0.7,1.0,0.9099999999999999,1727
65d8c80a357791dc78661d3e,5h,2024-02-23 16:30:02.866000+00:00,2024-02-24 08:00:00+00:00,1.0,0.7,1.0,0.9099999999999999,1728
65d41a14c2399371767b12bc,5h,2024-02-20 03:18:44.578000+00:00,2024-02-21 03:00:00+00:00,1.0,0.7,1.0,0.9099999999999999,1729
66a08d5e4131ebe6bf018bf4,5h,2024-07-24 05:13:02.649000+00:00,2024-07-24 12:00:00+00:00,1.0,0.7,1.0,0.9099999999999999,1730
66a086044131ebe6bf0187d3,5h,2024-07-24 04:41:40.475000+00:00,2024-07-24 11:00:00+00:00,1.0,0.7,1.0,0.9099999999999999,1731
66a06d68c7250ec426da4e6c,5h,2024-07-24 02:56:40.224000+00:00,2024-07-24 09:00:00+00:00,1.0,0.7,1.0,0.9099999999999999,1732
66a06949c7250ec426da4995,5h,2024-07-24 02:39:05.082000+00:00,2024-07-24 09:00:00+00:00,1.0,0.7,1.0,0.9099999999999999,1733
66a277760183a7b440089be8,5h,2024-07-25 16:04:06.487000+00:00,2024-07-26 08:00:00+00:00,1.0,0.7,1.0,0.9099999999999999,1734
657723b16c7512b40dd4da1b,5h,2023-12-11 14:58:57.785000+00:00,2023-12-12 05:57:31+00:00,1.0,0.7,1.0,0.9099999999999999,1735
65d2c000347c9179ee9be87d,5h,2024-02-19 02:42:08.828000+00:00,2024-02-19 10:00:00+00:00,1.0,0.7,1.0,0.9099999999999999,1736
65bdad04573936e36a308c52,5h,2024-02-03 03:03:32.889000+00:00,2024-02-04 08:00:00+00:00,1.0,0.7,1.0,0.9099999999999999,1737
65d2bd0b347c9179ee9be7c5,5h,2024-02-19 02:29:31.794000+00:00,2024-02-19 10:00:00+00:00,1.0,0.7,1.0,0.9099999999999999,1738
65d2d121347c9179ee9bee95,5h,2024-02-19 03:55:13.022000+00:00,2024-02-19 11:00:00+00:00,1.0,0.7,1.0,0.9099999999999999,1739
65cecb1ef08445c628eab9b0,5h,2024-02-16 02:40:30.873000+00:00,2024-02-17 03:00:00+00:00,1.0,0.7,1.0,0.9099999999999999,1740
65c1097edcd755b0ef5a4e1d,5h,2024-02-05 16:14:54.812000+00:00,2024-02-06 10:00:00+00:00,1.0,0.7,1.0,0.9099999999999999,1741
65bcd1340000d952180d8c64,5h,2024-02-02 11:25:40.344000+00:00,2024-02-03 08:00:00+00:00,1.0,0.7,1.0,0.9099999999999999,1742
65d1b857347c9179ee9be222,5h,2024-02-18 07:57:11.667000+00:00,2024-02-19 03:00:00+00:00,1.0,0.7,1.0,0.9099999999999999,1743
66a1c4544131ebe6bf01d4ec,5h,2024-07-25 03:19:48.317000+00:00,2024-07-25 10:00:00+00:00,1.0,0.7,1.0,0.9099999999999999,1744
66a1bf9c4131ebe6bf01d02b,5h,2024-07-25 02:59:40.979000+00:00,2024-07-25 09:00:00+00:00,1.0,0.7,1.0,0.9099999999999999,1745
66a1d9b86badf0453bda907b,5h,2024-07-25 04:51:04.489000+00:00,2024-07-25 11:00:00+00:00,1.0,0.7,1.0,0.9099999999999999,1746
66a0689ac7250ec426da498a,5h,2024-07-24 02:36:10.227000+00:00,2024-07-24 09:00:00+00:00,1.0,0.7,1.0,0.9099999999999999,1747
65db5416357791dc786634db,5h,2024-02-25 14:52:06.784000+00:00,2024-02-26 03:00:00+00:00,1.0,0.7,1.0,0.9099999999999999,1748
65d8681ff37384db2e797203,5h,2024-02-23 09:40:47.111000+00:00,2024-02-24 08:00:00+00:00,1.0,0.7,1.0,0.9099999999999999,1749
65dcc47cb660cdbe797f6030,5h,2024-02-26 17:03:56.462000+00:00,2024-02-28 09:00:00+00:00,1.0,0.7,1.0,0.9099999999999999,1750
65debd4eb695ce690730f6fa,5h,2024-02-28 04:57:50.010000+00:00,2024-02-28 12:00:00+00:00,1.0,0.7,1.0,0.9099999999999999,1751
65d8c899357791dc78661d72,5h,2024-02-23 16:32:25.253000+00:00,2024-02-24 08:00:00+00:00,1.0,0.7,1.0,0.9099999999999999,1752
65dcc434b660cdbe797f6005,5h,2024-02-26 17:02:44.066000+00:00,2024-02-28 09:00:00+00:00,1.0,0.7,1.0,0.9099999999999999,1753
65efd417dfdb6cd659fca875,5h,2024-03-12 04:03:35.481000+00:00,2024-03-12 11:00:00+00:00,1.0,0.7,1.0,0.9099999999999999,1754
65edec139d4d9618852ed09b,5h,2024-03-10 17:21:23.945000+00:00,2024-03-11 12:00:00+00:00,1.0,0.7,1.0,0.9099999999999999,1755
669ffbeac7250ec426da4384,5h,2024-07-23 18:52:26.337000+00:00,2024-07-24 08:00:00+00:00,1.0,0.7,1.0,0.9099999999999999,1756
65d8c888357791dc78661d55,5h,2024-02-23 16:32:08.574000+00:00,2024-02-24 08:00:00+00:00,1.0,0.7,1.0,0.9099999999999999,1757
669ff2c4c7250ec426da42c5,5h,2024-07-23 18:13:24.190000+00:00,2024-07-24 08:00:00+00:00,1.0,0.7,1.0,0.9099999999999999,1758
669fec44c7250ec426da42bc,5h,2024-07-23 17:45:40.838000+00:00,2024-07-24 08:00:00+00:00,1.0,0.7,1.0,0.9099999999999999,1759
669feb05c7250ec426da42b3,5h,2024-07-23 17:40:21.247000+00:00,2024-07-24 08:00:00+00:00,1.0,0.7,1.0,0.9099999999999999,1760
669fe89ac7250ec426da42aa,5h,2024-07-23 17:30:02.839000+00:00,2024-07-24 08:00:00+00:00,1.0,0.7,1.0,0.9099999999999999,1761
66a11e0f4131ebe6bf01c864,5h,2024-07-24 15:30:23.592000+00:00,2024-07-25 08:00:00+00:00,1.0,0.7,1.0,0.9099999999999999,1762
66a11b544131ebe6bf01c847,5h,2024-07-24 15:18:44.796000+00:00,2024-07-25 08:00:00+00:00,1.0,0.7,1.0,0.9099999999999999,1763
65db6532357791dc78663562,5h,2024-02-25 16:05:06.207000+00:00,2024-02-26 08:00:00+00:00,1.0,0.7,1.0,0.9099999999999999,1764
65ba37385804904ade2efd7c,5h,2024-01-31 12:04:08.462000+00:00,2024-02-01 08:00:00+00:00,1.0,0.7,1.0,0.9099999999999999,1765
65d8c7a8357791dc78661d1c,5h,2024-02-23 16:28:24.719000+00:00,2024-02-24 08:00:00+00:00,1.0,0.7,1.0,0.9099999999999999,1766
65d5b8979ad6745b97cac2d5,5h,2024-02-21 08:47:19.055000+00:00,2024-02-22 10:00:00+00:00,1.0,0.7,1.0,0.9099999999999999,1767
669ff3bbc7250ec426da42ce,5h,2024-07-23 18:17:31.547000+00:00,2024-07-24 08:00:00+00:00,1.0,0.7,1.0,0.9099999999999999,1768
64c4c52b553721daabdbadbb,5h,2023-07-15 05:30:04.858000+00:00,2023-07-15 22:30:04.854000+00:00,1.0,0.7,1.0,0.9099999999999999,1769
6530af2997e822e6c88e63b5,5h,2023-10-19 04:23:05.663000+00:00,2023-10-20 05:21:59+00:00,1.0,0.7,1.0,0.9099999999999999,1770
64d3b28fd44fb648be8f2ec3,5h,2023-08-09 15:36:47.063000+00:00,2023-08-10 10:29:35+00:00,1.0,0.7,1.0,0.9099999999999999,1771
6556be0a6a0125b9d7ba1249,5h,2023-11-17 01:12:42.177000+00:00,2023-11-17 10:10:35+00:00,1.0,0.7,1.0,0.9099999999999999,1772
65352d6897e822e6c88e90c6,5h,2023-10-22 14:10:48.882000+00:00,2023-10-23 05:10:12+00:00,1.0,0.7,1.0,0.9099999999999999,1773
66a3c22e0183a7b44008ef8e,5h,2024-07-26 15:35:10.618000+00:00,2024-07-27 08:00:00+00:00,1.0,0.7,1.0,0.9099999999999999,1774
66a3c1d10183a7b44008eea7,5h,2024-07-26 15:33:37.812000+00:00,2024-07-27 08:00:00+00:00,1.0,0.7,1.0,0.9099999999999999,1775
66a3c12b0183a7b44008ee8d,5h,2024-07-26 15:30:51.631000+00:00,2024-07-27 08:00:00+00:00,1.0,0.7,1.0,0.9099999999999999,1776
66a31c240183a7b44008b2e3,5h,2024-07-26 03:46:44.125000+00:00,2024-07-26 10:00:00+00:00,1.0,0.7,1.0,0.9099999999999999,1777
66a318be0183a7b44008a7c7,5h,2024-07-26 03:32:14.259000+00:00,2024-07-26 10:00:00+00:00,1.0,0.7,1.0,0.9099999999999999,1778
66a1bed14131ebe6bf01d00a,5h,2024-07-25 02:56:17.724000+00:00,2024-07-25 09:00:00+00:00,1.0,0.7,1.0,0.9099999999999999,1779
65635465f262a21f35ea6908,5h,2023-11-26 14:21:25.379000+00:00,2023-11-27 05:20:20+00:00,1.0,0.7,1.0,0.9099999999999999,1780
64c4c52b553721daabdbadb8,5h,2023-07-17 06:34:55.193000+00:00,2023-07-17 22:34:55.188000+00:00,1.0,0.7,1.0,0.9099999999999999,1781
64c4c52b553721daabdbadb1,5h,2023-07-18 17:45:10.873000+00:00,2023-07-18 17:45:10.873000+00:00,1.0,0.7,1.0,0.9099999999999999,1782
650fe009452644c9037c3d5a,5h,2023-09-24 07:06:49.442000+00:00,2023-09-25 05:04:47+00:00,1.0,0.7,1.0,0.9099999999999999,1783
6550da05b2fe9632df0d388d,5h,2023-11-12 13:58:29.580000+00:00,2023-11-13 05:57:13+00:00,1.0,0.7,1.0,0.9099999999999999,1784
650a500a25b0bb2f15f65ca9,5h,2023-09-20 01:51:06.336000+00:00,2023-09-20 10:50:01+00:00,1.0,0.7,1.0,0.9099999999999999,1785
65ade6e04f40997642655e37,5h,2024-01-22 03:54:08.598000+00:00,2024-01-22 11:00:00+00:00,1.0,0.7,1.0,0.9099999999999999,1786
659f511e60879d9d855a5f88,5h,2024-01-11 02:23:26.595000+00:00,2024-01-11 10:00:00+00:00,1.0,0.7,1.0,0.9099999999999999,1787
66c2d8139973faa9d1337ec3,5h,2024-08-19 05:28:51.767000+00:00,2024-08-19 12:00:00+00:00,1.0,0.7,1.0,0.9099999999999999,1788
66c2d7239973faa9d1337de8,5h,2024-08-19 05:24:51.069000+00:00,2024-08-19 12:00:00+00:00,1.0,0.7,1.0,0.9099999999999999,1789
650f30c6452644c9037c34f6,5h,2023-09-23 18:39:02.324000+00:00,2023-09-24 10:30:54+00:00,1.0,0.7,1.0,0.9099999999999999,1790
66a19acf4131ebe6bf01c93c,5h,2024-07-25 00:22:39.249000+00:00,2024-07-25 08:00:00+00:00,1.0,0.7,1.0,0.9099999999999999,1791
66a141e54131ebe6bf01c907,5h,2024-07-24 18:03:17.955000+00:00,2024-07-25 08:00:00+00:00,1.0,0.7,1.0,0.9099999999999999,1792
65b65d4b2853ec33a9a3a7ac,5h,2024-01-28 13:57:31.275000+00:00,2024-01-29 09:00:00+00:00,1.0,0.7,1.0,0.9099999999999999,1793
65802e6901273c09fae0109d,5h,2023-12-18 11:35:05.884000+00:00,2023-12-19 05:32:48+00:00,1.0,0.7,1.0,0.9099999999999999,1794
65bb93d3e7c73caad5aa9782,5h,2024-02-01 12:51:31.348000+00:00,2024-02-02 08:00:00+00:00,1.0,0.7,1.0,0.9099999999999999,1795
65b909c75804904ade2ee606,5h,2024-01-30 14:37:59.152000+00:00,2024-01-31 08:00:00+00:00,1.0,0.7,1.0,0.9099999999999999,1796
65ba50245804904ade2f01de,5h,2024-01-31 13:50:28.494000+00:00,2024-02-01 08:00:00+00:00,1.0,0.7,1.0,0.9099999999999999,1797
65d2da90347c9179ee9bf023,5h,2024-02-19 04:35:28.656000+00:00,2024-02-20 03:00:00+00:00,1.0,0.7,1.0,0.9099999999999999,1798
65bb94a4e7c73caad5aa98ed,5h,2024-02-01 12:55:00.650000+00:00,2024-02-02 08:00:00+00:00,1.0,0.7,1.0,0.9099999999999999,1799
65bb92cae7c73caad5aa9736,5h,2024-02-01 12:47:06.895000+00:00,2024-02-02 08:00:00+00:00,1.0,0.7,1.0,0.9099999999999999,1800
66a3c2d80183a7b44008efa0,5h,2024-07-26 15:38:00.183000+00:00,2024-07-27 08:00:00+00:00,1.0,0.7,1.0,0.9099999999999999,1801
66a28afe0183a7b440089d54,5h,2024-07-25 17:27:26.637000+00:00,2024-07-26 08:00:00+00:00,1.0,0.7,1.0,0.9099999999999999,1802
66a28a540183a7b440089d4b,5h,2024-07-25 17:24:36.809000+00:00,2024-07-26 08:00:00+00:00,1.0,0.7,1.0,0.9099999999999999,1803
66a289e40183a7b440089d42,5h,2024-07-25 17:22:44.140000+00:00,2024-07-26 08:00:00+00:00,1.0,0.7,1.0,0.9099999999999999,1804
66a289740183a7b440089d39,5h,2024-07-25 17:20:52.775000+00:00,2024-07-26 08:00:00+00:00,1.0,0.7,1.0,0.9099999999999999,1805
66a289030183a7b440089c73,5h,2024-07-25 17:18:59.646000+00:00,2024-07-26 08:00:00+00:00,1.0,0.7,1.0,0.9099999999999999,1806
66a285b60183a7b440089c43,5h,2024-07-25 17:04:54.358000+00:00,2024-07-26 08:00:00+00:00,1.0,0.7,1.0,0.9099999999999999,1807
66a279fa0183a7b440089bf4,5h,2024-07-25 16:14:50.554000+00:00,2024-07-26 08:00:00+00:00,1.0,0.7,1.0,0.9099999999999999,1808
66a4763f0183a7b44008f4d9,5h,2024-07-27 04:23:27.234000+00:00,2024-07-27 12:00:00+00:00,1.0,0.7,1.0,0.9099999999999999,1809
66a3c8ab0183a7b44008f181,5h,2024-07-26 16:02:51.300000+00:00,2024-07-27 08:00:00+00:00,1.0,0.7,1.0,0.9099999999999999,1810
66a3c3930183a7b44008efaf,5h,2024-07-26 15:41:07.630000+00:00,2024-07-27 10:00:00+00:00,1.0,0.7,1.0,0.9099999999999999,1811
65c1fc0e50a7e3eb060aadfc,5h,2024-02-06 09:29:50.861000+00:00,2024-02-07 08:00:00+00:00,1.0,0.7,1.0,0.9099999999999999,1812
650a6f0025b0bb2f15f660ba,5h,2023-09-20 04:03:12.728000+00:00,2023-09-20 15:59:55+00:00,1.0,0.7,1.0,0.9099999999999999,1813
6554467909f80bbb53257887,5h,2023-11-15 04:18:01.076000+00:00,2023-11-15 15:12:25+00:00,1.0,0.7,1.0,0.9099999999999999,1814
64eca5fcd54ea638bcb4b1cf,5h,2023-08-28 13:49:48.996000+00:00,2023-08-29 03:48:27+00:00,1.0,0.7,1.0,0.9099999999999999,1815
66bebf9a0f42ac1ad11cb88f,5h,2024-08-16 02:55:22.362000+00:00,2024-08-16 09:00:00+00:00,1.0,0.7,1.0,0.9099999999999999,1816
66bebc4c9973faa9d132fdb9,5h,2024-08-16 02:41:16.212000+00:00,2024-08-16 09:00:00+00:00,1.0,0.7,1.0,0.9099999999999999,1817
66bebbf19973faa9d132fda9,5h,2024-08-16 02:39:45.774000+00:00,2024-08-16 09:00:00+00:00,1.0,0.7,1.0,0.9099999999999999,1818
65a74cb19539e97b1626187d,5h,2024-01-17 03:42:41.348000+00:00,2024-01-17 11:00:00+00:00,1.0,0.7,1.0,0.9099999999999999,1819
65802dd401273c09fae0106a,5h,2023-12-18 11:32:36.039000+00:00,2023-12-19 07:31:36+00:00,1.0,0.7,1.0,0.9099999999999999,1820
652e3e9efb4ed6645c995c7e,5h,2023-10-17 07:58:22.946000+00:00,2023-10-18 05:50:13+00:00,1.0,0.7,1.0,0.9099999999999999,1821
66c215b89973faa9d133650c,5h,2024-08-18 15:39:36.178000+00:00,2024-08-19 08:00:00+00:00,1.0,0.7,1.0,0.9099999999999999,1822
653b94947941accd28f99767,5h,2023-10-27 10:44:36.152000+00:00,2023-10-28 05:40:21+00:00,1.0,0.7,1.0,0.9099999999999999,1823
64cface4d97c6216cdaa26ac,5h,2023-08-06 14:23:32.833000+00:00,2023-08-06 14:23:32.833000+00:00,1.0,0.7,1.0,0.9099999999999999,1824
6523a5cd16fc92ef78cc8cad,5h,2023-10-09 07:03:41.725000+00:00,2023-10-10 05:02:04+00:00,1.0,0.7,1.0,0.9099999999999999,1825
66bac9d07cb3f11298e42924,5h,2024-08-13 02:49:52.349000+00:00,2024-08-13 09:00:00+00:00,1.0,0.7,1.0,0.9099999999999999,1826
66ba1c0d7cb3f11298e41fe7,5h,2024-08-12 14:28:29.497000+00:00,2024-08-13 09:00:00+00:00,1.0,0.7,1.0,0.9099999999999999,1827
66bd79b49973faa9d132db37,5h,2024-08-15 03:44:52.324000+00:00,2024-08-15 10:00:00+00:00,1.0,0.7,1.0,0.9099999999999999,1828
66bd6a930f42ac1ad11cb585,5h,2024-08-15 02:40:19.787000+00:00,2024-08-15 09:00:00+00:00,1.0,0.7,1.0,0.9099999999999999,1829
66bc564e7cb3f11298e47113,5h,2024-08-14 07:01:34.979000+00:00,2024-08-15 04:00:00+00:00,1.0,0.7,1.0,0.9099999999999999,1830
65308d15c417268785e460e4,5h,2023-10-19 01:57:41.391000+00:00,2023-10-19 10:56:33+00:00,1.0,0.7,1.0,0.9099999999999999,1831
64cfae10d97c6216cdaa2743,5h,2023-08-06 14:28:32.750000+00:00,2023-08-07 03:23:55+00:00,1.0,0.7,1.0,0.9099999999999999,1832
6540f7828f5664f27d7c6cb5,5h,2023-10-31 12:48:02.228000+00:00,2023-11-01 07:45:58+00:00,1.0,0.7,1.0,0.9099999999999999,1833
650441b339a237688acc5c91,5h,2023-09-15 11:36:19.980000+00:00,2023-09-16 09:05:54+00:00,1.0,0.7,1.0,0.9099999999999999,1834
66b6e72e0f42ac1ad11caa1e,5h,2024-08-10 04:06:06.278000+00:00,2024-08-10 11:00:00+00:00,1.0,0.7,1.0,0.9099999999999999,1835
66b6562f7cb3f11298e39e50,5h,2024-08-09 17:47:27.230000+00:00,2024-08-10 08:00:00+00:00,1.0,0.7,1.0,0.9099999999999999,1836
653673ce97e822e6c88e98fe,5h,2023-10-23 13:23:26.419000+00:00,2023-10-24 15:21:49+00:00,1.0,0.7,1.0,0.9099999999999999,1837
65b6697b2853ec33a9a3a85f,5h,2024-01-28 14:49:31.942000+00:00,2024-01-29 08:00:00+00:00,1.0,0.7,1.0,0.9099999999999999,1838
6582d59557fb10f190e0f226,5h,2023-12-20 11:52:53.023000+00:00,2023-12-21 05:48:40+00:00,1.0,0.7,1.0,0.9099999999999999,1839
65102b87452644c9037c4b51,5h,2023-09-24 12:28:55.674000+00:00,2023-09-25 07:26:34+00:00,1.0,0.7,1.0,0.9099999999999999,1840
64c4c52b553721daabdbadaa,5h,2023-07-22 03:31:45.938000+00:00,2023-07-22 15:31:45.930000+00:00,1.0,0.7,1.0,0.9099999999999999,1841
64c8a670e6da5a9aaea66fc5,5h,2023-08-01 06:30:08.541000+00:00,2023-08-01 15:30:08.538000+00:00,1.0,0.7,1.0,0.9099999999999999,1842
650bea5ed9e53014149e83a0,5h,2023-09-21 07:01:50.222000+00:00,2023-09-21 15:55:35+00:00,1.0,0.7,1.0,0.9099999999999999,1843
650d2eee50fdce3fe1b10436,5h,2023-09-22 06:06:38.434000+00:00,2023-09-22 15:04:14+00:00,1.0,0.7,1.0,0.9099999999999999,1844
64c9315f42731e8d62088403,5h,2023-08-01 16:22:55.613000+00:00,2023-08-02 10:22:55.607000+00:00,1.0,0.7,1.0,0.9099999999999999,1845
6565cc0ff262a21f35ea81f1,5h,2023-11-28 11:16:31.443000+00:00,2023-11-29 05:14:02+00:00,1.0,0.7,1.0,0.9099999999999999,1846
6507d9d139a237688acc6c69,5h,2023-09-18 05:02:09.089000+00:00,2023-09-18 15:56:39+00:00,1.0,0.7,1.0,0.9099999999999999,1847
654d1296480368a817f6a731,5h,2023-11-09 17:10:46.944000+00:00,2023-11-10 10:07:06+00:00,1.0,0.7,1.0,0.9099999999999999,1848
65636072f262a21f35ea6a5d,5h,2023-11-26 15:12:50.071000+00:00,2023-11-27 10:10:45+00:00,1.0,0.7,1.0,0.9099999999999999,1849
64c4c52b553721daabdbadab,5h,2023-07-20 12:18:10.134000+00:00,2023-07-21 03:18:10.127000+00:00,1.0,0.7,1.0,0.9099999999999999,1850
65012afaf181bf03ea1a92bd,5h,2023-09-13 03:22:34.806000+00:00,2023-09-13 15:20:07+00:00,1.0,0.7,1.0,0.9099999999999999,1851
64c4c52b553721daabdbadcd,5h,2023-07-06 09:26:12.426000+00:00,2023-07-07 10:26:12.422000+00:00,1.0,0.7,1.0,0.9099999999999999,1852
655a36486334442d4839c8c8,5h,2023-11-19 16:22:32.182000+00:00,2023-11-20 10:21:13+00:00,1.0,0.7,1.0,0.9099999999999999,1853
652f6b274271b1bef68fac2b,5h,2023-10-18 05:20:39.864000+00:00,2023-10-18 15:19:28+00:00,1.0,0.7,1.0,0.9099999999999999,1854
6686c87b1f621b3aa7a55032,5h,2024-07-04 16:06:19.571000+00:00,2024-07-05 08:00:00+00:00,1.0,0.7,1.0,0.9099999999999999,1855
6686c7d51f621b3aa7a54fcc,5h,2024-07-04 16:03:33.192000+00:00,2024-07-05 08:00:00+00:00,1.0,0.7,1.0,0.9099999999999999,1856
6686c7191f621b3aa7a54f66,5h,2024-07-04 16:00:25.706000+00:00,2024-07-05 08:00:00+00:00,1.0,0.7,1.0,0.9099999999999999,1857
668620aa1f621b3aa7a528cd,5h,2024-07-04 04:10:18.808000+00:00,2024-07-04 11:00:00+00:00,1.0,0.7,1.0,0.9099999999999999,1858
64c4c52b553721daabdbad9b,5h,2023-07-25 06:39:03.444000+00:00,2023-07-26 03:39:03.438000+00:00,1.0,0.7,1.0,0.9099999999999999,1859
6566f954852af0bbec46d5d8,5h,2023-11-29 08:41:56.836000+00:00,2023-11-30 09:29:47+00:00,1.0,0.7,1.0,0.9099999999999999,1860
6550dab0b2fe9632df0d38d6,5h,2023-11-12 14:01:20.361000+00:00,2023-11-13 05:00:43+00:00,1.0,0.7,1.0,0.9099999999999999,1861
65603abb6334442d4839ffaa,5h,2023-11-24 05:55:07.783000+00:00,2023-11-25 05:53:34+00:00,1.0,0.7,1.0,0.9099999999999999,1862
6530aebf97e822e6c88e63a1,5h,2023-10-19 04:21:19.825000+00:00,2023-10-19 15:15:23+00:00,1.0,0.7,1.0,0.9099999999999999,1863
6579ba8088830ad31f11aac4,5h,2023-12-13 14:06:56.921000+00:00,2023-12-14 05:05:51+00:00,1.0,0.7,1.0,0.9099999999999999,1864
66bd845e9973faa9d132e28d,5h,2024-08-15 04:30:22.207000+00:00,2024-08-15 11:00:00+00:00,1.0,0.7,1.0,0.9099999999999999,1865
66bd83809973faa9d132e145,5h,2024-08-15 04:26:40.810000+00:00,2024-08-15 11:00:00+00:00,1.0,0.7,1.0,0.9099999999999999,1866
66bd82039973faa9d132e085,5h,2024-08-15 04:20:19.733000+00:00,2024-08-15 11:00:00+00:00,1.0,0.7,1.0,0.9099999999999999,1867
66bd7f869973faa9d132e02c,5h,2024-08-15 04:09:42.404000+00:00,2024-08-15 11:00:00+00:00,1.0,0.7,1.0,0.9099999999999999,1868
66bd7e119973faa9d132deee,5h,2024-08-15 04:03:29.736000+00:00,2024-08-15 11:00:00+00:00,1.0,0.7,1.0,0.9099999999999999,1869
66bd7a7d9973faa9d132db48,5h,2024-08-15 03:48:13.909000+00:00,2024-08-15 10:00:00+00:00,1.0,0.7,1.0,0.9099999999999999,1870
66c56658b8e7077ed012a9c0,5h,2024-08-21 04:00:24.152000+00:00,2024-08-21 10:00:00+00:00,1.0,0.7,1.0,0.9099999999999999,1871
66c565189a1d4579e8b42598,5h,2024-08-21 03:55:04.258000+00:00,2024-08-21 10:00:00+00:00,1.0,0.7,1.0,0.9099999999999999,1872
66c4a6d59a1d4579e8b424a6,5h,2024-08-20 14:23:17.477000+00:00,2024-08-21 08:00:00+00:00,1.0,0.7,1.0,0.9099999999999999,1873
66c48f48b8e7077ed0129779,5h,2024-08-20 12:42:48.266000+00:00,2024-08-21 13:00:00+00:00,1.0,0.7,1.0,0.9099999999999999,1874
66bdf85d9973faa9d132f89d,5h,2024-08-15 12:45:17.320000+00:00,2024-08-16 08:00:00+00:00,1.0,0.7,1.0,0.9099999999999999,1875
6589a5e357fb10f190e10dac,5h,2023-12-25 15:55:15.329000+00:00,2023-12-26 10:53:50+00:00,1.0,0.7,1.0,0.9099999999999999,1876
6501c837f181bf03ea1aa9c6,5h,2023-09-13 14:33:27.393000+00:00,2023-09-14 05:28:54+00:00,1.0,0.7,1.0,0.9099999999999999,1877
654f032afbd947d1ba51b68f,5h,2023-11-11 04:29:30.798000+00:00,2023-11-11 15:25:58+00:00,1.0,0.7,1.0,0.9099999999999999,1878
6522873506af5c02eb339730,5h,2023-10-08 10:40:53.513000+00:00,2023-10-09 05:38:01+00:00,1.0,0.7,1.0,0.9099999999999999,1879
652d2099fb4ed6645c99528c,5h,2023-10-16 11:38:01.551000+00:00,2023-10-17 07:34:48+00:00,1.0,0.7,1.0,0.9099999999999999,1880
655706556a0125b9d7ba1d3b,5h,2023-11-17 06:21:09.188000+00:00,2023-11-17 15:20:19+00:00,1.0,0.7,1.0,0.9099999999999999,1881
66bc281c7cb3f11298e44c8f,5h,2024-08-14 03:44:28.223000+00:00,2024-08-14 10:00:00+00:00,1.0,0.7,1.0,0.9099999999999999,1882
66bad1820f42ac1ad11cb212,5h,2024-08-13 03:22:42.544000+00:00,2024-08-13 10:00:00+00:00,1.0,0.7,1.0,0.9099999999999999,1883
66be094c9973faa9d132fba1,5h,2024-08-15 13:57:32.269000+00:00,2024-08-16 08:00:00+00:00,1.0,0.7,1.0,0.9099999999999999,1884
6686c8fa1f621b3aa7a55098,5h,2024-07-04 16:08:26.677000+00:00,2024-07-05 08:00:00+00:00,1.0,0.7,1.0,0.9099999999999999,1885
65127c50452644c9037c64d1,5h,2023-09-26 06:38:08.355000+00:00,2023-09-27 03:16:17+00:00,1.0,0.7,1.0,0.9099999999999999,1886
64c4c52b553721daabdbadbf,5h,2023-07-11 08:16:56.299000+00:00,2023-07-12 10:16:56.296000+00:00,1.0,0.7,1.0,0.9099999999999999,1887
650a6f7725b0bb2f15f660f2,5h,2023-09-20 04:05:11.332000+00:00,2023-09-20 15:04:25+00:00,1.0,0.7,1.0,0.9099999999999999,1888
65a3dc1a12c52b180d74a658,5h,2024-01-14 13:05:30.354000+00:00,2024-01-15 09:00:00+00:00,1.0,0.7,1.0,0.9099999999999999,1889
66c4385ab8e7077ed01289b6,5h,2024-08-20 06:31:54.781000+00:00,2024-08-20 13:00:00+00:00,1.0,0.7,1.0,0.9099999999999999,1890
66c42dd0b8e7077ed0128560,5h,2024-08-20 05:46:56.466000+00:00,2024-08-20 12:00:00+00:00,1.0,0.7,1.0,0.9099999999999999,1891
66c4231bb8e7077ed0128247,5h,2024-08-20 05:01:15.613000+00:00,2024-08-20 11:00:00+00:00,1.0,0.7,1.0,0.9099999999999999,1892
66c42231b8e7077ed012804c,5h,2024-08-20 04:57:21.568000+00:00,2024-08-20 11:00:00+00:00,1.0,0.7,1.0,0.9099999999999999,1893
653a07228ca97e4c0c4e5e4c,5h,2023-10-26 06:28:50.560000+00:00,2023-10-27 05:26:56+00:00,1.0,0.7,1.0,0.9099999999999999,1894
6686c9a31f621b3aa7a55122,5h,2024-07-04 16:11:15.930000+00:00,2024-07-05 08:00:00+00:00,1.0,0.7,1.0,0.9099999999999999,1895
6537b6108ca97e4c0c4e4790,5h,2023-10-24 12:18:24.365000+00:00,2023-10-25 07:05:43+00:00,1.0,0.7,1.0,0.9099999999999999,1896
66b2ed167cb3f11298e31657,5h,2024-08-07 03:42:14.386000+00:00,2024-08-07 10:00:00+00:00,1.0,0.7,1.0,0.9099999999999999,1897
66b2ec357cb3f11298e31524,5h,2024-08-07 03:38:29.457000+00:00,2024-08-07 10:00:00+00:00,1.0,0.7,1.0,0.9099999999999999,1898
657a746a88830ad31f11ae0b,5h,2023-12-14 03:20:10.728000+00:00,2023-12-14 15:17:27+00:00,1.0,0.7,1.0,0.9099999999999999,1899
651a4129322d5c0cf180c1eb,5h,2023-10-02 04:03:53.614000+00:00,2023-10-02 15:00:35+00:00,1.0,0.7,1.0,0.9099999999999999,1900
65445fe6198243e836137840,5h,2023-11-03 02:50:14.514000+00:00,2023-11-03 10:48:45+00:00,1.0,0.7,1.0,0.9099999999999999,1901
6530b04d97e822e6c88e6444,5h,2023-10-19 04:27:57.723000+00:00,2023-10-20 05:23:23+00:00,1.0,0.7,1.0,0.9099999999999999,1902
655a05986334442d4839c617,5h,2023-11-19 12:54:48.931000+00:00,2023-11-20 05:52:42+00:00,1.0,0.7,1.0,0.9099999999999999,1903
65543ff609f80bbb532576a1,5h,2023-11-15 03:50:14.581000+00:00,2023-11-15 15:48:15+00:00,1.0,0.7,1.0,0.9099999999999999,1904
65118538452644c9037c5a38,5h,2023-09-25 13:03:52.228000+00:00,2023-09-26 05:01:57+00:00,1.0,0.7,1.0,0.9099999999999999,1905
6560b4e4f262a21f35ea4f4f,5h,2023-11-24 14:36:20.066000+00:00,2023-11-25 05:34:00+00:00,1.0,0.7,1.0,0.9099999999999999,1906
66b1af828bafc7aafe84104f,5h,2024-08-06 05:07:14.539000+00:00,2024-08-06 12:00:00+00:00,1.0,0.7,1.0,0.9099999999999999,1907
66b1aedf41dd95a0cd97757d,5h,2024-08-06 05:04:31.608000+00:00,2024-08-06 12:00:00+00:00,1.0,0.7,1.0,0.9099999999999999,1908
66b1adfc41dd95a0cd977570,5h,2024-08-06 05:00:44.326000+00:00,2024-08-06 11:00:00+00:00,1.0,0.7,1.0,0.9099999999999999,1909
654506dc00df48c3e9c2cf3a,5h,2023-11-03 14:42:36.210000+00:00,2023-11-04 05:39:09+00:00,1.0,0.7,1.0,0.9099999999999999,1910
6532a61897e822e6c88e839a,5h,2023-10-20 16:08:56.089000+00:00,2023-10-21 10:07:12+00:00,1.0,0.7,1.0,0.9099999999999999,1911
658a417a57fb10f190e10f4a,5h,2023-12-26 02:59:06.385000+00:00,2023-12-26 10:58:29+00:00,1.0,0.7,1.0,0.9099999999999999,1912
651a4745322d5c0cf180c327,5h,2023-10-02 04:29:57.759000+00:00,2023-10-03 07:28:40+00:00,1.0,0.7,1.0,0.9099999999999999,1913
65424888c3d975fe7dbe32e3,5h,2023-11-01 12:46:00.504000+00:00,2023-11-02 05:44:34+00:00,1.0,0.7,1.0,0.9099999999999999,1914
653bed090da17b92bd8baf42,5h,2023-10-27 17:02:01.704000+00:00,2023-10-28 10:00:42+00:00,1.0,0.7,1.0,0.9099999999999999,1915
6550db54b2fe9632df0d3953,5h,2023-11-12 14:04:04.992000+00:00,2023-11-13 05:01:35+00:00,1.0,0.7,1.0,0.9099999999999999,1916
65a8ec19c6210fb8fd1a9983,5h,2024-01-18 09:15:05.775000+00:00,2024-01-19 08:00:00+00:00,1.0,0.7,1.0,0.9099999999999999,1917
6582fd7657fb10f190e0f383,5h,2023-12-20 14:43:02.857000+00:00,2023-12-21 05:41:50+00:00,1.0,0.7,1.0,0.9099999999999999,1918
65422bdd8f5664f27d7c71f3,5h,2023-11-01 10:43:41.970000+00:00,2023-11-02 05:42:02+00:00,1.0,0.7,1.0,0.9099999999999999,1919
6502d81039a237688acc4d04,5h,2023-09-14 09:53:20.216000+00:00,2023-09-15 05:49:20+00:00,1.0,0.7,1.0,0.9099999999999999,1920
65608c3ef262a21f35ea4ca3,5h,2023-11-24 11:42:54.672000+00:00,2023-11-25 05:41:10+00:00,1.0,0.7,1.0,0.9099999999999999,1921
64ffe4e01680ceedb28772c9,5h,2023-09-12 04:11:12.996000+00:00,2023-09-12 15:10:01+00:00,1.0,0.7,1.0,0.9099999999999999,1922
6521c4f306af5c02eb339384,5h,2023-10-07 20:52:03.190000+00:00,2023-10-08 10:49:01+00:00,1.0,0.7,1.0,0.9099999999999999,1923
66b0a77741dd95a0cd9766d2,5h,2024-08-05 10:20:39.882000+00:00,2024-08-06 06:00:00+00:00,1.0,0.7,1.0,0.9099999999999999,1924
66c2a32c9973faa9d1336658,5h,2024-08-19 01:43:08.772000+00:00,2024-08-19 08:00:00+00:00,1.0,0.7,1.0,0.9099999999999999,1925
65ea7f3f8fecdc6abd0fee07,5h,2024-03-08 03:00:15.763000+00:00,2024-03-09 03:00:00+00:00,1.0,0.7,1.0,0.9099999999999999,1926
66c025749973faa9d133368b,5h,2024-08-17 04:22:12.033000+00:00,2024-08-17 11:00:00+00:00,1.0,0.7,1.0,0.9099999999999999,1927
64c4c52b553721daabdbadb2,5h,2023-07-18 17:42:42.846000+00:00,2023-07-18 17:42:42.846000+00:00,1.0,0.7,1.0,0.9099999999999999,1928
65368358577c64ad5684656e,5h,2023-10-23 14:29:44.325000+00:00,2023-10-24 05:28:00+00:00,1.0,0.7,1.0,0.9099999999999999,1929
6520c691edc6e7ed93cbe01f,5h,2023-10-07 02:46:41.272000+00:00,2023-10-07 10:36:35+00:00,1.0,0.7,1.0,0.9099999999999999,1930
6550da70b2fe9632df0d38c8,5h,2023-11-12 14:00:16.581000+00:00,2023-11-13 05:59:17+00:00,1.0,0.7,1.0,0.9099999999999999,1931
655a04f46334442d4839c586,5h,2023-11-19 12:52:04.518000+00:00,2023-11-20 05:50:14+00:00,1.0,0.7,1.0,0.9099999999999999,1932
66c1e45f9973faa9d133634b,5h,2024-08-18 12:09:03.224000+00:00,2024-08-19 08:00:00+00:00,1.0,0.7,1.0,0.9099999999999999,1933
66c0355b9973faa9d1334b1b,5h,2024-08-17 05:30:03.333000+00:00,2024-08-17 12:00:00+00:00,1.0,0.7,1.0,0.9099999999999999,1934
66c029be9973faa9d1333cb1,5h,2024-08-17 04:40:30.498000+00:00,2024-08-17 11:00:00+00:00,1.0,0.7,1.0,0.9099999999999999,1935
66c0283b9973faa9d1333b5a,5h,2024-08-17 04:34:03.321000+00:00,2024-08-17 11:00:00+00:00,1.0,0.7,1.0,0.9099999999999999,1936
66c0262d9973faa9d133369d,5h,2024-08-17 04:25:17.428000+00:00,2024-08-17 11:00:00+00:00,1.0,0.7,1.0,0.9099999999999999,1937
650181a5f181bf03ea1aa0b4,5h,2023-09-13 09:32:21.924000+00:00,2023-09-14 05:21:09+00:00,1.0,0.7,1.0,0.9099999999999999,1938
66b650677cb3f11298e39e23,5h,2024-08-09 17:22:47.022000+00:00,2024-08-10 08:00:00+00:00,1.0,0.7,1.0,0.9099999999999999,1939
66b64a7c7cb3f11298e39df4,5h,2024-08-09 16:57:32.201000+00:00,2024-08-10 08:00:00+00:00,1.0,0.7,1.0,0.9099999999999999,1940
66b6446f7cb3f11298e39dea,5h,2024-08-09 16:31:43.298000+00:00,2024-08-10 08:00:00+00:00,1.0,0.7,1.0,0.9099999999999999,1941
66b643c27cb3f11298e39ddf,5h,2024-08-09 16:28:50.344000+00:00,2024-08-10 08:00:00+00:00,1.0,0.7,1.0,0.9099999999999999,1942
66b642c07cb3f11298e39dd6,5h,2024-08-09 16:24:32.358000+00:00,2024-08-10 08:00:00+00:00,1.0,0.7,1.0,0.9099999999999999,1943
66b635d17cb3f11298e39dc5,5h,2024-08-09 15:29:21.767000+00:00,2024-08-10 08:00:00+00:00,1.0,0.7,1.0,0.9099999999999999,1944
66b62fa57cb3f11298e39c47,5h,2024-08-09 15:03:01.175000+00:00,2024-08-10 08:00:00+00:00,1.0,0.7,1.0,0.9099999999999999,1945
66b58bed7cb3f11298e37b91,5h,2024-08-09 03:24:30.005000+00:00,2024-08-09 10:00:00+00:00,1.0,0.7,1.0,0.9099999999999999,1946
66b4bee97cb3f11298e36f40,5h,2024-08-08 12:49:45.594000+00:00,2024-08-09 09:00:00+00:00,1.0,0.7,1.0,0.9099999999999999,1947
650c4ee2d547002b39c746f5,5h,2023-09-21 14:10:42.379000+00:00,2023-09-22 05:07:44+00:00,1.0,0.7,1.0,0.9099999999999999,1948
6564a0dcf262a21f35ea7790,5h,2023-11-27 13:59:56.597000+00:00,2023-11-28 05:59:18+00:00,1.0,0.7,1.0,0.9099999999999999,1949
65178a6e322d5c0cf180b701,5h,2023-09-30 02:39:42.118000+00:00,2023-09-30 10:37:39+00:00,1.0,0.7,1.0,0.9099999999999999,1950
65686859852af0bbec46df52,5h,2023-11-30 10:47:53.458000+00:00,2023-12-01 05:42:54+00:00,1.0,0.7,1.0,0.9099999999999999,1951
66b8a7147cb3f11298e3f5a0,5h,2024-08-11 11:57:08.520000+00:00,2024-08-12 08:00:00+00:00,1.0,0.7,1.0,0.9099999999999999,1952
66b6f52b7cb3f11298e3be60,5h,2024-08-10 05:05:47.351000+00:00,2024-08-10 12:00:00+00:00,1.0,0.7,1.0,0.9099999999999999,1953
6589798e57fb10f190e10bff,5h,2023-12-25 12:46:06.195000+00:00,2023-12-26 05:45:34+00:00,1.0,0.7,1.0,0.9099999999999999,1954
657c5273d2d36e2d3741d8d2,5h,2023-12-15 13:19:47.862000+00:00,2023-12-16 07:17:45+00:00,1.0,0.7,1.0,0.9099999999999999,1955
658c4b9f46151b63c19d3f7a,5h,2023-12-27 16:06:55.483000+00:00,2023-12-28 05:00:00+00:00,1.0,0.7,1.0,0.9099999999999999,1956
64fadb86e3ba32dbf7039a08,5h,2023-09-08 08:29:58.264000+00:00,2023-09-09 05:29:11+00:00,1.0,0.7,1.0,0.9099999999999999,1957
650f360e452644c9037c350c,5h,2023-09-23 19:01:34.355000+00:00,2023-09-24 14:39:12+00:00,1.0,0.7,1.0,0.9099999999999999,1958
66b49dff7cb3f11298e36c26,5h,2024-08-08 10:29:19.176000+00:00,2024-08-09 09:00:00+00:00,1.0,0.7,1.0,0.9099999999999999,1959
66b372297cb3f11298e33aee,5h,2024-08-07 13:10:01.535000+00:00,2024-08-08 08:00:00+00:00,1.0,0.7,1.0,0.9099999999999999,1960
66b30ae38bafc7aafe8412e7,5h,2024-08-07 05:49:23.745000+00:00,2024-08-07 12:00:00+00:00,1.0,0.7,1.0,0.9099999999999999,1961
66b303997cb3f11298e31c45,5h,2024-08-07 05:18:17.740000+00:00,2024-08-07 12:00:00+00:00,1.0,0.7,1.0,0.9099999999999999,1962
64c4c52b553721daabdbadba,5h,2023-07-15 05:35:44.296000+00:00,2023-07-15 22:35:44.292000+00:00,1.0,0.7,1.0,0.9099999999999999,1963
6550da30b2fe9632df0d389f,5h,2023-11-12 13:59:12.875000+00:00,2023-11-13 05:58:37+00:00,1.0,0.7,1.0,0.9099999999999999,1964
655a04496334442d4839c502,5h,2023-11-19 12:49:13.704000+00:00,2023-11-20 07:41:09+00:00,1.0,0.7,1.0,0.9099999999999999,1965
659f50cc60879d9d855a5f76,5h,2024-01-11 02:22:04.808000+00:00,2024-01-11 10:00:00+00:00,1.0,0.7,1.0,0.9099999999999999,1966
65ad2e414f4099764265559f,5h,2024-01-21 14:46:25.241000+00:00,2024-01-22 07:00:00+00:00,1.0,0.7,1.0,0.9099999999999999,1967
6585a1a157fb10f190e1009a,5h,2023-12-22 14:48:01.637000+00:00,2023-12-23 05:46:53+00:00,1.0,0.7,1.0,0.9099999999999999,1968
66b651fe7cb3f11298e39e2e,5h,2024-08-09 17:29:34.920000+00:00,2024-08-10 08:00:00+00:00,1.0,0.7,1.0,0.9099999999999999,1969
657bb019f20b51302c7dc80b,5h,2023-12-15 01:47:05.090000+00:00,2023-12-15 10:45:20+00:00,1.0,0.7,1.0,0.9099999999999999,1970
651a6dc6322d5c0cf180d31f,5h,2023-10-02 07:14:14.486000+00:00,2023-10-03 05:11:39+00:00,1.0,0.7,1.0,0.9099999999999999,1971
6556d5a96a0125b9d7ba1685,5h,2023-11-17 02:53:29.334000+00:00,2023-11-17 10:52:56+00:00,1.0,0.7,1.0,0.9099999999999999,1972
66b442417cb3f11298e3468b,5h,2024-08-08 03:57:53.713000+00:00,2024-08-08 10:00:00+00:00,1.0,0.7,1.0,0.9099999999999999,1973
66b441737cb3f11298e34269,5h,2024-08-08 03:54:27.859000+00:00,2024-08-08 10:00:00+00:00,1.0,0.7,1.0,0.9099999999999999,1974
66b42f430f42ac1ad11ca1e4,5h,2024-08-08 02:36:51.736000+00:00,2024-08-08 09:00:00+00:00,1.0,0.7,1.0,0.9099999999999999,1975
65352c5497e822e6c88e9023,5h,2023-10-22 14:06:12.610000+00:00,2023-10-23 05:04:22+00:00,1.0,0.7,1.0,0.9099999999999999,1976
6560c240f262a21f35ea50b6,5h,2023-11-24 15:33:20.354000+00:00,2023-11-25 10:30:46+00:00,1.0,0.7,1.0,0.9099999999999999,1977
66b653c97cb3f11298e39e46,5h,2024-08-09 17:37:13.128000+00:00,2024-08-10 08:00:00+00:00,1.0,0.7,1.0,0.9099999999999999,1978
66b652f37cb3f11298e39e3a,5h,2024-08-09 17:33:39.127000+00:00,2024-08-10 08:00:00+00:00,1.0,0.7,1.0,0.9099999999999999,1979
658c4d8a46151b63c19d400b,5h,2023-12-27 16:15:06.104000+00:00,2023-12-28 05:00:00+00:00,1.0,0.7,1.0,0.9099999999999999,1980
663dc53506ec360644a058e7,5h,2024-05-10 06:56:53.618000+00:00,2024-05-10 13:00:00+00:00,1.0,0.7,1.0,0.9099999999999999,1981
662b24a4f9a546b0b87b85bc,5h,2024-04-26 03:51:00.190000+00:00,2024-04-26 10:00:00+00:00,1.0,0.7,1.0,0.9099999999999999,1982
6621e700a3fe6575ec764699,5h,2024-04-19 03:37:36.753000+00:00,2024-04-19 10:00:00+00:00,1.0,0.7,1.0,0.9099999999999999,1983
6618b98129cc074b1011c25f,5h,2024-04-12 04:33:05.519000+00:00,2024-04-12 12:00:00+00:00,1.0,0.7,1.0,0.9099999999999999,1984
660f69f01a314e877693f6c2,5h,2024-04-05 03:03:12.355000+00:00,2024-04-05 11:00:00+00:00,1.0,0.7,1.0,0.9099999999999999,1985
66901d49f50a1c6b75386360,5h,2024-07-11 17:58:33.755000+00:00,2024-07-12 08:00:00+00:00,1.0,0.7,1.0,0.9099999999999999,1986
66901c86f50a1c6b75386357,5h,2024-07-11 17:55:18.880000+00:00,2024-07-12 08:00:00+00:00,1.0,0.7,1.0,0.9099999999999999,1987
66901c3ff50a1c6b7538634e,5h,2024-07-11 17:54:07.470000+00:00,2024-07-12 08:00:00+00:00,1.0,0.7,1.0,0.9099999999999999,1988
668f80fcf50a1c6b75384cf0,5h,2024-07-11 06:51:40.135000+00:00,2024-07-11 13:00:00+00:00,1.0,0.7,1.0,0.9099999999999999,1989
65e5d6c3625b5f3a104a13da,5h,2024-03-04 14:12:19.189000+00:00,2024-03-05 08:00:00+00:00,1.0,0.7,1.0,0.9099999999999999,1990
660b8e32a899dbe83ee3cac1,5h,2024-04-02 04:48:50.996000+00:00,2024-04-02 12:00:00+00:00,1.0,0.7,1.0,0.9099999999999999,1991
6691f5c8407172f67458fe0f,5h,2024-07-13 03:34:32.658000+00:00,2024-07-13 10:00:00+00:00,1.0,0.7,1.0,0.9099999999999999,1992
6691f563407172f67458fe02,5h,2024-07-13 03:32:51.992000+00:00,2024-07-13 10:00:00+00:00,1.0,0.7,1.0,0.9099999999999999,1993
66917045407172f67458f141,5h,2024-07-12 18:04:53.831000+00:00,2024-07-13 08:00:00+00:00,1.0,0.7,1.0,0.9099999999999999,1994
664f20289e88bb2afc1c8248,5h,2024-05-23 10:53:28.860000+00:00,2024-05-24 08:00:00+00:00,1.0,0.7,1.0,0.9099999999999999,1995
6639aa874b21333c3fe0eb72,5h,2024-05-07 04:13:59.529000+00:00,2024-05-07 11:00:00+00:00,1.0,0.7,1.0,0.9099999999999999,1996
6636ffbd27df1863216a4cd0,5h,2024-05-05 03:40:45.299000+00:00,2024-05-06 09:00:00+00:00,1.0,0.7,1.0,0.9099999999999999,1997
662bc1d0f9a546b0b87ba470,5h,2024-04-26 15:01:36.649000+00:00,2024-04-27 08:00:00+00:00,1.0,0.7,1.0,0.9099999999999999,1998
661610d4671f03014130ebc6,5h,2024-04-10 04:08:52.719000+00:00,2024-04-10 11:00:00+00:00,1.0,0.7,1.0,0.9099999999999999,1999
6612a78a90aebfbd96539c88,5h,2024-04-07 14:02:50.410000+00:00,2024-04-08 06:00:00+00:00,1.0,0.7,1.0,0.9099999999999999,2000
668f76ecf50a1c6b75383b62,5h,2024-07-11 06:08:44.039000+00:00,2024-07-11 13:00:00+00:00,1.0,0.7,1.0,0.9099999999999999,2001
668e13e6fa7cccdc55985cc2,5h,2024-07-10 04:53:58.273000+00:00,2024-07-10 11:00:00+00:00,1.0,0.7,1.0,0.9099999999999999,2002
6672a1af04d9ab66fb5c27db,5h,2024-06-19 09:15:27.103000+00:00,2024-06-20 08:00:00+00:00,1.0,0.7,1.0,0.9099999999999999,2003
6675106e4ec08f3598114229,5h,2024-06-21 05:32:30.285000+00:00,2024-06-22 05:00:00+00:00,1.0,0.7,1.0,0.9099999999999999,2004
660e11e7ad7887547b68a172,5h,2024-04-04 02:35:19.515000+00:00,2024-04-04 10:00:00+00:00,1.0,0.7,1.0,0.9099999999999999,2005
664d7bc059add87bce2b510c,5h,2024-05-22 04:59:44.801000+00:00,2024-05-22 11:00:00+00:00,1.0,0.7,1.0,0.9099999999999999,2006
666023f4313c7144f2e319e4,5h,2024-06-05 08:38:12.376000+00:00,2024-06-06 04:00:00+00:00,1.0,0.7,1.0,0.9099999999999999,2007
6625d863a43812eb5bf90c09,5h,2024-04-22 03:24:19.893000+00:00,2024-04-22 10:00:00+00:00,1.0,0.7,1.0,0.9099999999999999,2008
666a70b0fb1f6edb969c8989,5h,2024-06-13 04:08:16.206000+00:00,2024-06-13 10:00:00+00:00,1.0,0.7,1.0,0.9099999999999999,2009
666a7068fb1f6edb969c896d,5h,2024-06-13 04:07:04.984000+00:00,2024-06-13 11:00:00+00:00,1.0,0.7,1.0,0.9099999999999999,2010
661ca2614448979e7ec72643,5h,2024-04-15 03:43:29.800000+00:00,2024-04-15 10:00:00+00:00,1.0,0.7,1.0,0.9099999999999999,2011
666912b640e6637797081105,5h,2024-06-12 03:15:02.868000+00:00,2024-06-12 10:00:00+00:00,1.0,0.7,1.0,0.9099999999999999,2012
668f7637f50a1c6b75383b44,5h,2024-07-11 06:05:43.295000+00:00,2024-07-11 13:00:00+00:00,1.0,0.7,1.0,0.9099999999999999,2013
668f757ff50a1c6b75383b32,5h,2024-07-11 06:02:39.849000+00:00,2024-07-11 13:00:00+00:00,1.0,0.7,1.0,0.9099999999999999,2014
666bf883be73767ef8e0bf6d,5h,2024-06-14 08:00:03.798000+00:00,2024-06-15 03:00:00+00:00,1.0,0.7,1.0,0.9099999999999999,2015
666bbab83058481f4e2674f9,5h,2024-06-14 03:36:24.447000+00:00,2024-06-14 10:00:00+00:00,1.0,0.7,1.0,0.9099999999999999,2016
666bb9403058481f4e267475,5h,2024-06-14 03:30:08.678000+00:00,2024-06-14 10:00:00+00:00,1.0,0.7,1.0,0.9099999999999999,2017
666bb9113058481f4e267460,5h,2024-06-14 03:29:21.856000+00:00,2024-06-14 10:00:00+00:00,1.0,0.7,1.0,0.9099999999999999,2018
6653ffc4e847739e08b3d003,5h,2024-05-27 03:36:36.346000+00:00,2024-05-27 10:00:00+00:00,1.0,0.7,1.0,0.9099999999999999,2019
6653fb7ae847739e08b3cf7e,5h,2024-05-27 03:18:18.217000+00:00,2024-05-27 10:00:00+00:00,1.0,0.7,1.0,0.9099999999999999,2020
6625d98ca43812eb5bf90e4e,5h,2024-04-22 03:29:16.321000+00:00,2024-04-22 10:00:00+00:00,1.0,0.7,1.0,0.9099999999999999,2021
666a701bfb1f6edb969c8958,5h,2024-06-13 04:05:47.691000+00:00,2024-06-13 11:00:00+00:00,1.0,0.7,1.0,0.9099999999999999,2022
663c6df406ec360644a03d14,5h,2024-05-09 06:32:20.058000+00:00,2024-05-09 13:00:00+00:00,1.0,0.7,1.0,0.9099999999999999,2023
661f3b881e5919e9a46618c1,5h,2024-04-17 03:01:28.355000+00:00,2024-04-17 10:00:00+00:00,1.0,0.7,1.0,0.9099999999999999,2024
661369095cbb0f299624a2a2,5h,2024-04-08 03:48:25.175000+00:00,2024-04-08 11:00:00+00:00,1.0,0.7,1.0,0.9099999999999999,2025
6610db233245d81de46de448,5h,2024-04-06 05:18:27.639000+00:00,2024-04-07 08:00:00+00:00,1.0,0.7,1.0,0.9099999999999999,2026
660f69791a314e877693f6a4,5h,2024-04-05 03:01:13.592000+00:00,2024-04-05 10:00:00+00:00,1.0,0.7,1.0,0.9099999999999999,2027
660a326d9f40c9600331febd,5h,2024-04-01 04:05:01.882000+00:00,2024-04-01 12:00:00+00:00,1.0,0.7,1.0,0.9099999999999999,2028
66489432765eaeee9356f634,5h,2024-05-18 11:42:42.629000+00:00,2024-05-20 13:00:00+00:00,1.0,0.7,1.0,0.9099999999999999,2029
66949129d54b84ac2ddb2078,5h,2024-07-15 03:02:01.426000+00:00,2024-07-15 10:00:00+00:00,1.0,0.7,1.0,0.9099999999999999,2030
6694908ed54b84ac2ddb1f81,5h,2024-07-15 02:59:26.294000+00:00,2024-07-15 09:00:00+00:00,1.0,0.7,1.0,0.9099999999999999,2031
660f739e1a314e877693fa1e,5h,2024-04-05 03:44:30.476000+00:00,2024-04-05 11:00:00+00:00,1.0,0.7,1.0,0.9099999999999999,2032
66948161d54b84ac2ddb1c0a,5h,2024-07-15 01:54:41.575000+00:00,2024-07-15 09:00:00+00:00,1.0,0.7,1.0,0.9099999999999999,2033
66947d8ed54b84ac2ddb1bc4,5h,2024-07-15 01:38:23.007000+00:00,2024-07-15 09:00:00+00:00,1.0,0.7,1.0,0.9099999999999999,2034
660ce3872587af2758f421cc,5h,2024-04-03 05:05:11.335000+00:00,2024-04-04 08:00:00+00:00,1.0,0.7,1.0,0.9099999999999999,2035
6657f4d41d1005721568df2c,5h,2024-05-30 03:39:00.962000+00:00,2024-05-30 10:00:00+00:00,1.0,0.7,1.0,0.9099999999999999,2036
6635ae96c797695760aeee5e,5h,2024-05-04 03:42:14.439000+00:00,2024-05-04 10:00:00+00:00,1.0,0.7,1.0,0.9099999999999999,2037
662bc2cef9a546b0b87ba4af,5h,2024-04-26 15:05:50.303000+00:00,2024-04-27 08:00:00+00:00,1.0,0.7,1.0,0.9099999999999999,2038
6629db0ff9a546b0b87b67d0,5h,2024-04-25 04:24:47.683000+00:00,2024-04-25 11:00:00+00:00,1.0,0.7,1.0,0.9099999999999999,2039
6625d9f0a43812eb5bf90eb2,5h,2024-04-22 03:30:56.443000+00:00,2024-04-22 10:00:00+00:00,1.0,0.7,1.0,0.9099999999999999,2040
6621e421a3fe6575ec764592,5h,2024-04-19 03:25:21.981000+00:00,2024-04-19 10:00:00+00:00,1.0,0.7,1.0,0.9099999999999999,2041
66160024671f03014130e879,5h,2024-04-10 02:57:40.957000+00:00,2024-04-10 10:00:00+00:00,1.0,0.7,1.0,0.9099999999999999,2042
669486afd54b84ac2ddb1ca7,5h,2024-07-15 02:17:19.317000+00:00,2024-07-15 09:00:00+00:00,1.0,0.7,1.0,0.9099999999999999,2043
666670d1bb9619f5c265a589,5h,2024-06-10 03:19:45.893000+00:00,2024-06-10 10:00:00+00:00,1.0,0.7,1.0,0.9099999999999999,2044
6690af64f50a1c6b753879af,5h,2024-07-12 04:21:56.174000+00:00,2024-07-12 11:00:00+00:00,1.0,0.7,1.0,0.9099999999999999,2045
666347ec4716c9653e9f2675,5h,2024-06-07 17:48:28.116000+00:00,2024-06-08 08:00:00+00:00,1.0,0.7,1.0,0.9099999999999999,2046
665a92f3a7b31f62c9efb0c5,5h,2024-06-01 03:18:11.960000+00:00,2024-06-01 10:00:00+00:00,1.0,0.7,1.0,0.9099999999999999,2047
66921341407172f674591a1a,5h,2024-07-13 05:40:17.765000+00:00,2024-07-13 12:00:00+00:00,1.0,0.7,1.0,0.9099999999999999,2048
6691f934407172f6745905e3,5h,2024-07-13 03:49:08.066000+00:00,2024-07-13 10:00:00+00:00,1.0,0.7,1.0,0.9099999999999999,2049
6650031df1a792c552f59edb,5h,2024-05-24 03:01:49.608000+00:00,2024-05-24 10:00:00+00:00,1.0,0.7,1.0,0.9099999999999999,2050
663d770b06ec360644a04b21,5h,2024-05-10 01:23:23.892000+00:00,2024-05-10 08:00:00+00:00,1.0,0.7,1.0,0.9099999999999999,2051
663860ccfe25ee4a2ae2e03b,5h,2024-05-06 04:47:08.758000+00:00,2024-05-06 11:00:00+00:00,1.0,0.7,1.0,0.9099999999999999,2052
66136a705cbb0f299624a2e8,5h,2024-04-08 03:54:24.899000+00:00,2024-04-08 11:00:00+00:00,1.0,0.7,1.0,0.9099999999999999,2053
662729a4c2c1f60803bb77aa,5h,2024-04-23 03:23:16.625000+00:00,2024-04-23 10:00:00+00:00,1.0,0.7,1.0,0.9099999999999999,2054
662b2455f9a546b0b87b8586,5h,2024-04-26 03:49:41.121000+00:00,2024-04-26 10:00:00+00:00,1.0,0.7,1.0,0.9099999999999999,2055
661f3ac61e5919e9a4661887,5h,2024-04-17 02:58:14.309000+00:00,2024-04-17 09:00:00+00:00,1.0,0.7,1.0,0.9099999999999999,2056
660e2934ad7887547b68a6ec,5h,2024-04-04 04:14:44.692000+00:00,2024-04-04 12:00:00+00:00,1.0,0.7,1.0,0.9099999999999999,2057
665c482fa3c51343938f50b7,5h,2024-06-02 10:23:43.997000+00:00,2024-06-03 04:00:00+00:00,1.0,0.7,1.0,0.9099999999999999,2058
665936caa7b31f62c9ef8c55,5h,2024-05-31 02:32:42.901000+00:00,2024-05-31 09:00:00+00:00,1.0,0.7,1.0,0.9099999999999999,2059
66581f6f0e654f117a073c7b,5h,2024-05-30 06:40:47.534000+00:00,2024-05-31 07:00:00+00:00,1.0,0.7,1.0,0.9099999999999999,2060
6691f697407172f67458fe70,5h,2024-07-13 03:37:59.612000+00:00,2024-07-13 10:00:00+00:00,1.0,0.7,1.0,0.9099999999999999,2061
6691f629407172f67458fe62,5h,2024-07-13 03:36:09.550000+00:00,2024-07-13 10:00:00+00:00,1.0,0.7,1.0,0.9099999999999999,2062
6621e3a2a3fe6575ec76456e,5h,2024-04-19 03:23:14.899000+00:00,2024-04-19 10:00:00+00:00,1.0,0.7,1.0,0.9099999999999999,2063
662b9f9df9a546b0b87ba304,5h,2024-04-26 12:35:41.517000+00:00,2024-04-27 08:00:00+00:00,1.0,0.7,1.0,0.9099999999999999,2064
668793438145f17f37638fd4,5h,2024-07-05 06:31:31.954000+00:00,2024-07-05 13:00:00+00:00,1.0,0.7,1.0,0.9099999999999999,2065
668772901f621b3aa7a564b4,5h,2024-07-05 04:12:00.473000+00:00,2024-07-05 11:00:00+00:00,1.0,0.7,1.0,0.9099999999999999,2066
6687710b1f621b3aa7a5619b,5h,2024-07-05 04:05:31.893000+00:00,2024-07-05 11:00:00+00:00,1.0,0.7,1.0,0.9099999999999999,2067
66876ec21f621b3aa7a55e00,5h,2024-07-05 03:55:46.838000+00:00,2024-07-05 10:00:00+00:00,1.0,0.7,1.0,0.9099999999999999,2068
66876d2d1f621b3aa7a55ace,5h,2024-07-05 03:49:01.991000+00:00,2024-07-05 10:00:00+00:00,1.0,0.7,1.0,0.9099999999999999,2069
668ace07ca82dc65928fe62f,5h,2024-07-07 17:19:03.779000+00:00,2024-07-08 08:00:00+00:00,1.0,0.7,1.0,0.9099999999999999,2070
6688e15bff27bc1a834df7f7,5h,2024-07-06 06:16:59.307000+00:00,2024-07-06 11:00:00+00:00,1.0,0.7,1.0,0.9099999999999999,2071
6688af6eff27bc1a834de314,5h,2024-07-06 02:43:58.611000+00:00,2024-07-06 10:00:00+00:00,1.0,0.7,1.0,0.9099999999999999,2072
6688ae4fff27bc1a834de2e9,5h,2024-07-06 02:39:11.997000+00:00,2024-07-06 09:00:00+00:00,1.0,0.7,1.0,0.9099999999999999,2073
668e1a74fa7cccdc55986376,5h,2024-07-10 05:21:56.899000+00:00,2024-07-10 12:00:00+00:00,1.0,0.7,1.0,0.9099999999999999,2074
668223fc2d58011d21e79c86,5h,2024-07-01 03:35:24.314000+00:00,2024-07-01 10:00:00+00:00,1.0,0.7,1.0,0.9099999999999999,2075
6683cdac2d58011d21e7f67b,5h,2024-07-02 09:51:40.792000+00:00,2024-07-03 05:00:00+00:00,1.0,0.7,1.0,0.9099999999999999,2076
6683b9042d58011d21e7f399,5h,2024-07-02 08:23:32.832000+00:00,2024-07-03 04:00:00+00:00,1.0,0.7,1.0,0.9099999999999999,2077
668379742d58011d21e7e80e,5h,2024-07-02 03:52:20.016000+00:00,2024-07-02 10:00:00+00:00,1.0,0.7,1.0,0.9099999999999999,2078
668605aa1f621b3aa7a5163b,5h,2024-07-04 02:15:06.525000+00:00,2024-07-04 09:00:00+00:00,1.0,0.7,1.0,0.9099999999999999,2079
6685ff211f621b3aa7a515f7,5h,2024-07-04 01:47:13.012000+00:00,2024-07-04 09:00:00+00:00,1.0,0.7,1.0,0.9099999999999999,2080
6685017a2d58011d21e818f3,5h,2024-07-03 07:44:58.814000+00:00,2024-07-04 03:00:00+00:00,1.0,0.7,1.0,0.9099999999999999,2081
6684e4052d58011d21e811a7,5h,2024-07-03 05:39:17.092000+00:00,2024-07-03 13:00:00+00:00,1.0,0.7,1.0,0.9099999999999999,2082
6684cfa12d58011d21e80482,5h,2024-07-03 04:12:17.327000+00:00,2024-07-03 11:00:00+00:00,1.0,0.7,1.0,0.9099999999999999,2083
66840d112d58011d21e7f8bf,5h,2024-07-02 14:22:09.042000+00:00,2024-07-03 08:00:00+00:00,1.0,0.7,1.0,0.9099999999999999,2084
668236912d58011d21e7ab5f,5h,2024-07-01 04:54:41.312000+00:00,2024-07-01 11:00:00+00:00,1.0,0.7,1.0,0.9099999999999999,2085
651f68d988d44bf7e0792689,5h,2023-10-06 01:54:33.926000+00:00,2023-10-06 14:53:47+00:00,1.0,0.7,1.0,0.9099999999999999,2086
64d3c3cd3b7d73ae156b1c7b,5h,2023-08-09 16:50:21.022000+00:00,2023-08-10 10:46:39+00:00,1.0,0.7,1.0,0.9099999999999999,2087
65013d95f181bf03ea1a9483,5h,2023-09-13 04:41:57.394000+00:00,2023-09-13 15:33:57+00:00,1.0,0.7,1.0,0.9099999999999999,2088
6584fb6057fb10f190e0fb59,5h,2023-12-22 02:58:40.489000+00:00,2023-12-22 10:57:50+00:00,1.0,0.7,1.0,0.9099999999999999,2089
6687a4ef8145f17f376398c2,5h,2024-07-05 07:46:55.938000+00:00,2024-07-06 03:00:00+00:00,1.0,0.7,1.0,0.9099999999999999,2090
6556d53b6a0125b9d7ba1578,5h,2023-11-17 02:51:39.650000+00:00,2023-11-17 10:51:00+00:00,1.0,0.7,1.0,0.9099999999999999,2091
6687c8ac8145f17f3763a9a7,5h,2024-07-05 10:19:24.879000+00:00,2024-07-06 06:00:00+00:00,1.0,0.7,1.0,0.9099999999999999,2092
66c6d54ca67b5bb62058ace3,5h,2024-08-22 06:06:04.544000+00:00,2024-08-22 13:00:00+00:00,1.0,0.7,1.0,0.9099999999999999,2093
66c6ccb7b8e7077ed012db51,5h,2024-08-22 05:29:27.149000+00:00,2024-08-22 12:00:00+00:00,1.0,0.7,1.0,0.9099999999999999,2094
658a529857fb10f190e1124b,5h,2023-12-26 04:12:08.623000+00:00,2023-12-26 15:10:59+00:00,1.0,0.7,1.0,0.9099999999999999,2095
66c6034bb8e7077ed012ce2c,5h,2024-08-21 15:10:03.881000+00:00,2024-08-22 08:00:00+00:00,1.0,0.7,1.0,0.9099999999999999,2096
65636b83f262a21f35ea6afe,5h,2023-11-26 16:00:03.795000+00:00,2023-11-27 10:58:41+00:00,1.0,0.7,1.0,0.9099999999999999,2097
655bac3b6334442d4839d983,5h,2023-11-20 18:58:03.867000+00:00,2023-11-21 10:55:59+00:00,1.0,0.7,1.0,0.9099999999999999,2098
64e975f2d54ea638bcb4a7a6,5h,2023-08-26 03:48:02.280000+00:00,2023-08-26 15:46:16+00:00,1.0,0.7,1.0,0.9099999999999999,2099
656354d7f262a21f35ea6933,5h,2023-11-26 14:23:19.800000+00:00,2023-11-27 05:21:32+00:00,1.0,0.7,1.0,0.9099999999999999,2100
64c4c52b553721daabdbadb6,5h,2023-07-17 10:07:46.063000+00:00,2023-07-18 10:07:46.060000+00:00,1.0,0.7,1.0,0.9099999999999999,2101
6561ff98f262a21f35ea6128,5h,2023-11-25 14:07:20.373000+00:00,2023-11-26 07:03:48+00:00,1.0,0.7,1.0,0.9099999999999999,2102
6564a248f262a21f35ea7830,5h,2023-11-27 14:06:00.744000+00:00,2023-11-28 05:02:15+00:00,1.0,0.7,1.0,0.9099999999999999,2103
654cfce5480368a817f6a525,5h,2023-11-09 15:38:13.442000+00:00,2023-11-10 10:37:42+00:00,1.0,0.7,1.0,0.9099999999999999,2104
64c4c52b553721daabdbadaf,5h,2023-07-20 04:37:59.317000+00:00,2023-07-20 15:37:59.312000+00:00,1.0,0.7,1.0,0.9099999999999999,2105
66c6ca63b8e7077ed012d9d7,5h,2024-08-22 05:19:31.563000+00:00,2024-08-22 12:00:00+00:00,1.0,0.7,1.0,0.9099999999999999,2106
667b938910954652d951fb9e,5h,2024-06-26 04:05:29.083000+00:00,2024-06-26 11:00:00+00:00,1.0,0.7,1.0,0.9099999999999999,2107
667b878e10954652d951fac7,5h,2024-06-26 03:14:22.330000+00:00,2024-06-26 10:00:00+00:00,1.0,0.7,1.0,0.9099999999999999,2108
667b86ec10954652d951fab2,5h,2024-06-26 03:11:40.241000+00:00,2024-06-26 10:00:00+00:00,1.0,0.7,1.0,0.9099999999999999,2109
667a5c08686ba46d64f09388,5h,2024-06-25 05:56:24.632000+00:00,2024-06-26 09:00:00+00:00,1.0,0.7,1.0,0.9099999999999999,2110
668de562fa7cccdc5598501b,5h,2024-07-10 01:35:30.370000+00:00,2024-07-10 08:00:00+00:00,1.0,0.7,1.0,0.9099999999999999,2111
668de4ddfa7cccdc55984ff9,5h,2024-07-10 01:33:17.708000+00:00,2024-07-10 09:00:00+00:00,1.0,0.7,1.0,0.9099999999999999,2112
668d78e3fa7cccdc55984f74,5h,2024-07-09 17:52:35.165000+00:00,2024-07-10 08:00:00+00:00,1.0,0.7,1.0,0.9099999999999999,2113
668d648afa7cccdc55984f62,5h,2024-07-09 16:25:46.010000+00:00,2024-07-10 08:00:00+00:00,1.0,0.7,1.0,0.9099999999999999,2114
668d6419fa7cccdc55984f59,5h,2024-07-09 16:23:53.810000+00:00,2024-07-10 08:00:00+00:00,1.0,0.7,1.0,0.9099999999999999,2115
668b5ca0ca82dc65928ff18c,5h,2024-07-08 03:27:28.087000+00:00,2024-07-08 10:00:00+00:00,1.0,0.7,1.0,0.9099999999999999,2116
668d5efcfa7cccdc55984ec3,5h,2024-07-09 16:02:04.658000+00:00,2024-07-10 08:00:00+00:00,1.0,0.7,1.0,0.9099999999999999,2117
666bb8c63058481f4e267456,5h,2024-06-14 03:28:06.188000+00:00,2024-06-14 09:00:00+00:00,1.0,0.7,1.0,0.9099999999999999,2118
666bac693058481f4e26738a,5h,2024-06-14 02:35:21.595000+00:00,2024-06-14 09:00:00+00:00,1.0,0.7,1.0,0.9099999999999999,2119
666ab2e7a9f5a1c8d3a99175,5h,2024-06-13 08:50:47.053000+00:00,2024-06-14 04:00:00+00:00,1.0,0.7,1.0,0.9099999999999999,2120
666faa90c86b5b19e3009912,5h,2024-06-17 03:16:32.701000+00:00,2024-06-17 10:00:00+00:00,1.0,0.7,1.0,0.9099999999999999,2121
666d46b5c86b5b19e3008ef9,5h,2024-06-15 07:45:57.911000+00:00,2024-06-17 03:00:00+00:00,1.0,0.7,1.0,0.9099999999999999,2122
66724feedb29c9405177aa31,5h,2024-06-19 03:26:38.254000+00:00,2024-06-19 10:00:00+00:00,1.0,0.7,1.0,0.9099999999999999,2123
66717fd4db29c9405177a559,5h,2024-06-18 12:38:44.793000+00:00,2024-06-19 12:00:00+00:00,1.0,0.7,1.0,0.9099999999999999,2124
6670fa0fc86b5b19e300b95b,5h,2024-06-18 03:07:59.933000+00:00,2024-06-18 10:00:00+00:00,1.0,0.7,1.0,0.9099999999999999,2125
668e2fe9fa7cccdc55986e2e,5h,2024-07-10 06:53:29.567000+00:00,2024-07-10 13:00:00+00:00,1.0,0.7,1.0,0.9099999999999999,2126
668d6182fa7cccdc55984f44,5h,2024-07-09 16:12:50.635000+00:00,2024-07-10 08:00:00+00:00,1.0,0.7,1.0,0.9099999999999999,2127
668b5bdeca82dc65928feb64,5h,2024-07-08 03:24:14.569000+00:00,2024-07-08 10:00:00+00:00,1.0,0.7,1.0,0.9099999999999999,2128
668b4b32ca82dc65928fe9d1,5h,2024-07-08 02:13:06.532000+00:00,2024-07-09 03:00:00+00:00,1.0,0.7,1.0,0.9099999999999999,2129
668b409aca82dc65928fe683,5h,2024-07-08 01:27:54.168000+00:00,2024-07-08 08:00:00+00:00,1.0,0.7,1.0,0.9099999999999999,2130
668d063fca82dc6592906836,5h,2024-07-09 09:43:27.817000+00:00,2024-07-10 08:00:00+00:00,1.0,0.7,1.0,0.9099999999999999,2131
668cb615ca82dc65929033d8,5h,2024-07-09 04:01:25.351000+00:00,2024-07-09 11:00:00+00:00,1.0,0.7,1.0,0.9099999999999999,2132
667e246f71cb973c54679a43,5h,2024-06-28 02:48:15.393000+00:00,2024-06-28 09:00:00+00:00,1.0,0.7,1.0,0.9099999999999999,2133
667e0b6d71cb973c54679251,5h,2024-06-28 01:01:33.105000+00:00,2024-06-28 08:00:00+00:00,1.0,0.7,1.0,0.9099999999999999,2134
667bf22010954652d952228e,5h,2024-06-26 10:49:04.955000+00:00,2024-06-27 06:00:00+00:00,1.0,0.7,1.0,0.9099999999999999,2135
667e8d5771cb973c5467bec8,5h,2024-06-28 10:15:51.194000+00:00,2024-06-29 08:00:00+00:00,1.0,0.7,1.0,0.9099999999999999,2136
667e34a771cb973c54679f90,5h,2024-06-28 03:57:27.548000+00:00,2024-06-28 10:00:00+00:00,1.0,0.7,1.0,0.9099999999999999,2137
66798295686ba46d64f06b5d,5h,2024-06-24 14:28:37.036000+00:00,2024-06-25 08:00:00+00:00,1.0,0.7,1.0,0.9099999999999999,2138
66821fdc2d58011d21e79557,5h,2024-07-01 03:17:48.784000+00:00,2024-07-01 10:00:00+00:00,1.0,0.7,1.0,0.9099999999999999,2139
6680c42f2d58011d21e790c9,5h,2024-06-30 02:34:23.828000+00:00,2024-07-01 08:00:00+00:00,1.0,0.7,1.0,0.9099999999999999,2140
667f82d82d58011d21e7701e,5h,2024-06-29 03:43:20.137000+00:00,2024-06-29 10:00:00+00:00,1.0,0.7,1.0,0.9099999999999999,2141
668c11b5ca82dc65929023a0,5h,2024-07-08 16:20:05.204000+00:00,2024-07-09 08:00:00+00:00,1.0,0.7,1.0,0.9099999999999999,2142
668c0b4aca82dc65929022d0,5h,2024-07-08 15:52:42.796000+00:00,2024-07-09 08:00:00+00:00,1.0,0.7,1.0,0.9099999999999999,2143
668c0a3cca82dc65929022bf,5h,2024-07-08 15:48:12.821000+00:00,2024-07-09 08:00:00+00:00,1.0,0.7,1.0,0.9099999999999999,2144
668c0928ca82dc65929022b6,5h,2024-07-08 15:43:36.976000+00:00,2024-07-09 08:00:00+00:00,1.0,0.7,1.0,0.9099999999999999,2145
668c06eaca82dc65929022a8,5h,2024-07-08 15:34:02.703000+00:00,2024-07-09 08:00:00+00:00,1.0,0.7,1.0,0.9099999999999999,2146
6674ebee4ec08f3598113e61,5h,2024-06-21 02:56:46.426000+00:00,2024-06-21 09:00:00+00:00,1.0,0.7,1.0,0.9099999999999999,2147
6677e8248caccc69cb74631f,5h,2024-06-23 09:17:24.679000+00:00,2024-06-24 08:00:00+00:00,1.0,0.7,1.0,0.9099999999999999,2148
6682230e2d58011d21e7991d,5h,2024-07-01 03:31:26.788000+00:00,2024-07-01 10:00:00+00:00,1.0,0.7,1.0,0.9099999999999999,2149
669ab431c7250ec426d96f73,5h,2024-07-19 18:45:05.336000+00:00,2024-07-20 08:00:00+00:00,1.0,0.7,1.0,0.9099999999999999,2150
669ab30fc7250ec426d96f6a,5h,2024-07-19 18:40:15.750000+00:00,2024-07-20 08:00:00+00:00,1.0,0.7,1.0,0.9099999999999999,2151
669ab220c7250ec426d96ec5,5h,2024-07-19 18:36:16.208000+00:00,2024-07-20 08:00:00+00:00,1.0,0.7,1.0,0.9099999999999999,2152
669aaf05c7250ec426d96eb2,5h,2024-07-19 18:23:01.401000+00:00,2024-07-20 08:00:00+00:00,1.0,0.7,1.0,0.9099999999999999,2153
669d6d63c7250ec426d9c9b7,5h,2024-07-21 20:19:47.416000+00:00,2024-07-22 08:00:00+00:00,1.0,0.7,1.0,0.9099999999999999,2154
669d6c35c7250ec426d9c9ae,5h,2024-07-21 20:14:45.886000+00:00,2024-07-22 08:00:00+00:00,1.0,0.7,1.0,0.9099999999999999,2155
669d6baec7250ec426d9c9a5,5h,2024-07-21 20:12:30.551000+00:00,2024-07-22 08:00:00+00:00,1.0,0.7,1.0,0.9099999999999999,2156
669d6ac7c7250ec426d9c99c,5h,2024-07-21 20:08:39.229000+00:00,2024-07-22 08:00:00+00:00,1.0,0.7,1.0,0.9099999999999999,2157
669d69dbc7250ec426d9c993,5h,2024-07-21 20:04:43.491000+00:00,2024-07-22 08:00:00+00:00,1.0,0.7,1.0,0.9099999999999999,2158
661611e7671f03014130ed5d,5h,2024-04-10 04:13:28.080000+00:00,2024-04-10 12:00:00+00:00,1.0,0.7,1.0,0.9099999999999999,2159
669d679dc7250ec426d9c981,5h,2024-07-21 19:55:09.573000+00:00,2024-07-22 08:00:00+00:00,1.0,0.7,1.0,0.9099999999999999,2160
669d6692c7250ec426d9c978,5h,2024-07-21 19:50:42.447000+00:00,2024-07-22 08:00:00+00:00,1.0,0.7,1.0,0.9099999999999999,2161
65fb1192e794149410fe924b,5h,2024-03-20 16:40:50.129000+00:00,2024-03-21 08:00:00+00:00,1.0,0.7,1.0,0.9099999999999999,2162
65f29dacbeb0eb8389206d82,5h,2024-03-14 06:48:12.421000+00:00,2024-03-15 08:00:00+00:00,1.0,0.7,1.0,0.9099999999999999,2163
65f7ba5fb0848ea581421433,5h,2024-03-18 03:51:59.304000+00:00,2024-03-18 11:00:00+00:00,1.0,0.7,1.0,0.9099999999999999,2164
660381b14aa86edeaa72dfff,5h,2024-03-27 02:17:21.218000+00:00,2024-03-27 10:00:00+00:00,1.0,0.7,1.0,0.9099999999999999,2165
65f54f9fbeb0eb838920b140,5h,2024-03-16 07:51:59.563000+00:00,2024-03-18 03:00:00+00:00,1.0,0.7,1.0,0.9099999999999999,2166
65f29d21beb0eb8389206bc4,5h,2024-03-14 06:45:53.172000+00:00,2024-03-15 08:00:00+00:00,1.0,0.7,1.0,0.9099999999999999,2167
65f29af5beb0eb8389206af7,5h,2024-03-14 06:36:37.887000+00:00,2024-03-15 08:00:00+00:00,1.0,0.7,1.0,0.9099999999999999,2168
66023d694aa86edeaa72cd95,5h,2024-03-26 03:13:45.267000+00:00,2024-03-26 11:00:00+00:00,1.0,0.7,1.0,0.9099999999999999,2169
669d68dec7250ec426d9c98a,5h,2024-07-21 20:00:30.579000+00:00,2024-07-22 08:00:00+00:00,1.0,0.7,1.0,0.9099999999999999,2170
6602423f4aa86edeaa72ce85,5h,2024-03-26 03:34:23.779000+00:00,2024-03-26 11:00:00+00:00,1.0,0.7,1.0,0.9099999999999999,2171
660e136dad7887547b68a1ba,5h,2024-04-04 02:41:49.665000+00:00,2024-04-04 10:00:00+00:00,1.0,0.7,1.0,0.9099999999999999,2172
65f27063beb0eb8389205d8d,5h,2024-03-14 03:34:59.960000+00:00,2024-03-14 11:00:00+00:00,1.0,0.7,1.0,0.9099999999999999,2173
65f3c31bbeb0eb83892085bd,5h,2024-03-15 03:40:11.466000+00:00,2024-03-15 11:00:00+00:00,1.0,0.7,1.0,0.9099999999999999,2174
65f2e3dcbeb0eb8389207a9c,5h,2024-03-14 11:47:40.657000+00:00,2024-03-15 08:00:00+00:00,1.0,0.7,1.0,0.9099999999999999,2175
65fe786d4aa86edeaa72a64f,5h,2024-03-23 06:36:29.755000+00:00,2024-03-25 03:00:00+00:00,1.0,0.7,1.0,0.9099999999999999,2176
65f8fe87a9fb32ac00ecb621,5h,2024-03-19 02:55:03.523000+00:00,2024-03-19 10:00:00+00:00,1.0,0.7,1.0,0.9099999999999999,2177
6699d51fc7250ec426d92e50,5h,2024-07-19 02:53:19.727000+00:00,2024-07-19 09:00:00+00:00,1.0,0.7,1.0,0.9099999999999999,2178
6699b878c7250ec426d92636,5h,2024-07-19 00:51:04.535000+00:00,2024-07-19 08:00:00+00:00,1.0,0.7,1.0,0.9099999999999999,2179
669ab596c7250ec426d96f7c,5h,2024-07-19 18:51:02.734000+00:00,2024-07-20 08:00:00+00:00,1.0,0.7,1.0,0.9099999999999999,2180
669d1209c7250ec426d9c8d5,5h,2024-07-21 13:50:01.973000+00:00,2024-07-22 08:00:00+00:00,1.0,0.7,1.0,0.9099999999999999,2181
669d117dc7250ec426d9c8cc,5h,2024-07-21 13:47:41.621000+00:00,2024-07-22 08:00:00+00:00,1.0,0.7,1.0,0.9099999999999999,2182
65f2e3cdbeb0eb8389207a81,5h,2024-03-14 11:47:25.280000+00:00,2024-03-15 08:00:00+00:00,1.0,0.7,1.0,0.9099999999999999,2183
65f7e7c013ed362bc71d5cb0,5h,2024-03-18 07:05:36.222000+00:00,2024-03-19 09:00:00+00:00,1.0,0.7,1.0,0.9099999999999999,2184
65f685adb0848ea58142026d,5h,2024-03-17 05:54:53.865000+00:00,2024-03-18 13:00:00+00:00,1.0,0.7,1.0,0.9099999999999999,2185
66011a854aa86edeaa72c1d3,5h,2024-03-25 06:32:37.719000+00:00,2024-03-26 08:00:00+00:00,1.0,0.7,1.0,0.9099999999999999,2186
65f7b536b0848ea58142104b,5h,2024-03-18 03:29:58.771000+00:00,2024-03-18 11:00:00+00:00,1.0,0.7,1.0,0.9099999999999999,2187
65f72730b0848ea5814209c5,5h,2024-03-17 17:24:00.265000+00:00,2024-03-18 12:00:00+00:00,1.0,0.7,1.0,0.9099999999999999,2188
65f3101cbeb0eb8389207c56,5h,2024-03-14 14:56:28.181000+00:00,2024-03-15 08:00:00+00:00,1.0,0.7,1.0,0.9099999999999999,2189
65f96ec904647c70b759d5fa,5h,2024-03-19 10:54:01.672000+00:00,2024-03-20 08:00:00+00:00,1.0,0.7,1.0,0.9099999999999999,2190
662c8204f9a546b0b87baec8,5h,2024-04-27 04:41:40.812000+00:00,2024-04-27 11:00:00+00:00,1.0,0.7,1.0,0.9099999999999999,2191
669e869bc7250ec426da126a,5h,2024-07-22 16:19:39.180000+00:00,2024-07-23 09:00:00+00:00,1.0,0.7,1.0,0.9099999999999999,2192
669df050c7250ec426d9e3ba,5h,2024-07-22 05:38:24.824000+00:00,2024-07-22 12:00:00+00:00,1.0,0.7,1.0,0.9099999999999999,2193
669dd885c7250ec426d9d754,5h,2024-07-22 03:56:53.574000+00:00,2024-07-22 10:00:00+00:00,1.0,0.7,1.0,0.9099999999999999,2194
669dd72bc7250ec426d9d692,5h,2024-07-22 03:51:07.791000+00:00,2024-07-22 10:00:00+00:00,1.0,0.7,1.0,0.9099999999999999,2195
6604ee0cf034f46ed2996113,5h,2024-03-28 04:11:56.425000+00:00,2024-03-28 12:00:00+00:00,1.0,0.7,1.0,0.9099999999999999,2196
669fe7d5c7250ec426da42a1,5h,2024-07-23 17:26:45.524000+00:00,2024-07-24 08:00:00+00:00,1.0,0.7,1.0,0.9099999999999999,2197
669fe4acc7250ec426da4298,5h,2024-07-23 17:13:16.318000+00:00,2024-07-24 08:00:00+00:00,1.0,0.7,1.0,0.9099999999999999,2198
669fe180c7250ec426da4287,5h,2024-07-23 16:59:44.528000+00:00,2024-07-24 08:00:00+00:00,1.0,0.7,1.0,0.9099999999999999,2199
669fd116c7250ec426da4264,5h,2024-07-23 15:49:42.256000+00:00,2024-07-24 09:00:00+00:00,1.0,0.7,1.0,0.9099999999999999,2200
65fbbc4ce794149410fe98a0,5h,2024-03-21 04:49:16.978000+00:00,2024-03-21 12:00:00+00:00,1.0,0.7,1.0,0.9099999999999999,2201
669f5509c7250ec426da311c,5h,2024-07-23 07:00:25.032000+00:00,2024-07-23 13:00:00+00:00,1.0,0.7,1.0,0.9099999999999999,2202
65ebd41ac95b44438437d945,5h,2024-03-09 03:14:34.185000+00:00,2024-03-10 08:00:00+00:00,1.0,0.7,1.0,0.9099999999999999,2203
64c4c52b553721daabdbadbd,5h,2023-07-12 14:20:24.793000+00:00,2023-07-13 10:20:24.779000+00:00,1.0,0.7,1.0,0.9099999999999999,2204
65ebd387c95b44438437d8d2,5h,2024-03-09 03:12:08.079000+00:00,2024-03-10 08:00:00+00:00,1.0,0.7,1.0,0.9099999999999999,2205
65eff15edfdb6cd659fcb053,5h,2024-03-12 06:08:30.354000+00:00,2024-03-13 08:00:00+00:00,1.0,0.7,1.0,0.9099999999999999,2206
65efef53dfdb6cd659fcae94,5h,2024-03-12 05:59:47.724000+00:00,2024-03-13 08:00:00+00:00,1.0,0.7,1.0,0.9099999999999999,2207
669f1959c7250ec426da1416,5h,2024-07-23 02:45:45.083000+00:00,2024-07-23 09:00:00+00:00,1.0,0.7,1.0,0.9099999999999999,2208
669f18f0c7250ec426da13ff,5h,2024-07-23 02:44:00.025000+00:00,2024-07-23 09:00:00+00:00,1.0,0.7,1.0,0.9099999999999999,2209
669e878fc7250ec426da129b,5h,2024-07-22 16:23:43.899000+00:00,2024-07-23 09:00:00+00:00,1.0,0.7,1.0,0.9099999999999999,2210
65e495d6625b5f3a1049fd36,5h,2024-03-03 15:23:02.210000+00:00,2024-03-04 03:00:00+00:00,1.0,0.7,1.0,0.9099999999999999,2211
669fc80ec7250ec426da4219,5h,2024-07-23 15:11:10.246000+00:00,2024-07-24 09:00:00+00:00,1.0,0.7,1.0,0.9099999999999999,2212
65f11cc0dfdb6cd659fcc243,5h,2024-03-13 03:25:52.652000+00:00,2024-03-13 11:00:00+00:00,1.0,0.7,1.0,0.9099999999999999,2213
6600fbc24aa86edeaa72bad8,5h,2024-03-25 04:21:22.299000+00:00,2024-03-25 12:00:00+00:00,1.0,0.7,1.0,0.9099999999999999,2214
6600efb74aa86edeaa72b972,5h,2024-03-25 03:30:00.146000+00:00,2024-03-25 11:00:00+00:00,1.0,0.7,1.0,0.9099999999999999,2215
6600ffaf4aa86edeaa72bcb5,5h,2024-03-25 04:38:07.182000+00:00,2024-03-25 12:00:00+00:00,1.0,0.7,1.0,0.9099999999999999,2216
65f7b4f3b0848ea581421016,5h,2024-03-18 03:28:51.149000+00:00,2024-03-18 11:00:00+00:00,1.0,0.7,1.0,0.9099999999999999,2217
65f96eaf04647c70b759d5df,5h,2024-03-19 10:53:35.909000+00:00,2024-03-20 08:00:00+00:00,1.0,0.7,1.0,0.9099999999999999,2218
65f3ba55beb0eb838920805f,5h,2024-03-15 03:02:45.584000+00:00,2024-03-15 11:00:00+00:00,1.0,0.7,1.0,0.9099999999999999,2219
65f27655beb0eb8389206059,5h,2024-03-14 04:00:21.745000+00:00,2024-03-14 11:00:00+00:00,1.0,0.7,1.0,0.9099999999999999,2220
6604ee54f034f46ed299612a,5h,2024-03-28 04:13:08.297000+00:00,2024-03-28 12:00:00+00:00,1.0,0.7,1.0,0.9099999999999999,2221
669dce9dc7250ec426d9d312,5h,2024-07-22 03:14:37.775000+00:00,2024-07-22 13:00:00+00:00,1.0,0.7,1.0,0.9099999999999999,2222
65e7146ea25037fcea42acfa,5h,2024-03-05 12:47:42.628000+00:00,2024-03-06 08:00:00+00:00,1.0,0.7,1.0,0.9099999999999999,2223
669d6f47c7250ec426d9c9c9,5h,2024-07-21 20:27:51.959000+00:00,2024-07-22 08:00:00+00:00,1.0,0.7,1.0,0.9099999999999999,2224
669d6e61c7250ec426d9c9c0,5h,2024-07-21 20:24:01.842000+00:00,2024-07-22 08:00:00+00:00,1.0,0.7,1.0,0.9099999999999999,2225
65ebd669c95b44438437da18,5h,2024-03-09 03:24:25.791000+00:00,2024-03-10 08:00:00+00:00,1.0,0.7,1.0,0.9099999999999999,2226
65ea87e18fecdc6abd0ff0b8,5h,2024-03-08 03:37:06.046000+00:00,2024-03-08 11:00:00+00:00,1.0,0.7,1.0,0.9099999999999999,2227
65ebdc9cc95b44438437db73,5h,2024-03-09 03:50:52.789000+00:00,2024-03-10 08:00:00+00:00,1.0,0.7,1.0,0.9099999999999999,2228
65e935e6219f5827eaef31b2,5h,2024-03-07 03:35:02.483000+00:00,2024-03-07 11:00:00+00:00,1.0,0.7,1.0,0.9099999999999999,2229
65ea900f8fecdc6abd0ff58c,5h,2024-03-08 04:11:59.174000+00:00,2024-03-09 03:00:00+00:00,1.0,0.7,1.0,0.9099999999999999,2230
65eff699dfdb6cd659fcb1e0,5h,2024-03-12 06:30:49.289000+00:00,2024-03-13 08:00:00+00:00,1.0,0.7,1.0,0.9099999999999999,2231
65eff08ddfdb6cd659fcafbf,5h,2024-03-12 06:05:01.804000+00:00,2024-03-13 08:00:00+00:00,1.0,0.7,1.0,0.9099999999999999,2232
65e934f9219f5827eaef30b8,5h,2024-03-07 03:31:05.384000+00:00,2024-03-07 11:00:00+00:00,1.0,0.7,1.0,0.9099999999999999,2233
669db3dec7250ec426d9ca09,5h,2024-07-22 01:20:30.505000+00:00,2024-07-22 08:00:00+00:00,1.0,0.7,1.0,0.9099999999999999,2234
6696b597c7250ec426d89a42,5h,2024-07-16 18:01:59.871000+00:00,2024-07-17 08:00:00+00:00,1.0,0.7,1.0,0.9099999999999999,2235
6696b4d6c7250ec426d89a31,5h,2024-07-16 17:58:46.318000+00:00,2024-07-17 08:00:00+00:00,1.0,0.7,1.0,0.9099999999999999,2236
6696b104c7250ec426d89997,5h,2024-07-16 17:42:28.704000+00:00,2024-07-17 08:00:00+00:00,1.0,0.7,1.0,0.9099999999999999,2237
6696681ac7250ec426d88905,5h,2024-07-16 12:31:22.640000+00:00,2024-07-17 08:00:00+00:00,1.0,0.7,1.0,0.9099999999999999,2238
6614ae71671f03014130d25b,5h,2024-04-09 02:56:49.283000+00:00,2024-04-09 10:00:00+00:00,1.0,0.7,1.0,0.9099999999999999,2239
661ca29d4448979e7ec72659,5h,2024-04-15 03:44:29.564000+00:00,2024-04-15 10:00:00+00:00,1.0,0.7,1.0,0.9099999999999999,2240
661611a7671f03014130ec31,5h,2024-04-10 04:12:23.487000+00:00,2024-04-10 12:00:00+00:00,1.0,0.7,1.0,0.9099999999999999,2241
660e126cad7887547b68a193,5h,2024-04-04 02:37:32.369000+00:00,2024-04-04 10:00:00+00:00,1.0,0.7,1.0,0.9099999999999999,2242
660a21269f40c9600331f9d7,5h,2024-04-01 02:51:18.253000+00:00,2024-04-01 10:00:00+00:00,1.0,0.7,1.0,0.9099999999999999,2243
66023d984aa86edeaa72cda3,5h,2024-03-26 03:14:32.872000+00:00,2024-03-26 11:00:00+00:00,1.0,0.7,1.0,0.9099999999999999,2244
66573d091d1005721568dc9d,5h,2024-05-29 14:34:50.002000+00:00,2024-05-30 08:00:00+00:00,1.0,0.7,1.0,0.9099999999999999,2245
6654004de847739e08b3d00d,5h,2024-05-27 03:38:53.687000+00:00,2024-05-27 10:00:00+00:00,1.0,0.7,1.0,0.9099999999999999,2246
6653fca0e847739e08b3cf9a,5h,2024-05-27 03:23:12.581000+00:00,2024-05-27 10:00:00+00:00,1.0,0.7,1.0,0.9099999999999999,2247
6695fd5054401ab379784e5d,5h,2024-07-16 04:55:44.821000+00:00,2024-07-16 11:00:00+00:00,1.0,0.7,1.0,0.9099999999999999,2248
6695f0d054401ab379784948,5h,2024-07-16 04:02:24.412000+00:00,2024-07-16 11:00:00+00:00,1.0,0.7,1.0,0.9099999999999999,2249
662b5ff6f9a546b0b87b9dec,5h,2024-04-26 08:04:07.007000+00:00,2024-04-27 10:00:00+00:00,1.0,0.7,1.0,0.9099999999999999,2250
6697fbc8c7250ec426d8cf4d,5h,2024-07-17 17:13:44.508000+00:00,2024-07-18 08:00:00+00:00,1.0,0.7,1.0,0.9099999999999999,2251
6697fb29c7250ec426d8cf44,5h,2024-07-17 17:11:05.474000+00:00,2024-07-18 08:00:00+00:00,1.0,0.7,1.0,0.9099999999999999,2252
6697fa2fc7250ec426d8cf3b,5h,2024-07-17 17:06:55.402000+00:00,2024-07-18 08:00:00+00:00,1.0,0.7,1.0,0.9099999999999999,2253
6697f672c7250ec426d8ce98,5h,2024-07-17 16:50:58.172000+00:00,2024-07-18 08:00:00+00:00,1.0,0.7,1.0,0.9099999999999999,2254
665842bb0e654f117a074329,5h,2024-05-30 09:11:23.917000+00:00,2024-05-31 07:00:00+00:00,1.0,0.7,1.0,0.9099999999999999,2255
6606302fffe33e797a000a4b,5h,2024-03-29 03:06:23.649000+00:00,2024-03-29 11:00:00+00:00,1.0,0.7,1.0,0.9099999999999999,2256
6694a3b3d54b84ac2ddb3c92,5h,2024-07-15 04:21:07.474000+00:00,2024-07-15 11:00:00+00:00,1.0,0.7,1.0,0.9099999999999999,2257
66949b75d54b84ac2ddb330c,5h,2024-07-15 03:45:57.588000+00:00,2024-07-15 10:00:00+00:00,1.0,0.7,1.0,0.9099999999999999,2258
66949b27d54b84ac2ddb32ed,5h,2024-07-15 03:44:39.520000+00:00,2024-07-15 10:00:00+00:00,1.0,0.7,1.0,0.9099999999999999,2259
66949386d54b84ac2ddb24df,5h,2024-07-15 03:12:06.419000+00:00,2024-07-15 10:00:00+00:00,1.0,0.7,1.0,0.9099999999999999,2260
669492d6d54b84ac2ddb242b,5h,2024-07-15 03:09:10.532000+00:00,2024-07-15 10:00:00+00:00,1.0,0.7,1.0,0.9099999999999999,2261
669491a1d54b84ac2ddb2081,5h,2024-07-15 03:04:01.199000+00:00,2024-07-15 10:00:00+00:00,1.0,0.7,1.0,0.9099999999999999,2262
6629cdf1f9a546b0b87b6732,5h,2024-04-25 03:28:49.114000+00:00,2024-04-25 10:00:00+00:00,1.0,0.7,1.0,0.9099999999999999,2263
664c0fde8eb333e641dd3bb8,5h,2024-05-21 03:07:10.769000+00:00,2024-05-21 10:00:00+00:00,1.0,0.7,1.0,0.9099999999999999,2264
660e3173052ab0dd7679955b,5h,2024-04-04 04:49:55.919000+00:00,2024-04-04 12:00:00+00:00,1.0,0.7,1.0,0.9099999999999999,2265
665bef5fa3c51343938f4ead,5h,2024-06-02 04:04:47.395000+00:00,2024-06-03 08:00:00+00:00,1.0,0.7,1.0,0.9099999999999999,2266
663c3a6a568ce211f484c4ec,5h,2024-05-09 02:52:26.900000+00:00,2024-05-09 09:00:00+00:00,1.0,0.7,1.0,0.9099999999999999,2267
6635ae79c797695760aeee4a,5h,2024-05-04 03:41:45.177000+00:00,2024-05-04 10:00:00+00:00,1.0,0.7,1.0,0.9099999999999999,2268
66272914c2c1f60803bb774f,5h,2024-04-23 03:20:52.157000+00:00,2024-04-23 10:00:00+00:00,1.0,0.7,1.0,0.9099999999999999,2269
6618b91e29cc074b1011c23d,5h,2024-04-12 04:31:26.536000+00:00,2024-04-12 12:00:00+00:00,1.0,0.7,1.0,0.9099999999999999,2270
661ca3214448979e7ec726ce,5h,2024-04-15 03:46:41.258000+00:00,2024-04-15 10:00:00+00:00,1.0,0.7,1.0,0.9099999999999999,2271
6610cbdd3245d81de46de2c8,5h,2024-04-06 04:13:17.295000+00:00,2024-04-07 08:00:00+00:00,1.0,0.7,1.0,0.9099999999999999,2272
6694a9ccd54b84ac2ddb402b,5h,2024-07-15 04:47:08.132000+00:00,2024-07-15 11:00:00+00:00,1.0,0.7,1.0,0.9099999999999999,2273
665036bdb48362251a600ff3,5h,2024-05-24 06:42:05.064000+00:00,2024-05-25 04:00:00+00:00,1.0,0.7,1.0,0.9099999999999999,2274
663f044806ec360644a09489,5h,2024-05-11 05:38:16.959000+00:00,2024-05-11 12:00:00+00:00,1.0,0.7,1.0,0.9099999999999999,2275
66120a1c86184d1320acb217,5h,2024-04-07 02:51:09.026000+00:00,2024-04-08 10:00:00+00:00,1.0,0.7,1.0,0.9099999999999999,2276
6697ff69c7250ec426d8d082,5h,2024-07-17 17:29:13.582000+00:00,2024-07-18 08:00:00+00:00,1.0,0.7,1.0,0.9099999999999999,2277
6697fdd2c7250ec426d8cfec,5h,2024-07-17 17:22:26.052000+00:00,2024-07-18 08:00:00+00:00,1.0,0.7,1.0,0.9099999999999999,2278
6697fcdec7250ec426d8cf56,5h,2024-07-17 17:18:22.576000+00:00,2024-07-18 08:00:00+00:00,1.0,0.7,1.0,0.9099999999999999,2279
662b95ebf9a546b0b87ba29e,5h,2024-04-26 11:54:19.932000+00:00,2024-04-27 08:00:00+00:00,1.0,0.7,1.0,0.9099999999999999,2280
660f6ce41a314e877693f7d7,5h,2024-04-05 03:15:48.871000+00:00,2024-04-05 11:00:00+00:00,1.0,0.7,1.0,0.9099999999999999,2281
660e157fad7887547b68a214,5h,2024-04-04 02:50:39.453000+00:00,2024-04-04 10:00:00+00:00,1.0,0.7,1.0,0.9099999999999999,2282
66541fc4e847739e08b3dec7,5h,2024-05-27 05:53:08.173000+00:00,2024-05-27 12:00:00+00:00,1.0,0.7,1.0,0.9099999999999999,2283
663c3a3b568ce211f484c4e0,5h,2024-05-09 02:51:39.160000+00:00,2024-05-09 09:00:00+00:00,1.0,0.7,1.0,0.9099999999999999,2284
66432458161c864aa93da279,5h,2024-05-14 08:44:08.741000+00:00,2024-05-15 09:00:00+00:00,1.0,0.7,1.0,0.9099999999999999,2285
6697f42fc7250ec426d8ce8f,5h,2024-07-17 16:41:19.853000+00:00,2024-07-18 08:00:00+00:00,1.0,0.7,1.0,0.9099999999999999,2286
663dc06706ec360644a0585f,5h,2024-05-10 06:36:23.549000+00:00,2024-05-10 13:00:00+00:00,1.0,0.7,1.0,0.9099999999999999,2287
661f3b471e5919e9a46618ab,5h,2024-04-17 03:00:23.928000+00:00,2024-04-17 09:00:00+00:00,1.0,0.7,1.0,0.9099999999999999,2288
6698a53bc7250ec426d8f5fc,5h,2024-07-18 05:16:43.144000+00:00,2024-07-18 12:00:00+00:00,1.0,0.7,1.0,0.9099999999999999,2289
66989f7ac7250ec426d8ec97,5h,2024-07-18 04:52:10.323000+00:00,2024-07-18 11:00:00+00:00,1.0,0.7,1.0,0.9099999999999999,2290
66989ef7c7250ec426d8ec2b,5h,2024-07-18 04:49:59.390000+00:00,2024-07-18 11:00:00+00:00,1.0,0.7,1.0,0.9099999999999999,2291
66989c47c7250ec426d8e7ea,5h,2024-07-18 04:38:31.383000+00:00,2024-07-18 11:00:00+00:00,1.0,0.7,1.0,0.9099999999999999,2292
660f69be1a314e877693f6b4,5h,2024-04-05 03:02:22.459000+00:00,2024-04-05 11:00:00+00:00,1.0,0.7,1.0,0.9099999999999999,2293
669aad30c7250ec426d96ea9,5h,2024-07-19 18:15:12.389000+00:00,2024-07-20 08:00:00+00:00,1.0,0.7,1.0,0.9099999999999999,2294
669aac06c7250ec426d96ea0,5h,2024-07-19 18:10:15.002000+00:00,2024-07-20 08:00:00+00:00,1.0,0.7,1.0,0.9099999999999999,2295
6699dbc4c7250ec426d939c8,5h,2024-07-19 03:21:40.310000+00:00,2024-07-19 10:00:00+00:00,1.0,0.7,1.0,0.9099999999999999,2296
6640512a06ec360644a0aa2a,5h,2024-05-12 05:18:34.814000+00:00,2024-05-13 08:00:00+00:00,1.0,0.7,1.0,0.9099999999999999,2297
66972fa1c7250ec426d8a8f6,5h,2024-07-17 02:42:41.320000+00:00,2024-07-17 09:00:00+00:00,1.0,0.7,1.0,0.9099999999999999,2298
6696bd0ec7250ec426d89b91,5h,2024-07-16 18:33:50.516000+00:00,2024-07-17 08:00:00+00:00,1.0,0.7,1.0,0.9099999999999999,2299
664c1fdb8eb333e641dd3f1f,5h,2024-05-21 04:15:23.086000+00:00,2024-05-21 11:00:00+00:00,1.0,0.7,1.0,0.9099999999999999,2300
664c0f0d8eb333e641dd3b67,5h,2024-05-21 03:03:41.963000+00:00,2024-05-21 10:00:00+00:00,1.0,0.7,1.0,0.9099999999999999,2301
664465fc3927e085f37f0b4a,5h,2024-05-15 07:36:28.768000+00:00,2024-05-16 03:00:00+00:00,1.0,0.7,1.0,0.9099999999999999,2302
6696bc45c7250ec426d89b88,5h,2024-07-16 18:30:29.614000+00:00,2024-07-17 08:00:00+00:00,1.0,0.7,1.0,0.9099999999999999,2303
6696bb32c7250ec426d89af7,5h,2024-07-16 18:25:54.556000+00:00,2024-07-17 08:00:00+00:00,1.0,0.7,1.0,0.9099999999999999,2304
6696ba77c7250ec426d89aee,5h,2024-07-16 18:22:47.305000+00:00,2024-07-17 08:00:00+00:00,1.0,0.7,1.0,0.9099999999999999,2305
6696b907c7250ec426d89ae5,5h,2024-07-16 18:16:39.330000+00:00,2024-07-17 08:00:00+00:00,1.0,0.7,1.0,0.9099999999999999,2306
6696b7e6c7250ec426d89adc,5h,2024-07-16 18:11:50.978000+00:00,2024-07-17 08:00:00+00:00,1.0,0.7,1.0,0.9099999999999999,2307
66980075c7250ec426d8d08b,5h,2024-07-17 17:33:41.684000+00:00,2024-07-18 08:00:00+00:00,1.0,0.7,1.0,0.9099999999999999,2308
660a33299f40c9600331ff06,5h,2024-04-01 04:08:09.386000+00:00,2024-04-01 12:00:00+00:00,1.0,0.7,1.0,0.9099999999999999,2309
660631a7ffe33e797a000ad4,5h,2024-03-29 03:12:39.361000+00:00,2024-03-29 11:00:00+00:00,1.0,0.7,1.0,0.9099999999999999,2310
665951c8a7b31f62c9ef91e0,5h,2024-05-31 04:27:52.394000+00:00,2024-05-31 11:00:00+00:00,1.0,0.7,1.0,0.9099999999999999,2311
6665f199a2f5f7dbd94b8bda,5h,2024-06-09 18:16:58.142000+00:00,2024-06-10 08:00:00+00:00,1.0,0.7,1.0,0.9099999999999999,2312
6657e6f31d1005721568de35,5h,2024-05-30 02:39:47.016000+00:00,2024-05-30 09:00:00+00:00,1.0,0.7,1.0,0.9099999999999999,2313
6654305de847739e08b3e4af,5h,2024-05-27 07:03:57.604000+00:00,2024-05-28 03:00:00+00:00,1.0,0.7,1.0,0.9099999999999999,2314
6651597c57490476b49b3f08,5h,2024-05-25 03:22:36.999000+00:00,2024-05-25 10:00:00+00:00,1.0,0.7,1.0,0.9099999999999999,2315
66482cdcdeaf302836f9047d,5h,2024-05-18 04:21:48.541000+00:00,2024-05-18 11:00:00+00:00,1.0,0.7,1.0,0.9099999999999999,2316
6639d11c4b21333c3fe0f15e,5h,2024-05-07 06:58:36.961000+00:00,2024-05-07 13:00:00+00:00,1.0,0.7,1.0,0.9099999999999999,2317
66980c97c7250ec426d8d13a,5h,2024-07-17 18:25:27.502000+00:00,2024-07-18 08:00:00+00:00,1.0,0.7,1.0,0.9099999999999999,2318
6696b6e1c7250ec426d89a4b,5h,2024-07-16 18:07:29.305000+00:00,2024-07-17 08:00:00+00:00,1.0,0.7,1.0,0.9099999999999999,2319
66c7fa33b8e7077ed012f1fa,3h,2024-08-23 02:55:47.611000+00:00,2024-08-23 05:55:07.069000+00:00,0.9109133333333334,1.0,0.508661,0.8571888666666667,2320
64c4c52b553721daabdbae52,5h,2023-05-09 08:18:48.079000+00:00,,,0.7,1.0,0.8200000000000001,2321
64c4c52b553721daabdbae4f,5h,2023-05-10 03:21:51.258000+00:00,,,0.7,1.0,0.8200000000000001,2322
64c4c52b553721daabdbade4,5h,2023-06-23 06:10:21.736000+00:00,,,0.7,1.0,0.8200000000000001,2323
64c4c52b553721daabdbaddd,5h,2023-06-28 13:47:26.381000+00:00,,,0.7,1.0,0.8200000000000001,2324
64c4c52b553721daabdbae39,5h,2023-05-20 08:58:59.441000+00:00,,,0.7,1.0,0.8200000000000001,2325
64c4c52b553721daabdbae1e,5h,2023-06-01 03:21:00.845000+00:00,,,0.7,1.0,0.8200000000000001,2326
64c4c52b553721daabdbae28,5h,2023-05-30 00:01:32.021000+00:00,,,0.7,1.0,0.8200000000000001,2327
64c4c52b553721daabdbae1b,5h,2023-06-02 01:33:46.679000+00:00,,,0.7,1.0,0.8200000000000001,2328
64c4c52b553721daabdbae3c,5h,2023-05-19 04:23:02.141000+00:00,,,0.7,1.0,0.8200000000000001,2329
64c4c52b553721daabdbae4d,5h,2023-05-11 04:36:11.010000+00:00,,,0.7,1.0,0.8200000000000001,2330
64c4c52b553721daabdbae4e,5h,2023-05-11 04:16:37.095000+00:00,,,0.7,1.0,0.8200000000000001,2331
64c4c52b553721daabdbae00,5h,2023-06-09 14:19:19.387000+00:00,,,0.7,1.0,0.8200000000000001,2332
64c4c52b553721daabdbae34,5h,2023-05-22 16:53:26.657000+00:00,,,0.7,1.0,0.8200000000000001,2333
64c4c52b553721daabdbae1f,5h,2023-05-31 14:25:09.732000+00:00,,,0.7,1.0,0.8200000000000001,2334
64c4c52b553721daabdbadfe,5h,2023-06-12 05:12:46.957000+00:00,,,0.7,1.0,0.8200000000000001,2335
64c4c52b553721daabdbae08,5h,2023-06-06 13:35:24.141000+00:00,,,0.7,1.0,0.8200000000000001,2336
64c4c52b553721daabdbae56,5h,2023-05-04 14:20:20.817000+00:00,,,0.7,1.0,0.8200000000000001,2337
64c4c52b553721daabdbae46,5h,2023-05-13 10:46:14.528000+00:00,,,0.7,1.0,0.8200000000000001,2338
64c4c52b553721daabdbae51,5h,2023-05-09 12:11:56.287000+00:00,,,0.7,1.0,0.8200000000000001,2339
64c4c52b553721daabdbade0,5h,2023-06-25 15:54:47.179000+00:00,,,0.7,1.0,0.8200000000000001,2340
64c4c52b553721daabdbae16,5h,2023-06-02 09:00:23.414000+00:00,,,0.7,1.0,0.8200000000000001,2341
64c4c52b553721daabdbaded,5h,2023-06-20 05:19:40.323000+00:00,,,0.7,1.0,0.8200000000000001,2342
64c4c52b553721daabdbae0c,5h,2023-06-06 08:02:38.361000+00:00,,,0.7,1.0,0.8200000000000001,2343
64c4c52b553721daabdbae2d,5h,2023-05-26 00:45:19.962000+00:00,,,0.7,1.0,0.8200000000000001,2344
64c4c52b553721daabdbae42,5h,2023-05-17 04:47:23.831000+00:00,,,0.7,1.0,0.8200000000000001,2345
64c4c52b553721daabdbade7,5h,2023-06-23 04:15:10.691000+00:00,,,0.7,1.0,0.8200000000000001,2346
64c4c52b553721daabdbae40,5h,2023-05-18 05:18:06.163000+00:00,,,0.7,1.0,0.8200000000000001,2347
64c4c52b553721daabdbae1c,5h,2023-06-01 08:32:47.537000+00:00,,,0.7,1.0,0.8200000000000001,2348
64c4c52b553721daabdbae0d,5h,2023-06-06 08:01:04.235000+00:00,,,0.7,1.0,0.8200000000000001,2349
64c4c52b553721daabdbade3,5h,2023-06-24 08:36:55.502000+00:00,,,0.7,1.0,0.8200000000000001,2350
64c4c52b553721daabdbae3e,5h,2023-05-18 14:29:15.276000+00:00,,,0.7,1.0,0.8200000000000001,2351
64c4c52b553721daabdbadeb,5h,2023-06-20 14:11:36.231000+00:00,,,0.7,1.0,0.8200000000000001,2352
64c4c52b553721daabdbae12,5h,2023-06-04 07:50:06.018000+00:00,,,0.7,1.0,0.8200000000000001,2353
64c4c52b553721daabdbae21,5h,2023-05-31 06:35:05.455000+00:00,,,0.7,1.0,0.8200000000000001,2354
64c4c52b553721daabdbae19,5h,2023-06-02 05:31:06.980000+00:00,,,0.7,1.0,0.8200000000000001,2355
64c4c52b553721daabdbae1d,5h,2023-06-01 06:54:38.131000+00:00,,,0.7,1.0,0.8200000000000001,2356
64c4c52b553721daabdbae47,5h,2023-05-13 10:41:04.151000+00:00,,,0.7,1.0,0.8200000000000001,2357
64c4c52b553721daabdbadd5,5h,2023-07-04 04:28:22.418000+00:00,,,0.7,1.0,0.8200000000000001,2358
64c4c52b553721daabdbae06,5h,2023-06-07 03:47:44.209000+00:00,,,0.7,1.0,0.8200000000000001,2359
64c4c52b553721daabdbae3a,5h,2023-05-20 06:13:03.381000+00:00,,,0.7,1.0,0.8200000000000001,2360
64c4c52b553721daabdbae50,5h,2023-05-10 01:02:38.772000+00:00,,,0.7,1.0,0.8200000000000001,2361
64c4c52b553721daabdbae53,5h,2023-05-07 15:44:58.835000+00:00,,,0.7,1.0,0.8200000000000001,2362
64c4c52b553721daabdbae3b,5h,2023-05-19 04:43:11.492000+00:00,,,0.7,1.0,0.8200000000000001,2363
64c4c52b553721daabdbadf2,5h,2023-06-18 14:12:43.356000+00:00,,,0.7,1.0,0.8200000000000001,2364
64c4c52b553721daabdbae3d,5h,2023-05-18 14:32:00.182000+00:00,,,0.7,1.0,0.8200000000000001,2365
64c4c52b553721daabdbadd4,5h,2023-07-04 05:06:07.221000+00:00,,,0.7,1.0,0.8200000000000001,2366
64c4c52b553721daabdbae36,5h,2023-05-22 04:41:22.075000+00:00,,,0.7,1.0,0.8200000000000001,2367
64c4c52b553721daabdbaddc,5h,2023-06-28 13:48:48.689000+00:00,,,0.7,1.0,0.8200000000000001,2368
64c4c52b553721daabdbae3f,5h,2023-05-18 07:29:55.737000+00:00,,,0.7,1.0,0.8200000000000001,2369
64c4c52b553721daabdbae30,5h,2023-05-23 11:20:03.638000+00:00,,,0.7,1.0,0.8200000000000001,2370
64c4c52b553721daabdbae09,5h,2023-06-06 13:33:12.867000+00:00,,,0.7,1.0,0.8200000000000001,2371
64c4c52b553721daabdbae33,5h,2023-05-22 16:55:49.569000+00:00,,,0.7,1.0,0.8200000000000001,2372
64c4c52b553721daabdbadfb,5h,2023-06-12 11:40:19.012000+00:00,,,0.7,1.0,0.8200000000000001,2373
66c48f67b8e7077ed012997b,luu_kho,2024-08-20 12:43:19.365000+00:00,2024-08-22 05:00:00+00:00,1.0,0.3,1.0,0.79,2374
6603df824aa86edeaa72f308,luu_kho,2024-03-27 08:57:38.165000+00:00,2024-03-29 06:00:00+00:00,1.0,0.3,1.0,0.79,2375
65fd69ff424ff7c6f1fb8220,luu_kho,2024-03-22 11:22:39.346000+00:00,2024-03-24 06:00:00+00:00,1.0,0.3,1.0,0.79,2376
65e8010d33f89d12f1cd2364,luu_kho,2024-03-06 05:37:17.415000+00:00,2024-03-07 06:00:00+00:00,1.0,0.3,1.0,0.79,2377
6602aa3a4aa86edeaa72db7f,luu_kho,2024-03-26 10:58:03.046000+00:00,2024-03-28 06:00:00+00:00,1.0,0.3,1.0,0.79,2378
6603b1314aa86edeaa72ec75,luu_kho,2024-03-27 05:40:01.161000+00:00,2024-03-28 06:00:00+00:00,1.0,0.3,1.0,0.79,2379
65fdafae5e424e204233a7a8,luu_kho,2024-03-22 16:19:59.287000+00:00,2024-03-24 06:00:00+00:00,1.0,0.3,1.0,0.79,2380
65f5526abeb0eb838920b1b5,luu_kho,2024-03-16 08:03:54.215000+00:00,2024-03-18 06:00:00+00:00,1.0,0.3,1.0,0.79,2381
65f552f5beb0eb838920b27d,luu_kho,2024-03-16 08:06:13.770000+00:00,2024-03-18 06:00:00+00:00,1.0,0.3,1.0,0.79,2382
660f8d661a314e877693ffea,luu_kho,2024-04-05 05:34:30.710000+00:00,2024-04-06 06:00:00+00:00,1.0,0.3,1.0,0.79,2383
6627cdea153384b96e07ef75,luu_kho,2024-04-23 15:04:10.111000+00:00,2024-04-25 05:00:00+00:00,1.0,0.3,1.0,0.79,2384
661935e329cc074b1011d0c2,luu_kho,2024-04-12 13:23:48.025000+00:00,2024-04-15 05:00:00+00:00,1.0,0.3,1.0,0.79,2385
6611372800fbfee76205d49a,luu_kho,2024-04-06 11:51:04.213000+00:00,2024-04-08 10:00:00+00:00,1.0,0.3,1.0,0.79,2386
66c7d687b8e7077ed012f0cd,ban_tai_4h,2024-08-23 00:23:35.158000+00:00,2024-08-23 07:00:00+00:00,0.6946393888888889,0.8,1.0,0.7873196944444445,2387
66c72db4b8e7077ed012e9e2,ban_tai_4h,2024-08-22 12:23:16.644000+00:00,2024-08-23 07:00:00+00:00,0.6946393888888889,0.8,1.0,0.7873196944444445,2388
66c7425eb8e7077ed012ecd2,5h,2024-08-22 13:51:26.231000+00:00,2024-08-23 08:00:00+00:00,0.4946393888888889,0.7,1.0,0.6573196944444444,2389
66c81019b8e7077ed012f79b,3h,2024-08-23 04:29:13.954000+00:00,2024-08-23 07:28:47.237000+00:00,0.5986817777777778,1.0,0.1971975,0.6387803888888889,2390
66c810b3b8e7077ed012fbf5,3h,2024-08-23 04:31:47.688000+00:00,2024-08-23 07:29:59.561000+00:00,0.5946637777777778,1.0,0.18865672222222224,0.6350632333333334,2391
66c7f0d6b8e7077ed012f155,ban_tai_4h,2024-08-23 02:15:50.308000+00:00,2024-08-23 08:00:00+00:00,0.4946393888888889,0.8,0.6418444999999999,0.6156885944444445,2392
66c816dab8e7077ed012fc33,3h,2024-08-23 04:58:02.354000+00:00,2024-08-23 07:56:12.959000+00:00,0.5072527777777778,1.0,0.10117527777777777,0.5738614444444444,2393
66c81df7b8e7077ed012fd2f,3h,2024-08-23 05:28:23.509000+00:00,2024-08-23 08:27:24.440000+00:00,0.40328161111111105,1.0,0.0,0.5016408055555555,2394
