delivery_id,wave_start,wave_end,service_type,created_at,expected_delivery_time,sla_progress,deadline_urgency,service_priority,waiting_time_score,information_coverage,base_priority_score,priority_score,priority_rank_in_wave,wave_size
64c4c52b553721daabdbae56,2023-05-04 14:00:00+00:00,2023-05-04 15:00:00+00:00,5h,2023-05-04 14:20:20.817000+00:00,,,1.0,0.7,0.1977176873105877,1.0,0.7795435374621176,0.7795435374621176,1,1
64c4c52b553721daabdbae55,2023-05-05 04:00:00+00:00,2023-05-05 05:00:00+00:00,3h,2023-05-05 04:45:32.553000+00:00,,,1.0,1.0,0.07717823456787465,1.0,0.815435646913575,0.815435646913575,1,1
64c4c52b553721daabdbae54,2023-05-06 10:00:00+00:00,2023-05-06 11:00:00+00:00,3h,2023-05-06 10:48:07.174000+00:00,,,1.0,1.0,0.06387138935404546,1.0,0.8127742778708091,0.8127742778708091,1,1
64c4c52b553721daabdbae53,2023-05-07 15:00:00+00:00,2023-05-07 16:00:00+00:00,5h,2023-05-07 15:44:58.835000+00:00,,,1.0,0.7,0.08005482554980636,1.0,0.7560109651099612,0.7560109651099612,1,1
64c4c52b553721daabdbae52,2023-05-09 08:00:00+00:00,2023-05-09 09:00:00+00:00,5h,2023-05-09 08:18:48.079000+00:00,,,1.0,0.7,0.20457727339956822,1.0,0.7809154546799136,0.7809154546799136,1,1
64c4c52b553721daabdbae51,2023-05-09 12:00:00+00:00,2023-05-09 13:00:00+00:00,5h,2023-05-09 12:11:56.287000+00:00,,,1.0,0.7,0.23433493970170427,1.0,0.7868669879403408,0.7868669879403408,1,1
64c4c52b553721daabdbae50,2023-05-10 01:00:00+00:00,2023-05-10 02:00:00+00:00,5h,2023-05-10 01:02:38.772000+00:00,,,1.0,0.7,0.2728570728546169,1.0,0.7945714145709234,0.7945714145709234,1,1
64c4c52b553721daabdbae4f,2023-05-10 03:00:00+00:00,2023-05-10 04:00:00+00:00,5h,2023-05-10 03:21:51.258000+00:00,,,1.0,0.7,0.19097103212960131,1.0,0.7781942064259203,0.7781942064259203,1,1
64c4c52b553721daabdbae4e,2023-05-11 04:00:00+00:00,2023-05-11 05:00:00+00:00,5h,2023-05-11 04:16:37.095000+00:00,,,1.0,0.7,0.2141660137014384,1.0,0.7828332027402877,0.7828332027402877,1,2
64c4c52b553721daabdbae4d,2023-05-11 04:00:00+00:00,2023-05-11 05:00:00+00:00,5h,2023-05-11 04:36:11.010000+00:00,,,1.0,0.7,0.12393403545508741,1.0,0.7647868070910174,0.7647868070910174,2,2
64c4c52b553721daabdbae4c,2023-05-12 04:00:00+00:00,2023-05-12 05:00:00+00:00,3h,2023-05-12 04:53:47.017000+00:00,,,1.0,1.0,0.033945920061038026,1.0,0.8067891840122077,0.8067891840122077,1,1
64c4c52b553721daabdbae4a,2023-05-12 15:00:00+00:00,2023-05-12 16:00:00+00:00,3h,2023-05-12 15:41:09.855000+00:00,,,1.0,1.0,0.09935405421550036,1.0,0.8198708108431001,0.8198708108431001,1,2
64c4c52b553721daabdbae49,2023-05-12 15:00:00+00:00,2023-05-12 16:00:00+00:00,3h,2023-05-12 15:49:32.897000+00:00,,,1.0,1.0,0.05641147518567946,1.0,0.8112822950371359,0.8112822950371359,2,2
64c4c52b553721daabdbae48,2023-05-13 02:00:00+00:00,2023-05-13 03:00:00+00:00,3h,2023-05-13 02:29:33.571000+00:00,,,1.0,1.0,0.15558719313154268,1.0,0.8311174386263086,0.8311174386263086,1,1
64c4c52b553721daabdbae47,2023-05-13 10:00:00+00:00,2023-05-13 11:00:00+00:00,5h,2023-05-13 10:41:04.151000+00:00,,,1.0,0.7,0.09982960311271472,1.0,0.759965920622543,0.759965920622543,1,2
64c4c52b553721daabdbae46,2023-05-13 10:00:00+00:00,2023-05-13 11:00:00+00:00,5h,2023-05-13 10:46:14.528000+00:00,,,1.0,0.7,0.07358464055827207,1.0,0.7547169281116544,0.7547169281116544,2,2
64c4c52b553721daabdbae45,2023-05-16 08:00:00+00:00,2023-05-16 09:00:00+00:00,3h,2023-05-16 08:09:35.150000+00:00,,,1.0,1.0,0.2442757391832221,1.0,0.8488551478366445,0.8488551478366445,1,1
64c4c52b553721daabdbae44,2023-05-16 09:00:00+00:00,2023-05-16 10:00:00+00:00,3h,2023-05-16 09:47:35.206000+00:00,,,1.0,1.0,0.0666382330926597,1.0,0.813327646618532,0.813327646618532,1,1
64c4c52b553721daabdbae42,2023-05-17 04:00:00+00:00,2023-05-17 05:00:00+00:00,5h,2023-05-17 04:47:23.831000+00:00,,,1.0,0.7,0.06762077021652357,1.0,0.7535241540433048,0.7535241540433048,1,1
64c4c52b553721daabdbae40,2023-05-18 05:00:00+00:00,2023-05-18 06:00:00+00:00,5h,2023-05-18 05:18:06.163000+00:00,,,1.0,0.7,0.20765841438893584,1.0,0.7815316828777872,0.7815316828777872,1,1
64c4c52b553721daabdbae3f,2023-05-18 07:00:00+00:00,2023-05-18 08:00:00+00:00,5h,2023-05-18 07:29:55.737000+00:00,,,1.0,0.7,0.1538523343222704,1.0,0.770770466864454,0.770770466864454,1,1
64c4c52b553721daabdbae3e,2023-05-18 14:00:00+00:00,2023-05-18 15:00:00+00:00,5h,2023-05-18 14:29:15.276000+00:00,,,1.0,0.7,0.1570164019207243,1.0,0.7714032803841449,0.7714032803841449,1,2
64c4c52b553721daabdbae3d,2023-05-18 14:00:00+00:00,2023-05-18 15:00:00+00:00,5h,2023-05-18 14:32:00.182000+00:00,,,1.0,0.7,0.14404605230015444,1.0,0.7688092104600309,0.7688092104600309,2,2
64c4c52b553721daabdbae3c,2023-05-19 04:00:00+00:00,2023-05-19 05:00:00+00:00,5h,2023-05-19 04:23:02.141000+00:00,,,1.0,0.7,0.18564371714519123,1.0,0.7771287434290383,0.7771287434290383,1,2
64c4c52b553721daabdbae3b,2023-05-19 04:00:00+00:00,2023-05-19 05:00:00+00:00,5h,2023-05-19 04:43:11.492000+00:00,,,1.0,0.7,0.0891530248049277,1.0,0.7578306049609855,0.7578306049609855,2,2
64c4c52b553721daabdbae3a,2023-05-20 06:00:00+00:00,2023-05-20 07:00:00+00:00,5h,2023-05-20 06:13:03.381000+00:00,,,1.0,0.7,0.22956351072485748,1.0,0.7859127021449714,0.7859127021449714,1,1
64c4c52b553721daabdbae38,2023-05-20 08:00:00+00:00,2023-05-20 09:00:00+00:00,3h,2023-05-20 08:59:51.830000+00:00,,,1.0,1.0,0.0007561954215031808,1.0,0.8001512390843006,0.8001512390843006,1,2
64c4c52b553721daabdbae39,2023-05-20 08:00:00+00:00,2023-05-20 09:00:00+00:00,5h,2023-05-20 08:58:59.441000+00:00,,,1.0,0.7,0.0055916231681326645,1.0,0.7411183246336265,0.7411183246336265,2,2
64c4c52b553721daabdbae37,2023-05-22 04:00:00+00:00,2023-05-22 05:00:00+00:00,3h,2023-05-22 04:08:21.575000+00:00,,,1.0,1.0,0.24940661382458018,1.0,0.8498813227649161,0.8498813227649161,1,2
64c4c52b553721daabdbae36,2023-05-22 04:00:00+00:00,2023-05-22 05:00:00+00:00,5h,2023-05-22 04:41:22.075000+00:00,,,1.0,0.7,0.09833441326282899,1.0,0.7596668826525658,0.7596668826525658,2,2
64c4c52b553721daabdbae35,2023-05-22 11:00:00+00:00,2023-05-22 12:00:00+00:00,3h,2023-05-22 11:00:36.328000+00:00,,,1.0,1.0,0.2810544322564651,1.0,0.8562108864512931,0.8562108864512931,1,1
64c4c52b553721daabdbae34,2023-05-22 16:00:00+00:00,2023-05-22 17:00:00+00:00,5h,2023-05-22 16:53:26.657000+00:00,,,1.0,0.7,0.03576539533785206,1.0,0.7471530790675704,0.7471530790675704,1,2
64c4c52b553721daabdbae33,2023-05-22 16:00:00+00:00,2023-05-22 17:00:00+00:00,5h,2023-05-22 16:55:49.569000+00:00,,,1.0,0.7,0.022921278586724547,1.0,0.7445842557173449,0.7445842557173449,2,2
64c4c52b553721daabdbae32,2023-05-23 03:00:00+00:00,2023-05-23 04:00:00+00:00,3h,2023-05-23 03:35:38.969000+00:00,,,1.0,1.0,0.12652926065939651,1.0,0.8253058521318793,0.8253058521318793,1,1
64c4c52b553721daabdbae31,2023-05-23 09:00:00+00:00,2023-05-23 10:00:00+00:00,3h,2023-05-23 09:01:20.199000+00:00,,,1.0,1.0,0.2781280425003787,1.0,0.8556256085000757,0.8556256085000757,1,1
64c4c52b553721daabdbae30,2023-05-23 11:00:00+00:00,2023-05-23 12:00:00+00:00,5h,2023-05-23 11:20:03.638000+00:00,,,1.0,0.7,0.19899282177156663,1.0,0.7797985643543133,0.7797985643543133,1,1
64c4c52b553721daabdbae2e,2023-05-25 03:00:00+00:00,2023-05-25 04:00:00+00:00,3h,2023-05-25 03:22:51.304000+00:00,,,1.0,1.0,0.18646045351659501,1.0,0.837292090703319,0.837292090703319,1,1
64c4c52b553721daabdbae2c,2023-05-26 00:00:00+00:00,2023-05-26 01:00:00+00:00,3h,2023-05-26 00:46:20.210000+00:00,,,1.0,1.0,0.07309711490908066,1.0,0.8146194229818162,0.8146194229818162,1,2
64c4c52b553721daabdbae2d,2023-05-26 00:00:00+00:00,2023-05-26 01:00:00+00:00,5h,2023-05-26 00:45:19.962000+00:00,,,1.0,0.7,0.07825346405176947,1.0,0.7556506928103539,0.7556506928103539,2,2
64c4c52b553721daabdbae2a,2023-05-27 07:00:00+00:00,2023-05-27 08:00:00+00:00,3h,2023-05-27 07:31:29.287000+00:00,,,1.0,1.0,0.1464911364454199,1.0,0.829298227289084,0.829298227289084,1,1
64c4c52b553721daabdbae28,2023-05-30 00:00:00+00:00,2023-05-30 01:00:00+00:00,5h,2023-05-30 00:01:32.021000+00:00,,,1.0,0.7,0.27733742743050416,1.0,0.7954674854861008,0.7954674854861008,1,1
64c4c52b553721daabdbae27,2023-05-30 05:00:00+00:00,2023-05-30 06:00:00+00:00,3h,2023-05-30 05:01:07.679000+00:00,,,1.0,1.0,0.2789643943831146,1.0,0.8557928788766229,0.8557928788766229,1,3
64c4c52b553721daabdbae26,2023-05-30 05:00:00+00:00,2023-05-30 06:00:00+00:00,3h,2023-05-30 05:02:34.713000+00:00,,,1.0,1.0,0.27313030605644706,1.0,0.8546260612112895,0.8546260612112895,2,3
64c4c52b553721daabdbae25,2023-05-30 05:00:00+00:00,2023-05-30 06:00:00+00:00,3h,2023-05-30 05:04:57.972000+00:00,,,1.0,1.0,0.2634243503870738,1.0,0.8526848700774148,0.8526848700774148,3,3
64c4c52b553721daabdbae24,2023-05-30 09:00:00+00:00,2023-05-30 10:00:00+00:00,3h,2023-05-30 09:18:42.710000+00:00,,,1.0,1.0,0.2049726033317889,1.0,0.8409945206663578,0.8409945206663578,1,1
64c4c52b553721daabdbae23,2023-05-31 05:00:00+00:00,2023-05-31 06:00:00+00:00,3h,2023-05-31 05:04:24.276000+00:00,,,1.0,1.0,0.26571888507842134,1.0,0.8531437770156843,0.8531437770156843,1,2
64c4c52b553721daabdbae22,2023-05-31 05:00:00+00:00,2023-05-31 06:00:00+00:00,3h,2023-05-31 05:21:50.335000+00:00,,,1.0,1.0,0.19104017118786187,1.0,0.8382080342375724,0.8382080342375724,2,2
64c4c52b553721daabdbae21,2023-05-31 06:00:00+00:00,2023-05-31 07:00:00+00:00,5h,2023-05-31 06:35:05.455000+00:00,,,1.0,0.7,0.12923556855776597,1.0,0.7658471137115532,0.7658471137115532,1,1
64c4c52b553721daabdbae1f,2023-05-31 14:00:00+00:00,2023-05-31 15:00:00+00:00,5h,2023-05-31 14:25:09.732000+00:00,,,1.0,0.7,0.17596587272409214,1.0,0.7751931745448184,0.7751931745448184,1,1
64c4c52b553721daabdbae1e,2023-06-01 03:00:00+00:00,2023-06-01 04:00:00+00:00,5h,2023-06-01 03:21:00.845000+00:00,,,1.0,0.7,0.19473867420399438,1.0,0.7789477348407988,0.7789477348407988,1,1
64c4c52b553721daabdbae1d,2023-06-01 06:00:00+00:00,2023-06-01 07:00:00+00:00,5h,2023-06-01 06:54:38.131000+00:00,,,1.0,0.7,0.029362964278265236,1.0,0.745872592855653,0.745872592855653,1,1
64c4c52b553721daabdbae1c,2023-06-01 08:00:00+00:00,2023-06-01 09:00:00+00:00,5h,2023-06-01 08:32:47.537000+00:00,,,1.0,0.7,0.14028469177018366,1.0,0.7680569383540368,0.7680569383540368,1,1
64c4c52b553721daabdbae1b,2023-06-02 01:00:00+00:00,2023-06-02 02:00:00+00:00,5h,2023-06-02 01:33:46.679000+00:00,,,1.0,0.7,0.1355638811739326,1.0,0.7671127762347865,0.7671127762347865,1,1
64c4c52b553721daabdbae19,2023-06-02 05:00:00+00:00,2023-06-02 06:00:00+00:00,5h,2023-06-02 05:31:06.980000+00:00,,,1.0,0.7,0.14825220805148265,1.0,0.7696504416102965,0.7696504416102965,1,1
64c4c52b553721daabdbae18,2023-06-02 06:00:00+00:00,2023-06-02 07:00:00+00:00,3h,2023-06-02 06:52:29.809000+00:00,,,1.0,1.0,0.04082750618403852,1.0,0.8081655012368077,0.8081655012368077,1,1
64c4c52b553721daabdbae17,2023-06-02 07:00:00+00:00,2023-06-02 08:00:00+00:00,3h,2023-06-02 07:31:41.671000+00:00,,,1.0,1.0,0.14551188495165113,1.0,0.8291023769903303,0.8291023769903303,1,1
64c4c52b553721daabdbae16,2023-06-02 09:00:00+00:00,2023-06-02 10:00:00+00:00,5h,2023-06-02 09:00:23.414000+00:00,,,1.0,0.7,0.2819135909942697,1.0,0.796382718198854,0.796382718198854,1,1
64c4c52b553721daabdbae14,2023-06-03 11:00:00+00:00,2023-06-03 12:00:00+00:00,3h,2023-06-03 11:04:24.643000+00:00,,,1.0,1.0,0.2656939326943554,1.0,0.8531387865388711,0.8531387865388711,1,1
64c4c52b553721daabdbae11,2023-06-04 07:00:00+00:00,2023-06-04 08:00:00+00:00,3h,2023-06-04 07:57:06.883000+00:00,,,1.0,1.0,0.015901565480092472,1.0,0.8031803130960186,0.8031803130960186,1,2
64c4c52b553721daabdbae12,2023-06-04 07:00:00+00:00,2023-06-04 08:00:00+00:00,5h,2023-06-04 07:50:06.018000+00:00,,,1.0,0.7,0.05351327456995503,1.0,0.750702654913991,0.750702654913991,2,2
64c4c52b553721daabdbae10,2023-06-05 06:00:00+00:00,2023-06-05 07:00:00+00:00,3h,2023-06-05 06:26:43.229000+00:00,,,1.0,1.0,0.16880113417709908,1.0,0.8337602268354198,0.8337602268354198,1,1
64c4c52b553721daabdbae0f,2023-06-05 16:00:00+00:00,2023-06-05 17:00:00+00:00,3h,2023-06-05 16:55:59.774000+00:00,,,1.0,1.0,0.02199759333544904,1.0,0.8043995186670898,0.8043995186670898,1,1
64c4c52b553721daabdbae0e,2023-06-06 05:00:00+00:00,2023-06-06 06:00:00+00:00,3h,2023-06-06 05:33:01.166000+00:00,,,1.0,1.0,0.13919909397517427,1.0,0.8278398187950349,0.8278398187950349,1,1
64c4c52b553721daabdbae0d,2023-06-06 08:00:00+00:00,2023-06-06 09:00:00+00:00,5h,2023-06-06 08:01:04.235000+00:00,,,1.0,0.7,0.2791942879690358,1.0,0.7958388575938071,0.7958388575938071,1,2
64c4c52b553721daabdbae0c,2023-06-06 08:00:00+00:00,2023-06-06 09:00:00+00:00,5h,2023-06-06 08:02:38.361000+00:00,,,1.0,0.7,0.27288474415615105,1.0,0.7945769488312302,0.7945769488312302,2,2
64c4c52b553721daabdbae09,2023-06-06 13:00:00+00:00,2023-06-06 14:00:00+00:00,5h,2023-06-06 13:33:12.867000+00:00,,,1.0,0.7,0.1382659745649215,1.0,0.7676531949129843,0.7676531949129843,1,2
64c4c52b553721daabdbae08,2023-06-06 13:00:00+00:00,2023-06-06 14:00:00+00:00,5h,2023-06-06 13:35:24.141000+00:00,,,1.0,0.7,0.1277276807522877,1.0,0.7655455361504575,0.7655455361504575,2,2
64c4c52b553721daabdbae07,2023-06-07 03:00:00+00:00,2023-06-07 04:00:00+00:00,3h,2023-06-07 03:45:58.760000+00:00,,,1.0,1.0,0.07493622008991341,1.0,0.8149872440179827,0.8149872440179827,1,2
64c4c52b553721daabdbae06,2023-06-07 03:00:00+00:00,2023-06-07 04:00:00+00:00,5h,2023-06-07 03:47:44.209000+00:00,,,1.0,0.7,0.06585984796290856,1.0,0.7531719695925817,0.7531719695925817,2,2
64c4c52b553721daabdbae04,2023-06-08 04:00:00+00:00,2023-06-08 05:00:00+00:00,3h,2023-06-08 04:13:31.099000+00:00,,,1.0,1.0,0.22758366020437104,1.0,0.8455167320408743,0.8455167320408743,1,1
64c4c52b553721daabdbae03,2023-06-09 03:00:00+00:00,2023-06-09 04:00:00+00:00,3h,2023-06-09 03:55:55.259000+00:00,,,1.0,1.0,0.02240636722385092,1.0,0.8044812734447703,0.8044812734447703,1,1
64c4c52b553721daabdbae02,2023-06-09 04:00:00+00:00,2023-06-09 05:00:00+00:00,3h,2023-06-09 04:32:03.107000+00:00,,,1.0,1.0,0.14381420004407663,1.0,0.8287628400088154,0.8287628400088154,1,1
64c4c52b553721daabdbae01,2023-06-09 09:00:00+00:00,2023-06-09 10:00:00+00:00,3h,2023-06-09 09:38:22.370000+00:00,,,1.0,1.0,0.11321341247006633,1.0,0.8226426824940133,0.8226426824940133,1,1
64c4c52b553721daabdbae00,2023-06-09 14:00:00+00:00,2023-06-09 15:00:00+00:00,5h,2023-06-09 14:19:19.387000+00:00,,,1.0,0.7,0.20226808587354117,1.0,0.7804536171747082,0.7804536171747082,1,1
64c4c52b553721daabdbadfd,2023-06-12 05:00:00+00:00,2023-06-12 06:00:00+00:00,3h,2023-06-12 05:14:40.293000+00:00,,,1.0,1.0,0.2226190162605053,1.0,0.8445238032521011,0.8445238032521011,1,2
64c4c52b553721daabdbadfe,2023-06-12 05:00:00+00:00,2023-06-12 06:00:00+00:00,5h,2023-06-12 05:12:46.957000+00:00,,,1.0,0.7,0.23073425445777873,1.0,0.7861468508915558,0.7861468508915558,2,2
64c4c52b553721daabdbadfb,2023-06-12 11:00:00+00:00,2023-06-12 12:00:00+00:00,5h,2023-06-12 11:40:19.012000+00:00,,,1.0,0.7,0.10358404724162096,1.0,0.7607168094483242,0.7607168094483242,1,1
64c4c52b553721daabdbadf9,2023-06-14 08:00:00+00:00,2023-06-14 09:00:00+00:00,3h,2023-06-14 08:26:09.072000+00:00,,,1.0,1.0,0.17142580182944334,1.0,0.8342851603658887,0.8342851603658887,1,1
64c4c52b553721daabdbadf6,2023-06-15 05:00:00+00:00,2023-06-15 06:00:00+00:00,3h,2023-06-15 05:33:33.030000+00:00,,,1.0,1.0,0.136655662299504,1.0,0.8273311324599009,0.8273311324599009,1,1
64c4c52b553721daabdbadf2,2023-06-18 14:00:00+00:00,2023-06-18 15:00:00+00:00,5h,2023-06-18 14:12:43.356000+00:00,,,1.0,0.7,0.23099070484528939,1.0,0.7861981409690578,0.7861981409690578,1,1
64c4c52b553721daabdbadf0,2023-06-19 10:00:00+00:00,2023-06-19 11:00:00+00:00,3h,2023-06-19 10:52:25.863000+00:00,,,1.0,1.0,0.04117789537854033,1.0,0.8082355790757081,0.8082355790757081,1,1
64c4c52b553721daabdbadee,2023-06-20 05:00:00+00:00,2023-06-20 06:00:00+00:00,3h,2023-06-20 05:15:08.574000+00:00,,,1.0,1.0,0.220580690151975,1.0,0.8441161380303951,0.8441161380303951,1,2
64c4c52b553721daabdbaded,2023-06-20 05:00:00+00:00,2023-06-20 06:00:00+00:00,5h,2023-06-20 05:19:40.323000+00:00,,,1.0,0.7,0.2007201679361379,1.0,0.7801440335872276,0.7801440335872276,2,2
64c4c52b553721daabdbadeb,2023-06-20 14:00:00+00:00,2023-06-20 15:00:00+00:00,5h,2023-06-20 14:11:36.231000+00:00,,,1.0,0.7,0.23575548866238638,1.0,0.7871510977324773,0.7871510977324773,1,1
64c4c52b553721daabdbadea,2023-06-22 06:00:00+00:00,2023-06-22 07:00:00+00:00,3h,2023-06-22 06:56:04.299000+00:00,,,1.0,1.0,0.02158774258427043,1.0,0.8043175485168541,0.8043175485168541,1,1
64c4c52b553721daabdbade9,2023-06-22 07:00:00+00:00,2023-06-22 08:00:00+00:00,3h,2023-06-22 07:03:18.079000+00:00,,,1.0,1.0,0.2702057874409497,1.0,0.85404115748819,0.85404115748819,1,1
64c4c52b553721daabdbade8,2023-06-22 09:00:00+00:00,2023-06-22 10:00:00+00:00,3h,2023-06-22 09:19:32.730000+00:00,,,1.0,1.0,0.20128190857193806,1.0,0.8402563817143877,0.8402563817143877,1,1
64c4c52b553721daabdbade7,2023-06-23 04:00:00+00:00,2023-06-23 05:00:00+00:00,5h,2023-06-23 04:15:10.691000+00:00,,,1.0,0.7,0.2204278945586603,1.0,0.784085578911732,0.784085578911732,1,1
64c4c52b553721daabdbade6,2023-06-23 06:00:00+00:00,2023-06-23 07:00:00+00:00,3h,2023-06-23 06:07:50.871000+00:00,,,1.0,1.0,0.2515374925818047,1.0,0.850307498516361,0.850307498516361,1,2
64c4c52b553721daabdbade4,2023-06-23 06:00:00+00:00,2023-06-23 07:00:00+00:00,5h,2023-06-23 06:10:21.736000+00:00,,,1.0,0.7,0.24100886779959263,1.0,0.7882017735599185,0.7882017735599185,2,2
64c4c52b553721daabdbade3,2023-06-24 08:00:00+00:00,2023-06-24 09:00:00+00:00,5h,2023-06-24 08:36:55.502000+00:00,,,1.0,0.7,0.12031752392075667,1.0,0.7640635047841513,0.7640635047841513,1,1
64c4c52b553721daabdbade2,2023-06-24 10:00:00+00:00,2023-06-24 11:00:00+00:00,3h,2023-06-24 10:08:55.942000+00:00,,,1.0,1.0,0.24701432410130508,1.0,0.8494028648202611,0.8494028648202611,1,1
64c4c52b553721daabdbade0,2023-06-25 15:00:00+00:00,2023-06-25 16:00:00+00:00,5h,2023-06-25 15:54:47.179000+00:00,,,1.0,0.7,0.02854944541301807,1.0,0.7457098890826036,0.7457098890826036,1,1
64c4c52b553721daabdbaddf,2023-06-27 10:00:00+00:00,2023-06-27 11:00:00+00:00,3h,2023-06-27 10:11:44.678000+00:00,,,1.0,1.0,0.23515751657042494,1.0,0.847031503314085,0.847031503314085,1,1
64c4c52b553721daabdbaddd,2023-06-28 13:00:00+00:00,2023-06-28 14:00:00+00:00,5h,2023-06-28 13:47:26.381000+00:00,,,1.0,0.7,0.06740059912920526,1.0,0.7534801198258411,0.7534801198258411,1,2
64c4c52b553721daabdbaddc,2023-06-28 13:00:00+00:00,2023-06-28 14:00:00+00:00,5h,2023-06-28 13:48:48.689000+00:00,,,1.0,0.7,0.0602660032311817,1.0,0.7520532006462364,0.7520532006462364,2,2
64c4c52b553721daabdbadda,2023-06-30 04:00:00+00:00,2023-06-30 05:00:00+00:00,3h,2023-06-30 04:43:38.081000+00:00,,,1.0,1.0,0.08690780748851135,1.0,0.8173815614977024,0.8173815614977024,1,2
64c4c52b553721daabdbadd9,2023-06-30 04:00:00+00:00,2023-06-30 05:00:00+00:00,3h,2023-06-30 04:46:08.725000+00:00,,,1.0,1.0,0.07408228354812385,1.0,0.8148164567096248,0.8148164567096248,2,2
64c4c52b553721daabdbadd7,2023-07-03 07:00:00+00:00,2023-07-03 08:00:00+00:00,3h,2023-07-03 07:16:13.254000+00:00,,,1.0,1.0,0.21589882892771095,1.0,0.8431797657855422,0.8431797657855422,1,2
64c4c52b553721daabdbadd6,2023-07-03 07:00:00+00:00,2023-07-03 08:00:00+00:00,3h,2023-07-03 07:53:10.428000+00:00,,,1.0,1.0,0.03721324828728678,1.0,0.8074426496574574,0.8074426496574574,2,2
64c4c52b553721daabdbadd5,2023-07-04 04:00:00+00:00,2023-07-04 05:00:00+00:00,5h,2023-07-04 04:28:22.418000+00:00,,,1.0,0.7,0.16113210233305875,1.0,0.7722264204666117,0.7722264204666117,1,1
64c4c52b553721daabdbadd4,2023-07-04 05:00:00+00:00,2023-07-04 06:00:00+00:00,5h,2023-07-04 05:06:07.221000+00:00,,,1.0,0.7,0.25868629439971835,1.0,0.7917372588799436,0.7917372588799436,1,1
64c4c52b553721daabdbadd3,2023-07-04 07:00:00+00:00,2023-07-04 08:00:00+00:00,3h,2023-07-04 07:15:46.306000+00:00,,,1.0,1.0,0.21785286769535273,1.0,0.8435705735390706,0.8435705735390706,1,1
64c4c52b553721daabdbadd2,2023-07-05 05:00:00+00:00,2023-07-05 06:00:00+00:00,3h,2023-07-05 05:23:29.846000+00:00,,,1.0,1.0,0.18355198528003425,1.0,0.8367103970560069,0.8367103970560069,1,3
64c4c52b553721daabdbadd0,2023-07-05 05:00:00+00:00,2023-07-05 06:00:00+00:00,3h,2023-07-05 05:51:51.224000+00:00,,,1.0,1.0,0.04424821334931173,1.0,0.8088496426698624,0.8088496426698624,2,3
64c4c52b553721daabdbadd1,2023-07-05 05:00:00+00:00,2023-07-05 06:00:00+00:00,3h,2023-07-05 05:30:34.136000+00:00,2023-07-05 10:56:56.314000+00:00,0.09017709878850044,0.013940239067881064,1.0,0.15083853308127804,1.0,0.23853185005698427,0.23853185005698427,3,3
64c4c52b553721daabdbadce,2023-07-06 04:00:00+00:00,2023-07-06 05:00:00+00:00,3h,2023-07-06 04:31:19.357000+00:00,2023-07-06 07:31:19.351000+00:00,0.15931888480678785,0.02095733143360323,1.0,0.14727552976999791,1.0,0.24202950481416152,0.24202950481416152,1,1
64c4c52b553721daabdbadcd,2023-07-06 09:00:00+00:00,2023-07-06 10:00:00+00:00,5h,2023-07-06 09:26:12.426000+00:00,2023-07-07 10:26:12.422000+00:00,0.022528601001271156,0.009332940392524617,0.7,0.17116844354905802,1.0,0.17983345294532638,0.17983345294532638,1,1
64c4c52b553721daabdbadc9,2023-07-07 03:00:00+00:00,2023-07-07 04:00:00+00:00,3h,2023-07-07 03:41:28.067000+00:00,2023-07-07 06:41:28.062000+00:00,0.10295680692444764,0.01503449846841645,1.0,0.09783401703651462,1.0,0.22858750248835283,0.22858750248835283,1,1
64c4c52b553721daabdbadc8,2023-07-08 09:00:00+00:00,2023-07-08 10:00:00+00:00,3h,2023-07-08 09:01:46.349000+00:00,2023-07-08 12:01:46.344000+00:00,0.3234863534659043,0.05421375751858324,1.0,0.2763780588437771,1.0,0.2878038662799054,0.2878038662799054,1,1
64c4c52b553721daabdbadc7,2023-07-08 13:00:00+00:00,2023-07-08 14:00:00+00:00,5h,2023-07-08 13:08:51.522000+00:00,2023-07-09 10:08:51.513000+00:00,0.040588338165278355,0.01038997069621181,0.7,0.24732242740988986,1.0,0.19569846789970502,0.19569846789970502,1,1
64c4c52b553721daabdbadc3,2023-07-10 08:00:00+00:00,2023-07-10 09:00:00+00:00,3h,2023-07-10 08:42:05.949000+00:00,2023-07-10 11:42:05.937000+00:00,0.09944927716586352,0.014726011594650404,1.0,0.09466403005604007,1.0,0.22776841296799827,0.22776841296799827,1,1
64c4c52b553721daabdbadc2,2023-07-10 09:00:00+00:00,2023-07-10 10:00:00+00:00,3h,2023-07-10 09:08:41.792000+00:00,2023-07-10 12:08:41.785000+00:00,0.2850194439940841,0.043526491643351976,1.0,0.24800022877864059,1.0,0.27571594074173933,0.27571594074173933,1,1
64c4c52b553721daabdbadc1,2023-07-11 03:00:00+00:00,2023-07-11 04:00:00+00:00,3h,2023-07-11 03:06:36.483000+00:00,2023-07-11 06:06:36.480000+00:00,0.2966220268394519,0.0465185931779539,1.0,0.25667502261431674,1.0,0.2792461604296357,0.2792461604296357,1,1
64c4c52b553721daabdbadc0,2023-07-11 08:00:00+00:00,2023-07-11 09:00:00+00:00,3h,2023-07-11 08:15:20.381000+00:00,2023-07-11 11:15:20.370000+00:00,0.24811312307818092,0.03518483896135827,1.0,0.21972813126718893,1.0,0.2650565296302527,0.2650565296302527,1,2
64c4c52b553721daabdbadbf,2023-07-11 08:00:00+00:00,2023-07-11 09:00:00+00:00,5h,2023-07-11 08:16:56.299000+00:00,2023-07-12 10:16:56.296000+00:00,0.027603644047125342,0.009618726333864801,0.7,0.2127674413880669,1.0,0.18832472407793224,0.18832472407793224,2,2
64c4c52b553721daabdbadbe,2023-07-12 10:00:00+00:00,2023-07-12 11:00:00+00:00,3h,2023-07-12 10:58:54.847000+00:00,2023-07-12 13:58:54.842000+00:00,0.006032687978096286,0.008460891269342616,1.0,0.006014525076337707,1.0,0.20627943977687313,0.20627943977687313,1,1
64c4c52b553721daabdbadbd,2023-07-12 14:00:00+00:00,2023-07-12 15:00:00+00:00,5h,2023-07-12 14:20:24.793000+00:00,2023-07-13 10:20:24.779000+00:00,0.03298899252563743,0.009931466211943575,0.7,0.1974222741883187,1.0,0.18544333456482986,0.18544333456482986,1,1
64c4c52b553721daabdbadbc,2023-07-14 02:00:00+00:00,2023-07-14 03:00:00+00:00,5h,2023-07-14 02:23:55.095000+00:00,2023-07-14 17:23:55.075000+00:00,0.040090848181795626,0.01035932429795751,0.7,0.1816410027131068,1.0,0.18254379512139587,0.18254379512139587,1,1
64c4c52b553721daabdbadbb,2023-07-15 05:00:00+00:00,2023-07-15 06:00:00+00:00,5h,2023-07-15 05:30:04.858000+00:00,2023-07-15 22:30:04.854000+00:00,0.029332387538064546,0.00971804080683495,0.7,0.1531374294404696,1.0,0.17645831037219487,0.17645831037219487,1,2
64c4c52b553721daabdbadba,2023-07-15 05:00:00+00:00,2023-07-15 06:00:00+00:00,5h,2023-07-15 05:35:44.296000+00:00,2023-07-15 22:35:44.292000+00:00,0.023786014626536903,0.00940295428549595,0.7,0.12609832303564916,1.0,0.1708614371784274,0.1708614371784274,2,2
64c4c52b553721daabdbadb9,2023-07-15 06:00:00+00:00,2023-07-15 07:00:00+00:00,3h,2023-07-15 06:30:38.401000+00:00,2023-07-15 09:30:38.398000+00:00,0.16311106382714735,0.021429305791415304,1.0,0.15050312670503463,1.0,0.24295820881585614,0.24295820881585614,1,1
64c4c52b553721daabdbadb8,2023-07-17 06:00:00+00:00,2023-07-17 07:00:00+00:00,5h,2023-07-17 06:34:55.193000+00:00,2023-07-17 22:34:55.188000+00:00,0.02612512379558366,0.009534584786082262,0.7,0.13006256305912567,1.0,0.17173326348347448,0.17173326348347448,1,1
64c4c52b553721daabdbadb7,2023-07-17 08:00:00+00:00,2023-07-17 09:00:00+00:00,3h,2023-07-17 08:50:19.757000+00:00,2023-07-17 11:50:19.753000+00:00,0.05372622360230505,0.0112325577274334,1.0,0.052308454581362795,1.0,0.2172012255527326,0.2172012255527326,1,1
64c4c52b553721daabdbadb6,2023-07-17 10:00:00+00:00,2023-07-17 11:00:00+00:00,5h,2023-07-17 10:07:46.063000+00:00,2023-07-18 10:07:46.060000+00:00,0.03627242024094052,0.010127060639713777,0.7,0.2518706228439431,1.0,0.19645036095261686,0.19645036095261686,1,1
64c4c52b553721daabdbadb4,2023-07-18 09:00:00+00:00,2023-07-18 10:00:00+00:00,3h,2023-07-18 09:46:58.951000+00:00,2023-07-18 12:46:58.943000+00:00,0.0723194054217818,0.012541596074969404,1.0,0.06976622350824935,1.0,0.22147820234663154,0.22147820234663154,1,1
64c4c52b553721daabdbadb3,2023-07-18 10:00:00+00:00,2023-07-18 11:00:00+00:00,3h,2023-07-18 10:22:58.407000+00:00,2023-07-18 13:22:58.403000+00:00,0.20570313174190064,0.02749740226536213,1.0,0.18592522462254624,1.0,0.2536834862837265,0.2536834862837265,1,1
64c4c52b553721daabdbadb2,2023-07-18 17:00:00+00:00,2023-07-18 18:00:00+00:00,5h,2023-07-18 17:42:42.846000+00:00,2023-07-18 17:42:42.846000+00:00,,,0.7,0.09156576087491797,0.4,0.3957828804374589,0.15831315217498357,1,2
64c4c52b553721daabdbadb1,2023-07-18 17:00:00+00:00,2023-07-18 18:00:00+00:00,5h,2023-07-18 17:45:10.873000+00:00,2023-07-18 17:45:10.873000+00:00,,,0.7,0.07902885571876495,0.4,0.3895144278593824,0.15580577114375296,2,2
64c4c52b553721daabdbadb0,2023-07-20 04:00:00+00:00,2023-07-20 05:00:00+00:00,3h,2023-07-20 04:36:53.345000+00:00,2023-07-20 07:36:53.328000+00:00,0.12839418358343713,0.017470186324579303,1.0,0.12049319851608487,1.0,0.2345807514979646,0.2345807514979646,1,2
64c4c52b553721daabdbadaf,2023-07-20 04:00:00+00:00,2023-07-20 05:00:00+00:00,5h,2023-07-20 04:37:59.317000+00:00,2023-07-20 15:37:59.312000+00:00,0.03335058501901326,0.00995282177931296,0.7,0.11510427251176558,1.0,0.16899254756994087,0.16899254756994087,2,2
64c4c52b553721daabdbadae,2023-07-20 05:00:00+00:00,2023-07-20 06:00:00+00:00,3h,2023-07-20 05:12:36.311000+00:00,2023-07-20 08:12:36.304000+00:00,0.2633047076974957,0.038413640750494533,1.0,0.2314921774244708,1.0,0.2693466199351909,0.2693466199351909,1,1
64c4c52b553721daabdbadad,2023-07-20 09:00:00+00:00,2023-07-20 10:00:00+00:00,3h,2023-07-20 09:43:12.474000+00:00,2023-07-20 12:43:12.466000+00:00,0.0932895135477878,0.01419928065554753,1.0,0.08907020143499245,1.0,0.226333608680327,0.226333608680327,1,2
64c4c52b553721daabdbadac,2023-07-20 09:00:00+00:00,2023-07-20 10:00:00+00:00,3h,2023-07-20 09:45:43.070000+00:00,2023-07-20 12:45:43.067000+00:00,0.07934539241075715,0.013074540536469495,1.0,0.07627915646213856,1.0,0.22310055561430941,0.22310055561430941,2,2
64c4c52b553721daabdbadab,2023-07-20 12:00:00+00:00,2023-07-20 13:00:00+00:00,5h,2023-07-20 12:18:10.134000+00:00,2023-07-21 03:18:10.127000+00:00,0.046479006025056335,0.010759738719016297,0.7,0.20736702856045708,1.0,0.18792924894350116,0.18792924894350116,1,1
64c4c52b553721daabdbadaa,2023-07-22 03:00:00+00:00,2023-07-22 04:00:00+00:00,5h,2023-07-22 03:31:45.938000+00:00,2023-07-22 15:31:45.930000+00:00,0.03921440541007507,0.010305551086432548,0.7,0.14517421632614325,1.0,0.17521817391708816,0.17521817391708816,1,1
64c4c52b553721daabdbada3,2023-07-22 11:00:00+00:00,2023-07-22 12:00:00+00:00,3h,2023-07-22 11:10:08.282000+00:00,2023-07-22 14:10:08.280000+00:00,0.27701097722425505,0.04156934815587151,1.0,0.24195378529152833,1.0,0.2733323659518286,0.2733323659518286,1,1
64c4c52b553721daabdbada2,2023-07-24 06:00:00+00:00,2023-07-24 07:00:00+00:00,3h,2023-07-24 06:15:04.840000+00:00,2023-07-24 09:15:04.816000+00:00,0.24955240641275497,0.035479173544024946,1.0,0.22085012058228737,1.0,0.26545752824287244,0.26545752824287244,1,2
64c4c52b553721daabdbada1,2023-07-24 06:00:00+00:00,2023-07-24 07:00:00+00:00,3h,2023-07-24 06:43:23.463000+00:00,2023-07-24 09:43:23.456000+00:00,0.09227200425037313,0.01411407711851494,1.0,0.08814285865932248,1.0,0.22609701800297347,0.22609701800297347,2,2
64c4c52b553721daabdbada0,2023-07-25 01:00:00+00:00,2023-07-25 02:00:00+00:00,3h,2023-07-25 01:02:46.743000+00:00,2023-07-25 04:02:46.731000+00:00,0.3178945198827999,0.05251894996031516,1.0,0.272320202881992,1.0,0.2859754105525875,0.2859754105525875,1,2
64c4c52b553721daabdbad9f,2023-07-25 01:00:00+00:00,2023-07-25 02:00:00+00:00,3h,2023-07-25 01:09:12.514000+00:00,2023-07-25 04:09:12.511000+00:00,0.28217470801149297,0.04282141104003099,1.0,0.2458580225007705,1.0,0.27486445112417274,0.27486445112417274,2,2
64c4c52b553721daabdbad9e,2023-07-25 06:00:00+00:00,2023-07-25 07:00:00+00:00,3h,2023-07-25 06:21:27.551000+00:00,2023-07-25 09:21:27.546000+00:00,0.21411574727580893,0.02887986577857081,1.0,0.19274497792422673,1.0,0.25587691505198784,0.25587691505198784,1,3
64c4c52b553721daabdbad9c,2023-07-25 06:00:00+00:00,2023-07-25 07:00:00+00:00,5h,2023-07-25 06:36:09.263000+00:00,2023-07-25 15:36:09.260000+00:00,0.044158553471471004,0.010612550756364001,0.7,0.12407573577559605,1.0,0.1711826776089376,0.1711826776089376,2,3
64c4c52b553721daabdbad9b,2023-07-25 06:00:00+00:00,2023-07-25 07:00:00+00:00,5h,2023-07-25 06:39:03.444000+00:00,2023-07-26 03:39:03.438000+00:00,0.01662111243024702,0.009010857621655521,0.7,0.10983441035187991,1.0,0.16737339664336928,0.16737339664336928,3,3
64c4c52b553721daabdbad9a,2023-07-25 08:00:00+00:00,2023-07-25 09:00:00+00:00,3h,2023-07-25 08:06:29.577000+00:00,2023-07-25 11:06:29.574000+00:00,0.2972614714615198,0.046689063477908486,1.0,0.2571501857051328,1.0,0.2794434752277717,0.2794434752277717,1,1
64c4c52b553721daabdbad99,2023-07-26 03:00:00+00:00,2023-07-26 04:00:00+00:00,3h,2023-07-26 03:18:16.328000+00:00,2023-07-26 06:18:16.325000+00:00,0.23182154587635534,0.03201318166522128,1.0,0.20691230849022157,1.0,0.2605903706971771,0.2605903706971771,1,2
64c4c52b553721daabdbad98,2023-07-26 03:00:00+00:00,2023-07-26 04:00:00+00:00,3h,2023-07-26 03:19:48.415000+00:00,2023-07-26 06:19:48.413000+00:00,0.22329494875832387,0.03046522991486835,1.0,0.2001210757115537,1.0,0.25830335309123176,0.25830335309123176,2,2
64c4c52b553721daabdbad97,2023-07-27 01:00:00+00:00,2023-07-27 02:00:00+00:00,3h,2023-07-27 01:54:28.462000+00:00,2023-07-27 04:54:28.457000+00:00,0.03069797717498943,0.00979720973146926,1.0,0.030231565169080432,1.0,0.21192463887269766,0.21192463887269766,1,1
64c4c52b553721daabdbad96,2023-07-28 08:00:00+00:00,2023-07-28 09:00:00+00:00,3h,2023-07-28 08:26:36.036000+00:00,2023-07-28 11:26:36.010000+00:00,0.18555266892309186,0.024442540431678275,1.0,0.16935454370335545,1.0,0.24853643299967806,0.24853643299967806,1,1
64c4c52b553721daabdbad95,2023-07-29 04:00:00+00:00,2023-07-29 05:00:00+00:00,3h,2023-07-29 04:07:49.504000+00:00,2023-07-29 07:07:49.496000+00:00,0.2898609554525596,0.04475202517452439,1.0,0.2516322225353558,1.0,0.2771776596117858,0.2771776596117858,1,2
64c4c52b553721daabdbad94,2023-07-29 04:00:00+00:00,2023-07-29 05:00:00+00:00,3h,2023-07-29 04:26:01.895000+00:00,2023-07-29 07:26:01.888000+00:00,0.18871354824026274,0.024898871389305074,1.0,0.17197623715947286,1.0,0.24933457026547762,0.24933457026547762,2,2
64c4c52b553721daabdbad93,2023-07-29 06:00:00+00:00,2023-07-29 07:00:00+00:00,3h,2023-07-29 06:19:28.398000+00:00,2023-07-29 09:19:28.391000+00:00,0.2251484792629032,0.030795438279294457,1.0,0.2016022190287191,1.0,0.25879770677332053,0.25879770677332053,1,2
64c4c52b553721daabdbad92,2023-07-29 06:00:00+00:00,2023-07-29 07:00:00+00:00,3h,2023-07-29 06:20:20.645000+00:00,2023-07-29 09:20:20.636000+00:00,0.22031083174050795,0.02994079977533072,1.0,0.19773046429752839,1.0,0.2575105727247041,0.2575105727247041,2,2
64c787f3e6da5a9aaea66b18,2023-07-31 10:00:00+00:00,2023-07-31 11:00:00+00:00,3h,2023-07-31 10:07:47.521000+00:00,2023-07-31 13:07:47.510000+00:00,0.2900446472676963,0.044799164980838795,1.0,0.2517696185603914,1.0,0.2772334227005816,0.2772334227005816,1,1
64c8a204e6da5a9aaea66e79,2023-08-01 06:00:00+00:00,2023-08-01 07:00:00+00:00,3h,2023-08-01 06:11:16.646000+00:00,2023-08-01 09:11:16.643000+00:00,0.2706810011150929,0.040082250672289786,1.0,0.23714013361801023,1.0,0.27147737712697595,0.27147737712697595,1,3
64c8a2afe6da5a9aaea66ea3,2023-08-01 06:00:00+00:00,2023-08-01 07:00:00+00:00,3h,2023-08-01 06:14:07.610000+00:00,2023-08-01 09:14:07.608000+00:00,0.25485097312055055,0.03658330053165907,1.0,0.22496797346855735,1.0,0.26694357501270694,0.26694357501270694,2,3
64c8a670e6da5a9aaea66fc5,2023-08-01 06:00:00+00:00,2023-08-01 07:00:00+00:00,5h,2023-08-01 06:30:08.541000+00:00,2023-08-01 15:30:08.538000+00:00,0.05529194956406941,0.01133737559839928,0.7,0.1528485843733094,1.0,0.17737214223370146,0.17737214223370146,3,3
64c8badb986a0959a53901be,2023-08-01 07:00:00+00:00,2023-08-01 08:00:00+00:00,3h,2023-08-01 07:57:15.480000+00:00,2023-08-01 10:57:15.474000+00:00,0.015233341796300998,0.008936806853192354,1.0,0.015117893034660934,1.0,0.20838566271884762,0.20838566271884762,1,1
64c9315f42731e8d62088403,2023-08-01 16:00:00+00:00,2023-08-01 17:00:00+00:00,5h,2023-08-01 16:22:55.613000+00:00,2023-08-02 10:22:55.607000+00:00,0.03432696305496572,0.01001071379904438,0.7,0.18613580154233922,1.0,0.18323358858789446,0.18323358858789446,1,1
64ca1cfb7c56bad8f892b378,2023-08-02 09:00:00+00:00,2023-08-02 10:00:00+00:00,3h,2023-08-02 09:08:11.893000+00:00,2023-08-02 12:08:11.883000+00:00,0.2877879516555108,0.04422330924750216,1.0,0.2500792053674319,1.0,0.2765498266219877,0.2765498266219877,1,2
64ca25ee7c56bad8f892b4fc,2023-08-02 09:00:00+00:00,2023-08-02 10:00:00+00:00,3h,2023-08-02 09:46:22.606000+00:00,2023-08-02 12:46:22.604000+00:00,0.07568464364530438,0.01279412986265892,1.0,0.07289145697558319,1.0,0.22225476931271199,0.22225476931271199,2,2
64cb3e2fbc14fb4a0231373b,2023-08-03 05:00:00+00:00,2023-08-03 06:00:00+00:00,3h,2023-08-03 05:42:08.004000+00:00,2023-08-03 08:42:07.987000+00:00,0.09925904512997845,0.014709460126194956,1.0,0.09449174834936647,1.0,0.22772402574559028,0.22772402574559028,1,1
64cb793424a2974115b26527,2023-08-03 09:00:00+00:00,2023-08-03 10:00:00+00:00,3h,2023-08-03 09:53:56.592000+00:00,2023-08-03 12:53:56.587000+00:00,0.0336489044670854,0.009970474673772394,1.0,0.0330890617815679,1.0,0.21260009716057704,0.21260009716057704,1,1
64cdc8bc34b7486f81d46f72,2023-08-05 03:00:00+00:00,2023-08-05 04:00:00+00:00,3h,2023-08-05 03:57:48.074000+00:00,2023-08-05 06:57:48.066000+00:00,0.012215379418799568,0.008777845217028474,1.0,0.012141065594911016,1.0,0.2076949202491993,0.2076949202491993,1,1
64ce242b34b7486f81d47227,2023-08-05 10:00:00+00:00,2023-08-05 11:00:00+00:00,3h,2023-08-05 10:27:55.454000+00:00,2023-08-05 13:27:55.450000+00:00,0.17819876970324805,0.023412200535671415,1.0,0.16322386354909357,1.0,0.24669209303122158,0.24669209303122158,1,1
64cfae10d97c6216cdaa2743,2023-08-06 14:00:00+00:00,2023-08-06 15:00:00+00:00,5h,2023-08-06 14:28:32.750000+00:00,2023-08-07 03:23:55+00:00,0.04056661060030416,0.01038863036232274,0.7,0.1603292013845723,1.0,0.17829901849430807,0.17829901849430807,1,2
64cface4d97c6216cdaa26ac,2023-08-06 14:00:00+00:00,2023-08-06 15:00:00+00:00,5h,2023-08-06 14:23:32.833000+00:00,2023-08-06 14:23:32.833000+00:00,,,0.7,0.18332614569708627,0.4,0.44166307284854306,0.17666522913941723,2,2
64d06d8fd97c6216cdaa2b8f,2023-08-07 04:00:00+00:00,2023-08-07 05:00:00+00:00,3h,2023-08-07 04:05:35.097000+00:00,2023-08-07 07:05:35.094000+00:00,0.30230591730719925,0.04805484334774641,1.0,0.2608880147622046,1.0,0.2810105089610888,0.2810105089610888,1,1
64d07a7a0b29ee5d076efd12,2023-08-07 05:00:00+00:00,2023-08-07 06:00:00+00:00,3h,2023-08-07 05:00:42.565000+00:00,2023-08-07 08:00:42.558000+00:00,0.3293923431246668,0.056059688731595184,1.0,0.2806391212815915,1.0,0.28976363749527545,0.28976363749527545,1,1
64d1bcb2a2a8ec9990ba219b,2023-08-08 03:00:00+00:00,2023-08-08 04:00:00+00:00,3h,2023-08-08 03:55:30.423000+00:00,2023-08-08 06:55:30.416000+00:00,0.02496084951166172,0.009468840130914166,1.0,0.024651887585360188,1.0,0.21061168159562055,0.21061168159562055,1,1
64d37708d44fb648be8f2ca4,2023-08-09 11:00:00+00:00,2023-08-09 12:00:00+00:00,3h,2023-08-09 11:22:48.082000+00:00,2023-08-09 14:22:48.072000+00:00,0.2066592654252458,0.02765122833078972,1.0,0.18670312328125616,1.0,0.2539313616547251,0.2539313616547251,1,1
64d3b28fd44fb648be8f2ec3,2023-08-09 15:00:00+00:00,2023-08-09 16:00:00+00:00,5h,2023-08-09 15:36:47.063000+00:00,2023-08-10 10:29:35+00:00,0.020494030884003436,0.009220745988180906,0.7,0.12100462955000268,1.0,0.16973337350290907,0.16973337350290907,1,1
64d3c3cd3b7d73ae156b1c7b,2023-08-09 16:00:00+00:00,2023-08-09 17:00:00+00:00,5h,2023-08-09 16:50:21.022000+00:00,2023-08-10 10:46:39+00:00,0.008965564081303381,0.008609804230691256,0.7,0.05219744532053483,1.0,0.1556053716025217,0.1556053716025217,1,1
64d5aa8f0eeda711d66fe681,2023-08-11 03:00:00+00:00,2023-08-11 04:00:00+00:00,3h,2023-08-11 03:27:11.332000+00:00,2023-08-11 06:27:11.319000+00:00,0.18228429349035327,0.023979267186404505,1.0,0.1666354304813613,1.0,0.247714646408115,0.247714646408115,1,1
64d5fc41d708e9dbe89375f9,2023-08-11 09:00:00+00:00,2023-08-11 10:00:00+00:00,3h,2023-08-11 09:15:45.582000+00:00,2023-08-11 12:15:45.565000+00:00,0.24577983132010486,0.03471267154951815,1.0,0.21790529876419806,1.0,0.26440866268255053,0.26440866268255053,1,1
64d9922fcc7fc4cd66943bd5,2023-08-14 02:00:00+00:00,2023-08-14 03:00:00+00:00,3h,2023-08-14 02:32:15.843000+00:00,2023-08-14 05:32:15.829000+00:00,0.1540888108558659,0.02032305059185898,1.0,0.14280393944932868,1.0,0.24075461824498115,0.24075461824498115,1,1
64d9b0f2cc7fc4cd66943cc0,2023-08-14 04:00:00+00:00,2023-08-14 05:00:00+00:00,3h,2023-08-14 04:43:30.655000+00:00,2023-08-14 07:43:30.642000+00:00,0.09160612878515503,0.014058591480108622,1.0,0.08753542711840478,1.0,0.22594224031174615,0.22594224031174615,1,3
64d9b144cc7fc4cd66943cfb,2023-08-14 04:00:00+00:00,2023-08-14 05:00:00+00:00,3h,2023-08-14 04:44:52.861000+00:00,2023-08-14 07:44:52.854000+00:00,0.08399440629267074,0.01343940662125388,1.0,0.0805635508062632,1.0,0.224176354134005,0.224176354134005,2,3
64d9b1a4cc7fc4cd66943d0f,2023-08-14 04:00:00+00:00,2023-08-14 05:00:00+00:00,3h,2023-08-14 04:46:28.173000+00:00,2023-08-14 07:46:28.168000+00:00,0.07516920146722289,0.01275512709216754,1.0,0.07241344367051439,1.0,0.2221357649894034,0.2221357649894034,3,3
64dae0b07a2b374485fc2aa0,2023-08-15 02:00:00+00:00,2023-08-15 03:00:00+00:00,3h,2023-08-15 02:19:28.447000+00:00,2023-08-15 05:19:28.425000+00:00,0.22514425492348225,0.030794681783129964,1.0,0.2015985966601992,1.0,0.2587965284019178,0.2587965284019178,1,1
64db3c49ea5bee232b6af31f,2023-08-15 08:00:00+00:00,2023-08-15 09:00:00+00:00,3h,2023-08-15 08:50:17.843000+00:00,2023-08-15 11:50:17.822000+00:00,0.05390353073834681,0.011244379323637005,1.0,0.05247639170148877,1.0,0.21724190593447998,0.21724190593447998,1,1
64dc552bfe6290c33ef759f6,2023-08-16 04:00:00+00:00,2023-08-16 05:00:00+00:00,3h,2023-08-16 04:48:43.583000+00:00,2023-08-16 07:48:43.575000+00:00,0.0626312500972223,0.011841737537671936,1.0,0.06071018357430491,1.0,0.21924707923746414,0.21924707923746414,1,1
64dc5cbdfe6290c33ef75b21,2023-08-16 05:00:00+00:00,2023-08-16 06:00:00+00:00,3h,2023-08-16 05:21:01.615000+00:00,2023-08-16 08:21:01.590000+00:00,0.21651763082784914,0.02928679833577013,1.0,0.19468126000722896,1.0,0.2565083310029079,0.2565083310029079,1,2
64dc5dcbfe6290c33ef75b80,2023-08-16 05:00:00+00:00,2023-08-16 06:00:00+00:00,3h,2023-08-16 05:25:31.945000+00:00,2023-08-16 08:25:31.937000+00:00,0.19148671591608585,0.02530605794730497,1.0,0.17426928876857428,1.0,0.25003749252209784,0.25003749252209784,2,2
64dcb07bfe6290c33ef75ed2,2023-08-16 11:00:00+00:00,2023-08-16 12:00:00+00:00,3h,2023-08-16 11:18:19.299000+00:00,2023-08-16 14:18:19.292000+00:00,0.23154653896534932,0.03196208908794129,1.0,0.20669410592943294,1.0,0.2605160746386514,0.2605160746386514,1,1
64ddbbec808368aa1ed78d9a,2023-08-17 06:00:00+00:00,2023-08-17 07:00:00+00:00,3h,2023-08-17 06:19:24.997000+00:00,2023-08-17 09:19:24.971000+00:00,0.22546378352392332,0.030851953896325137,1.0,0.20185360082093307,1.0,0.25888189250198174,0.25888189250198174,1,1
64df0c72212447b4203bddc2,2023-08-18 06:00:00+00:00,2023-08-18 07:00:00+00:00,3h,2023-08-18 06:15:14.945000+00:00,2023-08-18 09:15:14.934000+00:00,0.2486164569241691,0.03528750263671351,1.0,0.22012076928559376,1.0,0.2651966554391469,0.2651966554391469,1,1
64e04bcb4bd4fa0ee0dd524c,2023-08-19 04:00:00+00:00,2023-08-19 05:00:00+00:00,3h,2023-08-19 04:57:47.787000+00:00,2023-08-19 07:57:47.777000+00:00,0.012241955779588684,0.008779232738455914,1.0,0.012167316682607954,1.0,0.20770100297959515,0.20770100297959515,1,1
64e0a19bbdd1b2d3e85f75b2,2023-08-19 11:00:00+00:00,2023-08-19 12:00:00+00:00,3h,2023-08-19 11:03:55.762000+00:00,2023-08-19 14:03:55.752000+00:00,0.31150380694796936,0.05064332391539505,1.0,0.267654966268727,1.0,0.28391698760298245,0.28391698760298245,1,1
64e2dbb9bdd1b2d3e85f7889,2023-08-21 03:00:00+00:00,2023-08-21 04:00:00+00:00,3h,2023-08-21 03:36:25.946000+00:00,2023-08-21 06:36:25.939000+00:00,0.1309310107886181,0.017733381813449776,1.0,0.12272163051067797,1.0,0.23518435519020547,0.23518435519020547,1,4
64e2dc05bdd1b2d3e85f790b,2023-08-21 03:00:00+00:00,2023-08-21 04:00:00+00:00,3h,2023-08-21 03:37:41.084000+00:00,2023-08-21 06:37:41.062000+00:00,0.1239739562432442,0.017020725916583702,1.0,0.11659692919378195,1.0,0.23353182138870662,0.23353182138870662,2,4
64e2dc6ebdd1b2d3e85f7984,2023-08-21 03:00:00+00:00,2023-08-21 04:00:00+00:00,3h,2023-08-21 03:39:26.841000+00:00,2023-08-21 06:39:26.833000+00:00,0.11418147346775813,0.016065089881509006,1.0,0.10790387511919497,1.0,0.2312198289527444,0.2312198289527444,3,4
64e2e079bdd1b2d3e85f7a62,2023-08-21 03:00:00+00:00,2023-08-21 04:00:00+00:00,3h,2023-08-21 03:56:41.781000+00:00,2023-08-21 06:56:41.766000+00:00,0.018353636602273057,0.00910415811044054,1.0,0.018186209297769373,1.0,0.20909973672581822,0.20909973672581822,4,4
64e33b11bdd1b2d3e85f8357,2023-08-21 10:00:00+00:00,2023-08-21 11:00:00+00:00,3h,2023-08-21 10:23:13.482000+00:00,2023-08-21 13:23:13.454000+00:00,0.20430775190898645,0.02727440016362814,1.0,0.18478811849455357,1.0,0.2533222637970876,0.2533222637970876,1,1
64e6c6dad54ea638bcb49283,2023-08-24 02:00:00+00:00,2023-08-24 03:00:00+00:00,3h,2023-08-24 02:56:26.098000+00:00,2023-08-24 05:56:26.053000+00:00,0.019805823265004345,0.009183098687264964,1.0,0.019610895529131644,1.0,0.2094320383181853,0.2094320383181853,1,1
64e6d622d54ea638bcb49345,2023-08-24 04:00:00+00:00,2023-08-24 05:00:00+00:00,3h,2023-08-24 04:01:38.150000+00:00,2023-08-24 07:01:38.144000+00:00,0.3242455505067873,0.05444779763059573,1.0,0.2769272000295556,1.0,0.28805411858426855,0.28805411858426855,1,3
64e6d688d54ea638bcb493f6,2023-08-24 04:00:00+00:00,2023-08-24 05:00:00+00:00,3h,2023-08-24 04:03:20.155000+00:00,2023-08-24 07:03:20.142000+00:00,0.31480084188990226,0.05160292326051162,1.0,0.2700654912920599,1.0,0.28497485221471897,0.28497485221471897,2,3
64e6dfbdd54ea638bcb496f6,2023-08-24 04:00:00+00:00,2023-08-24 05:00:00+00:00,5h,2023-08-24 04:42:37.639000+00:00,2023-08-24 15:38:33+00:00,0.026485870628908732,0.009555047159320307,0.7,0.09200363837283021,1.0,0.16413375597015822,0.16413375597015822,3,3
64e83179d54ea638bcb49f25,2023-08-25 04:00:00+00:00,2023-08-25 05:00:00+00:00,3h,2023-08-25 04:43:37.887000+00:00,2023-08-25 07:43:37.881000+00:00,0.090936439409133,0.014003004916406369,1.0,0.08692420918243526,1.0,0.2257866447863309,0.2257866447863309,1,1
64e84137d54ea638bcb4a116,2023-08-25 05:00:00+00:00,2023-08-25 06:00:00+00:00,3h,2023-08-25 05:50:47.935000+00:00,2023-08-25 08:50:47.928000+00:00,0.05111716276112401,0.011060017969678102,1.0,0.049832628737949025,1.0,0.21660253652939668,0.21660253652939668,1,1
64e86888d54ea638bcb4a2df,2023-08-25 08:00:00+00:00,2023-08-25 09:00:00+00:00,3h,2023-08-25 08:38:32.247000+00:00,2023-08-25 11:38:32.172000+00:00,0.11923721692511753,0.01655169275731137,1.0,0.11240204233435358,1.0,0.23241142412125754,0.23241142412125754,1,1
64e96049d54ea638bcb4a594,2023-08-26 02:00:00+00:00,2023-08-26 03:00:00+00:00,3h,2023-08-26 02:15:37.311000+00:00,2023-08-26 05:15:37.292000+00:00,0.2465457115156036,0.034866978517812584,1.0,0.2185040236652217,1.0,0.2646209918437319,0.2646209918437319,1,2
64e9612dd54ea638bcb4a5c6,2023-08-26 02:00:00+00:00,2023-08-26 03:00:00+00:00,3h,2023-08-26 02:19:25.330000+00:00,2023-08-26 05:19:25.322000+00:00,0.22543257439449954,0.030846355449592845,1.0,0.2018289909275578,1.0,0.25887361145526727,0.25887361145526727,2,2
64e975f2d54ea638bcb4a7a6,2023-08-26 03:00:00+00:00,2023-08-26 04:00:00+00:00,5h,2023-08-26 03:48:02.280000+00:00,2023-08-26 15:46:16+00:00,0.016654862935945192,0.009012666085121825,0.7,0.06429549820106151,1.0,0.1582666992912854,0.1582666992912854,1,1
64e9ac11d54ea638bcb4a973,2023-08-26 07:00:00+00:00,2023-08-26 08:00:00+00:00,3h,2023-08-26 07:38:57.509000+00:00,2023-08-26 10:38:57.493000+00:00,0.11689748799627851,0.016324723968959048,1.0,0.11032345492612705,1.0,0.23185952536660087,0.23185952536660087,1,2
64e9acd1d54ea638bcb4aa01,2023-08-26 07:00:00+00:00,2023-08-26 08:00:00+00:00,3h,2023-08-26 07:42:09.347000+00:00,2023-08-26 10:42:09.338000+00:00,0.09913461964922007,0.014698644185688331,1.0,0.09437913972000589,1.0,0.22769501445541418,0.22769501445541418,2,2
64e9c7d5d54ea638bcb4ac8b,2023-08-26 09:00:00+00:00,2023-08-26 10:00:00+00:00,3h,2023-08-26 09:37:25.994000+00:00,2023-08-26 12:37:25.987000+00:00,0.12537100718491206,0.01716153970410363,1.0,0.11783037769399995,1.0,0.23386299936126217,0.23386299936126217,1,1
64ec1495d54ea638bcb4b03e,2023-08-28 03:00:00+00:00,2023-08-28 04:00:00+00:00,3h,2023-08-28 03:29:25.155000+00:00,2023-08-28 06:29:25.153000+00:00,0.16989308701723835,0.022299448793791025,1.0,0.15624495331379074,1.0,0.2446286599390328,0.2446286599390328,1,1
64eca5fcd54ea638bcb4b1cf,2023-08-28 13:00:00+00:00,2023-08-28 14:00:00+00:00,5h,2023-08-28 13:49:48.996000+00:00,2023-08-29 03:48:27+00:00,0.012142850499395803,0.008774059670908892,0.7,0.055003867835552,1.0,0.15626520936965574,0.15626520936965574,1,1
64ed5a74d54ea638bcb4b407,2023-08-29 02:00:00+00:00,2023-08-29 03:00:00+00:00,3h,2023-08-29 02:39:48.432000+00:00,2023-08-29 05:39:48.427000+00:00,0.11218227415846024,0.015876578337266224,1.0,0.10611864238856883,1.0,0.23074967548007352,0.23074967548007352,1,1
64eedc4dd54ea638bcb4b644,2023-08-30 06:00:00+00:00,2023-08-30 07:00:00+00:00,3h,2023-08-30 06:06:05.795000+00:00,2023-08-30 09:06:05.792000+00:00,0.299463509110234,0.047280663647591446,1.0,0.2587841688032554,1.0,0.28012523194920597,0.28012523194920597,1,1
64f025fdd54ea638bcb4bcae,2023-08-31 05:00:00+00:00,2023-08-31 06:00:00+00:00,3h,2023-08-31 05:32:45.613000+00:00,2023-08-31 08:32:45.605000+00:00,0.15133224172758647,0.019996349796473856,1.0,0.14043783481879912,1.0,0.24008537684164416,0.24008537684164416,1,3
64f026a6d54ea638bcb4bd32,2023-08-31 05:00:00+00:00,2023-08-31 06:00:00+00:00,3h,2023-08-31 05:35:34.269000+00:00,2023-08-31 08:35:34.262000+00:00,0.13571592129735638,0.01824045525283805,1.0,0.12690929948521912,1.0,0.23632613304874667,0.23632613304874667,2,3
64f02712d54ea638bcb4bde6,2023-08-31 05:00:00+00:00,2023-08-31 06:00:00+00:00,3h,2023-08-31 05:37:22.295000+00:00,2023-08-31 08:37:22.288000+00:00,0.12571350740690293,0.017196235869750838,1.0,0.11813246905354136,1.0,0.2339442353325588,0.2339442353325588,3,3
64f06bf9d54ea638bcb4c791,2023-08-31 10:00:00+00:00,2023-08-31 11:00:00+00:00,3h,2023-08-31 10:31:21.803000+00:00,2023-08-31 13:31:21.797000+00:00,0.15909240319948323,0.02092946771314985,1.0,0.14708238159726816,1.0,0.24197415694734356,0.24197415694734356,1,1
64f6b2832c51260331e70266,2023-09-05 04:00:00+00:00,2023-09-05 05:00:00+00:00,3h,2023-09-05 04:45:55.427000+00:00,2023-09-05 07:45:55.410000+00:00,0.07820132679838478,0.012986260585149737,1.0,0.07522166100349581,1.0,0.22283608855178902,0.22283608855178902,1,1
64f7026c061258eb78b2b48f,2023-09-05 10:00:00+00:00,2023-09-05 11:00:00+00:00,3h,2023-09-05 10:26:52.352000+00:00,2023-09-05 13:26:52.346000+00:00,0.18404158372680576,0.024227278151521113,1.0,0.16809870538721683,1.0,0.24815610796835605,0.24815610796835605,1,3
64f7031a061258eb78b2b4ba,2023-09-05 10:00:00+00:00,2023-09-05 11:00:00+00:00,3h,2023-09-05 10:29:46.770000+00:00,2023-09-05 13:29:46.767000+00:00,0.1678917133032537,0.022039139246576408,1.0,0.15455458035582137,1.0,0.24413439961911013,0.24413439961911013,2,3
64f70713061258eb78b2b69f,2023-09-05 10:00:00+00:00,2023-09-05 11:00:00+00:00,3h,2023-09-05 10:46:43.015000+00:00,2023-09-05 13:46:43.007000+00:00,0.07379496207034228,0.012651713036866359,1.0,0.07113782294067472,1.0,0.22181859241025478,0.22181859241025478,3,3
64f7fe55061258eb78b2beaf,2023-09-06 04:00:00+00:00,2023-09-06 05:00:00+00:00,3h,2023-09-06 04:21:41.660000+00:00,2023-09-06 07:21:41.646000+00:00,0.21280953512347145,0.028660872748196262,1.0,0.19168969978114958,1.0,0.2555344636051477,0.2555344636051477,1,1
64f969a7350c8fe15b47a5c7,2023-09-07 06:00:00+00:00,2023-09-07 07:00:00+00:00,3h,2023-09-07 06:11:51.512000+00:00,2023-09-07 09:11:51.501000+00:00,0.2674528649982884,0.03934362540299048,1.0,0.23467338808669136,1.0,0.27054085285913254,0.27054085285913254,1,1
64faade2e3ba32dbf7039613,2023-09-08 05:00:00+00:00,2023-09-08 06:00:00+00:00,3h,2023-09-08 05:15:14.661000+00:00,2023-09-08 08:15:14.645000+00:00,0.24864286835980495,0.03529289766927222,1.0,0.22014127695128094,1.0,0.26520399399181954,0.26520399399181954,1,1
64fadc3fe3ba32dbf7039a1d,2023-09-08 08:00:00+00:00,2023-09-08 09:00:00+00:00,3h,2023-09-08 08:33:03.889000+00:00,2023-09-08 11:33:03.882000+00:00,0.14964000439629915,0.019798344979319354,1.0,0.13898203319897673,1.0,0.23967541362738698,0.23967541362738698,1,3
64fadfcce3ba32dbf7039b6d,2023-09-08 08:00:00+00:00,2023-09-08 09:00:00+00:00,3h,2023-09-08 08:48:12.437000+00:00,2023-09-08 11:48:12.435000+00:00,0.0655151047250194,0.012045929924026397,1.0,0.0634150888415358,1.0,0.21991057572272302,0.21991057572272302,2,3
64fadb86e3ba32dbf7039a08,2023-09-08 08:00:00+00:00,2023-09-08 09:00:00+00:00,5h,2023-09-08 08:29:58.264000+00:00,2023-09-09 05:29:11+00:00,0.02384739581105309,0.009406385329905316,0.7,0.15365432827393222,1.0,0.1763746968527296,0.1763746968527296,3,3
64fc08dca8ab4a4e94bfe6e4,2023-09-09 05:00:00+00:00,2023-09-09 06:00:00+00:00,3h,2023-09-09 05:55:40.903000+00:00,2023-09-09 08:55:40.891000+00:00,0.023990489619062538,0.009414388707745075,1.0,0.023704979324718822,1.0,0.2103896290895908,0.2103896290895908,1,1
64feb707a8ab4a4e94bff5ce,2023-09-11 06:00:00+00:00,2023-09-11 07:00:00+00:00,3h,2023-09-11 06:43:19.127000+00:00,2023-09-11 09:43:19.116000+00:00,0.09267352031562255,0.014147638650575075,1.0,0.08850887893522963,1.0,0.22619035897739098,0.22619035897739098,1,2
64feb8bfa8ab4a4e94bff680,2023-09-11 06:00:00+00:00,2023-09-11 07:00:00+00:00,3h,2023-09-11 06:50:39.165000+00:00,2023-09-11 09:50:39.148000+00:00,0.051929248407150276,0.011113439198604327,1.0,0.050603886647423324,1.0,0.21678884084864727,0.21678884084864727,2,2
64fec5eea8ab4a4e94bffd88,2023-09-11 07:00:00+00:00,2023-09-11 08:00:00+00:00,3h,2023-09-11 07:46:54.441000+00:00,2023-09-11 10:46:54.425000+00:00,0.07273705220304029,0.012572667602304362,1.0,0.07015460114523564,1.0,0.22157452079042975,0.22157452079042975,1,1
64fecd0aa8ab4a4e94c000aa,2023-09-11 08:00:00+00:00,2023-09-11 09:00:00+00:00,3h,2023-09-11 08:17:14.777000+00:00,2023-09-11 11:17:14.766000+00:00,0.2375208900675732,0.033089988425443174,1.0,0.21141939191625114,1.0,0.2621378714385162,0.2621378714385162,1,1
64ffc19f1680ceedb2876eb2,2023-09-12 01:00:00+00:00,2023-09-12 02:00:00+00:00,3h,2023-09-12 01:40:47.307000+00:00,2023-09-12 04:40:47.296000+00:00,0.10673094204077431,0.015373542168115477,1.0,0.10123244129705611,1.0,0.2294706135602805,0.2294706135602805,1,1
64ffe4e01680ceedb28772c9,2023-09-12 04:00:00+00:00,2023-09-12 05:00:00+00:00,5h,2023-09-12 04:11:12.996000+00:00,2023-09-12 15:10:01+00:00,0.0740488692522901,0.012670757486306274,0.7,0.23739790843715391,1.0,0.19508203617921455,0.19508203617921455,1,1
65012afaf181bf03ea1a92bd,2023-09-13 03:00:00+00:00,2023-09-13 04:00:00+00:00,5h,2023-09-13 03:22:34.806000+00:00,2023-09-13 15:20:07+00:00,0.052150512933208465,0.011128038762957983,0.7,0.18770226177155436,1.0,0.18421727561208567,0.18421727561208567,1,1
650134c9f181bf03ea1a93c4,2023-09-13 04:00:00+00:00,2023-09-13 05:00:00+00:00,5h,2023-09-13 04:04:25.308000+00:00,2023-09-13 15:02:44+00:00,0.08442537793403386,0.013473734764794416,0.7,0.2656487170861337,1.0,0.20121398427610337,0.20121398427610337,1,2
65013d95f181bf03ea1a9483,2023-09-13 04:00:00+00:00,2023-09-13 05:00:00+00:00,5h,2023-09-13 04:41:57.394000+00:00,2023-09-13 15:33:57+00:00,0.027674256228449743,0.009622763169800722,0.7,0.09538088954229851,1.0,0.1648498358103401,0.1648498358103401,2,2
650178d3f181bf03ea1a9d9f,2023-09-13 08:00:00+00:00,2023-09-13 09:00:00+00:00,3h,2023-09-13 08:54:43.356000+00:00,2023-09-13 11:54:43.346000+00:00,0.029318916036033368,0.009717262971538944,1.0,0.028893260063916903,1.0,0.21160900979570677,0.21160900979570677,1,1
650181a5f181bf03ea1aa0b4,2023-09-13 09:00:00+00:00,2023-09-13 10:00:00+00:00,5h,2023-09-13 09:32:21.924000+00:00,2023-09-14 05:21:09+00:00,0.023246095213548357,0.00937282759039524,0.7,0.14232115454062766,1.0,0.17408792746236265,0.17408792746236265,1,1
650189c8f181bf03ea1aa306,2023-09-13 10:00:00+00:00,2023-09-13 11:00:00+00:00,3h,2023-09-13 10:07:04.108000+00:00,2023-09-13 13:07:04.098000+00:00,0.29406434635587625,0.04584264092727171,1.0,0.254771259928001,1.0,0.27845983654196327,0.27845983654196327,1,1
6501c60cf181bf03ea1aa97f,2023-09-13 14:00:00+00:00,2023-09-13 15:00:00+00:00,3h,2023-09-13 14:24:12.819000+00:00,2023-09-14 04:00:00+00:00,0.043867306679009774,0.010594218023063678,1.0,0.1802968820457711,1.0,0.24241590722299244,0.24241590722299244,1,2
6501c837f181bf03ea1aa9c6,2023-09-13 14:00:00+00:00,2023-09-13 15:00:00+00:00,5h,2023-09-13 14:33:27.393000+00:00,2023-09-14 05:28:54+00:00,0.02964279877193808,0.009735980825507033,0.7,0.13710616250194307,1.0,0.17326282099569282,0.17326282099569282,2,2
6501e4c176b40276cd2cff44,2023-09-13 16:00:00+00:00,2023-09-13 17:00:00+00:00,3h,2023-09-13 16:35:13.909000+00:00,2023-09-14 04:00:00+00:00,0.0361701725287032,0.010120912592419528,1.0,0.12855368666497535,1.0,0.2317832848884468,0.2317832848884468,1,1
6502acfb39a237688acc490a,2023-09-14 06:00:00+00:00,2023-09-14 07:00:00+00:00,3h,2023-09-14 06:49:31.562000+00:00,2023-09-14 09:49:31.549000+00:00,0.05818877374574618,0.011533859697713122,1.0,0.056528106003082446,1.0,0.21822593701924436,0.21822593701924436,1,1
6502d81039a237688acc4d04,2023-09-14 09:00:00+00:00,2023-09-14 10:00:00+00:00,5h,2023-09-14 09:53:20.216000+00:00,2023-09-15 05:49:20+00:00,0.005571142744799789,0.008437690603775682,0.7,0.036340282697098325,1.0,0.15233067090168506,0.15233067090168506,1,1
6503363139a237688acc4e60,2023-09-14 16:00:00+00:00,2023-09-14 17:00:00+00:00,3h,2023-09-14 16:34:57.324000+00:00,2023-09-15 04:00:00+00:00,0.03655907951102746,0.010144316875632674,1.0,0.129890894579045,1.0,0.2320647690411886,0.2320647690411886,1,2
650339a039a237688acc4e8e,2023-09-14 16:00:00+00:00,2023-09-14 17:00:00+00:00,3h,2023-09-14 16:49:36.077000+00:00,2023-09-15 04:00:00+00:00,0.015511241904475602,0.008951587019820545,1.0,0.05613359987929378,1.0,0.21659767218775108,0.21659767218775108,2,2
650441b339a237688acc5c91,2023-09-15 11:00:00+00:00,2023-09-15 12:00:00+00:00,5h,2023-09-15 11:36:19.980000+00:00,2023-09-16 09:05:54+00:00,0.01835267186582783,0.00910410589168723,0.7,0.12320611175250873,1.0,0.17010368588551408,0.17010368588551408,1,1
65050d7439a237688acc5de5,2023-09-16 02:00:00+00:00,2023-09-16 03:00:00+00:00,3h,2023-09-16 02:05:40.910000+00:00,2023-09-16 05:05:40.901000+00:00,0.301767844065796,0.04790737182807956,1.0,0.2604900874990541,1.0,0.2808424405966586,0.2808424405966586,1,1
65055eac39a237688acc6045,2023-09-16 07:00:00+00:00,2023-09-16 08:00:00+00:00,3h,2023-09-16 07:52:12.902000+00:00,2023-09-16 10:52:12.899000+00:00,0.04324982682865561,0.01055545388337176,1.0,0.04232788050157721,1.0,0.21479884843033853,0.21479884843033853,1,1
6507b22e39a237688acc6728,2023-09-18 02:00:00+00:00,2023-09-18 03:00:00+00:00,3h,2023-09-18 02:13:03.007000+00:00,2023-09-18 05:13:02.966000+00:00,0.260833675387101,0.03786972261765819,1.0,0.2295901901931815,1.0,0.2686398716092312,0.2686398716092312,1,1
6507be0d39a237688acc68ca,2023-09-18 03:00:00+00:00,2023-09-18 04:00:00+00:00,3h,2023-09-18 03:03:41.206000+00:00,2023-09-18 06:03:41.188000+00:00,0.31285181771599246,0.05103360287011118,1.0,0.2686413397753967,1.0,0.2843484296771461,0.2843484296771461,1,1
6507d9d139a237688acc6c69,2023-09-18 05:00:00+00:00,2023-09-18 06:00:00+00:00,5h,2023-09-18 05:02:09.089000+00:00,2023-09-18 15:56:39+00:00,0.08838601645926827,0.013793287747149514,0.7,0.2748528274792593,1.0,0.20324653814414156,0.20324653814414156,1,1
650a4d9725b0bb2f15f65c5f,2023-09-20 01:00:00+00:00,2023-09-20 02:00:00+00:00,3h,2023-09-20 01:40:39.900000+00:00,2023-09-20 04:40:39.877000+00:00,0.10741689542486987,0.015435967058319825,1.0,0.10184863472058536,1.0,0.22963130717910898,0.22963130717910898,1,2
650a500a25b0bb2f15f65ca9,2023-09-20 01:00:00+00:00,2023-09-20 02:00:00+00:00,5h,2023-09-20 01:51:06.336000+00:00,2023-09-20 10:50:01+00:00,0.016504392932612504,0.0090046061774351,0.7,0.04821235717554784,1.0,0.15504523514157062,0.15504523514157062,2,2
650a6ceb25b0bb2f15f65ffd,2023-09-20 03:00:00+00:00,2023-09-20 04:00:00+00:00,3h,2023-09-20 03:54:19.489000+00:00,2023-09-20 06:54:19.475000+00:00,0.031528837167011145,0.009845690260271319,1.0,0.03103694649519806,1.0,0.21211480345520242,0.21211480345520242,1,1
650a6f0025b0bb2f15f660ba,2023-09-20 04:00:00+00:00,2023-09-20 05:00:00+00:00,5h,2023-09-20 04:03:12.728000+00:00,2023-09-20 15:59:55+00:00,0.07923469718065129,0.013065973107721982,0.7,0.27056728388241336,1.0,0.20195304064111586,0.20195304064111586,1,2
650a6f7725b0bb2f15f660f2,2023-09-20 04:00:00+00:00,2023-09-20 05:00:00+00:00,5h,2023-09-20 04:05:11.332000+00:00,2023-09-20 15:04:25+00:00,0.08314445072451941,0.01337195784099271,0.7,0.26251261521910363,1.0,0.20052569774841633,0.20052569774841633,2,2
650bac8dd9e53014149e7f8b,2023-09-21 02:00:00+00:00,2023-09-21 03:00:00+00:00,3h,2023-09-21 02:38:05.997000+00:00,2023-09-21 05:38:05.985000+00:00,0.12166707963008848,0.01679068899185331,1.0,0.11455677881731618,1.0,0.23298576915857522,0.23298576915857522,1,1
650bea5ed9e53014149e83a0,2023-09-21 07:00:00+00:00,2023-09-21 08:00:00+00:00,5h,2023-09-21 07:01:50.222000+00:00,2023-09-21 15:55:35+00:00,0.10897118474950865,0.015578339112241242,0.7,0.2761185134402834,1.0,0.2045707061554014,0.2045707061554014,1,1
650bfdbed9e53014149e8568,2023-09-21 08:00:00+00:00,2023-09-21 09:00:00+00:00,3h,2023-09-21 08:24:30.697000+00:00,2023-09-21 11:24:30.688000+00:00,0.19715784948339307,0.026159046957701427,1.0,0.17893884607566934,1.0,0.2514831973897547,0.2514831973897547,1,1
650c272bd547002b39c74506,2023-09-21 11:00:00+00:00,2023-09-21 12:00:00+00:00,3h,2023-09-21 11:21:15.470000+00:00,2023-09-21 14:21:15.415000+00:00,0.2152353553652357,0.02906886517263381,1.0,0.19364747749429012,1.0,0.25617081460243835,0.25617081460243835,1,1
650c4ee2d547002b39c746f5,2023-09-21 14:00:00+00:00,2023-09-21 15:00:00+00:00,5h,2023-09-21 14:10:42.379000+00:00,2023-09-22 05:07:44+00:00,0.054952283952948947,0.011314554789405198,0.7,0.2395567532470262,1.0,0.19470008352304835,0.19470008352304835,1,1
650d09d650fdce3fe1b0fdff,2023-09-22 03:00:00+00:00,2023-09-22 04:00:00+00:00,3h,2023-09-22 03:28:22.962000+00:00,2023-09-22 06:28:22.953000+00:00,0.17565181304317753,0.023065330806768296,1.0,0.16108984718216657,1.0,0.2460571679204943,0.2460571679204943,1,1
650d16e250fdce3fe1b10012,2023-09-22 04:00:00+00:00,2023-09-22 05:00:00+00:00,3h,2023-09-22 04:24:02.457000+00:00,2023-09-22 07:24:02.406000+00:00,0.1997734433745937,0.02656182346116499,1.0,0.18108296448686934,1.0,0.25215368697407287,0.25215368697407287,1,1
650d233b50fdce3fe1b1021f,2023-09-22 05:00:00+00:00,2023-09-22 06:00:00+00:00,3h,2023-09-22 05:16:43.092000+00:00,2023-09-22 08:16:43.084000+00:00,0.24045462255897965,0.033657830052860944,1.0,0.21372953637996062,1.0,0.2629406053077087,0.2629406053077087,1,1
650d2eee50fdce3fe1b10436,2023-09-22 06:00:00+00:00,2023-09-22 07:00:00+00:00,5h,2023-09-22 06:06:38.434000+00:00,2023-09-22 15:04:14+00:00,0.09925623379233214,0.014709215658346786,0.7,0.2565407302042074,1.0,0.20013367543584956,0.20013367543584956,1,1
650d6d25b1c0f38fbf6118ec,2023-09-22 10:00:00+00:00,2023-09-22 11:00:00+00:00,5h,2023-09-22 10:32:05.124000+00:00,2023-09-23 05:29:56+00:00,0.024532803709740005,0.009444782138028077,0.7,0.1436542844858978,1.0,0.17439772617999638,0.17439772617999638,1,1
650e733eb1c0f38fbf611d2e,2023-09-23 05:00:00+00:00,2023-09-23 06:00:00+00:00,3h,2023-09-23 05:10:22.474000+00:00,2023-09-23 08:10:22.398000+00:00,0.27569879195446184,0.041256802536843815,1.0,0.2409570016334851,1.0,0.2729454818488033,0.2729454818488033,1,1
650f30c6452644c9037c34f6,2023-09-23 18:00:00+00:00,2023-09-23 19:00:00+00:00,5h,2023-09-23 18:39:02.324000+00:00,2023-09-24 10:30:54+00:00,0.022021346388083583,0.009304842414917597,0.7,0.1099267190339771,1.0,0.16756824925574598,0.16756824925574598,1,1
650f360e452644c9037c350c,2023-09-23 19:00:00+00:00,2023-09-23 20:00:00+00:00,5h,2023-09-23 19:01:34.355000+00:00,2023-09-24 14:39:12+00:00,0.049614518004385794,0.010961838619774709,0.7,0.2771812351421512,1.0,0.20201335020029507,0.20201335020029507,1,1
650fbe59452644c9037c3a5a,2023-09-24 04:00:00+00:00,2023-09-24 05:00:00+00:00,5h,2023-09-24 04:43:05.848000+00:00,2023-09-24 15:30:33+00:00,0.02610621236789765,0.009533513285286075,0.7,0.08962890233128451,1.0,0.16364588843742853,0.16364588843742853,1,1
650fe009452644c9037c3d5a,2023-09-24 07:00:00+00:00,2023-09-24 08:00:00+00:00,5h,2023-09-24 07:06:49.442000+00:00,2023-09-25 05:04:47+00:00,0.04034719939126092,0.010375104868482891,0.7,0.2557825661423533,1.0,0.19738157614956037,0.19738157614956037,1,1
65102b87452644c9037c4b51,2023-09-24 12:00:00+00:00,2023-09-24 13:00:00+00:00,5h,2023-09-24 12:28:55.674000+00:00,2023-09-25 07:26:34+00:00,0.02731279990663703,0.009602116703782243,0.7,0.15854502950207128,1.0,0.17747027592268358,0.17747027592268358,1,1
65112357452644c9037c541d,2023-09-25 06:00:00+00:00,2023-09-25 07:00:00+00:00,3h,2023-09-25 06:06:15.508000+00:00,2023-09-25 09:06:15.505000+00:00,0.29856415700856215,0.04703818760144659,1.0,0.2581172551227717,1.0,0.2798463635854223,0.2798463635854223,1,1
65114401452644c9037c560e,2023-09-25 08:00:00+00:00,2023-09-25 09:00:00+00:00,3h,2023-09-25 08:25:37.393000+00:00,2023-09-25 11:25:37.384000+00:00,0.19098228878153695,0.025231512929021885,1.0,0.17385264842156734,1.0,0.2499094374417266,0.2499094374417266,1,1
65118538452644c9037c5a38,2023-09-25 13:00:00+00:00,2023-09-25 14:00:00+00:00,5h,2023-09-25 13:03:52.228000+00:00,2023-09-26 05:01:57+00:00,0.05858546329452259,0.011561026809942478,0.7,0.2678945666346779,1.0,0.20051552941290107,0.20051552941290107,1,1
6511a98b452644c9037c5ab5,2023-09-25 15:00:00+00:00,2023-09-25 16:00:00+00:00,3h,2023-09-25 15:38:51.652000+00:00,2023-09-26 04:00:00+00:00,0.028522489749338114,0.009671387252779206,1.0,0.11080580889124136,1.0,0.22796399412991583,0.22796399412991583,1,1
65125ea5452644c9037c6177,2023-09-26 04:00:00+00:00,2023-09-26 05:00:00+00:00,3h,2023-09-26 04:31:33.398000+00:00,2023-09-26 07:31:33.388000+00:00,0.15801885001745372,0.02079788241242153,1.0,0.14616618803549808,1.0,0.24171196705455256,0.24171196705455256,1,1
65127f4a452644c9037c6518,2023-09-26 06:00:00+00:00,2023-09-26 07:00:00+00:00,3h,2023-09-26 06:50:50.897000+00:00,2023-09-26 09:50:50.888000+00:00,0.05084291273946431,0.011042034465525936,1.0,0.04957200080035551,1.0,0.2165396208393867,0.2165396208393867,1,3
65127fcf452644c9037c6581,2023-09-26 06:00:00+00:00,2023-09-26 07:00:00+00:00,3h,2023-09-26 06:53:03.143000+00:00,2023-09-26 09:53:03.137000+00:00,0.0385978918136436,0.010267891131855543,1.0,0.03786246462523701,1.0,0.21373322760416075,0.21373322760416075,2,3
65127c50452644c9037c64d1,2023-09-26 06:00:00+00:00,2023-09-26 07:00:00+00:00,5h,2023-09-26 06:38:08.355000+00:00,2023-09-27 03:16:17+00:00,0.017656063049743334,0.009066477578178694,0.7,0.11436343594152865,1.0,0.16831257373521294,0.16831257373521294,3,3
6513c895452644c9037c7be6,2023-09-27 06:00:00+00:00,2023-09-27 07:00:00+00:00,3h,2023-09-27 06:15:49.011000+00:00,2023-09-27 09:15:49.003000+00:00,0.24546212626824168,0.03464885477362183,1.0,0.21765694427236637,1.0,0.2643207017186464,0.2643207017186464,1,2
6513c8fb452644c9037c7c23,2023-09-27 06:00:00+00:00,2023-09-27 07:00:00+00:00,3h,2023-09-27 06:17:31.936000+00:00,2023-09-27 09:17:31.928000+00:00,0.235932026616316,0.03278632785170267,1.0,0.2101655021428459,1.0,0.2617048971395908,0.2617048971395908,2,2
6514f42f9ac8e87ef9415b0f,2023-09-28 03:00:00+00:00,2023-09-28 04:00:00+00:00,3h,2023-09-28 03:34:07.328000+00:00,2023-09-28 06:34:07.324000+00:00,0.14376597917258488,0.019125835287249895,1.0,0.13390954634477914,1.0,0.23825741044130577,0.23825741044130577,1,2
6514f5069ac8e87ef9415b56,2023-09-28 03:00:00+00:00,2023-09-28 04:00:00+00:00,3h,2023-09-28 03:37:42.182000+00:00,2023-09-28 06:37:42.179000+00:00,0.12387207144594578,0.017010501115788754,1.0,0.1165071119826191,1.0,0.2335077230659971,0.2335077230659971,2,2
65150c809ac8e87ef94160d0,2023-09-28 05:00:00+00:00,2023-09-28 06:00:00+00:00,3h,2023-09-28 05:17:52.827000+00:00,2023-09-28 08:17:52.818000+00:00,0.23399769499807915,0.03242027487165049,1.0,0.20863620569740338,1.0,0.261179406062471,0.261179406062471,1,1
6516678b322d5c0cf180aab9,2023-09-29 05:00:00+00:00,2023-09-29 06:00:00+00:00,3h,2023-09-29 05:58:35.331000+00:00,2023-09-29 08:58:35.312000+00:00,0.007839736014350396,0.008552336983391145,1.0,0.007809071749326768,1.0,0.20669321653990005,0.20669321653990005,1,1
65166875322d5c0cf180ab1f,2023-09-29 06:00:00+00:00,2023-09-29 07:00:00+00:00,3h,2023-09-29 06:02:29.298000+00:00,2023-09-29 09:02:29.285000+00:00,0.31950982903960906,0.053003320427156414,1.0,0.27349465909574466,1.0,0.2865009240754428,0.2865009240754428,1,2
65166bd6322d5c0cf180ac3c,2023-09-29 06:00:00+00:00,2023-09-29 07:00:00+00:00,3h,2023-09-29 06:16:54.754000+00:00,2023-09-29 09:16:54.749000+00:00,0.23937474045126872,0.033447726761984674,1.0,0.21288005132416,1.0,0.26264464632202283,0.26264464632202283,2,2
65167e50322d5c0cf180b08e,2023-09-29 07:00:00+00:00,2023-09-29 08:00:00+00:00,3h,2023-09-29 07:35:44.999000+00:00,2023-09-29 10:35:44.997000+00:00,0.13472233976339626,0.01813400449025078,1.0,0.12604143665840373,1.0,0.23608869002583122,0.23608869002583122,1,1
651694a2322d5c0cf180b254,2023-09-29 09:00:00+00:00,2023-09-29 10:00:00+00:00,3h,2023-09-29 09:10:58.056000+00:00,2023-09-29 12:10:58.054000+00:00,0.27240227266708755,0.04048150592395516,1.0,0.23845211200490346,1.0,0.2719793259553538,0.2719793259553538,1,1
65178a6e322d5c0cf180b701,2023-09-30 02:00:00+00:00,2023-09-30 03:00:00+00:00,5h,2023-09-30 02:39:42.118000+00:00,2023-09-30 10:37:39+00:00,0.04246912199171444,0.010506643620632944,0.7,0.10664107918470633,1.0,0.16763220200932102,0.16763220200932102,1,1
65180225322d5c0cf180ba76,2023-09-30 11:00:00+00:00,2023-09-30 12:00:00+00:00,3h,2023-09-30 11:10:29.327000+00:00,2023-09-30 14:10:29.322000+00:00,0.275062442158538,0.04110604310855313,1.0,0.24047520789649846,1.0,0.27275866744443156,0.27275866744443156,1,1
651a4257322d5c0cf180c210,2023-10-02 04:00:00+00:00,2023-10-02 05:00:00+00:00,3h,2023-10-02 04:08:55.076000+00:00,2023-10-02 07:08:55.058000+00:00,0.2837897322421463,0.04322035241752762,1.0,0.2470746999765111,1.0,0.2753471514458188,0.2753471514458188,1,5
651a42f1322d5c0cf180c25d,2023-10-02 04:00:00+00:00,2023-10-02 05:00:00+00:00,3h,2023-10-02 04:11:29.145000+00:00,2023-10-02 07:11:29.143000+00:00,0.2695236610229002,0.03981592573099409,1.0,0.23625675351717812,1.0,0.27114090614203207,0.27114090614203207,2,5
651a484a322d5c0cf180c361,2023-10-02 04:00:00+00:00,2023-10-02 05:00:00+00:00,3h,2023-10-02 04:34:18.703000+00:00,2023-10-02 07:34:18.698000+00:00,0.14271275125590335,0.019007643272286507,1.0,0.13299686404110111,1.0,0.23800395877159214,0.23800395877159214,3,5
651a4129322d5c0cf180c1eb,2023-10-02 04:00:00+00:00,2023-10-02 05:00:00+00:00,5h,2023-10-02 04:03:53.614000+00:00,2023-10-02 15:00:35+00:00,0.08543826351692299,0.013554754898909628,0.7,0.26780060707512,1.0,0.20169297435436975,0.20169297435436975,4,5
651a4745322d5c0cf180c327,2023-10-02 04:00:00+00:00,2023-10-02 05:00:00+00:00,5h,2023-10-02 04:29:57.759000+00:00,2023-10-03 07:28:40+00:00,0.01855641901837912,0.009115140801221019,0.7,0.15369390184539666,1.0,0.17620786484981193,0.17620786484981193,5,5
651a6dc6322d5c0cf180d31f,2023-10-02 07:00:00+00:00,2023-10-02 08:00:00+00:00,5h,2023-10-02 07:14:14.486000+00:00,2023-10-03 05:11:39+00:00,0.03473377039170612,0.010034932735784185,0.7,0.224474379300862,1.0,0.1909158355016429,0.1909158355016429,1,1
651a7ff6800f3e2419386f7f,2023-10-02 08:00:00+00:00,2023-10-02 09:00:00+00:00,3h,2023-10-02 08:31:50.875000+00:00,2023-10-02 11:31:50.871000+00:00,0.15640052088908182,0.020601052968929858,1.0,0.14478336080324072,1.0,0.24131730394200607,0.24131730394200607,1,1
651aa8bd800f3e24193873f6,2023-10-02 11:00:00+00:00,2023-10-02 12:00:00+00:00,3h,2023-10-02 11:25:49.744000+00:00,2023-10-02 14:25:49.739000+00:00,0.1898386064067622,0.025063289236255018,1.0,0.1729073166879791,1.0,0.24961943687934884,0.24961943687934884,1,1
651af178800f3e2419387ab5,2023-10-02 16:00:00+00:00,2023-10-02 17:00:00+00:00,3h,2023-10-02 16:36:08.038000+00:00,2023-10-03 04:00:00+00:00,0.03489869677691747,0.010044768006296181,1.0,0.12417508266194388,1.0,0.2308618773361665,0.2308618773361665,1,1
651bab653d40ccc43b67110b,2023-10-03 05:00:00+00:00,2023-10-03 06:00:00+00:00,3h,2023-10-03 05:49:25.069000+00:00,2023-10-03 08:49:25.066000+00:00,0.058789923737941785,0.011575053883359922,1.0,0.05709515432723766,1.0,0.2183640631954635,0.2183640631954635,1,1
651bb49a3d40ccc43b67132d,2023-10-03 06:00:00+00:00,2023-10-03 07:00:00+00:00,3h,2023-10-03 06:28:42.016000+00:00,2023-10-03 09:28:42.011000+00:00,0.17388748791087402,0.022827994656804632,1.0,0.15960848580885323,1.0,0.24561849395585345,0.24561849395585345,1,1
651be53aa9c2631ec9e0f74c,2023-10-03 09:00:00+00:00,2023-10-03 10:00:00+00:00,3h,2023-10-03 09:56:10.893000+00:00,2023-10-03 12:56:10.888000+00:00,0.021213620932231912,0.009260273539762331,1.0,0.020990185142436668,1.0,0.20975420115234475,0.20975420115234475,1,1
651d0298a9c2631ec9e10030,2023-10-04 06:00:00+00:00,2023-10-04 07:00:00+00:00,3h,2023-10-04 06:13:44.185000+00:00,2023-10-04 09:13:44.181000+00:00,0.25702000260000096,0.03704476126018626,1.0,0.2266471818374145,1.0,0.26755629312359464,0.26755629312359464,1,2
651d0b8ba9c2631ec9e10198,2023-10-04 06:00:00+00:00,2023-10-04 07:00:00+00:00,3h,2023-10-04 06:51:55.476000+00:00,2023-10-04 09:51:55.474000+00:00,0.044863341641359564,0.010657044103991774,1.0,0.04387185624935519,1.0,0.21516859771226612,0.21516859771226612,2,2
651f68d988d44bf7e0792689,2023-10-06 01:00:00+00:00,2023-10-06 02:00:00+00:00,5h,2023-10-06 01:54:33.926000+00:00,2023-10-06 14:53:47+00:00,0.00697438632591303,0.008508424321549005,0.7,0.02974081004335205,1.0,0.1510532166015998,0.1510532166015998,1,1
651f828a88d44bf7e0792796,2023-10-06 03:00:00+00:00,2023-10-06 04:00:00+00:00,3h,2023-10-06 03:44:10.495000+00:00,2023-10-06 06:44:10.492000+00:00,0.08791715405106132,0.013755072338032989,1.0,0.08416323068906961,1.0,0.22508568954063374,0.22508568954063374,1,1
651fa57988d44bf7e0792b61,2023-10-06 06:00:00+00:00,2023-10-06 07:00:00+00:00,3h,2023-10-06 06:13:13.629000+00:00,2023-10-06 09:13:13.625000+00:00,0.25984926290713445,0.03765510306287982,1.0,0.22883210514415442,1.0,0.26835948286655875,0.26835948286655875,1,1
651fb0dc88d44bf7e0793116,2023-10-06 07:00:00+00:00,2023-10-06 08:00:00+00:00,3h,2023-10-06 07:01:48.498000+00:00,2023-10-06 10:01:48.496000+00:00,0.32328728209023744,0.054152546256364995,1.0,0.2762340571515334,1.0,0.28773833918412567,0.28773833918412567,1,1
6520c691edc6e7ed93cbe01f,2023-10-07 02:00:00+00:00,2023-10-07 03:00:00+00:00,5h,2023-10-07 02:46:41.272000+00:00,2023-10-07 10:36:35+00:00,0.028329988854258647,0.009660331045549442,0.7,0.07128771887926644,1.0,0.16005374240318293,0.16005374240318293,1,1
6520eac3edc6e7ed93cbe21f,2023-10-07 05:00:00+00:00,2023-10-07 06:00:00+00:00,3h,2023-10-07 05:21:08.001000+00:00,2023-10-07 08:21:07.997000+00:00,0.2159259133058938,0.029186034920031665,1.0,0.19420493720885812,1.0,0.25635260839379065,0.25635260839379065,1,1
65210439edc6e7ed93cbe5ac,2023-10-07 07:00:00+00:00,2023-10-07 08:00:00+00:00,3h,2023-10-07 07:09:45.572000+00:00,2023-10-07 10:09:45.568000+00:00,0.2791138070791878,0.04207494313834463,1.0,0.24354611328365794,1.0,0.2739541885397384,0.2739541885397384,1,2
65210658edc6e7ed93cbe5d9,2023-10-07 07:00:00+00:00,2023-10-07 08:00:00+00:00,3h,2023-10-07 07:18:48.114000+00:00,2023-10-07 10:18:48.112000+00:00,0.22887837571821773,0.03147045723852033,1.0,0.20457469563655506,1.0,0.2597972134704232,0.2597972134704232,2,2
6521c4f306af5c02eb339384,2023-10-07 20:00:00+00:00,2023-10-07 21:00:00+00:00,5h,2023-10-07 20:52:03.190000+00:00,2023-10-08 10:49:01+00:00,0.009494838584159684,0.008636952865272664,0.7,0.04318868891939154,1.0,0.1538199095030419,0.1538199095030419,1,1
6522865306af5c02eb339682,2023-10-08 10:00:00+00:00,2023-10-08 11:00:00+00:00,3h,2023-10-08 10:37:07.933000+00:00,2023-10-09 04:00:00+00:00,0.021927787682001938,0.009299669147873148,1.0,0.11930441015587234,1.0,0.22944068351989838,0.22944068351989838,1,4
652287c606af5c02eb33976f,2023-10-08 10:00:00+00:00,2023-10-08 11:00:00+00:00,3h,2023-10-08 10:43:18.011000+00:00,2023-10-09 04:00:00+00:00,0.016108632796292092,0.008983441414688029,1.0,0.08860306148489072,1.0,0.22311067714579097,0.22311067714579097,2,4
6522854206af5c02eb33963b,2023-10-08 10:00:00+00:00,2023-10-08 11:00:00+00:00,5h,2023-10-08 10:32:34.519000+00:00,2023-10-09 05:30:36+00:00,0.024098496047559367,0.009420434080351781,0.7,0.14132034283273232,1.0,0.1739163290147575,0.1739163290147575,3,4
6522873506af5c02eb339730,2023-10-08 10:00:00+00:00,2023-10-08 11:00:00+00:00,5h,2023-10-08 10:40:53.513000+00:00,2023-10-09 05:38:01+00:00,0.016803887266139527,0.00902065560143761,0.7,0.10071583441307963,1.0,0.1655555602434785,0.1655555602434785,4,4
6522be8206af5c02eb339a45,2023-10-08 14:00:00+00:00,2023-10-08 15:00:00+00:00,5h,2023-10-08 14:36:50.602000+00:00,2023-10-09 05:35:41+00:00,0.02576279893206054,0.009514076588212779,0.7,0.12071654859190661,1.0,0.16985175567130897,0.16985175567130897,1,1
652377db06af5c02eb33a3a1,2023-10-09 03:00:00+00:00,2023-10-09 04:00:00+00:00,3h,2023-10-09 03:47:39.262000+00:00,2023-10-09 06:47:39.253000+00:00,0.06858690900760936,0.01226725617382689,1.0,0.0662876380659203,1.0,0.2206178813174802,0.2206178813174802,1,1
6523914416fc92ef78cc894c,2023-10-09 05:00:00+00:00,2023-10-09 06:00:00+00:00,3h,2023-10-09 05:36:04.457000+00:00,2023-10-09 08:36:04.451000+00:00,0.13292072199299368,0.017942535104565557,1.0,0.12446543535858778,1.0,0.2356586081344569,0.2356586081344569,1,1
6523a5cd16fc92ef78cc8cad,2023-10-09 07:00:00+00:00,2023-10-09 08:00:00+00:00,5h,2023-10-09 07:03:41.725000+00:00,2023-10-10 05:02:04+00:00,0.042707684450289204,0.010521534987274908,0.7,0.2686061930841792,1.0,0.20003415960920076,0.20003415960920076,1,2
6523a9db16fc92ef78cc8d44,2023-10-09 07:00:00+00:00,2023-10-09 08:00:00+00:00,5h,2023-10-09 07:20:59.377000+00:00,2023-10-10 05:18:57+00:00,0.029599056107187237,0.009733450762625396,0.7,0.1948481226567058,1.0,0.1848096949889164,0.1848096949889164,2,2
6523d46716fc92ef78cc9480,2023-10-09 10:00:00+00:00,2023-10-09 11:00:00+00:00,3h,2023-10-09 10:22:31.111000+00:00,2023-10-09 13:22:31.108000+00:00,0.20823052080477433,0.027905834875844214,1.0,0.1879801253604897,1.0,0.25433952599760445,0.25433952599760445,1,1
6524f69816fc92ef78cca34b,2023-10-10 07:00:00+00:00,2023-10-10 08:00:00+00:00,3h,2023-10-10 07:00:40.022000+00:00,2023-10-10 10:00:40.016000+00:00,0.32962777571913465,0.0561344859447493,1.0,0.28080848418540616,1.0,0.28984238840393084,0.28984238840393084,1,2
6524f72016fc92ef78cca375,2023-10-10 07:00:00+00:00,2023-10-10 08:00:00+00:00,3h,2023-10-10 07:02:56.251000+00:00,2023-10-10 10:02:56.246000+00:00,0.31701394306201064,0.05225666191850033,1.0,0.27167929307188354,1.0,0.28568985576547695,0.28568985576547695,2,2
65250b1e16fc92ef78cca694,2023-10-10 08:00:00+00:00,2023-10-10 09:00:00+00:00,3h,2023-10-10 08:28:14.184000+00:00,2023-10-10 11:28:14.180000+00:00,0.1764645098016703,0.02317546325790776,1.0,0.1617714176917261,1.0,0.2462595614930899,0.2462595614930899,1,1
6525170216fc92ef78cca7d7,2023-10-10 09:00:00+00:00,2023-10-10 10:00:00+00:00,3h,2023-10-10 09:18:58.383000+00:00,2023-10-10 12:18:58.381000+00:00,0.22792754220880415,0.03129703244905388,1.0,0.20381801906334363,1.0,0.25954182328210107,0.25954182328210107,1,1
65263644d7babb76e24f01dd,2023-10-11 05:00:00+00:00,2023-10-11 06:00:00+00:00,3h,2023-10-11 05:44:36.192000+00:00,2023-10-11 08:44:36.184000+00:00,0.08553784113914158,0.013562745949517467,1.0,0.08198153829837129,1.0,0.22453395522938474,0.22453395522938474,1,1
65277b589f3a817aaf29670a,2023-10-12 04:00:00+00:00,2023-10-12 05:00:00+00:00,3h,2023-10-12 04:51:36.031000+00:00,2023-10-12 07:51:36.023000+00:00,0.04666383086209693,0.010771548741756388,1.0,0.04559178076521131,1.0,0.21558128539809612,0.21558128539809612,1,1
652781be9f3a817aaf29683f,2023-10-12 05:00:00+00:00,2023-10-12 06:00:00+00:00,3h,2023-10-12 05:18:54.438000+00:00,2023-10-12 08:18:54.411000+00:00,0.22829334851114905,0.031363643003731505,1.0,0.20410879353808675,1.0,0.2596399445098563,0.2596399445098563,1,2
652783c99f3a817aaf2968e4,2023-10-12 05:00:00+00:00,2023-10-12 06:00:00+00:00,3h,2023-10-12 05:27:37.782000+00:00,2023-10-12 08:27:37.760000+00:00,0.17983536633130182,0.023637769916787944,1.0,0.16459195763310397,1.0,0.24710105347669356,0.24710105347669356,2,2
652790629f3a817aaf296c36,2023-10-12 06:00:00+00:00,2023-10-12 07:00:00+00:00,3h,2023-10-12 06:21:22.915000+00:00,2023-10-12 09:21:22.912000+00:00,0.21454496700323158,0.028952180389845275,1.0,0.19309142525385448,1.0,0.2559895932846781,0.2559895932846781,1,1
6527fff05787b2d74c947d0d,2023-10-12 14:00:00+00:00,2023-10-12 15:00:00+00:00,5h,2023-10-12 14:17:20.045000+00:00,2023-10-13 05:15:38+00:00,0.04749632894235041,0.010824903224715472,0.7,0.21103464599201383,1.0,0.18870187113323203,0.18870187113323203,1,1
6528dd8ec57198e078777bb7,2023-10-13 06:00:00+00:00,2023-10-13 07:00:00+00:00,3h,2023-10-13 06:02:54.312000+00:00,2023-10-13 09:02:54.309000+00:00,0.3171934214426171,0.052310020614282804,1.0,0.27181004187614055,1.0,0.2857480207437978,0.2857480207437978,1,2
6528e0c3c57198e078777c50,2023-10-13 06:00:00+00:00,2023-10-13 07:00:00+00:00,5h,2023-10-13 06:16:35.790000+00:00,2023-10-13 15:15:05+00:00,0.08060271359157342,0.013172242759979231,0.7,0.21426096290481955,1.0,0.19075553823695146,0.19075553823695146,2,2
65291679c57198e078778099,2023-10-13 10:00:00+00:00,2023-10-13 11:00:00+00:00,3h,2023-10-13 10:05:45.914000+00:00,2023-10-13 13:05:45.910000+00:00,0.30130437085347067,0.04778069082107525,1.0,0.26014736851582876,1.0,0.28069788819581093,0.28069788819581093,1,1
652d1b6ffb4ed6645c99523e,2023-10-16 11:00:00+00:00,2023-10-16 12:00:00+00:00,3h,2023-10-16 11:15:59.457000+00:00,2023-10-16 14:15:59.442000+00:00,0.24449506179869693,0.034455297906235756,1.0,0.21689987861712345,1.0,0.26405315446716615,0.26405315446716615,1,3
652d1da7fb4ed6645c99525d,2023-10-16 11:00:00+00:00,2023-10-16 12:00:00+00:00,3h,2023-10-16 11:25:27.087000+00:00,2023-10-16 14:25:27.082000+00:00,0.1919364777483693,0.02537270532016754,1.0,0.17464063115161987,1.0,0.2501517494224245,0.2501517494224245,2,3
652d2099fb4ed6645c99528c,2023-10-16 11:00:00+00:00,2023-10-16 12:00:00+00:00,5h,2023-10-16 11:38:01.551000+00:00,2023-10-17 07:34:48+00:00,0.018361150263815445,0.009104564816166767,0.7,0.11492121125921206,1.0,0.16844698114154247,0.16844698114154247,3,3
652e33affb4ed6645c995b78,2023-10-17 07:00:00+00:00,2023-10-17 08:00:00+00:00,3h,2023-10-17 07:11:43.704000+00:00,2023-10-17 10:11:43.700000+00:00,0.26817565487987216,0.03950786336828762,1.0,0.23522649092115155,1.0,0.2707500162052029,0.2707500162052029,1,2
652e3e9efb4ed6645c995c7e,2023-10-17 07:00:00+00:00,2023-10-17 08:00:00+00:00,5h,2023-10-17 07:58:22.946000+00:00,2023-10-18 05:50:13+00:00,0.001233057215282815,0.008222686194411058,0.7,0.008946223738846348,1.0,0.14672285646441588,0.14672285646441588,2,2
652f6a9a4271b1bef68fab7e,2023-10-18 05:00:00+00:00,2023-10-18 06:00:00+00:00,3h,2023-10-18 05:18:18.843000+00:00,2023-10-18 08:18:18.839000+00:00,0.23158869688470257,0.03196991634071128,1.0,0.20672760036007298,1.0,0.2605274698764414,0.2605274698764414,1,4
652f6baf4271b1bef68fac3d,2023-10-18 05:00:00+00:00,2023-10-18 06:00:00+00:00,3h,2023-10-18 05:22:55.555000+00:00,2023-10-18 08:22:55.553000+00:00,0.20596716777169777,0.027539797984044826,1.0,0.1861401722827798,1.0,0.2537519132469829,0.2537519132469829,2,4
652f70244271b1bef68fada7,2023-10-18 05:00:00+00:00,2023-10-18 06:00:00+00:00,3h,2023-10-18 05:41:56.964000+00:00,2023-10-18 08:41:56.961000+00:00,0.10028113896698305,0.0147986049479882,1.0,0.09541690606765896,1.0,0.22796254418232473,0.22796254418232473,3,4
652f6b274271b1bef68fac2b,2023-10-18 05:00:00+00:00,2023-10-18 06:00:00+00:00,5h,2023-10-18 05:20:39.864000+00:00,2023-10-18 15:19:28+00:00,0.0656904661015534,0.012058458025766161,0.7,0.19630152489685715,1.0,0.18649537979483113,0.18649537979483113,4,4
652f7e794271b1bef68fb1f1,2023-10-18 06:00:00+00:00,2023-10-18 07:00:00+00:00,3h,2023-10-18 06:43:05.014000+00:00,2023-10-18 09:43:05.011000+00:00,0.09398021129079943,0.014257406511677001,1.0,0.0896992004961682,1.0,0.22649428400623986,0.22649428400623986,1,1
652f85c14271b1bef68fb2fa,2023-10-18 07:00:00+00:00,2023-10-18 08:00:00+00:00,3h,2023-10-18 07:14:09.956000+00:00,2023-10-18 10:14:09.953000+00:00,0.2546337744353077,0.03653739730277973,1.0,0.22479960100300234,1.0,0.26688235858226833,0.26688235858226833,1,1
65302358c417268785e45f79,2023-10-18 18:00:00+00:00,2023-10-18 19:00:00+00:00,3h,2023-10-18 18:26:32.827000+00:00,2023-10-19 04:00:00+00:00,0.05833588827538955,0.011543927404142099,1.0,0.1696013164165805,1.0,0.24084661972580138,0.24084661972580138,1,1
65308d15c417268785e460e4,2023-10-19 01:00:00+00:00,2023-10-19 02:00:00+00:00,5h,2023-10-19 01:57:41.391000+00:00,2023-10-19 10:56:33+00:00,0.004287104919523182,0.008373476722443264,0.7,0.012752159953821618,1.0,0.14757451802423027,0.14757451802423027,1,1
6530aebf97e822e6c88e63a1,2023-10-19 04:00:00+00:00,2023-10-19 05:00:00+00:00,5h,2023-10-19 04:21:19.825000+00:00,2023-10-19 15:15:23+00:00,0.05912301948045743,0.011597942052370436,0.7,0.19332225773929612,1.0,0.18562321677928145,0.18562321677928145,1,3
6530af2997e822e6c88e63b5,2023-10-19 04:00:00+00:00,2023-10-19 05:00:00+00:00,5h,2023-10-19 04:23:05.663000+00:00,2023-10-20 05:21:59+00:00,0.024621981946472197,0.00944978933602355,0.7,0.18537810320547465,1.0,0.18274549424270906,0.18274549424270906,2,3
6530b04d97e822e6c88e6444,2023-10-19 04:00:00+00:00,2023-10-19 05:00:00+00:00,5h,2023-10-19 04:27:57.723000+00:00,2023-10-20 05:23:23+00:00,0.02142402970792723,0.009271863116607116,0.7,0.16304804461268563,1.0,0.1781727267925014,0.1781727267925014,3,3
6530c75097e822e6c88e686e,2023-10-19 06:00:00+00:00,2023-10-19 07:00:00+00:00,3h,2023-10-19 06:06:08.892000+00:00,2023-10-19 09:06:08.889000+00:00,0.2991767497713194,0.047203221193939424,1.0,0.25857158782222456,1.0,0.2800362502808086,0.2800362502808086,1,1
6530ff3697e822e6c88e6dda,2023-10-19 10:00:00+00:00,2023-10-19 11:00:00+00:00,3h,2023-10-19 10:04:38.375000+00:00,2023-10-19 13:04:38.371000+00:00,0.30755798428073494,0.049517100586212816,1.0,0.2647596823128713,1.0,0.28266219681430194,0.28266219681430194,1,2
6531069c97e822e6c88e6e4a,2023-10-19 10:00:00+00:00,2023-10-19 11:00:00+00:00,3h,2023-10-19 10:36:12.830000+00:00,2023-10-19 13:36:12.827000+00:00,0.13214540707742792,0.017860749567811335,1.0,0.12378638967644318,1.0,0.23547372767597546,0.23547372767597546,2,2
6531f48697e822e6c88e7b15,2023-10-20 03:00:00+00:00,2023-10-20 04:00:00+00:00,3h,2023-10-20 03:31:18.881000+00:00,2023-10-20 06:31:18.875000+00:00,0.15936295890534752,0.020962758027320297,1.0,0.1473131119832568,1.0,0.24204027721304355,0.24204027721304355,1,1
6532a61897e822e6c88e839a,2023-10-20 16:00:00+00:00,2023-10-20 17:00:00+00:00,5h,2023-10-20 16:08:56.089000+00:00,2023-10-21 10:07:12+00:00,0.04735864991529372,0.010816061423437249,0.7,0.2470040750598551,1.0,0.19589045186603335,0.19589045186603335,1,1
6532b9d597e822e6c88e8456,2023-10-20 17:00:00+00:00,2023-10-20 18:00:00+00:00,3h,2023-10-20 17:33:09.523000+00:00,2023-10-21 04:00:00+00:00,0.0428199036135596,0.010528547067333919,1.0,0.13853275164888001,1.0,0.23402367857017636,0.23402367857017636,1,1
653370fa97e822e6c88e881f,2023-10-21 06:00:00+00:00,2023-10-21 07:00:00+00:00,3h,2023-10-21 06:34:34.961000+00:00,2023-10-21 09:34:34.959000+00:00,0.14120734096432241,0.01883995049306945,1.0,0.13169072034085616,1.0,0.23764211436401292,0.23764211436401292,1,1
65352c5497e822e6c88e9023,2023-10-22 14:00:00+00:00,2023-10-22 15:00:00+00:00,5h,2023-10-22 14:06:12.610000+00:00,2023-10-23 05:04:22+00:00,0.059889154432811356,0.011650755736342607,0.7,0.25831630028622676,1.0,0.19865371349905092,0.19865371349905092,1,2
65352d6897e822e6c88e90c6,2023-10-22 14:00:00+00:00,2023-10-22 15:00:00+00:00,5h,2023-10-22 14:10:48.882000+00:00,2023-10-23 05:10:12+00:00,0.054687685022203496,0.011296808888789927,0.7,0.2390987299556454,1.0,0.19459783132440303,0.19459783132440303,2,2
653673ce97e822e6c88e98fe,2023-10-23 13:00:00+00:00,2023-10-23 14:00:00+00:00,5h,2023-10-23 13:23:26.419000+00:00,2023-10-24 15:21:49+00:00,0.02346011175884011,0.009384757938136193,0.7,0.18381101523143695,1.0,0.1823930578091691,0.1823930578091691,1,1
653682ec577c64ad568464d5,2023-10-23 14:00:00+00:00,2023-10-23 15:00:00+00:00,3h,2023-10-23 14:27:56.075000+00:00,2023-10-24 04:00:00+00:00,0.039486248285621486,0.010322200099054631,1.0,0.16317574753792563,1.0,0.23882846956701792,0.23882846956701792,1,2
65368358577c64ad5684656e,2023-10-23 14:00:00+00:00,2023-10-23 15:00:00+00:00,5h,2023-10-23 14:29:44.325000+00:00,2023-10-24 05:28:00+00:00,0.03368869579980212,0.00997283164633685,0.7,0.15474595814127134,1.0,0.17693289061605635,0.17693289061605635,2,2
65372fe0577c64ad56846b26,2023-10-24 02:00:00+00:00,2023-10-24 03:00:00+00:00,5h,2023-10-24 02:45:52.465000+00:00,2023-10-24 10:44:06+00:00,0.02953748989101552,0.009729890893690293,0.7,0.07547525524885346,1.0,0.16093298558598484,0.16093298558598484,1,1
6537b6108ca97e4c0c4e4790,2023-10-24 12:00:00+00:00,2023-10-24 13:00:00+00:00,5h,2023-10-24 12:18:24.365000+00:00,2023-10-25 07:05:43+00:00,0.036896590240178564,0.010164671561386082,0.7,0.20632189941232526,1.0,0.1873631828192967,0.1873631828192967,1,1
6538f2978ca97e4c0c4e57e2,2023-10-25 10:00:00+00:00,2023-10-25 11:00:00+00:00,3h,2023-10-25 10:48:55.210000+00:00,2023-10-25 13:48:55.206000+00:00,0.06155465242764905,0.011766388482391702,1.0,0.05969842399055081,1.0,0.2189995178875452,0.2189995178875452,1,1
6539d93b8ca97e4c0c4e5bab,2023-10-26 03:00:00+00:00,2023-10-26 04:00:00+00:00,3h,2023-10-26 03:12:59.644000+00:00,2023-10-26 06:12:59.640000+00:00,0.2611441707941374,0.03793765961866426,1.0,0.22983004990108424,1.0,0.26872860575141544,0.26872860575141544,1,1
653a07228ca97e4c0c4e5e4c,2023-10-26 06:00:00+00:00,2023-10-26 07:00:00+00:00,5h,2023-10-26 06:28:50.560000+00:00,2023-10-27 05:26:56+00:00,0.022609059103997027,0.009337404864765784,0.7,0.15894337969256223,1.0,0.1773911188573719,0.1773911188573719,1,1
653b93827941accd28f99680,2023-10-27 10:00:00+00:00,2023-10-27 11:00:00+00:00,5h,2023-10-27 10:40:02.575000+00:00,2023-10-28 05:02:48+00:00,0.01809744288652268,0.009090301409443998,0.7,0.10494730485651182,1.0,0.16644364181696875,0.16644364181696875,1,2
653b94947941accd28f99767,2023-10-27 10:00:00+00:00,2023-10-27 11:00:00+00:00,5h,2023-10-27 10:44:36.152000+00:00,2023-10-28 05:40:21+00:00,0.013557121735747359,0.008848168280333274,0.7,0.08198493836045151,1.0,0.16170588864029026,0.16170588864029026,2,2
653bed090da17b92bd8baf42,2023-10-27 17:00:00+00:00,2023-10-27 18:00:00+00:00,5h,2023-10-27 17:02:01.704000+00:00,2023-10-28 10:00:42+00:00,0.05690901758721849,0.011446645548072587,0.7,0.275348510937528,1.0,0.20193768951634913,0.20193768951634913,1,1
653ccfbebf08f60a7200336e,2023-10-28 09:00:00+00:00,2023-10-28 10:00:00+00:00,3h,2023-10-28 09:09:18.525000+00:00,2023-10-28 12:09:18.519000+00:00,0.2816182120101178,0.04268476268869869,1.0,0.24543816979919741,1.0,0.2746984915730587,0.2746984915730587,1,2
653cd0a5bf08f60a7200343b,2023-10-28 09:00:00+00:00,2023-10-28 10:00:00+00:00,3h,2023-10-28 09:13:09.146000+00:00,2023-10-28 12:13:09.131000+00:00,0.26026462073789913,0.037745515611696374,1.0,0.22915214479731438,1.0,0.2684777383264807,0.2684777383264807,2,2
653e58a809fa7bc8f5013371,2023-10-29 13:00:00+00:00,2023-10-29 14:00:00+00:00,3h,2023-10-29 13:05:44.829000+00:00,2023-10-30 04:00:00+00:00,0.06066835571169831,0.011704713921251832,1.0,0.2602216925698737,1.0,0.2590671668667258,0.2590671668667258,1,1
653f4a3b09fa7bc8f50138c9,2023-10-30 06:00:00+00:00,2023-10-30 07:00:00+00:00,3h,2023-10-30 06:16:27.871000+00:00,2023-10-30 09:16:27.866000+00:00,0.2418639082703279,0.03393393911843019,1.0,0.21483688760687703,1.0,0.26332774099243356,0.26332774099243356,1,1
65409d628f5664f27d7c67ee,2023-10-31 06:00:00+00:00,2023-10-31 07:00:00+00:00,3h,2023-10-31 06:23:30.808000+00:00,2023-10-31 09:23:30.800000+00:00,0.20270311311341713,0.02702012811471767,1.0,0.18347925769007012,1.0,0.2529079284068446,0.2529079284068446,1,1
6540f7828f5664f27d7c6cb5,2023-10-31 12:00:00+00:00,2023-10-31 13:00:00+00:00,5h,2023-10-31 12:48:02.228000+00:00,2023-11-01 07:45:58+00:00,0.010512836090670642,0.00868940887697266,0.7,0.06430000343411313,1.0,0.15807364601300622,0.15807364601300622,1,1
65422bdd8f5664f27d7c71f3,2023-11-01 10:00:00+00:00,2023-11-01 11:00:00+00:00,5h,2023-11-01 10:43:41.970000+00:00,2023-11-02 05:42:02+00:00,0.01431961303677319,0.008888380301390272,0.7,0.08657895054771314,1.0,0.16264881829037678,0.16264881829037678,1,1
65424888c3d975fe7dbe32e3,2023-11-01 12:00:00+00:00,2023-11-01 13:00:00+00:00,5h,2023-11-01 12:46:00.504000+00:00,2023-11-02 05:44:34+00:00,0.01373667119289003,0.008857621042247564,0.7,0.0747868273585135,1.0,0.16027193809705123,0.16027193809705123,1,1
654322f8c3d975fe7dbe3a22,2023-11-02 04:00:00+00:00,2023-11-02 05:00:00+00:00,3h,2023-11-02 04:18:00.724000+00:00,2023-11-02 07:18:00.720000+00:00,0.23326638269125285,0.03228291282019207,1.0,0.208057345953629,1.0,0.26098121688284104,0.26098121688284104,1,1
6544510a198243e83613742d,2023-11-03 01:00:00+00:00,2023-11-03 02:00:00+00:00,3h,2023-11-03 01:46:50.272000+00:00,2023-11-03 04:46:50.266000+00:00,0.07312300358685384,0.012601448657938925,1.0,0.0705134694191969,1.0,0.22166356307860274,0.22166356307860274,1,2
65445168198243e836137441,2023-11-03 01:00:00+00:00,2023-11-03 02:00:00+00:00,3h,2023-11-03 01:48:24.476000+00:00,2023-11-03 04:48:24.471000+00:00,0.06440040018537045,0.011966593712042277,1.0,0.06237047470894608,1.0,0.2196540511690146,0.2196540511690146,2,2
65445795198243e83613764a,2023-11-03 02:00:00+00:00,2023-11-03 03:00:00+00:00,3h,2023-11-03 02:14:45.964000+00:00,2023-11-03 05:14:45.959000+00:00,0.2512997459721046,0.03583969396632145,1.0,0.22221071207495124,1.0,0.2659459587947831,0.2659459587947831,1,2
65445fe6198243e836137840,2023-11-03 02:00:00+00:00,2023-11-03 03:00:00+00:00,5h,2023-11-03 02:50:14.514000+00:00,2023-11-03 10:48:45+00:00,0.020392758241710014,0.009215196449957457,0.7,0.05276841207178018,1.0,0.1560828002843305,0.1560828002843305,2,2
6544bb2d00df48c3e9c2c851,2023-11-03 09:00:00+00:00,2023-11-03 10:00:00+00:00,3h,2023-11-03 09:19:41.356000+00:00,2023-11-03 12:19:41.352000+00:00,0.223948601462445,0.030581285510177924,1.0,0.20064371464409925,1.0,0.2584775142349266,0.2584775142349266,1,1
654506dc00df48c3e9c2cf3a,2023-11-03 14:00:00+00:00,2023-11-03 15:00:00+00:00,5h,2023-11-03 14:42:36.210000+00:00,2023-11-04 05:39:09+00:00,0.019403901526580048,0.009161182678855214,0.7,0.09212377179538045,1.0,0.1639214639663892,0.1639214639663892,1,1
654620c700df48c3e9c2d484,2023-11-04 10:00:00+00:00,2023-11-04 11:00:00+00:00,3h,2023-11-04 10:45:27.669000+00:00,2023-11-04 13:45:27.666000+00:00,0.08077141132539205,0.01318540638797046,1.0,0.07759546073077173,1.0,0.22343033597893663,0.22343033597893663,1,1
65464c5200df48c3e9c2da9f,2023-11-04 13:00:00+00:00,2023-11-04 14:00:00+00:00,5h,2023-11-04 13:51:14.535000+00:00,2023-11-05 05:45:53+00:00,0.009173866653025706,0.008620478804009929,0.7,0.04748951738014762,1.0,0.15467019075843547,0.15467019075843547,1,1
654bcf212a27777be2862ce6,2023-11-08 18:00:00+00:00,2023-11-08 19:00:00+00:00,3h,2023-11-08 18:10:41.643000+00:00,2023-11-09 04:00:00+00:00,0.08366782992773107,0.01341345133257075,1.0,0.23960857428029037,1.0,0.2559697856556005,0.2559697856556005,1,1
654cfce5480368a817f6a525,2023-11-09 15:00:00+00:00,2023-11-09 16:00:00+00:00,5h,2023-11-09 15:38:13.442000+00:00,2023-11-10 10:37:42+00:00,0.01911050983406729,0.009145217329838898,0.7,0.11394618646077814,1.0,0.16827636769005894,0.16827636769005894,1,1
654d1296480368a817f6a731,2023-11-09 17:00:00+00:00,2023-11-09 18:00:00+00:00,5h,2023-11-09 17:10:46.944000+00:00,2023-11-10 10:07:06+00:00,0.04842738136188924,0.010884883694427937,0.7,0.23923525721143046,1.0,0.19437798165894285,0.19437798165894285,1,1
654f032afbd947d1ba51b68f,2023-11-11 04:00:00+00:00,2023-11-11 05:00:00+00:00,5h,2023-11-11 04:29:30.798000+00:00,2023-11-11 15:25:58+00:00,0.046441531947356916,0.010757345745240333,0.7,0.1558039761066342,1.0,0.17761520266847103,0.17761520266847103,1,2
654f06d2fbd947d1ba51b7d4,2023-11-11 04:00:00+00:00,2023-11-11 05:00:00+00:00,5h,2023-11-11 04:45:06.229000+00:00,2023-11-11 15:39:48+00:00,0.02275281834925416,0.009345387068449135,0.7,0.07942478817922627,1.0,0.16149218987691472,0.16149218987691472,2,2
654f89beb2fe9632df0d2eaa,2023-11-11 14:00:00+00:00,2023-11-11 15:00:00+00:00,5h,2023-11-11 14:03:42.762000+00:00,2023-11-12 07:02:22+00:00,0.055256546228537734,0.01133499486369541,0.7,0.2685359623627146,1.0,0.20050818939076015,0.20050818939076015,1,1
6550da05b2fe9632df0d388d,2023-11-12 13:00:00+00:00,2023-11-12 14:00:00+00:00,5h,2023-11-12 13:58:29.580000+00:00,2023-11-13 05:57:13+00:00,0.0015718815049591975,0.008239281602235766,0.7,0.008337272772616533,1.0,0.14661102351586475,0.14661102351586475,1,2
6550da30b2fe9632df0d389f,2023-11-12 13:00:00+00:00,2023-11-12 14:00:00+00:00,5h,2023-11-12 13:59:12.875000+00:00,2023-11-13 05:58:37+00:00,0.0008186522421734023,0.008202433950276625,0.7,0.004353920014160351,1.0,0.14579224437299804,0.14579224437299804,2,2
6550da70b2fe9632df0d38c8,2023-11-12 14:00:00+00:00,2023-11-12 15:00:00+00:00,5h,2023-11-12 14:00:16.581000+00:00,2023-11-13 05:59:17+00:00,0.06227655380820219,0.01181686049679083,0.7,0.2823677699356364,1.0,0.20356367028520175,0.20356367028520175,1,3
6550dab0b2fe9632df0d38d6,2023-11-12 14:00:00+00:00,2023-11-12 15:00:00+00:00,5h,2023-11-12 14:01:20.361000+00:00,2023-11-13 05:00:43+00:00,0.06522362629448127,0.012025134671713738,0.7,0.2781172143398053,1.0,0.20283852367098928,0.20283852367098928,2,3
6550db54b2fe9632df0d3953,2023-11-12 14:00:00+00:00,2023-11-12 15:00:00+00:00,5h,2023-11-12 14:04:04.992000+00:00,2023-11-13 05:01:35+00:00,0.06230283196986711,0.01181870177412571,0.7,0.26702881497817665,1.0,0.20049698406011074,0.20049698406011074,3,3
6551a69ab2fe9632df0d5171,2023-11-13 04:00:00+00:00,2023-11-13 05:00:00+00:00,3h,2023-11-13 04:31:22.737000+00:00,2023-11-13 07:31:22.734000+00:00,0.15900587750163264,0.020918832149437964,1.0,0.14700861682844968,1.0,0.24195302265535273,0.24195302265535273,1,1
6552f8366bdff319bfbdafad,2023-11-14 04:00:00+00:00,2023-11-14 05:00:00+00:00,3h,2023-11-14 04:31:50.545000+00:00,2023-11-14 07:31:50.541000+00:00,0.15643107645595425,0.020604752347851342,1.0,0.14480949202354265,1.0,0.24132474981341934,0.24132474981341934,1,1
655441fa09f80bbb5325774d,2023-11-15 03:00:00+00:00,2023-11-15 04:00:00+00:00,3h,2023-11-15 03:58:50.716000+00:00,2023-11-15 06:58:50.713000+00:00,0.0064151869671815655,0.0084801664079116,1.0,0.006394651816622354,1.0,0.20636703020807143,0.20636703020807143,1,2
65543ff609f80bbb532576a1,2023-11-15 03:00:00+00:00,2023-11-15 04:00:00+00:00,5h,2023-11-15 03:50:14.581000+00:00,2023-11-15 15:48:15+00:00,0.013588981109956242,0.00884984485472401,0.7,0.05276253570944234,1.0,0.15586241405472284,0.15586241405472284,2,2
6554451009f80bbb53257848,2023-11-15 04:00:00+00:00,2023-11-15 05:00:00+00:00,3h,2023-11-15 04:12:00.425000+00:00,2023-11-15 07:12:00.418000+00:00,0.26662748762892713,0.03915687749604237,1.0,0.23404152034379688,1.0,0.2703024305663848,0.2703024305663848,1,3
65544cf109f80bbb53257ef3,2023-11-15 04:00:00+00:00,2023-11-15 05:00:00+00:00,3h,2023-11-15 04:45:37.922000+00:00,2023-11-15 07:45:37.917000+00:00,0.07982207399170091,0.013111497421192622,1.0,0.07671935847441047,1.0,0.2232107701475977,0.2232107701475977,2,3
6554467909f80bbb53257887,2023-11-15 04:00:00+00:00,2023-11-15 05:00:00+00:00,5h,2023-11-15 04:18:01.076000+00:00,2023-11-15 15:12:25+00:00,0.06415364903416174,0.011949101736835771,0.7,0.20803153406871322,1.0,0.18877576785584407,0.18877576785584407,3,3
6554ac9109f80bbb53258cdc,2023-11-15 11:00:00+00:00,2023-11-15 12:00:00+00:00,3h,2023-11-15 11:33:37.622000+00:00,2023-11-16 04:00:00+00:00,0.02673731697634725,0.00956933547843174,1.0,0.13628850302759,1.0,0.23299930189257706,0.23299930189257706,1,2
6554acdc09f80bbb53258cf4,2023-11-15 11:00:00+00:00,2023-11-15 12:00:00+00:00,3h,2023-11-15 11:34:52.580000+00:00,2023-11-16 04:00:00+00:00,0.025503058668437908,0.009499401742449867,1.0,0.13027301412924763,1.0,0.23175424387131946,0.23175424387131946,2,2
6554cefc09f80bbb5325939d,2023-11-15 14:00:00+00:00,2023-11-15 15:00:00+00:00,5h,2023-11-15 14:00:28.473000+00:00,2023-11-16 05:55:44+00:00,0.06231342861071486,0.011819444347460161,0.7,0.28157714190865124,1.0,0.20340709499020634,0.20340709499020634,1,1
65557efa6a0125b9d7b9fdba,2023-11-16 02:00:00+00:00,2023-11-16 03:00:00+00:00,3h,2023-11-16 02:31:22.254000+00:00,2023-11-16 05:31:22.249000+00:00,0.1590506291901061,0.020924332275916162,1.0,0.14704676364562996,1.0,0.2419639520946757,0.2419639520946757,1,1
65559b0f6a0125b9d7ba0232,2023-11-16 04:00:00+00:00,2023-11-16 05:00:00+00:00,3h,2023-11-16 04:31:11.555000+00:00,2023-11-16 07:31:11.551000+00:00,0.16004126297824556,0.021046447384906183,1.0,0.14789132179063058,1.0,0.24220613278906983,0.24220613278906983,1,2
65559ab06a0125b9d7ba0183,2023-11-16 04:00:00+00:00,2023-11-16 05:00:00+00:00,5h,2023-11-16 04:29:36.047000+00:00,2023-11-16 15:27:32+00:00,0.046204153703395076,0.01074219975982635,0.7,0.1553935814841475,1.0,0.1775240361527253,0.1775240361527253,2,2
6556be0a6a0125b9d7ba1249,2023-11-17 01:00:00+00:00,2023-11-17 02:00:00+00:00,5h,2023-11-17 01:12:42.177000+00:00,2023-11-17 10:10:35+00:00,0.08793228283748217,0.013756303803314666,0.7,0.2310746504445631,1.0,0.1944687123709014,0.1944687123709014,1,1
6556d53b6a0125b9d7ba1578,2023-11-17 02:00:00+00:00,2023-11-17 03:00:00+00:00,5h,2023-11-17 02:51:39.650000+00:00,2023-11-17 10:51:00+00:00,0.017397215263374753,0.009052534851183465,0.7,0.045271912050810936,1.0,0.15448590332087225,0.15448590332087225,1,2
6556d5a96a0125b9d7ba1685,2023-11-17 02:00:00+00:00,2023-11-17 03:00:00+00:00,5h,2023-11-17 02:53:29.334000+00:00,2023-11-17 10:52:56+00:00,0.013580510164090617,0.00884939904716709,0.7,0.03552636052567071,1.0,0.1524149115334344,0.1524149115334344,2,2
65570d7e6a0125b9d7ba1e14,2023-11-17 06:00:00+00:00,2023-11-17 07:00:00+00:00,3h,2023-11-17 06:51:42.883000+00:00,2023-11-17 09:51:42.881000+00:00,0.04602936037580748,0.010731060509007911,1.0,0.04498606964807672,1.0,0.2154358502350201,0.2154358502350201,1,2
655706556a0125b9d7ba1d3b,2023-11-17 06:00:00+00:00,2023-11-17 07:00:00+00:00,5h,2023-11-17 06:21:09.188000+00:00,2023-11-17 15:20:19+00:00,0.07205024870005426,0.012521611898472583,0.7,0.19411636949557032,1.0,0.18633624103819763,0.18633624103819763,2,2
65581e204c450e5d893bf6a4,2023-11-18 02:00:00+00:00,2023-11-18 03:00:00+00:00,5h,2023-11-18 02:14:56.864000+00:00,2023-11-18 10:13:43+00:00,0.09410022983947441,0.014267530592309322,0.7,0.2214253247713226,1.0,0.1928455833096501,0.1928455833096501,1,1
655878d64c450e5d893bfd97,2023-11-18 08:00:00+00:00,2023-11-18 09:00:00+00:00,3h,2023-11-18 08:41:58.383000+00:00,2023-11-18 11:41:58.380000+00:00,0.10014975004159724,0.014787115750429267,1.0,0.0952980460917704,1.0,0.22793187866861167,0.22793187866861167,1,1
65596cfc4c450e5d893c04cc,2023-11-19 02:00:00+00:00,2023-11-19 03:00:00+00:00,5h,2023-11-19 02:03:40.693000+00:00,2023-11-19 10:01:25+00:00,0.11789250652388002,0.016420870718715053,0.7,0.2686760784867065,1.0,0.2035877381285703,0.2035877381285703,1,1
655a04496334442d4839c502,2023-11-19 12:00:00+00:00,2023-11-19 13:00:00+00:00,5h,2023-11-19 12:49:13.704000+00:00,2023-11-20 07:41:09+00:00,0.009516206776158349,0.00863805070682249,0.7,0.05808686517777417,1.0,0.1568002034596483,0.1568002034596483,1,3
655a04f46334442d4839c586,2023-11-19 12:00:00+00:00,2023-11-19 13:00:00+00:00,5h,2023-11-19 12:52:04.518000+00:00,2023-11-20 05:50:14+00:00,0.007783369320433917,0.008549469794995716,0.7,0.04307102933184703,1.0,0.1537438877433668,0.1537438877433668,2,3
655a05986334442d4839c617,2023-11-19 12:00:00+00:00,2023-11-19 13:00:00+00:00,5h,2023-11-19 12:54:48.931000+00:00,2023-11-20 05:52:42+00:00,0.00509339067273662,0.008413741701096987,0.7,0.028391841762212322,1.0,0.15072661337310064,0.15072661337310064,3,3
655a36486334442d4839c8c8,2023-11-19 16:00:00+00:00,2023-11-19 17:00:00+00:00,5h,2023-11-19 16:22:32.182000+00:00,2023-11-20 10:21:13+00:00,0.03473098872143427,0.010034766934578703,0.7,0.18789959606340967,1.0,0.18360077937342914,0.18360077937342914,1,1
655b33496334442d4839d3fa,2023-11-20 10:00:00+00:00,2023-11-20 11:00:00+00:00,3h,2023-11-20 10:22:01.047000+00:00,2023-11-20 13:22:01.043000+00:00,0.21101424482009068,0.02836251133540425,1.0,0.19023740483674634,1.0,0.2550649877685918,0.2550649877685918,1,1
655bac3b6334442d4839d983,2023-11-20 18:00:00+00:00,2023-11-20 19:00:00+00:00,5h,2023-11-20 18:58:03.867000+00:00,2023-11-21 10:55:59+00:00,0.0020205781863958452,0.00826130962118994,0.7,0.010695448123865803,1.0,0.1470958753974871,0.1470958753974871,1,1
655c60e06334442d4839e211,2023-11-21 07:00:00+00:00,2023-11-21 08:00:00+00:00,3h,2023-11-21 07:48:48.363000+00:00,2023-11-21 10:48:48.360000+00:00,0.0621886283857301,0.011810701734848392,1.0,0.06029436884778605,1.0,0.21914529481046627,0.21914529481046627,1,2
655c628b6334442d4839e260,2023-11-21 07:00:00+00:00,2023-11-21 08:00:00+00:00,3h,2023-11-21 07:55:55.874000+00:00,2023-11-21 10:55:55.870000+00:00,0.022604267631210238,0.0093371389355177,1.0,0.02235069711250326,1.0,0.2100724227838113,0.2100724227838113,2,2
655c872e6334442d4839e699,2023-11-21 10:00:00+00:00,2023-11-21 11:00:00+00:00,3h,2023-11-21 10:32:14.401000+00:00,2023-11-21 13:32:14.398000+00:00,0.15422217246912198,0.020338988105881157,1.0,0.14291838335705287,1.0,0.24078706953493928,0.24078706953493928,1,1
655d5fea6334442d4839ed75,2023-11-22 01:00:00+00:00,2023-11-22 02:00:00+00:00,3h,2023-11-22 01:56:58.871000+00:00,2023-11-22 04:56:58.868000+00:00,0.016771208362372694,0.009018903014274545,1.0,0.01663134999667859,1.0,0.20873761180790046,0.20873761180790046,1,2
655d60506334442d4839eda3,2023-11-22 01:00:00+00:00,2023-11-22 02:00:00+00:00,3h,2023-11-22 01:58:40.122000+00:00,2023-11-22 04:58:40.118000+00:00,0.007396113850412537,0.00852979712942048,1.0,0.007368827187741234,1.0,0.20659164371520053,0.20659164371520053,2,2
655eeb226334442d4839f66b,2023-11-23 06:00:00+00:00,2023-11-23 07:00:00+00:00,3h,2023-11-23 06:03:14.402000+00:00,2023-11-23 09:03:14.398000+00:00,0.3153332649382463,0.05175948829511554,1.0,0.2704542130486519,1.0,0.28514653558679975,0.28514653558679975,1,1
656035e46334442d4839ff06,2023-11-24 05:00:00+00:00,2023-11-24 06:00:00+00:00,5h,2023-11-24 05:34:28.891000+00:00,2023-11-25 05:26:23+00:00,0.017821391827505306,0.009075394076495467,0.7,0.13217860519810476,1.0,0.17188095748551824,0.17188095748551824,1,2
65603abb6334442d4839ffaa,2023-11-24 05:00:00+00:00,2023-11-24 06:00:00+00:00,5h,2023-11-24 05:55:07.783000+00:00,2023-11-25 05:53:34+00:00,0.00338581634275547,0.008328693541628561,0.7,0.026694364654492042,1.0,0.15033608905587553,0.15033608905587553,2,2
65606d07f262a21f35ea4923,2023-11-24 09:00:00+00:00,2023-11-24 10:00:00+00:00,3h,2023-11-24 09:29:43.126000+00:00,2023-11-24 12:29:43.120000+00:00,0.1682291675347227,0.02208282125221171,1.0,0.15483979178403784,1.0,0.24421765110813462,0.24421765110813462,1,1
65608c3ef262a21f35ea4ca3,2023-11-24 11:00:00+00:00,2023-11-24 12:00:00+00:00,5h,2023-11-24 11:42:54.672000+00:00,2023-11-25 05:41:10+00:00,0.01584856328419882,0.008969560067030573,0.7,0.09057048056655437,1.0,0.16349583215352922,0.16349583215352922,1,1
6560b4e4f262a21f35ea4f4f,2023-11-24 14:00:00+00:00,2023-11-24 15:00:00+00:00,5h,2023-11-24 14:36:20.066000+00:00,2023-11-25 05:34:00+00:00,0.026363455996808314,0.009548098655113907,0.7,0.12319912984745218,1.0,0.17036868516255876,0.17036868516255876,1,1
6560c240f262a21f35ea50b6,2023-11-24 15:00:00+00:00,2023-11-24 16:00:00+00:00,5h,2023-11-24 15:33:20.354000+00:00,2023-11-25 10:30:46+00:00,0.023439531951972438,0.00938361006387751,0.7,0.137668378315707,1.0,0.1731638417014679,0.1731638417014679,1,1
65618b0df262a21f35ea5a2d,2023-11-25 05:00:00+00:00,2023-11-25 06:00:00+00:00,3h,2023-11-25 05:50:05.513000+00:00,2023-11-25 08:50:05.510000+00:00,0.05504510788290034,0.011320786754602952,1.0,0.05355753055343826,1.0,0.21750397816344944,0.21750397816344944,1,1
6561ff98f262a21f35ea6128,2023-11-25 14:00:00+00:00,2023-11-25 15:00:00+00:00,5h,2023-11-25 14:07:20.373000+00:00,2023-11-26 07:03:48+00:00,0.05180767239886215,0.011105425385444108,0.7,0.25364808609691414,1.0,0.19739287245064926,0.19739287245064926,1,1
65635465f262a21f35ea6908,2023-11-26 14:00:00+00:00,2023-11-26 15:00:00+00:00,5h,2023-11-26 14:21:25.379000+00:00,2023-11-27 05:20:20+00:00,0.042915310371792546,0.0105345122506345,0.7,0.19290730955477198,1.0,0.1849021692613351,0.1849021692613351,1,2
656354d7f262a21f35ea6933,2023-11-26 14:00:00+00:00,2023-11-26 15:00:00+00:00,5h,2023-11-26 14:23:19.800000+00:00,2023-11-27 05:21:32+00:00,0.04082594512749526,0.010404639408706244,0.7,0.18431108002372465,1.0,0.18310499964996865,0.18310499964996865,2,2
65636072f262a21f35ea6a5d,2023-11-26 15:00:00+00:00,2023-11-26 16:00:00+00:00,5h,2023-11-26 15:12:50.071000+00:00,2023-11-27 10:10:45+00:00,0.041449021499531696,0.01044320254449459,0.7,0.23051241752119256,1.0,0.19236840503093525,0.19236840503093525,1,1
65636b83f262a21f35ea6afe,2023-11-26 16:00:00+00:00,2023-11-26 17:00:00+00:00,5h,2023-11-26 16:00:03.795000+00:00,2023-11-27 10:58:41+00:00,0.05263981452402802,0.01116039142498148,0.7,0.2832168640434045,1.0,0.20333960766366976,0.20333960766366976,1,1
6564a0dcf262a21f35ea7790,2023-11-27 13:00:00+00:00,2023-11-27 14:00:00+00:00,5h,2023-11-27 13:59:56.597000+00:00,2023-11-28 05:59:18+00:00,5.9119476292125824e-05,0.008165443421903609,0.7,0.00031504295613515865,1.0,0.1449622746443692,0.1449622746443692,1,1
6564a248f262a21f35ea7830,2023-11-27 14:00:00+00:00,2023-11-27 15:00:00+00:00,5h,2023-11-27 14:06:00.744000+00:00,2023-11-28 05:02:15+00:00,0.06023804401868433,0.011674885208804116,0.7,0.2591307434163076,1.0,0.19883107980854398,0.19883107980854398,1,1
6565cc0ff262a21f35ea81f1,2023-11-28 11:00:00+00:00,2023-11-28 12:00:00+00:00,5h,2023-11-28 11:16:31.443000+00:00,2023-11-29 05:14:02+00:00,0.040348561884780046,0.010375188804922003,0.7,0.21457715922847131,1.0,0.18914054512864745,0.18914054512864745,1,1
6566d5fe1a3e7cdd80c6522e,2023-11-29 06:00:00+00:00,2023-11-29 07:00:00+00:00,3h,2023-11-29 06:11:10.120000+00:00,2023-11-29 09:11:10.115000+00:00,0.2712853107802365,0.040221990842642434,1.0,0.2376009595126103,1.0,0.27165338640810754,0.27165338640810754,1,1
6566f954852af0bbec46d5d8,2023-11-29 08:00:00+00:00,2023-11-29 09:00:00+00:00,5h,2023-11-29 08:41:56.836000+00:00,2023-11-30 09:29:47+00:00,0.012133550017898476,0.00877357436227094,0.7,0.09542762698894436,1.0,0.16434967001515144,0.16434967001515144,1,1
6566feaf852af0bbec46d718,2023-11-29 09:00:00+00:00,2023-11-29 10:00:00+00:00,3h,2023-11-29 09:04:48.022000+00:00,2023-11-29 12:04:47.966000+00:00,0.3066662197507691,0.04926588048597345,1.0,0.2641026423031121,1.0,0.2823800567522065,0.2823800567522065,1,1
65685062852af0bbec46dd6f,2023-11-30 09:00:00+00:00,2023-11-30 10:00:00+00:00,3h,2023-11-30 09:05:38.015000+00:00,2023-11-30 12:05:38.008000+00:00,0.30203584391212107,0.047980769634738206,1.0,0.2606882906735706,1.0,0.28092611991555705,0.28092611991555705,1,2
65685162852af0bbec46dd92,2023-11-30 09:00:00+00:00,2023-11-30 10:00:00+00:00,3h,2023-11-30 09:09:54.914000+00:00,2023-11-30 12:09:54.912000+00:00,0.278248755231251,0.04186624600088043,1.0,0.2428914975911779,1.0,0.2736980471187639,0.2736980471187639,2,2
65686859852af0bbec46df52,2023-11-30 10:00:00+00:00,2023-11-30 11:00:00+00:00,5h,2023-11-30 10:47:53.458000+00:00,2023-12-01 05:42:54+00:00,0.01066866692485355,0.008697466447963657,0.7,0.06505951806813792,1.0,0.15823038348240576,0.15823038348240576,1,1
6573f45a12e961a55ca026cd,2023-12-09 05:00:00+00:00,2023-12-09 06:00:00+00:00,3h,2023-12-09 05:00:10.916000+00:00,2023-12-09 08:00:10.911000+00:00,0.3323227464457159,0.05699739278170354,1.0,0.28274409591219185,1.0,0.29074725485146047,0.29074725485146047,1,2
6573f4b312e961a55ca026f6,2023-12-09 05:00:00+00:00,2023-12-09 06:00:00+00:00,5h,2023-12-09 05:01:39.212000+00:00,2023-12-09 15:00:18+00:00,0.09746397901844572,0.014554176908373979,0.7,0.2768560943749212,1.0,0.20410372502000862,0.20410372502000862,2,2
65740fba12e961a55ca02a50,2023-12-09 06:00:00+00:00,2023-12-09 07:00:00+00:00,3h,2023-12-09 06:56:58.298000+00:00,2023-12-09 09:56:58.295000+00:00,0.01682426393266591,0.009021748583822618,1.0,0.01668352178270671,1.0,0.20874975350683492,0.20874975350683492,1,1
6574375a12e961a55ca02c69,2023-12-09 09:00:00+00:00,2023-12-09 10:00:00+00:00,3h,2023-12-09 09:46:02.398000+00:00,2023-12-09 12:46:02.396000+00:00,0.07755575510291761,0.01293670598075527,1.0,0.07462455815356639,1.0,0.22268693521916644,0.22268693521916644,1,1
6576b8638bd4b73dac11b258,2023-12-11 07:00:00+00:00,2023-12-11 08:00:00+00:00,3h,2023-12-11 07:21:07.656000+00:00,2023-12-11 10:21:07.648000+00:00,0.21595793774662056,0.029191479736008934,1.0,0.19423067747334366,1.0,0.2563610233362741,0.2563610233362741,1,1
6577221f6c7512b40dd4d96e,2023-12-11 14:00:00+00:00,2023-12-11 15:00:00+00:00,5h,2023-12-11 14:52:15.514000+00:00,2023-12-12 05:50:51+00:00,0.008615075824411561,0.00859187284269176,0.7,0.04209623771552029,1.0,0.1535743712487191,0.1535743712487191,1,2
657723b16c7512b40dd4da1b,2023-12-11 14:00:00+00:00,2023-12-11 15:00:00+00:00,5h,2023-12-11 14:58:57.785000+00:00,2023-12-12 05:57:31+00:00,0.0011539842318808108,0.008218818020988419,0.7,0.005744087430021416,1.0,0.14608010829859733,0.14608010829859733,2,2
657944039b6741ad23d86350,2023-12-13 05:00:00+00:00,2023-12-13 06:00:00+00:00,3h,2023-12-13 05:41:23.340000+00:00,2023-12-13 08:41:23.326000+00:00,0.10339457847445357,0.01507344439733663,1.0,0.09822879532123019,1.0,0.22868982570264804,0.22868982570264804,1,2
657944729b6741ad23d8641c,2023-12-13 05:00:00+00:00,2023-12-13 06:00:00+00:00,5h,2023-12-13 05:43:14.283000+00:00,2023-12-13 15:42:45+00:00,0.027959325915021378,0.009639077417321637,0.7,0.0889176079143823,1.0,0.16356696803326942,0.16356696803326942,2,2
6579ba8088830ad31f11aac4,2023-12-13 14:00:00+00:00,2023-12-13 15:00:00+00:00,5h,2023-12-13 14:06:56.921000+00:00,2023-12-14 05:05:51+00:00,0.059017954121363604,0.011590717820635423,0.7,0.2552670170811473,1.0,0.1980078341086107,0.1980078341086107,1,1
657a746a88830ad31f11ae0b,2023-12-14 03:00:00+00:00,2023-12-14 04:00:00+00:00,5h,2023-12-14 03:20:10.728000+00:00,2023-12-14 15:17:27+00:00,0.05551763405529178,0.011352563613466237,0.7,0.1984668027505443,1.0,0.1865048987181886,0.1865048987181886,1,1
657bb019f20b51302c7dc80b,2023-12-15 01:00:00+00:00,2023-12-15 02:00:00+00:00,5h,2023-12-15 01:47:05.090000+00:00,2023-12-15 10:45:20+00:00,0.02399480289618395,0.009414630058280832,0.7,0.06923730420103746,1.0,0.15949623887517597,0.15949623887517597,1,1
657bf1f50874f51590317a09,2023-12-15 06:00:00+00:00,2023-12-15 07:00:00+00:00,5h,2023-12-15 06:28:05.046000+00:00,2023-12-15 15:27:32+00:00,0.059163862005674056,0.011600751561135894,0.7,0.1624803522478715,1.0,0.17945652138625584,0.17945652138625584,1,1
657c5273d2d36e2d3741d8d2,2023-12-15 13:00:00+00:00,2023-12-15 14:00:00+00:00,5h,2023-12-15 13:19:47.862000+00:00,2023-12-16 07:17:45+00:00,0.0372950639838145,0.010188754859550838,0.7,0.20016203142644062,1.0,0.1861456592010186,0.1861456592010186,1,1
657efc8301273c09fae00af3,2023-12-17 13:00:00+00:00,2023-12-17 14:00:00+00:00,5h,2023-12-17 13:49:55.279000+00:00,2023-12-18 09:47:08+00:00,0.008418461553196628,0.008581830041557657,0.7,0.054453947640628275,1.0,0.15603988755306025,0.15603988755306025,1,1
65802dd401273c09fae0106a,2023-12-18 11:00:00+00:00,2023-12-18 12:00:00+00:00,5h,2023-12-18 11:32:36.039000+00:00,2023-12-19 07:31:36+00:00,0.022851847250792923,0.009350889560062248,0.7,0.14119948311698016,1.0,0.17385043035943337,0.17385043035943337,1,2
65802e6901273c09fae0109d,2023-12-18 11:00:00+00:00,2023-12-18 12:00:00+00:00,5h,2023-12-18 11:35:05.884000+00:00,2023-12-19 05:32:48+00:00,0.02310651262943514,0.009365054657653247,0.7,0.12920097917253792,1.0,0.1714592286290995,0.1714592286290995,2,2
6580fa7c01273c09fae0129c,2023-12-19 02:00:00+00:00,2023-12-19 03:00:00+00:00,5h,2023-12-19 02:05:48.093000+00:00,2023-12-19 10:03:21+00:00,0.11349309164337149,0.01599993268938629,0.7,0.25999808133741065,1.0,0.20159957588111388,0.20159957588111388,1,2
6580fb4201273c09fae0133c,2023-12-19 02:00:00+00:00,2023-12-19 03:00:00+00:00,5h,2023-12-19 02:09:06.791000+00:00,2023-12-19 10:07:17+00:00,0.10641989397846492,0.015345317330742018,0.7,0.24625754205734918,1.0,0.198458698809915,0.198458698809915,2,2
6581540da5083abd7195b15c,2023-12-19 08:00:00+00:00,2023-12-19 09:00:00+00:00,3h,2023-12-19 08:27:57.355000+00:00,2023-12-19 11:27:57.343000+00:00,0.1780228829883885,0.02338808375118095,1.0,0.1630765624897471,1.0,0.24664816274865803,0.24664816274865803,1,1
65816075a5083abd7195b224,2023-12-19 09:00:00+00:00,2023-12-19 10:00:00+00:00,3h,2023-12-19 09:20:53.723000+00:00,2023-12-19 12:20:53.720000+00:00,0.2172479307170178,0.029411626133848876,1.0,0.1952695242593191,1.0,0.25670088053217316,0.25670088053217316,1,1
6582d59557fb10f190e0f226,2023-12-20 11:00:00+00:00,2023-12-20 12:00:00+00:00,5h,2023-12-20 11:52:53.023000+00:00,2023-12-21 05:48:40+00:00,0.006614980590028251,0.008490251841388826,0.7,0.038763600865654335,1.0,0.15284687127796415,0.15284687127796415,1,1
6582fd7657fb10f190e0f383,2023-12-20 14:00:00+00:00,2023-12-20 15:00:00+00:00,5h,2023-12-20 14:43:02.857000+00:00,2023-12-21 05:41:50+00:00,0.018861429391874147,0.009131684881806967,0.7,0.08988098964046554,1.0,0.16345520885717726,0.16345520885717726,1,1
6584fb6057fb10f190e0fb59,2023-12-22 02:00:00+00:00,2023-12-22 03:00:00+00:00,5h,2023-12-22 02:58:40.489000+00:00,2023-12-22 10:57:50+00:00,0.0027656470400487855,0.008298016616784632,0.7,0.007335095536801894,1.0,0.14644582907743114,0.14644582907743114,1,1
65850ad757fb10f190e0fc2e,2023-12-22 04:00:00+00:00,2023-12-22 05:00:00+00:00,3h,2023-12-22 04:04:39.495000+00:00,2023-12-22 07:04:39.491000+00:00,0.30745428053862245,0.04948782379582558,1.0,0.2646834312151226,1.0,0.2826293805205199,0.2826293805205199,1,1
6585a1a157fb10f190e1009a,2023-12-22 14:00:00+00:00,2023-12-22 15:00:00+00:00,5h,2023-12-22 14:48:01.637000+00:00,2023-12-23 05:46:53+00:00,0.013319948913584848,0.008835697138284122,0.7,0.06435120561629715,1.0,0.1581716594062299,0.1581716594062299,1,1
658978eb57fb10f190e10afc,2023-12-25 12:00:00+00:00,2023-12-25 13:00:00+00:00,5h,2023-12-25 12:43:23.739000+00:00,2023-12-26 05:36:48+00:00,0.01638472343245813,0.00899820119434439,0.7,0.08811955534572491,1.0,0.1630228317857516,0.1630228317857516,1,2
6589798e57fb10f190e10bff,2023-12-25 12:00:00+00:00,2023-12-25 13:00:00+00:00,5h,2023-12-25 12:46:06.195000+00:00,2023-12-26 05:45:34+00:00,0.013631435687450285,0.008852079482637753,0.7,0.07429916294251993,1.0,0.16017108027808663,0.16017108027808663,2,2
6589a5e357fb10f190e10dac,2023-12-25 15:00:00+00:00,2023-12-25 16:00:00+00:00,5h,2023-12-25 15:55:15.329000+00:00,2023-12-26 10:53:50+00:00,0.004167055126416403,0.008367497938836255,0.7,0.026014074769385,1.0,0.15022331371717873,0.15022331371717873,1,1
658a417a57fb10f190e10f4a,2023-12-26 02:00:00+00:00,2023-12-26 03:00:00+00:00,5h,2023-12-26 02:59:06.385000+00:00,2023-12-26 10:58:29+00:00,0.0018640516517708838,0.008253618585536604,0.7,0.0049520498228164955,1.0,0.14594258111588523,0.14594258111588523,1,1
658a529857fb10f190e1124b,2023-12-26 04:00:00+00:00,2023-12-26 05:00:00+00:00,5h,2023-12-26 04:12:08.623000+00:00,2023-12-26 15:10:59+00:00,0.07263722782102483,0.01256523409666357,0.7,0.2334598803940976,1.0,0.19423111653681766,0.19423111653681766,1,1
658c4b9f46151b63c19d3f7a,2023-12-27 16:00:00+00:00,2023-12-27 17:00:00+00:00,5h,2023-12-27 16:06:55.483000+00:00,2023-12-28 05:00:00+00:00,0.06865474097746883,0.01227218857936598,0.7,0.25536617029750774,1.0,0.19843654720712112,0.19843654720712112,1,2
658c4d8a46151b63c19d400b,2023-12-27 16:00:00+00:00,2023-12-27 17:00:00+00:00,5h,2023-12-27 16:15:06.104000+00:00,2023-12-28 05:00:00+00:00,0.05869835064776371,0.011568769404103714,0.7,0.22075892585251622,1.0,0.19109304681296546,0.19109304681296546,2,2
658ccc6b46151b63c19d40e1,2023-12-28 01:00:00+00:00,2023-12-28 02:00:00+00:00,3h,2023-12-28 01:16:27.453000+00:00,2023-12-28 04:16:27.446000+00:00,0.24190265678875902,0.033941561567171964,1.0,0.21486727573926778,1.0,0.26333839208815674,0.26333839208815674,1,1
658cedf946151b63c19d4433,2023-12-28 03:00:00+00:00,2023-12-28 04:00:00+00:00,3h,2023-12-28 03:39:37.747000+00:00,2023-12-28 06:39:37.742000+00:00,0.11317162646834557,0.01596959426015724,1.0,0.10700256823612031,1.0,0.2309822702033184,0.2309822702033184,1,1
658d033146151b63c19d46e8,2023-12-28 05:00:00+00:00,2023-12-28 06:00:00+00:00,3h,2023-12-28 05:10:09.618000+00:00,2023-12-28 08:10:09.614000+00:00,0.27688732477308325,0.04153979933306563,1.0,0.24186000636690985,1.0,0.2732958808732214,0.2732958808732214,1,1
658d4ed446151b63c19d4ca9,2023-12-28 10:00:00+00:00,2023-12-28 11:00:00+00:00,3h,2023-12-28 10:32:52.522000+00:00,2023-12-28 13:32:52.488000+00:00,0.15069288181092422,0.019921312775959724,1.0,0.1398877778772858,1.0,0.23993034324103302,0.23993034324103302,1,1
658f789934efef1b6dc36217,2023-12-30 01:00:00+00:00,2023-12-30 02:00:00+00:00,3h,2023-12-30 01:55:37.790000+00:00,2023-12-30 04:55:37.784000+00:00,0.024278717191879916,0.00943053004160497,1.0,0.0239863467719309,1.0,0.21045558737934916,0.21045558737934916,1,1
659391a982e4f564d2329c04,2024-01-02 04:00:00+00:00,2024-01-02 05:00:00+00:00,3h,2024-01-02 04:31:37.564000+00:00,2024-01-02 07:31:37.519000+00:00,0.157633619769712,0.020750862465654822,1.0,0.14583676601673934,1.0,0.24161787068274077,0.24161787068274077,1,1
6594c275c93fc5b0ee38c516,2024-01-03 02:00:00+00:00,2024-01-03 03:00:00+00:00,3h,2024-01-03 02:12:05.338000+00:00,2024-01-03 05:12:05.328000+00:00,0.26617265386356836,0.03905433157895146,1.0,0.23369300089160483,1.0,0.2701711991256919,0.2701711991256919,1,1
6595345ec93fc5b0ee38c9c4,2024-01-03 10:00:00+00:00,2024-01-03 11:00:00+00:00,3h,2024-01-03 10:18:06.486000+00:00,2024-01-03 13:18:06.480000+00:00,0.23273290707383726,0.032183065391723276,1.0,0.20763471715196935,1.0,0.26083678266542787,0.26083678266542787,1,1
65964bcd7ef10f912879f4b3,2024-01-04 06:00:00+00:00,2024-01-04 07:00:00+00:00,3h,2024-01-04 06:10:21.932000+00:00,2024-01-04 09:10:21.927000+00:00,0.27574716469776145,0.04126828427542575,1.0,0.2409950933910927,1.0,0.272959989243474,0.272959989243474,1,1
6597bb83927203f4f8ac9023,2024-01-05 08:00:00+00:00,2024-01-05 09:00:00+00:00,3h,2024-01-05 08:19:15.368000+00:00,2024-01-05 11:19:15.362000+00:00,0.22635494056755956,0.031012229733881812,1.0,0.20256489032699798,1.0,0.2591203159057287,0.2591203159057287,1,2
6597becb927203f4f8ac9097,2024-01-05 08:00:00+00:00,2024-01-05 09:00:00+00:00,3h,2024-01-05 08:33:15.856000+00:00,2024-01-05 11:33:15.852000+00:00,0.1485319068636692,0.019669731165759218,1.0,0.1380274486887637,1.0,0.2394073284372083,0.2394073284372083,2,2
659ddbc0d56a6b4e86e2a417,2024-01-09 23:00:00+00:00,2024-01-10 00:00:00+00:00,3h,2024-01-09 23:50:24.586000+00:00,2024-01-10 04:00:00+00:00,0.03842391268782285,0.01025728821617694,1.0,0.05188461886396423,1.0,0.21653129670249902,0.21653129670249902,1,1
659e18dcd56a6b4e86e2a739,2024-01-10 04:00:00+00:00,2024-01-10 05:00:00+00:00,3h,2024-01-10 04:11:08.755000+00:00,2024-01-10 07:11:08.753000+00:00,0.271411624335486,0.040251258428821116,1.0,0.2376973121911452,1.0,0.2716902174955217,0.2716902174955217,1,2
659e19abd56a6b4e86e2a7c8,2024-01-10 04:00:00+00:00,2024-01-10 05:00:00+00:00,3h,2024-01-10 04:14:35.209000+00:00,2024-01-10 07:14:35.207000+00:00,0.25229550968435366,0.036046720415708326,1.0,0.22298487504155573,1.0,0.2662250072577362,0.2662250072577362,2,2
659e57127c145e4379be8dd7,2024-01-10 08:00:00+00:00,2024-01-10 09:00:00+00:00,3h,2024-01-10 08:36:34.369000+00:00,2024-01-10 11:36:34.362000+00:00,0.13015110287571482,0.017652054626575816,1.0,0.12203716773785567,1.0,0.23499866632351663,0.23499866632351663,1,1
659f50cc60879d9d855a5f76,2024-01-11 02:00:00+00:00,2024-01-11 03:00:00+00:00,5h,2024-01-11 02:22:04.808000+00:00,2024-01-11 10:00:00+00:00,0.08280895725860624,0.013345426548159286,0.7,0.18995536340447416,1.0,0.18599832860979038,0.18599832860979038,1,3
659f511e60879d9d855a5f88,2024-01-11 02:00:00+00:00,2024-01-11 03:00:00+00:00,5h,2024-01-11 02:23:26.595000+00:00,2024-01-11 10:00:00+00:00,0.08007054982759537,0.013130802477543632,0.7,0.1837977142655295,1.0,0.18463802433963206,0.18463802433963206,2,3
659f518f60879d9d855a5f9b,2024-01-11 02:00:00+00:00,2024-01-11 03:00:00+00:00,5h,2024-01-11 02:25:19.670000+00:00,2024-01-11 10:00:00+00:00,0.0762575086151817,0.012837615862467257,0.7,0.17520725974940454,1.0,0.18274402146736124,0.18274402146736124,3,3
65a0c841cbdcf2dab653d953,2024-01-12 05:00:00+00:00,2024-01-12 06:00:00+00:00,3h,2024-01-12 05:04:01.590000+00:00,2024-01-12 08:04:01.586000+00:00,0.31096400406074226,0.050487832620689045,1.0,0.26725966454074357,1.0,0.28374463248056214,0.28374463248056214,1,1
65a10ef012c52b180d7498ea,2024-01-12 10:00:00+00:00,2024-01-12 11:00:00+00:00,3h,2024-01-12 10:05:36.865000+00:00,2024-01-12 13:05:36.836000+00:00,0.3021429409393785,0.04801013042534693,1.0,0.26076700948853393,1.0,0.28095948015291494,0.28095948015291494,1,1
65a25dab12c52b180d74a11d,2024-01-13 09:00:00+00:00,2024-01-13 10:00:00+00:00,3h,2024-01-13 09:53:47.070000+00:00,2024-01-13 12:53:47.062000+00:00,0.0345305811337638,0.010022828790959847,1.0,0.03394117922845752,1.0,0.2128019331202674,0.2128019331202674,1,1
65a3dc1a12c52b180d74a658,2024-01-14 13:00:00+00:00,2024-01-14 14:00:00+00:00,5h,2024-01-14 13:05:30.354000+00:00,2024-01-15 09:00:00+00:00,0.04562107087845809,0.010705085480424299,0.7,0.26121253684419854,1.0,0.19866555865709426,0.19866555865709426,1,1
65a4e45c12c52b180d74b013,2024-01-15 07:00:00+00:00,2024-01-15 08:00:00+00:00,3h,2024-01-15 07:53:00.523000+00:00,2024-01-15 10:53:00.520000+00:00,0.03884047375198345,0.010282693057787083,1.0,0.03809584375520558,1.0,0.21378878458571338,0.21378878458571338,1,1
65a600909539e97b16261367,2024-01-16 04:00:00+00:00,2024-01-16 05:00:00+00:00,3h,2024-01-16 04:05:36.200000+00:00,2024-01-16 07:05:36.195000+00:00,0.30220384361289054,0.048026834581912765,1.0,0.2608125256741267,1.0,0.280978605883973,0.280978605883973,1,1
65a74cb19539e97b1626187d,2024-01-17 03:00:00+00:00,2024-01-17 04:00:00+00:00,5h,2024-01-17 03:42:41.348000+00:00,2024-01-17 11:00:00+00:00,0.03958480793906639,0.010328242955630835,0.7,0.09169175533030505,1.0,0.16453529683943952,0.16453529683943952,1,1
65a7c1929539e97b16261c90,2024-01-17 12:00:00+00:00,2024-01-17 13:00:00+00:00,3h,2024-01-17 12:01:22.534000+00:00,2024-01-18 04:00:00+00:00,0.06115474558632329,0.011738520584721758,1.0,0.27797195423674514,1.0,0.2626375031981821,0.2626375031981821,1,1
65a8ec19c6210fb8fd1a9983,2024-01-18 09:00:00+00:00,2024-01-18 10:00:00+00:00,5h,2024-01-18 09:15:05.775000+00:00,2024-01-19 08:00:00+00:00,0.03289883993651567,0.009926148889936745,0.7,0.22078266348293607,1.0,0.19011222203054923,0.19011222203054923,1,1
65aa0ca2c6210fb8fd1aa529,2024-01-19 05:00:00+00:00,2024-01-19 06:00:00+00:00,3h,2024-01-19 05:46:10.485000+00:00,2024-01-19 08:46:10.482000+00:00,0.07680696577971272,0.012879462033955274,1.0,0.07393138095815832,1.0,0.22251395341200483,0.22251395341200483,1,1
65aa1296c6210fb8fd1aa633,2024-01-19 06:00:00+00:00,2024-01-19 07:00:00+00:00,3h,2024-01-19 06:11:34.169000+00:00,2024-01-19 09:11:34.154000+00:00,0.26905879961870316,0.03970943085748043,1.0,0.23590138882484235,1.0,0.27100593627945674,0.27100593627945674,1,1
65ad2e414f4099764265559f,2024-01-21 14:00:00+00:00,2024-01-21 15:00:00+00:00,5h,2024-01-21 14:46:25.241000+00:00,2024-01-22 07:00:00+00:00,0.013947827808379729,0.008868750636949545,0.7,0.07266523206353959,1.0,0.15985429679487764,0.15985429679487764,1,1
65ad3ae24f40997642655610,2024-01-21 15:00:00+00:00,2024-01-21 16:00:00+00:00,5h,2024-01-21 15:40:18.577000+00:00,2024-01-22 04:00:00+00:00,0.026619763859306627,0.009562652946554069,0.7,0.1036201521570449,1.0,0.1664616221993414,0.1664616221993414,1,1
65add8184f40997642655a48,2024-01-22 02:00:00+00:00,2024-01-22 03:00:00+00:00,3h,2024-01-22 02:51:04.478000+00:00,2024-01-22 05:51:04.450000+00:00,0.04958549892536759,0.010959951087660747,1.0,0.04837608581740871,1.0,0.2162511878160782,0.2162511878160782,1,1
65ade6904f40997642655e0e,2024-01-22 03:00:00+00:00,2024-01-22 04:00:00+00:00,3h,2024-01-22 03:52:48.264000+00:00,2024-01-22 06:52:48.261000+00:00,0.03997556665987963,0.01035223549607697,1.0,0.03918707459655557,1.0,0.21404875621695732,0.21404875621695732,1,2
65ade6e04f40997642655e37,2024-01-22 03:00:00+00:00,2024-01-22 04:00:00+00:00,5h,2024-01-22 03:54:08.598000+00:00,2024-01-22 11:00:00+00:00,0.013752748283636257,0.008858467942828826,0.7,0.03201358144485145,1.0,0.15171779705466756,0.15171779705466756,2,2
65ae326e4f4099764265698c,2024-01-22 09:00:00+00:00,2024-01-22 10:00:00+00:00,3h,2024-01-22 09:16:30.496000+00:00,2024-01-22 12:16:30.492000+00:00,0.24162083022993713,0.03388615947622307,1.0,0.2146460261563643,1.0,0.2632609009170067,0.2632609009170067,1,1
65b081701bce2f41362e0c2e,2024-01-24 03:00:00+00:00,2024-01-24 04:00:00+00:00,3h,2024-01-24 03:18:08.957000+00:00,2024-01-24 06:18:08.952000+00:00,0.23250408912226347,0.03214033045593624,1.0,0.20745340616909025,1.0,0.2607748795073798,0.2607748795073798,1,1
65b09cbdd90939ea567323e4,2024-01-24 05:00:00+00:00,2024-01-24 06:00:00+00:00,3h,2024-01-24 05:14:37.701000+00:00,2024-01-24 08:14:37.695000+00:00,0.2520648622582568,0.03599866495067789,1.0,0.22280556530982143,1.0,0.26616031203237106,0.26616031203237106,1,1
65b1f545f2e993f3dfe84d78,2024-01-25 05:00:00+00:00,2024-01-25 06:00:00+00:00,3h,2024-01-25 05:44:37.849000+00:00,2024-01-25 08:44:37.845000+00:00,0.08538438347569759,0.013550432990812065,1.0,0.08184067966046038,1.0,0.22449839572657931,0.22449839572657931,1,1
65b224fbf2e993f3dfe85049,2024-01-25 09:00:00+00:00,2024-01-25 10:00:00+00:00,3h,2024-01-25 09:08:11.218000+00:00,2024-01-25 12:08:11.202000+00:00,0.28785061163053577,0.044239202894383246,1.0,0.2501260739524379,1.0,0.27656873652711755,0.27656873652711755,1,1
65b3297df2e993f3dfe859bb,2024-01-26 03:00:00+00:00,2024-01-26 04:00:00+00:00,3h,2024-01-26 03:39:41.452000+00:00,2024-01-26 06:39:41.446000+00:00,0.11282858120106362,0.01593728161793359,1.0,0.10669616795290215,1.0,0.2309016025613406,0.2309016025613406,1,2
65b32a18f2e993f3dfe85a66,2024-01-26 03:00:00+00:00,2024-01-26 04:00:00+00:00,3h,2024-01-26 03:42:16.429000+00:00,2024-01-26 06:42:16.418000+00:00,0.09847889659887617,0.014641773420194305,1.0,0.09378509247705258,1.0,0.2275420825475271,0.2275420825475271,2,2
65b3757ef2e993f3dfe86087,2024-01-26 09:00:00+00:00,2024-01-26 10:00:00+00:00,3h,2024-01-26 09:03:58.747000+00:00,2024-01-26 12:03:58.743000+00:00,0.3112272448989796,0.050563603117803974,1.0,0.26745252626377547,1.0,0.2838286671234375,0.2838286671234375,1,1
65b494073c0096cac1ea2690,2024-01-27 05:00:00+00:00,2024-01-27 06:00:00+00:00,3h,2024-01-27 05:26:31.702000+00:00,2024-01-27 08:26:31.660000+00:00,0.1859542416739028,0.02450005957153351,1.0,0.16968781177440895,1.0,0.24863759809780192,0.24863759809780192,1,1
65b4cbbf9e91084effb9e947,2024-01-27 09:00:00+00:00,2024-01-27 10:00:00+00:00,3h,2024-01-27 09:24:15.284000+00:00,2024-01-27 12:24:15.281000+00:00,0.1985848699772787,0.026378052094517365,1.0,0.18010977104657755,1.0,0.25184878546602596,0.25184878546602596,1,1
65b65d4b2853ec33a9a3a7ac,2024-01-28 13:00:00+00:00,2024-01-28 14:00:00+00:00,5h,2024-01-28 13:57:31.275000+00:00,2024-01-29 09:00:00+00:00,0.0021696245991446226,0.008268639721681334,0.7,0.013676449154312653,1.0,0.1476964736638713,0.1476964736638713,1,1
65b6681c2853ec33a9a3a819,2024-01-28 14:00:00+00:00,2024-01-28 15:00:00+00:00,5h,2024-01-28 14:43:40.463000+00:00,2024-01-29 08:00:00+00:00,0.015753365934519585,0.008964484174199715,0.7,0.08670639772251365,1.0,0.16271997004902256,0.16271997004902256,1,2
65b6697b2853ec33a9a3a85f,2024-01-28 14:00:00+00:00,2024-01-28 15:00:00+00:00,5h,2024-01-28 14:49:31.942000+00:00,2024-01-29 08:00:00+00:00,0.010158138882511885,0.008671096067559293,0.7,0.0564949091857605,1.0,0.15650163947768767,0.15650163947768767,2,2
65b693212853ec33a9a3a8cd,2024-01-28 17:00:00+00:00,2024-01-28 18:00:00+00:00,5h,2024-01-28 17:47:13.138000+00:00,2024-01-30 09:00:00+00:00,0.005432308894136925,0.008430724139635372,0.7,0.06854345513829185,1.0,0.15876712551143957,0.15876712551143957,1,1
65b696ff2853ec33a9a3a9fc,2024-01-28 18:00:00+00:00,2024-01-28 19:00:00+00:00,5h,2024-01-28 18:03:43.227000+00:00,2024-01-30 05:00:00+00:00,0.02684734962949002,0.00957559468546099,0.7,0.26850446809420847,1.0,0.19944625043011827,0.19944625043011827,1,1
65b7037f2853ec33a9a3ab83,2024-01-29 01:00:00+00:00,2024-01-29 02:00:00+00:00,3h,2024-01-29 01:46:39.522000+00:00,2024-01-29 04:46:39.514000+00:00,0.07411838823584313,0.01267597672940096,1.0,0.07143819247408212,1.0,0.22189322453245702,0.22189322453245702,1,1
65b724ec624c8e2168d06423,2024-01-29 04:00:00+00:00,2024-01-29 05:00:00+00:00,3h,2024-01-29 04:09:16.120000+00:00,2024-01-29 07:09:16.116000+00:00,0.28184084512623897,0.04273938048544057,1.0,0.2456061808326111,1.0,0.2747648644577866,0.2747648644577866,1,4
65b7278d624c8e2168d06701,2024-01-29 04:00:00+00:00,2024-01-29 05:00:00+00:00,3h,2024-01-29 04:20:29.165000+00:00,2024-01-29 07:20:29.151000+00:00,0.21952204382487162,0.029803646166107953,1.0,0.19709731306476896,1.0,0.2573016503126186,0.2573016503126186,2,4
65b7289d624c8e2168d067d8,2024-01-29 04:00:00+00:00,2024-01-29 05:00:00+00:00,3h,2024-01-29 04:25:01.428000+00:00,2024-01-29 07:25:01.404000+00:00,0.19431265402812006,0.025727663029167243,1.0,0.1765992198906179,1.0,0.25075644179562395,0.25075644179562395,3,4
65b72b44624c8e2168d0695d,2024-01-29 04:00:00+00:00,2024-01-29 05:00:00+00:00,3h,2024-01-29 04:36:20.682000+00:00,2024-01-29 07:36:20.678000+00:00,0.13141838200680817,0.01778439056190014,1.0,0.12314911829750541,1.0,0.23530045799664118,0.23530045799664118,4,4
65b73287624c8e2168d06b86,2024-01-29 05:00:00+00:00,2024-01-29 06:00:00+00:00,3h,2024-01-29 05:07:19.625000+00:00,2024-01-29 08:07:19.619000+00:00,0.29262747738563555,0.04546701266683606,1.0,0.253699776087592,1.0,0.27802016281762004,0.27802016281762004,1,1
65b7494d624c8e2168d072f9,2024-01-29 06:00:00+00:00,2024-01-29 07:00:00+00:00,3h,2024-01-29 06:44:29.675000+00:00,2024-01-29 09:44:29.671000+00:00,0.08614123560786505,0.01361126750272332,1.0,0.08253532733650515,1.0,0.224673825968935,0.224673825968935,1,1
65b86df65804904ade2ed43e,2024-01-30 03:00:00+00:00,2024-01-30 04:00:00+00:00,3h,2024-01-30 03:33:10.826000+00:00,2024-01-30 06:33:10.809000+00:00,0.14899782712620935,0.019723709186109138,1.0,0.13842881095067583,1.0,0.23951998770180066,0.23951998770180066,1,2
65b86e635804904ade2ed4a4,2024-01-30 03:00:00+00:00,2024-01-30 04:00:00+00:00,3h,2024-01-30 03:34:59.831000+00:00,2024-01-30 06:34:59.826000+00:00,0.13890460134472285,0.01858624420296118,1.0,0.12968889303030107,1.0,0.23708952512783693,0.23708952512783693,2,2
65b894e75804904ade2edac5,2024-01-30 06:00:00+00:00,2024-01-30 07:00:00+00:00,3h,2024-01-30 06:19:19.880000+00:00,2024-01-30 09:19:19.874000+00:00,0.22593716255768287,0.030936991666223233,1.0,0.20223167005779175,1.0,0.2590085290112923,0.2590085290112923,1,1
65b8b1fe5804904ade2ee052,2024-01-30 08:00:00+00:00,2024-01-30 09:00:00+00:00,3h,2024-01-30 08:23:26.938000+00:00,2024-01-30 11:23:26.934000+00:00,0.20306137150421166,0.02707669737281082,1.0,0.18377179187389303,1.0,0.2530003767984651,0.2530003767984651,1,1
65b909c75804904ade2ee606,2024-01-30 14:00:00+00:00,2024-01-30 15:00:00+00:00,5h,2024-01-30 14:37:59.152000+00:00,2024-01-31 08:00:00+00:00,0.021126520868686875,0.009255480161078421,0.7,0.11511779164877523,1.0,0.16857684642640208,0.16857684642640208,1,1
65b9be075804904ade2ee98b,2024-01-31 03:00:00+00:00,2024-01-31 04:00:00+00:00,3h,2024-01-31 03:27:03.770000+00:00,2024-01-31 06:27:03.752000+00:00,0.182984564233533,0.024077800032466706,1.0,0.167218735772104,1.0,0.24789042717390083,0.24789042717390083,1,6
65b9bea25804904ade2ee9b1,2024-01-31 03:00:00+00:00,2024-01-31 04:00:00+00:00,3h,2024-01-31 03:29:38.169000+00:00,2024-01-31 06:29:38.166000+00:00,0.1686881024133618,0.022142364234033096,1.0,0.15522761565969712,1.0,0.2443309416723593,0.2443309416723593,2,6
65b9bf3d5804904ade2ee9fb,2024-01-31 03:00:00+00:00,2024-01-31 04:00:00+00:00,3h,2024-01-31 03:32:13.341000+00:00,2024-01-31 06:32:13.262000+00:00,0.1543214066102891,0.02035085512299797,1.0,0.14300250020251437,1.0,0.24081101311430167,0.24081101311430167,3,6
65b9c08f5804904ade2eea89,2024-01-31 03:00:00+00:00,2024-01-31 04:00:00+00:00,3h,2024-01-31 03:37:51.937000+00:00,2024-01-31 06:37:51.924000+00:00,0.12296894431447003,0.016920129944130367,1.0,0.11570874470736114,1.0,0.23329382690795045,0.23329382690795045,4,6
65b9c3f25804904ade2eeb11,2024-01-31 03:00:00+00:00,2024-01-31 04:00:00+00:00,3h,2024-01-31 03:52:18.319000+00:00,2024-01-31 06:52:18.317000+00:00,0.042748248657083085,0.010524069132082868,1.0,0.0418474165109054,1.0,0.2146839247814308,0.2146839247814308,5,6
65b9c5865804904ade2eec0d,2024-01-31 03:00:00+00:00,2024-01-31 04:00:00+00:00,3h,2024-01-31 03:59:02.744000+00:00,2024-01-31 06:59:02.740000+00:00,0.005301483444993869,0.008424164743507403,1.0,0.0052874534292999265,1.0,0.20611198953196444,0.20611198953196444,6,6
65b9d69a5804904ade2ef175,2024-01-31 05:00:00+00:00,2024-01-31 06:00:00+00:00,3h,2024-01-31 05:11:54.054000+00:00,2024-01-31 08:11:54.051000+00:00,0.267217296449249,0.039290239295733324,1.0,0.23449323167768243,1.0,0.2704727899129765,0.2704727899129765,1,1
65ba19735804904ade2efa45,2024-01-31 09:00:00+00:00,2024-01-31 10:00:00+00:00,3h,2024-01-31 09:57:07.439000+00:00,2024-01-31 12:57:07.424000+00:00,0.015977892561887818,0.00897646042668393,1.0,0.015850901330638267,1.0,0.20855605652213802,0.20855605652213802,1,1
65ba37385804904ade2efd7c,2024-01-31 12:00:00+00:00,2024-01-31 13:00:00+00:00,5h,2024-01-31 12:04:08.462000+00:00,2024-02-01 08:00:00+00:00,0.04671032974930795,0.010774521967184696,0.7,0.26679327621429727,1.0,0.19982336842317025,0.19982336842317025,1,1
65ba50245804904ade2f01de,2024-01-31 13:00:00+00:00,2024-01-31 14:00:00+00:00,5h,2024-01-31 13:50:28.494000+00:00,2024-02-01 08:00:00+00:00,0.008742432826926152,0.008598384289310241,0.7,0.05154147947846399,1.0,0.1554673264692789,0.1554673264692789,1,1
65bb0ef956d4f5d21ff8403c,2024-02-01 03:00:00+00:00,2024-02-01 04:00:00+00:00,3h,2024-02-01 03:24:41.129000+00:00,2024-02-01 06:24:41.125000+00:00,0.19619183192290074,0.026011797438574968,1.0,0.17814537866664526,1.0,0.25123615419647405,0.25123615419647405,1,1
65bb19f456d4f5d21ff841a4,2024-02-01 04:00:00+00:00,2024-02-01 05:00:00+00:00,3h,2024-02-01 04:11:32.105000+00:00,2024-02-01 07:11:32.101000+00:00,0.2692496367591247,0.039753116565800994,1.0,0.23604740260655,1.0,0.2710613504607906,0.2710613504607906,1,10
65bb1ab156d4f5d21ff841dd,2024-02-01 04:00:00+00:00,2024-02-01 05:00:00+00:00,3h,2024-02-01 04:14:41.981000+00:00,2024-02-01 07:14:41.979000+00:00,0.2516684725311986,0.035916221062733664,1.0,0.22249750499630272,1.0,0.26604923363690075,0.26604923363690075,2,10
65bb1b8556d4f5d21ff84231,2024-02-01 04:00:00+00:00,2024-02-01 05:00:00+00:00,3h,2024-02-01 04:18:13.478000+00:00,2024-02-01 07:18:13.473000+00:00,0.2320854778173508,0.03206229092279542,1.0,0.20712156790809355,1.0,0.260661688135296,0.260661688135296,3,10
65bb1bf656d4f5d21ff84295,2024-02-01 04:00:00+00:00,2024-02-01 05:00:00+00:00,3h,2024-02-01 04:20:06.808000+00:00,2024-02-01 07:20:06.803000+00:00,0.22159195444071964,0.030164864510897883,1.0,0.19875767682328016,1.0,0.2578504540711948,0.2578504540711948,4,10
65bb1c4b56d4f5d21ff842cb,2024-02-01 04:00:00+00:00,2024-02-01 05:00:00+00:00,3h,2024-02-01 04:21:31.476000+00:00,2024-02-01 07:21:31.472000+00:00,0.21375230138974127,0.028818769744898196,1.0,0.1924515472034345,1.0,0.2557815712876258,0.2557815712876258,5,10
65bb1d4b56d4f5d21ff843ad,2024-02-01 04:00:00+00:00,2024-02-01 05:00:00+00:00,3h,2024-02-01 04:25:47.798000+00:00,2024-02-01 07:25:47.793000+00:00,0.19001879167536653,0.025089719897552005,1.0,0.17305633311060797,1.0,0.24966509856065283,0.24966509856065283,6,10
65bb1d7b56d4f5d21ff84496,2024-02-01 04:00:00+00:00,2024-02-01 05:00:00+00:00,3h,2024-02-01 04:26:35.077000+00:00,2024-02-01 07:26:35.073000+00:00,0.18564108727447678,0.0244551936916366,1.0,0.16942829866877762,1.0,0.2485587759487375,0.2485587759487375,7,10
65bb1e6a56d4f5d21ff845b3,2024-02-01 04:00:00+00:00,2024-02-01 05:00:00+00:00,3h,2024-02-01 04:30:34.802000+00:00,2024-02-01 07:30:34.799000+00:00,0.163444304660455,0.021471274479140264,1.0,0.15078616650953203,1.0,0.24303999798939058,0.24303999798939058,8,10
65bb22d556d4f5d21ff848c3,2024-02-01 04:00:00+00:00,2024-02-01 05:00:00+00:00,3h,2024-02-01 04:49:25.879000+00:00,2024-02-01 07:49:25.858000+00:00,0.058715021575504914,0.011569913245634295,1.0,0.05702443381182598,1.0,0.21834683470974578,0.21834683470974578,9,10
65bb248856d4f5d21ff849dd,2024-02-01 04:00:00+00:00,2024-02-01 05:00:00+00:00,3h,2024-02-01 04:56:40.311000+00:00,2024-02-01 07:56:40.306000+00:00,0.01848973078228277,0.009111527520079368,1.0,0.01831983596948239,1.0,0.2091308837059441,0.2091308837059441,10,10
65bb4d89e7c73caad5aa8b91,2024-02-01 07:00:00+00:00,2024-02-01 08:00:00+00:00,3h,2024-02-01 07:51:37.212000+00:00,2024-02-01 10:51:37.206000+00:00,0.04655447030803906,0.010764559222686232,1.0,0.045487408752482916,1.0,0.21555621728410831,0.21555621728410831,1,1
65bb5c9ee7c73caad5aa8d68,2024-02-01 08:00:00+00:00,2024-02-01 09:00:00+00:00,3h,2024-02-01 08:55:58.060000+00:00,2024-02-01 11:55:58.056000+00:00,0.022401860148837095,0.009325912064025778,1.0,0.0221527936238618,1.0,0.21002610596318783,0.21002610596318783,1,1
65bb92cae7c73caad5aa9736,2024-02-01 12:00:00+00:00,2024-02-01 13:00:00+00:00,5h,2024-02-01 12:47:06.895000+00:00,2024-02-02 08:00:00+00:00,0.011176381340695925,0.008723770330712132,0.7,0.06908173317651378,1.0,0.15905060883373004,0.15905060883373004,1,3
65bb93d3e7c73caad5aa9782,2024-02-01 12:00:00+00:00,2024-02-01 13:00:00+00:00,5h,2024-02-01 12:51:31.348000+00:00,2024-02-02 08:00:00+00:00,0.007381540419626841,0.008529057672703216,0.7,0.046005533063327664,1.0,0.15431854121628746,0.15431854121628746,2,3
65bb94a4e7c73caad5aa98ed,2024-02-01 12:00:00+00:00,2024-02-01 13:00:00+00:00,5h,2024-02-01 12:55:00.650000+00:00,2024-02-02 08:00:00+00:00,0.004357392027726609,0.008376979164208353,0.7,0.027336984741537673,1.0,0.15049358444683253,0.15049358444683253,3,3
65bc495ee5fd84b5ca81d33c,2024-02-02 01:00:00+00:00,2024-02-02 02:00:00+00:00,3h,2024-02-02 01:46:06.348000+00:00,2024-02-02 04:46:06.333000+00:00,0.07719010720848224,0.012908721384834275,1.0,0.07428604875443645,1.0,0.22260244258178785,0.22260244258178785,1,4
65bc4acee5fd84b5ca81d3e9,2024-02-02 01:00:00+00:00,2024-02-02 02:00:00+00:00,3h,2024-02-02 01:52:14.272000+00:00,2024-02-02 04:52:14.260000+00:00,0.043123010877419495,0.010547510019807907,1.0,0.04220639031428719,1.0,0.2147697840747422,0.2147697840747422,2,4
65bc4b9ce5fd84b5ca81d49f,2024-02-02 01:00:00+00:00,2024-02-02 02:00:00+00:00,3h,2024-02-02 01:55:40.372000+00:00,2024-02-02 04:55:40.354000+00:00,0.024039669695745787,0.009417140955105907,1.0,0.023752979316559175,1.0,0.2104008804363754,0.2104008804363754,3,4
65bc4c88e5fd84b5ca81d56b,2024-02-02 01:00:00+00:00,2024-02-02 02:00:00+00:00,3h,2024-02-02 01:59:36.981000+00:00,2024-02-02 04:59:36.969000+00:00,0.002131391257101397,0.008266758791654224,1.0,0.0021291190924837,1.0,0.2053858790934893,0.2053858790934893,4,4
65bc4d20e5fd84b5ca81d5a1,2024-02-02 02:00:00+00:00,2024-02-02 03:00:00+00:00,3h,2024-02-02 02:02:08.563000+00:00,2024-02-02 05:02:08.531000+00:00,0.32143030423793845,0.05358468604973051,1.0,0.27488814397226236,1.0,0.28712844042429075,0.28712844042429075,1,3
65bc4e2ce5fd84b5ca81d688,2024-02-02 02:00:00+00:00,2024-02-02 03:00:00+00:00,3h,2024-02-02 02:06:36.368000+00:00,2024-02-02 05:06:36.357000+00:00,0.2966328947186891,0.04652148550698953,1.0,0.25668293760665817,1.0,0.27924947882552537,0.27924947882552537,2,3
65bc4f0be5fd84b5ca81d6c3,2024-02-02 02:00:00+00:00,2024-02-02 03:00:00+00:00,3h,2024-02-02 02:10:19.816000+00:00,2024-02-02 05:10:19.811000+00:00,0.2759430907143938,0.04131482049288186,1.0,0.24114378756320498,1.0,0.2730176498083701,0.2730176498083701,3,3
65bc7281e5fd84b5ca81dbcb,2024-02-02 04:00:00+00:00,2024-02-02 05:00:00+00:00,3h,2024-02-02 04:41:37.779000+00:00,2024-02-02 07:41:37.753000+00:00,0.10205774569457297,0.01495482480835553,1.0,0.09702237103755207,1.0,0.22837736909252376,0.22837736909252376,1,5
65bc72c4e5fd84b5ca81dc23,2024-02-02 04:00:00+00:00,2024-02-02 05:00:00+00:00,3h,2024-02-02 04:42:44.555000+00:00,2024-02-02 07:42:44.544000+00:00,0.09587463468712792,0.014418038534572374,1.0,0.09142199819374797,1.0,0.22693522275949302,0.22693522275949302,2,5
65bc735ee5fd84b5ca81dc7f,2024-02-02 04:00:00+00:00,2024-02-02 05:00:00+00:00,3h,2024-02-02 04:45:18.584000+00:00,2024-02-02 07:45:18.582000+00:00,0.08161260770603847,0.013251239623011907,1.0,0.07837106457936671,1.0,0.2236249566896805,0.2236249566896805,3,5
65bc73d1e5fd84b5ca81dd10,2024-02-02 04:00:00+00:00,2024-02-02 05:00:00+00:00,3h,2024-02-02 04:47:13.518000+00:00,2024-02-02 07:47:13.514000+00:00,0.07097058184095624,0.012441764999487799,1.0,0.0685106810906918,1.0,0.22116719521783107,0.22116719521783107,4,5
65bc7416e5fd84b5ca81dd97,2024-02-02 04:00:00+00:00,2024-02-02 05:00:00+00:00,3h,2024-02-02 04:48:22.054000+00:00,2024-02-02 07:48:22.050000+00:00,0.06462465356468651,0.011982512779861025,1.0,0.0625807232357769,1.0,0.21970565231507203,0.21970565231507203,5,5
65bc77aae5fd84b5ca81df98,2024-02-02 05:00:00+00:00,2024-02-02 06:00:00+00:00,3h,2024-02-02 05:03:38.436000+00:00,2024-02-02 08:03:38.414000+00:00,0.31310841559121694,0.05110821536850956,1.0,0.2688288956747299,1.0,0.2844307083560517,0.2844307083560517,1,1
65bc9bdf0000d952180d807f,2024-02-02 07:00:00+00:00,2024-02-02 08:00:00+00:00,3h,2024-02-02 07:38:07.826000+00:00,2024-02-02 10:38:07.812000+00:00,0.12149775008967603,0.016773924697140338,1.0,0.1144068146701046,1.0,0.23294571775230516,0.23294571775230516,1,1
65bca7650000d952180d849d,2024-02-02 08:00:00+00:00,2024-02-02 09:00:00+00:00,3h,2024-02-02 08:27:17.820000+00:00,2024-02-02 11:27:17.816000+00:00,0.18168340062348173,0.023895031121377745,1.0,0.16613464402620925,1.0,0.2475639474780685,0.2475639474780685,1,1
65bcaf880000d952180d8714,2024-02-02 09:00:00+00:00,2024-02-02 10:00:00+00:00,3h,2024-02-02 09:02:00.016000+00:00,2024-02-02 12:02:00.011000+00:00,0.32222088991707865,0.05382575565361327,1.0,0.27546176243074905,1.0,0.2873878058783178,0.2873878058783178,1,1
65bcd1340000d952180d8c64,2024-02-02 11:00:00+00:00,2024-02-02 12:00:00+00:00,5h,2024-02-02 11:25:40.344000+00:00,2024-02-03 08:00:00+00:00,0.027810769199360038,0.00963057225325304,0.7,0.17362688046416364,1.0,0.18050371944478455,0.18050371944478455,1,1
65bdad04573936e36a308c52,2024-02-03 03:00:00+00:00,2024-02-03 04:00:00+00:00,5h,2024-02-03 03:03:32.889000+00:00,2024-02-04 08:00:00+00:00,0.032509885027909066,0.009903240093816433,0.7,0.2692043368544007,1.0,0.19978281142717,0.19978281142717,1,1
65bded25573936e36a309530,2024-02-03 07:00:00+00:00,2024-02-03 08:00:00+00:00,3h,2024-02-03 07:37:09.472000+00:00,2024-02-03 10:37:09.466000+00:00,0.12690081124119143,0.017317047229695105,1.0,0.11917890209208237,1.0,0.23422600875623353,0.23422600875623353,1,1
65bee209573936e36a309b27,2024-02-04 01:00:00+00:00,2024-02-04 02:00:00+00:00,3h,2024-02-04 01:02:01.301000+00:00,2024-02-05 04:00:00+00:00,0.03583380325276094,0.010100713117507756,1.0,0.2753755506691533,1.0,0.2611355380043353,0.2611355380043353,1,2
65bee38e573936e36a309ba5,2024-02-04 01:00:00+00:00,2024-02-04 02:00:00+00:00,3h,2024-02-04 01:08:30.787000+00:00,2024-02-05 04:00:00+00:00,0.03194992392791531,0.009870351210944355,1.0,0.2487661123427396,1.0,0.25567543319511454,0.25567543319511454,2,2
65bf285b573936e36a309e01,2024-02-04 06:00:00+00:00,2024-02-04 07:00:00+00:00,3h,2024-02-04 06:02:03.306000+00:00,2024-02-05 04:00:00+00:00,0.04396610207300775,0.010600433254359259,1.0,0.27524101299408343,1.0,0.26140846255143224,0.26140846255143224,1,5
65bf2b97573936e36a309e57,2024-02-04 06:00:00+00:00,2024-02-04 07:00:00+00:00,3h,2024-02-04 06:15:51.736000+00:00,2024-02-05 04:00:00+00:00,0.03384438024081915,0.009982058653744472,1.0,0.21745952262398283,1.0,0.24948113971704325,0.24948113971704325,2,5
65bf2bde573936e36a309e7e,2024-02-04 06:00:00+00:00,2024-02-04 07:00:00+00:00,3h,2024-02-04 06:17:02.341000+00:00,2024-02-05 04:00:00+00:00,0.03297181103875214,0.00993045260708844,1.0,0.2123269052904193,1.0,0.24842365262233695,0.24842365262233695,3,5
65bf2bf2573936e36a309e91,2024-02-04 06:00:00+00:00,2024-02-04 07:00:00+00:00,3h,2024-02-04 06:17:22.674000+00:00,2024-02-05 04:00:00+00:00,0.032720234057137525,0.009915622794278761,1.0,0.21084256799275702,1.0,0.2481178872751187,0.2481178872751187,4,5
65bf2ca0573936e36a309fed,2024-02-04 06:00:00+00:00,2024-02-04 07:00:00+00:00,3h,2024-02-04 06:20:16.072000+00:00,2024-02-05 04:00:00+00:00,0.030569478367388724,0.009789732983007223,1.0,0.19807009410941723,1.0,0.2454878586116878,0.2454878586116878,5,5
65bf3a33573936e36a30a265,2024-02-04 07:00:00+00:00,2024-02-04 08:00:00+00:00,3h,2024-02-04 07:18:11.781000+00:00,2024-02-05 04:00:00+00:00,0.03366365528076842,0.009971348349045941,1.0,0.20724614281500875,1.0,0.24743203757242935,0.24743203757242935,1,1
65c02ea336006e25edcd3db9,2024-02-05 00:00:00+00:00,2024-02-05 01:00:00+00:00,3h,2024-02-05 00:41:07.281000+00:00,2024-02-06 04:00:00+00:00,0.0115192482372017,0.008741578312896367,1.0,0.09956868258834861,1.0,0.22515868350540755,0.22515868350540755,1,2
65c02f0e36006e25edcd3dda,2024-02-05 00:00:00+00:00,2024-02-05 01:00:00+00:00,3h,2024-02-05 00:42:54.807000+00:00,2024-02-06 04:00:00+00:00,0.010437169616963745,0.00868549904713268,1.0,0.09055911262651195,1.0,0.223323121953582,0.223323121953582,2,2
65c045b136006e25edcd4219,2024-02-05 02:00:00+00:00,2024-02-05 03:00:00+00:00,3h,2024-02-05 02:19:29.676000+00:00,2024-02-05 05:19:29.660000+00:00,0.22503033337827166,0.030774287457605284,1.0,0.20150773636785702,1.0,0.25876611974813457,0.25876611974813457,1,1
65c0530336006e25edcd4a66,2024-02-05 03:00:00+00:00,2024-02-05 04:00:00+00:00,3h,2024-02-05 03:16:19.924000+00:00,2024-02-05 06:16:19.911000+00:00,0.24259992164805386,0.03407900728831522,1.0,0.21541442428565094,1.0,0.26353028923011934,0.26353028923011934,1,3
65c05b4d36006e25edcd4e90,2024-02-05 03:00:00+00:00,2024-02-05 04:00:00+00:00,3h,2024-02-05 03:51:41.529000+00:00,2024-02-05 06:51:41.518000+00:00,0.04615476923170941,0.010739051421389968,1.0,0.045105792593222005,1.0,0.2154645893714784,0.2154645893714784,2,3
65c05bfa36006e25edcd4fc0,2024-02-05 03:00:00+00:00,2024-02-05 04:00:00+00:00,3h,2024-02-05 03:54:34.759000+00:00,2024-02-05 06:54:34.747000+00:00,0.030114940868452816,0.009763330866417437,1.0,0.029665971425285598,1.0,0.2117911928049076,0.2117911928049076,3,3
65c0605536006e25edcd521a,2024-02-05 04:00:00+00:00,2024-02-05 05:00:00+00:00,3h,2024-02-05 04:13:09.341000+00:00,2024-02-05 07:13:09.337000+00:00,0.2602463000912223,0.037741523292214876,1.0,0.22913822658538974,1.0,0.2684725592924069,0.2684725592924069,1,3
65c061c336006e25edcd5283,2024-02-05 04:00:00+00:00,2024-02-05 05:00:00+00:00,3h,2024-02-05 04:19:15.109000+00:00,2024-02-05 07:19:15.104000+00:00,0.2263789011013431,0.03101655017717504,1.0,0.20258401377300816,1.0,0.25912673286090665,0.25912673286090665,2,3
65c066ba36006e25edcd53d5,2024-02-05 04:00:00+00:00,2024-02-05 05:00:00+00:00,3h,2024-02-05 04:40:26.897000+00:00,2024-02-05 07:40:26.893000+00:00,0.10862068837803275,0.015546121397748964,1.0,0.10292934162585177,1.0,0.22991354116381973,0.22991354116381973,3,3
65c0748a282472f3b268d0e1,2024-02-05 05:00:00+00:00,2024-02-05 06:00:00+00:00,3h,2024-02-05 05:39:22.313000+00:00,2024-02-05 08:39:22.280000+00:00,0.11460099831786522,0.01610492697028261,1.0,0.10827781628507482,1.0,0.23131851943918452,0.23131851943918452,1,1
65c07f42282472f3b268d402,2024-02-05 06:00:00+00:00,2024-02-05 07:00:00+00:00,3h,2024-02-05 06:25:06.030000+00:00,2024-02-05 09:25:06.015000+00:00,0.19388638039775052,0.025663631525002097,1.0,0.17624828490597755,1.0,0.25064783589619677,0.25064783589619677,1,2
65c080b2282472f3b268d4d2,2024-02-05 06:00:00+00:00,2024-02-05 07:00:00+00:00,3h,2024-02-05 06:31:14.901000+00:00,2024-02-05 09:31:14.887000+00:00,0.1597315959483651,0.021008200094482957,1.0,0.14762728499914624,1.0,0.24213037705651905,0.24213037705651905,2,2
65c094a0282472f3b268dd48,2024-02-05 07:00:00+00:00,2024-02-05 08:00:00+00:00,3h,2024-02-05 07:56:16.702000+00:00,2024-02-05 10:56:16.687000+00:00,0.02067576945708721,0.009230713201737982,1.0,0.020463463129339443,1.0,0.2096311205469107,0.2096311205469107,1,1
65c09641282472f3b268dea3,2024-02-05 08:00:00+00:00,2024-02-05 09:00:00+00:00,3h,2024-02-05 08:03:13.966000+00:00,2024-02-05 11:03:13.962000+00:00,0.31537363532356866,0.05177137796450027,1.0,0.2704836644877865,1.0,0.28515955967625745,0.28515955967625745,1,1
65c0c350282472f3b268e9b0,2024-02-05 11:00:00+00:00,2024-02-05 12:00:00+00:00,3h,2024-02-05 11:15:28.041000+00:00,2024-02-06 04:00:00+00:00,0.044331709875234014,0.010623465079719124,1.0,0.21917451991576997,1.0,0.2502089830309855,0.2502089830309855,1,1
65c1097edcd755b0ef5a4e1d,2024-02-05 16:00:00+00:00,2024-02-05 17:00:00+00:00,5h,2024-02-05 16:14:54.812000+00:00,2024-02-06 10:00:00+00:00,0.04233127363618741,0.01049804846176178,0.7,0.2215732399072331,1.0,0.19061347705850368,0.19061347705850368,1,1
65c11d78dcd755b0ef5a5202,2024-02-05 17:00:00+00:00,2024-02-05 18:00:00+00:00,3h,2024-02-05 17:40:08.695000+00:00,2024-02-06 04:00:00+00:00,0.03203181496320175,0.009875154258378217,1.0,0.1044399645964329,1.0,0.22681308547431353,0.22681308547431353,1,1
65c19539dcd755b0ef5a5611,2024-02-06 02:00:00+00:00,2024-02-06 03:00:00+00:00,3h,2024-02-06 02:11:05.422000+00:00,2024-02-06 05:02:15+00:00,0.2857544876722296,0.04371046947232745,1.0,0.2379325309732011,1.0,0.2738127878780367,0.2738127878780367,1,1
65c1a9c2dcd755b0ef5a59f6,2024-02-06 03:00:00+00:00,2024-02-06 04:00:00+00:00,3h,2024-02-06 03:38:42.240000+00:00,2024-02-06 06:37:09+00:00,0.11934142541721304,0.016561873503209482,1.0,0.11158038759771105,1.0,0.2322532016214679,0.2322532016214679,1,3
65c1aad2dcd755b0ef5a5b9d,2024-02-06 03:00:00+00:00,2024-02-06 04:00:00+00:00,3h,2024-02-06 03:43:14.681000+00:00,2024-02-06 06:42:05+00:00,0.0936895725094473,0.014232919203646067,1.0,0.08888403222238483,1.0,0.2263165579666646,0.2263165579666646,2,3
65c1ab3cdcd755b0ef5a5d71,2024-02-06 03:00:00+00:00,2024-02-06 04:00:00+00:00,3h,2024-02-06 03:45:00.029000+00:00,2024-02-06 06:43:17+00:00,0.0841332560404249,0.013450456976933221,1.0,0.07995311487772805,1.0,0.22406089716170555,0.22406089716170555,3,3
65c1b6d0428b469dc45f6ea5,2024-02-06 04:00:00+00:00,2024-02-06 05:00:00+00:00,3h,2024-02-06 04:34:24.569000+00:00,2024-02-06 07:33:25+00:00,0.1429580433038488,0.019035105520244046,1.0,0.1325258249829504,1.0,0.23792622830873653,0.23792622830873653,1,4
65c1b86e428b469dc45f7008,2024-02-06 04:00:00+00:00,2024-02-06 05:00:00+00:00,3h,2024-02-06 04:41:18.708000+00:00,2024-02-06 07:34:40+00:00,0.10780314599378615,0.015471227356049588,1.0,0.09861547204463439,1.0,0.22900583082255666,0.22900583082255666,2,4
65c1b8b3428b469dc45f72e6,2024-02-06 04:00:00+00:00,2024-02-06 05:00:00+00:00,3h,2024-02-06 04:42:27.285000+00:00,2024-02-06 07:41:31+00:00,0.09798426335769331,0.014599017433583132,1.0,0.0928737207054523,1.0,0.22733415460124035,0.22733415460124035,3,4
65c1b8f1428b469dc45f7424,2024-02-06 04:00:00+00:00,2024-02-06 05:00:00+00:00,3h,2024-02-06 04:43:29.167000+00:00,2024-02-06 07:42:36+00:00,0.0921976734913439,0.014107872646043082,1.0,0.08766113579942714,1.0,0.22599695074751128,0.22599695074751128,4,4
65c1c920623505b48dfc3f98,2024-02-06 05:00:00+00:00,2024-02-06 06:00:00+00:00,3h,2024-02-06 05:52:32.070000+00:00,2024-02-06 08:51:04+00:00,0.041815993943201644,0.01046598116109069,1.0,0.040626680625345024,1.0,0.2144049248217234,0.2144049248217234,1,1
65c1d56650a7e3eb060aa2e3,2024-02-06 06:00:00+00:00,2024-02-06 07:00:00+00:00,3h,2024-02-06 06:44:54.712000+00:00,2024-02-06 09:43:14+00:00,0.08461198539566371,0.013488625409353657,1.0,0.08040595611022772,1.0,0.22417436646765776,0.22417436646765776,1,2
65c1d89a50a7e3eb060aa4fb,2024-02-06 06:00:00+00:00,2024-02-06 07:00:00+00:00,3h,2024-02-06 06:58:34.749000+00:00,2024-02-06 09:56:59+00:00,0.007964219075206664,0.008558672405107062,1.0,0.007862538375374317,1.0,0.2067077111181391,0.2067077111181391,2,2
65c1dcc850a7e3eb060aa693,2024-02-06 07:00:00+00:00,2024-02-06 08:00:00+00:00,3h,2024-02-06 07:16:24.923000+00:00,2024-02-06 10:13:49+00:00,0.24568377323839355,0.034693364614097576,1.0,0.2150511788083339,1.0,0.2638262545301253,0.2638262545301253,1,1
65c1fc6750a7e3eb060aae40,2024-02-06 09:00:00+00:00,2024-02-06 10:00:00+00:00,3h,2024-02-06 09:31:19.197000+00:00,2024-02-06 12:30:43+00:00,0.15986942533229195,0.02102521513566326,1.0,0.14728816263153544,1.0,0.24207276160770505,0.24207276160770505,1,2
65c1fc0e50a7e3eb060aadfc,2024-02-06 09:00:00+00:00,2024-02-06 10:00:00+00:00,5h,2024-02-06 09:29:50.861000+00:00,2024-02-07 08:00:00+00:00,0.0223325296668071,0.009322069607628733,0.7,0.1542342680994213,1.0,0.17644009538446148,0.17644009538446148,2,2
65c2043850a7e3eb060aaf67,2024-02-06 10:00:00+00:00,2024-02-06 11:00:00+00:00,3h,2024-02-06 10:04:40.160000+00:00,2024-02-06 13:02:09+00:00,0.31175602225218896,0.05071613032897189,1.0,0.2646381533842924,1.0,0.2833573088742416,0.2833573088742416,1,1
65cd952ef08445c628eaab8d,2024-02-15 04:00:00+00:00,2024-02-15 05:00:00+00:00,3h,2024-02-15 04:38:06.490000+00:00,2024-02-15 06:52:12+00:00,0.16326000464855553,0.021448053623249266,1.0,0.11451635905144208,1.0,0.235772103984238,0.235772103984238,1,4
65cd9584f08445c628eaabbb,2024-02-15 04:00:00+00:00,2024-02-15 05:00:00+00:00,3h,2024-02-15 04:39:32.270000+00:00,2024-02-15 07:38:12+00:00,0.11452993685475288,0.01609817231265198,1.0,0.10745531888161419,1.0,0.23114996716391403,0.23114996716391403,2,4
65cd9673f08445c628eaad02,2024-02-15 04:00:00+00:00,2024-02-15 05:00:00+00:00,3h,2024-02-15 04:43:31.883000+00:00,2024-02-15 07:39:37+00:00,0.09352636605917378,0.01421918668198274,1.0,0.08743167061833235,1.0,0.2260178461328561,0.2260178461328561,3,4
65cd972cf08445c628eaada1,2024-02-15 04:00:00+00:00,2024-02-15 05:00:00+00:00,3h,2024-02-15 04:46:36.529000+00:00,2024-02-15 07:45:28+00:00,0.07487053731962748,0.012732581332615634,1.0,0.07169548881002419,1.0,0.22197864656157423,0.22197864656157423,4,4
65cecb1ef08445c628eab9b0,2024-02-16 02:00:00+00:00,2024-02-16 03:00:00+00:00,5h,2024-02-16 02:40:30.873000+00:00,2024-02-17 03:00:00+00:00,0.01335090390931955,0.008837323840622609,0.7,0.10259902592538739,1.0,0.16582219948945104,0.16582219948945104,1,1
65ceddf8f08445c628eabbc8,2024-02-16 04:00:00+00:00,2024-02-16 05:00:00+00:00,3h,2024-02-16 04:00:56.769000+00:00,2024-02-16 06:53:26+00:00,0.3423665970930594,0.06032426545969196,1.0,0.27969240609466717,1.0,0.29213304049474864,0.29213304049474864,1,2
65cee4a5f08445c628eabc58,2024-02-16 04:00:00+00:00,2024-02-16 05:00:00+00:00,3h,2024-02-16 04:29:25.016000+00:00,2024-02-16 07:26:14+00:00,0.17296510203050544,0.022704866837489183,1.0,0.15625581268386113,1.0,0.24487408263926574,0.24487408263926574,2,2
65d028f6f08445c628eacc3d,2024-02-17 03:00:00+00:00,2024-02-17 04:00:00+00:00,3h,2024-02-17 03:33:10.708000+00:00,2024-02-17 06:27:33+00:00,0.15381830291106385,0.02029076081940576,1.0,0.13843822436224207,1.0,0.23986210136409186,0.23986210136409186,1,3
65d02943f08445c628eacc92,2024-02-17 03:00:00+00:00,2024-02-17 04:00:00+00:00,3h,2024-02-17 03:34:27.666000+00:00,2024-02-17 06:33:19+00:00,0.14279063534878328,0.019016358756732504,1.0,0.13227703306110727,1.0,0.23786522186626097,0.23786522186626097,2,3
65d02e66f08445c628eacdbf,2024-02-17 03:00:00+00:00,2024-02-17 04:00:00+00:00,3h,2024-02-17 03:56:22.280000+00:00,2024-02-17 06:55:11+00:00,0.020293194341915906,0.009209743773102344,1.0,0.019957419977902124,1.0,0.20951733025944183,0.20951733025944183,3,3
65d0428a347c9179ee9bd005,2024-02-17 05:00:00+00:00,2024-02-17 06:00:00+00:00,3h,2024-02-17 05:22:18.922000+00:00,2024-02-17 08:21:30+00:00,0.21031174734291763,0.02824658507500374,1.0,0.18889606304750162,1.0,0.2547271636545026,0.2547271636545026,1,1
65d074a3347c9179ee9bd466,2024-02-17 08:00:00+00:00,2024-02-17 09:00:00+00:00,3h,2024-02-17 08:56:03.389000+00:00,2024-02-17 11:55:23+00:00,0.02199066490414941,0.00930314558839522,1.0,0.021670179403249,1.0,0.20991592323368694,0.20991592323368694,1,1
65d08487347c9179ee9bd7b3,2024-02-17 10:00:00+00:00,2024-02-17 11:00:00+00:00,3h,2024-02-17 10:03:51.251000+00:00,2024-02-17 13:03:06+00:00,0.31323362358340484,0.05114466030229476,1.0,0.2679607920658619,1.0,0.2842789545945492,0.2842789545945492,1,1
65d19d1c347c9179ee9be096,2024-02-18 06:00:00+00:00,2024-02-18 07:00:00+00:00,3h,2024-02-18 06:01:00.256000+00:00,2024-02-19 04:00:00+00:00,0.04472776662001838,0.010648470928815205,1.0,0.27945980256666936,1.0,0.262281043070623,0.262281043070623,1,1
65d1b857347c9179ee9be222,2024-02-18 07:00:00+00:00,2024-02-18 08:00:00+00:00,5h,2024-02-18 07:57:11.667000+00:00,2024-02-19 03:00:00+00:00,0.002454967076419956,0.008282690858465272,0.7,0.015465549759411945,1.0,0.14806272446696153,0.14806272446696153,1,1
65d2b9ec347c9179ee9be731,2024-02-19 02:00:00+00:00,2024-02-19 03:00:00+00:00,3h,2024-02-19 02:16:12.076000+00:00,2024-02-19 05:14:17+00:00,0.2459469061268007,0.034746276978164785,1.0,0.21598434937280953,1.0,0.2640446360614608,0.2640446360614608,1,3
65d2bd0b347c9179ee9be7c5,2024-02-19 02:00:00+00:00,2024-02-19 03:00:00+00:00,5h,2024-02-19 02:29:31.794000+00:00,2024-02-19 10:00:00+00:00,0.06764067137863312,0.012198654255669027,0.7,0.1557261188832917,1.0,0.17846441633005974,0.17846441633005974,2,3
65d2c000347c9179ee9be87d,2024-02-19 02:00:00+00:00,2024-02-19 03:00:00+00:00,5h,2024-02-19 02:42:08.828000+00:00,2024-02-19 10:00:00+00:00,0.04077366628333141,0.010401410206672018,0.7,0.09442265878789446,1.0,0.1651253778815821,0.1651253778815821,3,3
65d2d121347c9179ee9bee95,2024-02-19 03:00:00+00:00,2024-02-19 04:00:00+00:00,5h,2024-02-19 03:55:13.022000+00:00,2024-02-19 11:00:00+00:00,0.011259789214711921,0.008728099095581154,0.7,0.02622210676531611,1.0,0.1504812808104119,0.1504812808104119,1,1
65d2da90347c9179ee9bf023,2024-02-19 04:00:00+00:00,2024-02-19 05:00:00+00:00,5h,2024-02-19 04:35:28.656000+00:00,2024-02-20 03:00:00+00:00,0.01823874410720119,0.009097941355466599,0.7,0.12736294622893407,1.0,0.17093135405906676,0.17093135405906676,1,1
65d2eb7e347c9179ee9bf8eb,2024-02-19 05:00:00+00:00,2024-02-19 06:00:00+00:00,3h,2024-02-19 05:47:42.727000+00:00,2024-02-19 08:39:37+00:00,0.07148084988636622,0.012479439087925924,1.0,0.06598802395593961,1.0,0.2206852682439435,0.2206852682439435,1,1
65d30429c2399371767af8b3,2024-02-19 07:00:00+00:00,2024-02-19 08:00:00+00:00,3h,2024-02-19 07:32:57.769000+00:00,2024-02-19 10:32:15+00:00,0.1508037709704291,0.01993430722789081,1.0,0.13946980516505447,1.0,0.2398545453697454,0.2398545453697454,1,2
65d3091ac2399371767af97c,2024-02-19 07:00:00+00:00,2024-02-19 08:00:00+00:00,3h,2024-02-19 07:54:02.757000+00:00,2024-02-19 10:53:45+00:00,0.03313253095853989,0.009939938123033783,1.0,0.032536959223388395,1.0,0.21247135471849798,0.21247135471849798,2,2
65d31da7c2399371767afbf7,2024-02-19 09:00:00+00:00,2024-02-19 10:00:00+00:00,3h,2024-02-19 09:21:43.297000+00:00,2024-02-19 12:21:25+00:00,0.21301857415289588,0.028695810558740424,1.0,0.1915671716100168,1.0,0.25553092065724764,0.25553092065724764,1,1
65d35744c2399371767b0005,2024-02-19 13:00:00+00:00,2024-02-19 14:00:00+00:00,3h,2024-02-19 13:27:32.689000+00:00,2024-02-20 04:00:00+00:00,0.037199828659775856,0.010182993814596811,1.0,0.16498582153185648,1.0,0.23910696059512937,0.23910696059512937,1,1
65d3f83ac2399371767b077b,2024-02-20 00:00:00+00:00,2024-02-20 01:00:00+00:00,3h,2024-02-20 00:54:18.395000+00:00,2024-02-21 04:00:00+00:00,0.0035021465968291176,0.008334460377678134,1.0,0.031135093892698196,1.0,0.21122769500514654,0.21122769500514654,1,2
65d3f8bdc2399371767b090e,2024-02-20 00:00:00+00:00,2024-02-20 01:00:00+00:00,3h,2024-02-20 00:56:29.437000+00:00,2024-02-21 04:00:00+00:00,0.002161603357122574,0.008268245072951961,1.0,0.019307745038067314,1.0,0.20882249605138464,0.20882249605138464,2,2
65d3fc4dc2399371767b0afa,2024-02-20 01:00:00+00:00,2024-02-20 02:00:00+00:00,3h,2024-02-20 01:11:41.069000+00:00,2024-02-20 04:08:29+00:00,0.27327958675447644,0.04068646498596159,1.0,0.2354130587344232,1.0,0.2714944907384616,0.2714944907384616,1,1
65d4165ac2399371767b0efc,2024-02-20 03:00:00+00:00,2024-02-20 04:00:00+00:00,3h,2024-02-20 03:02:50.463000+00:00,2024-02-20 05:56:31+00:00,0.3291132693065626,0.055971148073772514,1.0,0.2720695144468993,1.0,0.2879965917336434,0.2879965917336434,1,5
65d419d1c2399371767b1281,2024-02-20 03:00:00+00:00,2024-02-20 04:00:00+00:00,3h,2024-02-20 03:17:37.661000+00:00,2024-02-20 06:02:56+00:00,0.2563270926714644,0.036896739617376356,1.0,0.2097467057355279,1.0,0.26408738491753136,0.26408738491753136,2,5
65d41a7ac2399371767b13e9,2024-02-20 03:00:00+00:00,2024-02-20 04:00:00+00:00,3h,2024-02-20 03:20:26.928000+00:00,2024-02-20 06:17:49+00:00,0.22298965840486704,0.03041117207371736,1.0,0.19726360077879168,1.0,0.25769942339998875,0.25769942339998875,3,5
65d41adbc2399371767b1415,2024-02-20 03:00:00+00:00,2024-02-20 04:00:00+00:00,3h,2024-02-20 03:22:03.721000+00:00,2024-02-20 06:21:09+00:00,0.21183991592959103,0.028499354249042538,1.0,0.19003688879430636,1.0,0.2551069903082868,0.2551069903082868,4,5
65d41a14c2399371767b12bc,2024-02-20 03:00:00+00:00,2024-02-20 04:00:00+00:00,5h,2024-02-20 03:18:44.578000+00:00,2024-02-21 03:00:00+00:00,0.029028551743783805,0.009700512512533692,0.7,0.20483508114484483,1.0,0.18678732373648918,0.18678732373648918,5,5
65d43bbe9ad6745b97ca9960,2024-02-20 05:00:00+00:00,2024-02-20 06:00:00+00:00,3h,2024-02-20 05:42:22.695000+00:00,2024-02-20 08:40:58+00:00,0.09867241296444665,0.01465853448264468,1.0,0.09325916746091523,1.0,0.22744695418176988,0.22744695418176988,1,1
65d4680d9ad6745b97caa363,2024-02-20 08:00:00+00:00,2024-02-20 09:00:00+00:00,5h,2024-02-20 08:51:25.575000+00:00,2024-02-21 08:00:00+00:00,0.0061745009942756005,0.008468032531195989,0.7,0.046515342170969864,1.0,0.15438388795291155,0.15438388795291155,1,1
65d55c289ad6745b97caa917,2024-02-21 02:00:00+00:00,2024-02-21 03:00:00+00:00,3h,2024-02-21 02:12:56.829000+00:00,2024-02-21 05:12:01+00:00,0.2627630368131706,0.038293771138629085,1.0,0.2300307671129157,1.0,0.2689824161057606,0.2689824161057606,1,1
65d570b79ad6745b97caabab,2024-02-21 03:00:00+00:00,2024-02-21 04:00:00+00:00,3h,2024-02-21 03:40:39.439000+00:00,2024-02-21 06:38:40+00:00,0.10866105254209024,0.015549828338099194,1.0,0.10188697165972116,1.0,0.22970729133480378,0.22970729133480378,1,4
65d5711a9ad6745b97caabea,2024-02-21 03:00:00+00:00,2024-02-21 04:00:00+00:00,3h,2024-02-21 03:42:18.492000+00:00,2024-02-21 06:40:44+00:00,0.09915531332095591,0.014700442482326468,1.0,0.09361197211388694,1.0,0.2275426599121733,0.2275426599121733,2,4
65d571a19ad6745b97caac25,2024-02-21 03:00:00+00:00,2024-02-21 04:00:00+00:00,3h,2024-02-21 03:44:33.408000+00:00,2024-02-21 06:42:24+00:00,0.08683604433568447,0.01366735215902007,1.0,0.08221815255912823,1.0,0.2246440418072377,0.2246440418072377,3,4
65d5744e9ad6745b97caae33,2024-02-21 03:00:00+00:00,2024-02-21 04:00:00+00:00,3h,2024-02-21 03:55:58.057000+00:00,2024-02-21 06:54:34+00:00,0.022577854324159808,0.00933567311781247,1.0,0.022153065248048054,1.0,0.2100320169202971,0.2100320169202971,4,4
65d575cd9ad6745b97cab228,2024-02-21 04:00:00+00:00,2024-02-21 05:00:00+00:00,3h,2024-02-21 04:02:21.439000+00:00,2024-02-21 06:58:53+00:00,0.32653930803967424,0.05516069818427104,1.0,0.27402313396429223,1.0,0.28790104570342107,0.28790104570342107,1,1
65d5a4c69ad6745b97cabdaa,2024-02-21 07:00:00+00:00,2024-02-21 08:00:00+00:00,3h,2024-02-21 07:22:46.786000+00:00,2024-02-21 10:19:17+00:00,0.2108752476578849,0.02833953740434785,1.0,0.18680071305095913,1.0,0.2543638650528005,0.2543638650528005,1,1
65d5af899ad6745b97cac0d7,2024-02-21 08:00:00+00:00,2024-02-21 09:00:00+00:00,3h,2024-02-21 08:08:41.424000+00:00,2024-02-21 11:05:50+00:00,0.2896508431609277,0.04469816319717415,1.0,0.24802585203800198,1.0,0.27642406832590494,0.27642406832590494,1,2
65d5b8979ad6745b97cac2d5,2024-02-21 08:00:00+00:00,2024-02-21 09:00:00+00:00,5h,2024-02-21 08:47:19.055000+00:00,2024-02-22 10:00:00+00:00,0.008384057702352041,0.008580073934308164,0.7,0.0680329978766383,1.0,0.15875464393591254,0.15875464393591254,2,2
65d5e0fd5d0a0b79aab0d426,2024-02-21 11:00:00+00:00,2024-02-21 12:00:00+00:00,3h,2024-02-21 11:39:41.891000+00:00,2024-02-22 04:00:00+00:00,0.020709761342378417,0.009232578626624459,1.0,0.10665985606839534,1.0,0.22687151838965378,0.22687151838965378,1,3
65d5e1265d0a0b79aab0d44d,2024-02-21 11:00:00+00:00,2024-02-21 12:00:00+00:00,3h,2024-02-21 11:40:22.855000+00:00,2024-02-22 04:00:00+00:00,0.02002725719325088,0.009195195231138785,1.0,0.10326501580745473,1.0,0.22617012030017425,0.22617012030017425,2,3
65d5e13a5d0a0b79aab0d465,2024-02-21 11:00:00+00:00,2024-02-21 12:00:00+00:00,3h,2024-02-21 11:40:42.717000+00:00,2024-02-22 04:00:00+00:00,0.01969599240999622,0.00917710467246529,1.0,0.10161433635105765,1.0,0.22582913007369074,0.22582913007369074,3,3
65d6ad5cf37384db2e7943a4,2024-02-22 02:00:00+00:00,2024-02-22 03:00:00+00:00,3h,2024-02-22 02:11:40.201000+00:00,2024-02-22 05:10:48+00:00,0.269803984983344,0.03988027727329081,1.0,0.23547450640075407,1.0,0.2710230676441253,0.2710230676441253,1,1
65d6c0daf37384db2e7945ec,2024-02-22 03:00:00+00:00,2024-02-22 04:00:00+00:00,3h,2024-02-22 03:34:50.724000+00:00,2024-02-22 06:33:56+00:00,0.14045949122200305,0.018757185277824818,1.0,0.13042246548026148,1.0,0.2373388042627472,0.2373388042627472,1,2
65d6c10df37384db2e794657,2024-02-22 03:00:00+00:00,2024-02-22 04:00:00+00:00,3h,2024-02-22 03:35:41.104000+00:00,2024-02-22 06:34:54+00:00,0.13567470567928863,0.01823602730869642,1.0,0.12635657136604106,1.0,0.23621293065842608,0.23621293065842608,2,2
65d6c77bf37384db2e7948a7,2024-02-22 04:00:00+00:00,2024-02-22 05:00:00+00:00,3h,2024-02-22 04:03:07.302000+00:00,2024-02-22 07:02:12+00:00,0.3176169306945621,0.05243613349186395,1.0,0.27093366423838716,1.0,0.2856484129427958,0.2856484129427958,1,2
65d6cc23f37384db2e794b9b,2024-02-22 04:00:00+00:00,2024-02-22 05:00:00+00:00,3h,2024-02-22 04:22:59.235000+00:00,2024-02-22 07:21:56+00:00,0.20683744125907572,0.027679986144555566,1.0,0.18586280983056425,1.0,0.2537805536528462,0.2537805536528462,2,2
65d6d4e4f37384db2e794ea0,2024-02-22 05:00:00+00:00,2024-02-22 06:00:00+00:00,3h,2024-02-22 05:00:20.757000+00:00,2024-02-22 07:55:00+00:00,0.34155549212858216,0.060048988904372436,1.0,0.2820902318194336,1.0,0.2924474397065102,0.2924474397065102,1,1
65d701c8f37384db2e795832,2024-02-22 08:00:00+00:00,2024-02-22 09:00:00+00:00,3h,2024-02-22 08:11:52.102000+00:00,2024-02-22 11:09:13+00:00,0.27139607954140715,0.04024765550885185,1.0,0.23463157743529706,1.0,0.2710749087923705,0.2710749087923705,1,2
65d70473f37384db2e795a0a,2024-02-22 08:00:00+00:00,2024-02-22 09:00:00+00:00,3h,2024-02-22 08:23:15.999000+00:00,2024-02-22 11:18:27+00:00,0.20968516699789108,0.028143574936011963,1.0,0.18459810669582122,1.0,0.25380576630077145,0.25380576630077145,2,2
65d746caf37384db2e796045,2024-02-22 13:00:00+00:00,2024-02-22 14:00:00+00:00,3h,2024-02-22 13:06:18.315000+00:00,2024-02-23 04:00:00+00:00,0.060081756102964685,0.011664070116164797,1.0,0.25792440924199955,1.0,0.2585833239180988,0.2585833239180988,1,3
65d74705f37384db2e796060,2024-02-22 13:00:00+00:00,2024-02-22 14:00:00+00:00,3h,2024-02-22 13:07:17.471000+00:00,2024-02-23 04:00:00+00:00,0.059043683318239136,0.011592486533660707,1.0,0.2538486066789283,1.0,0.2577252132559821,0.2577252132559821,2,3
65d74727f37384db2e79607c,2024-02-22 13:00:00+00:00,2024-02-22 14:00:00+00:00,3h,2024-02-22 13:07:51.648000+00:00,2024-02-23 04:00:00+00:00,0.0584428977002692,0.011551255994544101,1.0,0.25148364292545244,1.0,0.25722748218181696,0.25722748218181696,3,3
65d81bc1f37384db2e796690,2024-02-23 04:00:00+00:00,2024-02-23 05:00:00+00:00,3h,2024-02-23 04:14:57.189000+00:00,2024-02-23 07:14:08+00:00,0.2514053125852552,0.0358615876614239,1.0,0.2214018950882899,1.0,0.26579733161451236,0.26579733161451236,1,2
65d81bf2f37384db2e7966c7,2024-02-23 04:00:00+00:00,2024-02-23 05:00:00+00:00,3h,2024-02-23 04:15:46.332000+00:00,2024-02-23 07:15:02+00:00,0.2467227512042953,0.034902741849130156,1.0,0.21785098474628617,1.0,0.26451184205873535,0.26451184205873535,2,2
65d831e3f37384db2e7969b0,2024-02-23 05:00:00+00:00,2024-02-23 06:00:00+00:00,3h,2024-02-23 05:49:23.618000+00:00,2024-02-23 08:47:25+00:00,0.059578620069949746,0.011629320398211122,1.0,0.05722182682984067,1.0,0.2184219576048948,0.2184219576048948,1,1
65d8676df37384db2e79714b,2024-02-23 09:00:00+00:00,2024-02-23 10:00:00+00:00,3h,2024-02-23 09:37:49.281000+00:00,2024-02-23 12:36:01+00:00,0.124462586418517,0.017069847126288788,1.0,0.11592618811452571,1.0,0.2334271458986784,0.2334271458986784,1,2
65d8681ff37384db2e797203,2024-02-23 09:00:00+00:00,2024-02-23 10:00:00+00:00,5h,2024-02-23 09:40:47.111000+00:00,2024-02-24 08:00:00+00:00,0.014347822640204013,0.008889871479529325,0.7,0.10124875211585616,1.0,0.1655836733108888,0.1655836733108888,2,2
65d8c7a8357791dc78661d1c,2024-02-23 16:00:00+00:00,2024-02-23 17:00:00+00:00,5h,2024-02-23 16:28:24.719000+00:00,2024-02-24 08:00:00+00:00,0.03390771038435248,0.009985814482407691,0.7,0.16095335782650466,1.0,0.17818216025474554,0.17818216025474554,1,4
65d8c80a357791dc78661d3e,2024-02-23 16:00:00+00:00,2024-02-23 17:00:00+00:00,5h,2024-02-23 16:30:02.866000+00:00,2024-02-24 08:00:00+00:00,0.03220835679481315,0.00988551660735248,0.7,0.15329361413267506,1.0,0.17659003279094648,0.17659003279094648,2,4
65d8c888357791dc78661d55,2024-02-23 16:00:00+00:00,2024-02-23 17:00:00+00:00,5h,2024-02-23 16:32:08.574000+00:00,2024-02-24 08:00:00+00:00,0.030023049885591218,0.009758001890246107,0.7,0.1433806859071065,1.0,0.17453093831556896,0.17453093831556896,3,4
65d8c899357791dc78661d72,2024-02-23 16:00:00+00:00,2024-02-23 17:00:00+00:00,5h,2024-02-23 16:32:25.253000+00:00,2024-02-24 08:00:00+00:00,0.029732360475917714,0.009741163079900621,0.7,0.14205674222875575,1.0,0.1742560462936915,0.1742560462936915,4,4
65d968c3357791dc7866242b,2024-02-24 03:00:00+00:00,2024-02-24 04:00:00+00:00,3h,2024-02-24 03:55:47.855000+00:00,2024-02-24 06:54:53+00:00,0.0234659467136088,0.009385083418119519,1.0,0.02307633229449868,1.0,0.21024631650977146,0.21024631650977146,1,3
65d96963357791dc78662496,2024-02-24 03:00:00+00:00,2024-02-24 04:00:00+00:00,3h,2024-02-24 03:58:27.181000+00:00,2024-02-24 06:55:51+00:00,0.008720460203240962,0.008597260534647875,1.0,0.008557525983645342,1.0,0.20686986151751782,0.20686986151751782,2,3
65d96994357791dc786624cd,2024-02-24 03:00:00+00:00,2024-02-24 04:00:00+00:00,3h,2024-02-24 03:59:16.423000+00:00,2024-02-24 06:58:31+00:00,0.004051949230546213,0.008361769348914657,1.0,0.004026778105849282,1.0,0.20582241723051864,0.20582241723051864,3,3
65db5404357791dc786634c3,2024-02-25 14:00:00+00:00,2024-02-25 15:00:00+00:00,5h,2024-02-25 14:51:48.639000+00:00,2024-02-26 08:00:00+00:00,0.007964826712122626,0.008558703341494715,0.7,0.04447694693436177,1.0,0.15403061139176916,0.15403061139176916,1,2
65db5416357791dc786634db,2024-02-25 14:00:00+00:00,2024-02-25 15:00:00+00:00,5h,2024-02-25 14:52:06.784000+00:00,2024-02-26 03:00:00+00:00,0.010835382491639726,0.008706095037909763,0.7,0.04287023039251592,1.0,0.15379770310124902,0.15379770310124902,2,2
65db6532357791dc78663562,2024-02-25 16:00:00+00:00,2024-02-25 17:00:00+00:00,5h,2024-02-25 16:05:06.207000+00:00,2024-02-26 08:00:00+00:00,0.05748952595964453,0.011486125561942888,0.7,0.262862497274967,1.0,0.1994641747921591,0.1994641747921591,1,1
65dc06b6357791dc78663a87,2024-02-26 03:00:00+00:00,2024-02-26 04:00:00+00:00,3h,2024-02-26 03:34:14.195000+00:00,2024-02-26 06:21:43+00:00,0.15382973398329453,0.020292124297119334,1.0,0.13335868205428314,1.0,0.23884701098912825,0.23884701098912825,1,1
65dc6b7ea5c5198209d1d766,2024-02-26 10:00:00+00:00,2024-02-26 11:00:00+00:00,5h,2024-02-26 10:44:14.652000+00:00,2024-02-27 08:00:00+00:00,0.012350169209499185,0.008784884682955218,0.7,0.08381065048157199,1.0,0.1620330609060875,0.1620330609060875,1,1
65dcc434b660cdbe797f6005,2024-02-26 17:00:00+00:00,2024-02-26 18:00:00+00:00,5h,2024-02-26 17:02:44.066000+00:00,2024-02-28 09:00:00+00:00,0.02388786935537263,0.009408648371410132,0.7,0.2725005507904399,1.0,0.20014529918093404,0.20014529918093404,1,2
65dcc47cb660cdbe797f6030,2024-02-26 17:00:00+00:00,2024-02-26 18:00:00+00:00,5h,2024-02-26 17:03:56.462000+00:00,2024-02-28 09:00:00+00:00,0.023396321812836855,0.00938120039628701,0.7,0.2676074979226758,1.0,0.19915021982230735,0.19915021982230735,2,2
65dd368fb660cdbe797f6314,2024-02-27 01:00:00+00:00,2024-02-27 02:00:00+00:00,3h,2024-02-27 01:10:39.191000+00:00,2024-02-27 04:09:26+00:00,0.27601955064176126,0.04133299482266024,1.0,0.23978119170055878,1.0,0.27275603523370795,0.27275603523370795,1,2
65dd40e3b660cdbe797f6518,2024-02-27 01:00:00+00:00,2024-02-27 02:00:00+00:00,3h,2024-02-27 01:54:43.175000+00:00,2024-02-27 04:51:20+00:00,0.029898106272397626,0.009750760733477522,1.0,0.028909534957161975,1.0,0.21163236343151892,0.21163236343151892,2,2
65dd4cd2b660cdbe797f6965,2024-02-27 02:00:00+00:00,2024-02-27 03:00:00+00:00,3h,2024-02-27 02:45:38.510000+00:00,2024-02-27 05:42:22+00:00,0.08124589168283274,0.013222500124754106,1.0,0.07666908960439833,1.0,0.22326731799573216,0.22326731799573216,1,1
65dd5ff5b660cdbe797f6f1b,2024-02-27 04:00:00+00:00,2024-02-27 05:00:00+00:00,3h,2024-02-27 04:07:17.945000+00:00,2024-02-27 06:36:03+00:00,0.3542896934528694,0.064509297931252,1.0,0.25381585820469077,1.0,0.28946875039968933,0.28946875039968933,1,4
65dd5ef3b660cdbe797f6d73,2024-02-27 04:00:00+00:00,2024-02-27 05:00:00+00:00,3h,2024-02-27 04:02:59.676000+00:00,2024-02-27 07:02:04+00:00,0.31833775675417086,0.05265144224154264,1.0,0.27144828436792756,1.0,0.2858805222185111,0.2858805222185111,2,4
65dd5f27b660cdbe797f6d9d,2024-02-27 04:00:00+00:00,2024-02-27 05:00:00+00:00,3h,2024-02-27 04:03:51.084000+00:00,2024-02-27 07:03:03+00:00,0.3133316889752487,0.0511732218688334,1.0,0.26797211147350564,1.0,0.2842983554160012,0.2842983554160012,3,4
65dd602fb660cdbe797f6f33,2024-02-27 04:00:00+00:00,2024-02-27 05:00:00+00:00,3h,2024-02-27 04:08:15.710000+00:00,2024-02-27 07:03:55+00:00,0.2945445091652284,0.04596882301593576,1.0,0.24981411707443946,1.0,0.2775441172244494,0.2775441172244494,4,4
65dd79f2e167fc53154863a3,2024-02-27 05:00:00+00:00,2024-02-27 06:00:00+00:00,3h,2024-02-27 05:58:10.063000+00:00,2024-02-27 08:57:39+00:00,0.010208714193425034,0.008673704900869226,1.0,0.010127717599382913,1.0,0.20722976646039812,0.20722976646039812,1,1
65de8dae9422b0c6cdad0006,2024-02-28 01:00:00+00:00,2024-02-28 02:00:00+00:00,3h,2024-02-28 01:34:38.562000+00:00,2024-02-28 04:33:43+00:00,0.1416023806922242,0.01888381436994748,1.0,0.1314011552437231,1.0,0.23761051967071312,0.23761051967071312,1,1
65de9fe29422b0c6cdad0278,2024-02-28 02:00:00+00:00,2024-02-28 03:00:00+00:00,3h,2024-02-28 02:52:18.428000+00:00,2024-02-28 05:51:19+00:00,0.042974619973684826,0.01053822219152331,1.0,0.04183774621843961,1.0,0.21469048255860193,0.21469048255860193,1,1
65deace89422b0c6cdad04b1,2024-02-28 03:00:00+00:00,2024-02-28 04:00:00+00:00,3h,2024-02-28 03:47:52.466000+00:00,2024-02-28 06:45:41+00:00,0.0681943742223627,0.012238751407110792,1.0,0.06514539013895992,1.0,0.2203723288720585,0.2203723288720585,1,2
65dead1c9422b0c6cdad04f9,2024-02-28 03:00:00+00:00,2024-02-28 04:00:00+00:00,3h,2024-02-28 03:48:44.278000+00:00,2024-02-28 06:47:59+00:00,0.06283026190728129,0.01185571811828529,1.0,0.060649736590275505,1.0,0.21924337818902628,0.21924337818902628,2,2
65deb678b695ce690730f45e,2024-02-28 04:00:00+00:00,2024-02-28 05:00:00+00:00,3h,2024-02-28 04:28:40.099000+00:00,2024-02-28 07:26:51+00:00,0.1758412130090813,0.023090951551899268,1.0,0.15975764206461285,1.0,0.24580609934406214,0.24580609934406214,1,2
65debd4eb695ce690730f6fa,2024-02-28 04:00:00+00:00,2024-02-28 05:00:00+00:00,5h,2024-02-28 04:57:50.010000+00:00,2024-02-28 12:00:00+00:00,0.005131861481192847,0.008415667679968765,0.7,0.011963966861257225,1.0,0.1474421939802327,0.1474421939802327,2,2
65ded09140d7e93bed7174de,2024-02-28 06:00:00+00:00,2024-02-28 07:00:00+00:00,3h,2024-02-28 06:20:01.727000+00:00,2024-02-28 09:19:44+00:00,0.22242740468544994,0.030311856698833604,1.0,0.1991345430029523,1.0,0.25801402261989065,0.25801402261989065,1,1
65df0a8940d7e93bed717d0b,2024-02-28 10:00:00+00:00,2024-02-28 11:00:00+00:00,3h,2024-02-28 10:27:21.799000+00:00,2024-02-28 13:24:20+00:00,0.1844192815713321,0.024280909334150225,1.0,0.16582736980991897,1.0,0.24773401956247396,0.24773401956247396,1,1
65dfe5962b62031dc4562943,2024-02-29 02:00:00+00:00,2024-02-29 03:00:00+00:00,3h,2024-02-29 02:01:58.335000+00:00,2024-02-29 05:01:20+00:00,0.32352475197843455,0.05422557194815096,1.0,0.2755745266896875,1.0,0.2876502485068281,0.2876502485068281,1,3
65dfe5da2b62031dc4562af7,2024-02-29 02:00:00+00:00,2024-02-29 03:00:00+00:00,3h,2024-02-29 02:03:06.036000+00:00,2024-02-29 05:02:02+00:00,0.31799324215319646,0.05254843271561622,1.0,0.27101912200554,1.0,0.28573288403047775,0.28573288403047775,2,3
65dff0c72b62031dc4562dd1,2024-02-29 02:00:00+00:00,2024-02-29 03:00:00+00:00,3h,2024-02-29 02:49:43.710000+00:00,2024-02-29 05:46:20+00:00,0.058160922360562035,0.011531954679808559,1.0,0.055466277771243244,1.0,0.21801242836213378,0.21801242836213378,3,3
65e0237a939521e6c87d020d,2024-02-29 06:00:00+00:00,2024-02-29 07:00:00+00:00,3h,2024-02-29 06:26:02.135000+00:00,2024-02-29 09:24:31+00:00,0.19029701093439874,0.025130584119676634,1.0,0.17195783642695794,1.0,0.24946991775719757,0.24946991775719757,1,1
65e03718939521e6c87d0732,2024-02-29 07:00:00+00:00,2024-02-29 08:00:00+00:00,3h,2024-02-29 07:49:44.338000+00:00,2024-02-29 10:32:08+00:00,0.06318589458460279,0.011880741936045455,1.0,0.055411353287569076,1.0,0.21821071581914112,0.21821071581914112,1,1
65e04c95939521e6c87d0fd3,2024-02-29 09:00:00+00:00,2024-02-29 10:00:00+00:00,3h,2024-02-29 09:21:25.455000+00:00,2024-02-29 12:19:22+00:00,0.21678782789750806,0.029332922250918377,1.0,0.19290162999363347,1.0,0.2561800793492777,0.2561800793492777,1,2
65e05458939521e6c87d13c2,2024-02-29 09:00:00+00:00,2024-02-29 10:00:00+00:00,3h,2024-02-29 09:54:32.862000+00:00,2024-02-29 12:53:12+00:00,0.030519058528773485,0.009786800830401942,1.0,0.02983639383286152,1.0,0.21183935926481348,0.21183935926481348,2,2
65e1555cf632619df9c15c3b,2024-03-01 04:00:00+00:00,2024-03-01 05:00:00+00:00,3h,2024-03-01 04:11:08.168000+00:00,2024-03-01 07:07:53+00:00,0.27646189963216766,0.041438290295201984,1.0,0.23773874362795144,1.0,0.2724107229027115,0.2724107229027115,1,4
65e155eff632619df9c15c89,2024-03-01 04:00:00+00:00,2024-03-01 05:00:00+00:00,3h,2024-03-01 04:13:35.828000+00:00,2024-03-01 07:11:12+00:00,0.2612731851550444,0.03796592262780252,1.0,0.22724536791690508,1.0,0.26822862716006257,0.26822862716006257,2,4
65e15630f632619df9c15cd2,2024-03-01 04:00:00+00:00,2024-03-01 05:00:00+00:00,3h,2024-03-01 04:14:40.031000+00:00,2024-03-01 07:13:39+00:00,0.25328027299454914,0.036252591690947446,1.0,0.22263787471858598,1.0,0.2662791299582857,0.2662791299582857,3,4
65e15a38f632619df9c15d8d,2024-03-01 04:00:00+00:00,2024-03-01 05:00:00+00:00,3h,2024-03-01 04:31:52.049000+00:00,2024-03-01 07:31:04+00:00,0.1569902057775375,0.02067256137661661,1.0,0.14469039053407617,1.0,0.2413416149327852,0.2413416149327852,4,4
65e1be97a332384ead88e655,2024-03-01 11:00:00+00:00,2024-03-01 12:00:00+00:00,3h,2024-03-01 11:40:07.704000+00:00,2024-03-02 04:00:00+00:00,0.020279799924806476,0.009209010463766274,1.0,0.10452213675181798,1.0,0.22642983362862337,0.22642983362862337,1,2
65e1beb3a332384ead88e66d,2024-03-01 11:00:00+00:00,2024-03-01 12:00:00+00:00,3h,2024-03-01 11:40:35.774000+00:00,2024-03-02 04:00:00+00:00,0.01981181544023059,0.009183425821560674,1.0,0.10219169627170566,1.0,0.22594839474727754,0.22594839474727754,2,2
65e2b54da332384ead88ee36,2024-03-02 05:00:00+00:00,2024-03-02 06:00:00+00:00,3h,2024-03-02 05:12:45.965000+00:00,2024-03-02 08:11:59+00:00,0.2635567539769005,0.03846954032300453,1.0,0.230804909696116,1.0,0.2692427061330259,0.2692427061330259,1,2
65e2b631a332384ead88ef82,2024-03-02 05:00:00+00:00,2024-03-02 06:00:00+00:00,3h,2024-03-02 05:16:33.541000+00:00,2024-03-02 08:13:02+00:00,0.24616037140059754,0.034789259021591655,1.0,0.2144245687486408,1.0,0.2637584691626832,0.2637584691626832,2,2
65e2d8dd625b5f3a1049e793,2024-03-02 07:00:00+00:00,2024-03-02 08:00:00+00:00,3h,2024-03-02 07:44:29.918000+00:00,2024-03-02 10:42:09+00:00,0.08725723284613064,0.013701461192678155,1.0,0.08251468414913521,1.0,0.22472381354543394,0.22472381354543394,1,1
65e2e6cc625b5f3a1049e95f,2024-03-02 08:00:00+00:00,2024-03-02 09:00:00+00:00,3h,2024-03-02 08:43:56.156000+00:00,2024-03-02 11:42:23+00:00,0.09002129852643787,0.013927395207511468,1.0,0.08537836676215227,1.0,0.22543211047693734,0.22543211047693734,1,1
65e2f130625b5f3a1049ec3c,2024-03-02 09:00:00+00:00,2024-03-02 10:00:00+00:00,3h,2024-03-02 09:28:16.126000+00:00,2024-03-02 12:26:55+00:00,0.17761884317326615,0.023332775445085403,1.0,0.16162067822223714,1.0,0.2463238009114987,0.2463238009114987,1,2
65e2f17e625b5f3a1049edf3,2024-03-02 09:00:00+00:00,2024-03-02 10:00:00+00:00,3h,2024-03-02 09:29:34.039000+00:00,2024-03-02 12:28:20+00:00,0.17023751997606557,0.022344549645148534,1.0,0.1555506011170904,1.0,0.24451685001050721,0.24451685001050721,2,2
65e495d6625b5f3a1049fd36,2024-03-03 15:00:00+00:00,2024-03-03 16:00:00+00:00,5h,2024-03-03 15:23:02.210000+00:00,2024-03-04 03:00:00+00:00,0.05303460560684818,0.0111865628180148,0.7,0.18563851429676392,1.0,0.18383964055016166,0.18383964055016166,1,1
65e56be0625b5f3a104a06f0,2024-03-04 06:00:00+00:00,2024-03-04 07:00:00+00:00,3h,2024-03-04 06:36:16.392000+00:00,2024-03-04 09:35:02+00:00,0.13272981820704244,0.017922363208755034,1.0,0.12349735378527671,1.0,0.23545288868230838,0.23545288868230838,1,2
65e56c3a625b5f3a104a08c1,2024-03-04 06:00:00+00:00,2024-03-04 07:00:00+00:00,3h,2024-03-04 06:37:46.644000+00:00,2024-03-04 09:36:35+00:00,0.12428334779345503,0.017051812397901666,1.0,0.11614202311933186,1.0,0.23345949206260738,0.23345949206260738,2,2
65e57cfe625b5f3a104a0bfc,2024-03-04 07:00:00+00:00,2024-03-04 08:00:00+00:00,3h,2024-03-04 07:49:18.968000+00:00,2024-03-04 10:48:35+00:00,0.05959744262568204,0.011630618557498697,1.0,0.05762765783728885,1.0,0.21850390270195702,0.21850390270195702,1,1
65e5d6c3625b5f3a104a13da,2024-03-04 14:00:00+00:00,2024-03-04 15:00:00+00:00,5h,2024-03-04 14:12:19.189000+00:00,2024-03-05 08:00:00+00:00,0.04465773934707133,0.010644045380852694,0.7,0.2327095816824749,1.0,0.1929283435650066,0.1929283435650066,1,1
65e69817625b5f3a104a190a,2024-03-05 03:00:00+00:00,2024-03-05 04:00:00+00:00,3h,2024-03-05 03:57:11.557000+00:00,2024-03-05 06:56:02+00:00,0.015697674364422796,0.008961516036952293,1.0,0.01547557737404226,1.0,0.20847202509697985,0.20847202509697985,1,1
65e69970625b5f3a104a1ad2,2024-03-05 04:00:00+00:00,2024-03-05 05:00:00+00:00,3h,2024-03-05 04:02:57.010000+00:00,2024-03-05 06:57:22+00:00,0.32708965799298423,0.05533305001444822,1.0,0.2716281065124734,1.0,0.28752545131116364,0.28752545131116364,1,3
65e699dc625b5f3a104a1b1e,2024-03-05 04:00:00+00:00,2024-03-05 05:00:00+00:00,3h,2024-03-05 04:04:44.294000+00:00,2024-03-05 07:03:01+00:00,0.3099744912125284,0.050203974592784965,1.0,0.26435661933173027,1.0,0.28299370862201706,0.28299370862201706,2,3
65e69a26625b5f3a104a1b48,2024-03-05 04:00:00+00:00,2024-03-05 05:00:00+00:00,3h,2024-03-05 04:05:59.022000+00:00,2024-03-05 07:04:49+00:00,0.3020488951608289,0.04798434673917305,1.0,0.2592488614864443,1.0,0.2806403803407927,0.2806403803407927,3,3
65e7149aa25037fcea42ad17,2024-03-05 12:00:00+00:00,2024-03-05 13:00:00+00:00,3h,2024-03-05 12:48:26.607000+00:00,2024-03-06 04:00:00+00:00,0.012677820152792497,0.008802019761807845,1.0,0.06218544825916883,1.0,0.2177183015089185,0.2177183015089185,1,2
65e7146ea25037fcea42acfa,2024-03-05 12:00:00+00:00,2024-03-05 13:00:00+00:00,5h,2024-03-05 12:47:42.628000+00:00,2024-03-06 08:00:00+00:00,0.010665317160160498,0.008697293163254845,0.7,0.06599658569314537,1.0,0.15841769303658196,0.15841769303658196,2,2
65e7c90633f89d12f1cd1934,2024-03-06 01:00:00+00:00,2024-03-06 02:00:00+00:00,3h,2024-03-06 01:38:14.622000+00:00,2024-03-06 04:37:43+00:00,0.12122327057984034,0.01674678508240688,1.0,0.11384937158858266,1.0,0.2328179453671607,0.2328179453671607,1,1
65e7fca433f89d12f1cd1f83,2024-03-06 05:00:00+00:00,2024-03-06 06:00:00+00:00,3h,2024-03-06 05:18:28.634000+00:00,2024-03-06 08:15:56+00:00,0.2339889508823121,0.032418629136491135,1.0,0.20600811408435615,1.0,0.2606528002987659,0.2606528002987659,1,4
65e7fcee33f89d12f1cd1fcc,2024-03-06 05:00:00+00:00,2024-03-06 06:00:00+00:00,3h,2024-03-06 05:19:42.694000+00:00,2024-03-06 08:18:35+00:00,0.22523640306193282,0.030811187788925325,1.0,0.2005446771473841,1.0,0.25859564810283203,0.25859564810283203,2,4
65e7fdc233f89d12f1cd2089,2024-03-06 05:00:00+00:00,2024-03-06 06:00:00+00:00,3h,2024-03-06 05:23:14.109000+00:00,2024-03-06 08:21:47+00:00,0.20590996398637867,0.02753060750430102,1.0,0.1847407895420362,1.0,0.2534665224109878,0.2534665224109878,3,4
65e8010d33f89d12f1cd2364,2024-03-06 05:00:00+00:00,2024-03-06 06:00:00+00:00,luu_kho,2024-03-06 05:37:17.415000+00:00,2024-03-07 06:00:00+00:00,0.015525807495301101,0.00895236236109171,0.3,0.1185308525185561,1.0,0.08907758792036626,0.08907758792036626,4,4
65e93575219f5827eaef316e,2024-03-07 03:00:00+00:00,2024-03-07 04:00:00+00:00,3h,2024-03-07 03:33:09.986000+00:00,2024-03-07 06:31:08+00:00,0.1507784125400098,0.019931334889627995,1.0,0.1384958194372381,1.0,0.23965796482122442,0.23965796482122442,1,3
65e934f9219f5827eaef30b8,2024-03-07 03:00:00+00:00,2024-03-07 04:00:00+00:00,5h,2024-03-07 03:31:05.384000+00:00,2024-03-07 11:00:00+00:00,0.06440099238838229,0.01196663572321358,0.7,0.1483780681475122,1.0,0.17685559506343057,0.17685559506343057,2,3
65e935e6219f5827eaef31b2,2024-03-07 03:00:00+00:00,2024-03-07 04:00:00+00:00,5h,2024-03-07 03:35:02.483000+00:00,2024-03-07 11:00:00+00:00,0.05609199537170442,0.011391307514101341,0.7,0.12947515706196966,1.0,0.17272981592085473,0.17272981592085473,3,3
65e97bd6219f5827eaef39f5,2024-03-07 08:00:00+00:00,2024-03-07 09:00:00+00:00,3h,2024-03-07 08:33:26.711000+00:00,2024-03-07 11:32:18+00:00,0.1484713532549538,0.019662726517559247,1.0,0.13716065092938967,1.0,0.2392297660964135,0.2392297660964135,1,1
65e994b1219f5827eaef3df3,2024-03-07 10:00:00+00:00,2024-03-07 11:00:00+00:00,3h,2024-03-07 10:19:29.718000+00:00,2024-03-07 13:08:49+00:00,0.23921788961070284,0.033417315154518575,1.0,0.2015046311141272,1.0,0.26035131531553657,0.26035131531553657,1,1
65e9db238fecdc6abd0fea07,2024-03-07 15:00:00+00:00,2024-03-07 16:00:00+00:00,3h,2024-03-07 15:20:03.267000+00:00,2024-03-08 04:00:00+00:00,0.052563700122989075,0.011155352633181603,1.0,0.1990203373788767,1.0,0.2464972790556843,0.2464972790556843,1,1
65ea84538fecdc6abd0fef24,2024-03-08 03:00:00+00:00,2024-03-08 04:00:00+00:00,3h,2024-03-08 03:21:55.831000+00:00,2024-03-08 06:15:54+00:00,0.218828512931722,0.02968355900613196,1.0,0.19062839575433688,1.0,0.25593581455454656,0.25593581455454656,1,5
65ea88498fecdc6abd0ff12a,2024-03-08 03:00:00+00:00,2024-03-08 04:00:00+00:00,3h,2024-03-08 03:38:49.619000+00:00,2024-03-08 06:37:10+00:00,0.11872296883634331,0.016501542842146808,1.0,0.11097317571131671,1.0,0.23209556084755145,0.23209556084755145,2,5
65ea88d38fecdc6abd0ff1de,2024-03-08 03:00:00+00:00,2024-03-08 04:00:00+00:00,3h,2024-03-08 03:41:07.575000+00:00,2024-03-08 06:40:06+00:00,0.105455408963605,0.015258122847103926,1.0,0.09954417051329512,1.0,0.2290637078109214,0.2290637078109214,3,5
65ea7f3f8fecdc6abd0fee07,2024-03-08 03:00:00+00:00,2024-03-08 04:00:00+00:00,5h,2024-03-08 03:00:15.763000+00:00,2024-03-09 03:00:00+00:00,0.041491794388367406,0.01044585500438983,0.7,0.28242212187396687,1.0,0.20275193737742725,0.20275193737742725,4,5
65ea87e18fecdc6abd0ff0b8,2024-03-08 03:00:00+00:00,2024-03-08 04:00:00+00:00,5h,2024-03-08 03:37:06.046000+00:00,2024-03-08 11:00:00+00:00,0.051703032224711454,0.011098532491486025,0.7,0.11945827380434049,1.0,0.1705507742557597,0.1705507742557597,5,5
65ea900f8fecdc6abd0ff58c,2024-03-08 04:00:00+00:00,2024-03-08 05:00:00+00:00,5h,2024-03-08 04:11:59.174000+00:00,2024-03-09 03:00:00+00:00,0.03509742945325623,0.010056631968217575,0.7,0.23413023872931804,1.0,0.19286002692679413,0.19286002692679413,1,1
65eaa0b18fecdc6abd0ff93c,2024-03-08 05:00:00+00:00,2024-03-08 06:00:00+00:00,3h,2024-03-08 05:22:57.127000+00:00,2024-03-08 08:22:11+00:00,0.20670441244749682,0.027658512372582315,1.0,0.18602170184160582,1.0,0.2537994477918706,0.2537994477918706,1,5
65eaa0c38fecdc6abd0ff954,2024-03-08 05:00:00+00:00,2024-03-08 06:00:00+00:00,3h,2024-03-08 05:23:15.307000+00:00,2024-03-08 08:22:58+00:00,0.2044658973412301,0.027299585530023946,1.0,0.1846503511433577,1.0,0.2533098215466859,0.2533098215466859,2,5
65eaa63a8fecdc6abd0ffbf2,2024-03-08 05:00:00+00:00,2024-03-08 06:00:00+00:00,3h,2024-03-08 05:46:34.140000+00:00,2024-03-08 08:45:27+00:00,0.07508343535646603,0.01274864869222461,1.0,0.07190081049626829,1.0,0.22202935131458845,0.22202935131458845,3,5
65eaa6b28fecdc6abd0ffc7d,2024-03-08 05:00:00+00:00,2024-03-08 06:00:00+00:00,3h,2024-03-08 05:48:34.235000+00:00,2024-03-08 08:46:41+00:00,0.06416955926325693,0.011950228836949605,1.0,0.061522839343095326,1.0,0.21947470517078882,0.21947470517078882,4,5
65eaa93d8fecdc6abd0ffe3a,2024-03-08 05:00:00+00:00,2024-03-08 06:00:00+00:00,3h,2024-03-08 05:59:25.251000+00:00,2024-03-08 08:58:20+00:00,0.0032370575222578565,0.008321324889871366,1.0,0.0032123293938366437,1.0,0.20563526081269015,0.20563526081269015,5,5
65eae9d62a6a160ae89536fb,2024-03-08 10:00:00+00:00,2024-03-08 11:00:00+00:00,3h,2024-03-08 10:35:02.702000+00:00,2024-03-08 13:34:09+00:00,0.13933151676977504,0.018633025527572494,1.0,0.12945750457367855,1.0,0.23707131623127922,0.23707131623127922,1,1
65ebd387c95b44438437d8d2,2024-03-09 03:00:00+00:00,2024-03-09 04:00:00+00:00,5h,2024-03-09 03:12:08.079000+00:00,2024-03-10 08:00:00+00:00,0.027702013932972263,0.009624350512560543,0.7,0.23349849033141934,1.0,0.19247430837382018,0.19247430837382018,1,4
65ebd41ac95b44438437d945,2024-03-09 03:00:00+00:00,2024-03-09 04:00:00+00:00,5h,2024-03-09 03:14:34.185000+00:00,2024-03-10 08:00:00+00:00,0.026329809622846242,0.009546189695211555,0.7,0.223058544094223,1.0,0.19033942263597153,0.19033942263597153,2,4
65ebd669c95b44438437da18,2024-03-09 03:00:00+00:00,2024-03-09 04:00:00+00:00,5h,2024-03-09 03:24:25.791000+00:00,2024-03-10 08:00:00+00:00,0.02073371934105988,0.00923389363087907,0.7,0.17931173600649353,1.0,0.18140268337982615,0.18140268337982615,3,4
65ebdc9cc95b44438437db73,2024-03-09 03:00:00+00:00,2024-03-09 04:00:00+00:00,5h,2024-03-09 03:50:52.789000+00:00,2024-03-10 08:00:00+00:00,0.005399369105480367,0.008429072110102093,0.7,0.04940548531021294,1.0,0.15493854032810384,0.15493854032810384,4,4
65ebeb8ac95b44438437df2e,2024-03-09 04:00:00+00:00,2024-03-09 05:00:00+00:00,3h,2024-03-09 04:54:34.972000+00:00,2024-03-09 07:50:01+00:00,0.03087850421830533,0.009807723312987798,1.0,0.029646834093229546,1.0,0.2118140008064386,0.2118140008064386,1,1
65ec067cc95b44438437e848,2024-03-09 06:00:00+00:00,2024-03-09 07:00:00+00:00,3h,2024-03-09 06:49:32.933000+00:00,2024-03-09 09:46:23+00:00,0.05910113479962003,0.011596436907885367,1.0,0.0564083298853546,1.0,0.21823952812180214,0.21823952812180214,1,1
65edec139d4d9618852ed09b,2024-03-10 17:00:00+00:00,2024-03-10 18:00:00+00:00,5h,2024-03-10 17:21:23.945000+00:00,2024-03-11 12:00:00+00:00,0.034508211187323216,0.01002149710099972,0.7,0.19301446641448772,1.0,0.18461579154349736,0.18461579154349736,1,1
65ee6a1b9d4d9618852ed3d5,2024-03-11 02:00:00+00:00,2024-03-11 03:00:00+00:00,3h,2024-03-11 02:19:07.756000+00:00,2024-03-11 05:14:56+00:00,0.23247888463710167,0.03213562652339633,1.0,0.2031267363841779,1.0,0.2599067231908734,0.2599067231908734,1,1
65ee7f239d4d9618852ed93c,2024-03-11 03:00:00+00:00,2024-03-11 04:00:00+00:00,3h,2024-03-11 03:48:51.842000+00:00,2024-03-11 06:48:12+00:00,0.06209555658941068,0.011804185948996546,1.0,0.05999161306017531,1.0,0.219080834181433,0.219080834181433,1,1
65ee8f729d4d9618852edc39,2024-03-11 04:00:00+00:00,2024-03-11 05:00:00+00:00,3h,2024-03-11 04:58:26.422000+00:00,2024-03-11 07:58:02+00:00,0.008684267331181678,0.00859540982556219,1.0,0.008627199909220784,1.0,0.20688268587718148,0.20688268587718148,1,1
65eec8fd9d4d9618852ee24a,2024-03-11 09:00:00+00:00,2024-03-11 10:00:00+00:00,3h,2024-03-11 09:03:57.240000+00:00,2024-03-11 12:01:32+00:00,0.3156110508354951,0.05184135256657792,1.0,0.2675547366365174,1.0,0.28461575886725027,0.28461575886725027,1,1
65efd205dfdb6cd659fca619,2024-03-12 03:00:00+00:00,2024-03-12 04:00:00+00:00,3h,2024-03-12 03:54:45.678000+00:00,2024-03-12 06:53:17+00:00,0.02934483717322661,0.009718759695052705,1.0,0.028684449668517575,1.0,0.21156814575073515,0.21156814575073515,1,3
65efd2dedfdb6cd659fca797,2024-03-12 03:00:00+00:00,2024-03-12 04:00:00+00:00,3h,2024-03-12 03:58:22.226000+00:00,2024-03-12 06:57:59+00:00,0.009072659406237898,0.008615290748538406,1.0,0.009012291788304316,1.0,0.2069716328067839,0.2069716328067839,2,3
65efd2efdfdb6cd659fca7b2,2024-03-12 03:00:00+00:00,2024-03-12 04:00:00+00:00,3h,2024-03-12 03:58:39.338000+00:00,2024-03-12 06:58:25+00:00,0.007478632280522049,0.008533985318287432,1.0,0.007440882242700675,1.0,0.2066085676395126,0.2066085676395126,3,3
65efd417dfdb6cd659fca875,2024-03-12 04:00:00+00:00,2024-03-12 05:00:00+00:00,5h,2024-03-12 04:03:35.481000+00:00,2024-03-12 11:00:00+00:00,0.13546464512684833,0.018213476122097384,0.7,0.26902892484664676,1.0,0.20473387064258777,0.20473387064258777,1,1
65efef53dfdb6cd659fcae94,2024-03-12 05:00:00+00:00,2024-03-12 06:00:00+00:00,5h,2024-03-12 05:59:47.724000+00:00,2024-03-13 08:00:00+00:00,0.00013113664707821012,0.008168943668294912,0.7,0.00113602090580589,1.0,0.1451285703821381,0.1451285703821381,1,1
65eff08ddfdb6cd659fcafbf,2024-03-12 06:00:00+00:00,2024-03-12 07:00:00+00:00,5h,2024-03-12 06:05:01.804000+00:00,2024-03-13 08:00:00+00:00,0.03535112297348172,0.010071797144204605,0.7,0.26316295606381235,1.0,0.19867566949928522,0.19867566949928522,1,3
65eff15edfdb6cd659fcb053,2024-03-12 06:00:00+00:00,2024-03-12 07:00:00+00:00,5h,2024-03-12 06:08:30.354000+00:00,2024-03-13 08:00:00+00:00,0.033190006974567296,0.009943332472303506,0.7,0.24879623065317458,1.0,0.19572524561401702,0.19572524561401702,2,3
65eff699dfdb6cd659fcb1e0,2024-03-12 06:00:00+00:00,2024-03-12 07:00:00+00:00,5h,2024-03-12 06:30:49.289000+00:00,2024-03-13 08:00:00+00:00,0.019081170935013245,0.009143622326566729,0.7,0.14964627616179305,1.0,0.17541542862829865,0.17541542862829865,3,3
65f00839dfdb6cd659fcb467,2024-03-12 07:00:00+00:00,2024-03-12 08:00:00+00:00,3h,2024-03-12 07:46:01.974000+00:00,2024-03-12 10:44:13+00:00,0.07838592853482912,0.013000465172777092,1.0,0.07466088699482365,1.0,0.22273245650263102,0.22273245650263102,1,1
65f11cc0dfdb6cd659fcc243,2024-03-13 03:00:00+00:00,2024-03-13 04:00:00+00:00,5h,2024-03-13 03:25:52.652000+00:00,2024-03-13 11:00:00+00:00,0.07513934934144782,0.01275287182348471,0.7,0.1726845843397039,1.0,0.18218863996203158,0.18218863996203158,1,1
65f129bbdfdb6cd659fcc53b,2024-03-13 04:00:00+00:00,2024-03-13 05:00:00+00:00,3h,2024-03-13 04:21:15.334000+00:00,2024-03-13 07:20:42+00:00,0.2159132641432362,0.02918388457266172,1.0,0.19365763149915927,1.0,0.2562418570434289,0.2562418570434289,1,2
65f129cddfdb6cd659fcc556,2024-03-13 04:00:00+00:00,2024-03-13 05:00:00+00:00,3h,2024-03-13 04:21:33.489000+00:00,2024-03-13 07:21:18+00:00,0.2138725622330025,0.028838971954548244,1.0,0.1923010151162754,1.0,0.25576358619598405,0.25576358619598405,2,2
65f1d9698863f9257ab689fd,2024-03-13 16:00:00+00:00,2024-03-13 17:00:00+00:00,3h,2024-03-13 16:50:49.291000+00:00,2024-03-14 04:00:00+00:00,0.01371604670791741,0.008856534713907693,1.0,0.04971332245615301,1.0,0.21525658531957523,0.21525658531957523,1,1
65f27106beb0eb8389205e68,2024-03-14 03:00:00+00:00,2024-03-14 04:00:00+00:00,3h,2024-03-14 03:37:42.927000+00:00,2024-03-14 06:37:01+00:00,0.12428554816462019,0.017052033682474082,1.0,0.11644616523225093,1.0,0.23352045325593465,0.23352045325593465,1,3
65f275c2beb0eb8389205ffc,2024-03-14 03:00:00+00:00,2024-03-14 04:00:00+00:00,3h,2024-03-14 03:57:54.614000+00:00,2024-03-14 06:55:37+00:00,0.011759656797268453,0.00875408625038969,1.0,0.011542680969795271,1.0,0.20756098794419287,0.20756098794419287,2,3
65f27063beb0eb8389205d8d,2024-03-14 03:00:00+00:00,2024-03-14 04:00:00+00:00,5h,2024-03-14 03:34:59.960000+00:00,2024-03-14 11:00:00+00:00,0.056181189241664056,0.011397335855297994,0.7,0.1296784975855506,1.0,0.1727741010302889,0.1727741010302889,3,3
65f27ba7beb0eb83892062a1,2024-03-14 04:00:00+00:00,2024-03-14 05:00:00+00:00,3h,2024-03-14 04:23:03.805000+00:00,2024-03-14 07:20:18+00:00,0.20840270467111052,0.027933873641467034,1.0,0.18551823628851882,1.0,0.253863971442584,0.253863971442584,1,2
65f27655beb0eb8389206059,2024-03-14 04:00:00+00:00,2024-03-14 05:00:00+00:00,5h,2024-03-14 04:00:21.745000+00:00,2024-03-14 11:00:00+00:00,0.14211687823481015,0.018941092636446635,0.7,0.2820245533661352,1.0,0.207769566255095,0.207769566255095,2,2
65f29a7ebeb0eb8389206a95,2024-03-14 06:00:00+00:00,2024-03-14 07:00:00+00:00,3h,2024-03-14 06:34:38.295000+00:00,2024-03-14 09:33:00+00:00,0.14219276274201167,0.01894955515449814,1.0,0.13142262867194854,1.0,0.23765425882708863,0.23765425882708863,1,4
65f29af5beb0eb8389206af7,2024-03-14 06:00:00+00:00,2024-03-14 07:00:00+00:00,5h,2024-03-14 06:36:37.887000+00:00,2024-03-15 08:00:00+00:00,0.015340050180240363,0.0089424792951731,0.7,0.12175113289045947,1.0,0.16971571415519576,0.16971571415519576,2,4
65f29d21beb0eb8389206bc4,2024-03-14 06:00:00+00:00,2024-03-14 07:00:00+00:00,5h,2024-03-14 06:45:53.172000+00:00,2024-03-15 08:00:00+00:00,0.009321492215446422,0.008628051895140983,0.7,0.07541473113870734,1.0,0.16025977736482605,0.16025977736482605,3,4
65f29dacbeb0eb8389206d82,2024-03-14 06:00:00+00:00,2024-03-14 07:00:00+00:00,5h,2024-03-14 06:48:12.421000+00:00,2024-03-15 08:00:00+00:00,0.007800660185186951,0.008550349223096667,0.7,0.06341647637370973,1.0,0.15781350480859993,0.15781350480859993,4,4
65f2bed2beb0eb83892072fc,2024-03-14 09:00:00+00:00,2024-03-14 10:00:00+00:00,3h,2024-03-14 09:09:38.943000+00:00,2024-03-14 12:07:13+00:00,0.2835593051548344,0.04316321629530144,1.0,0.24401027941134557,1.0,0.27469998565945,0.27469998565945,1,1
65f2e3cdbeb0eb8389207a81,2024-03-14 11:00:00+00:00,2024-03-14 12:00:00+00:00,5h,2024-03-14 11:47:25.280000+00:00,2024-03-15 08:00:00+00:00,0.01037348504674336,0.008682209696433922,0.7,0.06749566761108217,1.0,0.15870845934007677,0.15870845934007677,1,2
65f2e3dcbeb0eb8389207a9c,2024-03-14 11:00:00+00:00,2024-03-14 12:00:00+00:00,5h,2024-03-14 11:47:40.657000+00:00,2024-03-15 08:00:00+00:00,0.010164279322676863,0.008671412769250483,0.7,0.06616702576312694,1.0,0.15843625281417567,0.15843625281417567,2,2
65f3101cbeb0eb8389207c56,2024-03-14 14:00:00+00:00,2024-03-14 15:00:00+00:00,5h,2024-03-14 14:56:28.181000+00:00,2024-03-15 08:00:00+00:00,0.0034491569122875186,0.008331833030855424,0.7,0.019421789283535662,1.0,0.14888345767522038,0.14888345767522038,1,1
65f3bd1fbeb0eb8389208274,2024-03-15 03:00:00+00:00,2024-03-15 04:00:00+00:00,3h,2024-03-15 03:14:39.748000+00:00,2024-03-15 06:13:54+00:00,0.2529466484512358,0.03618271884865995,1.0,0.222658244218508,1.0,0.2662412801528976,0.2662412801528976,1,3
65f3ba55beb0eb838920805f,2024-03-15 03:00:00+00:00,2024-03-15 04:00:00+00:00,5h,2024-03-15 03:02:45.584000+00:00,2024-03-15 11:00:00+00:00,0.11994014475448006,0.016620485356080832,0.7,0.27239828951466294,1.0,0.2044519491165811,0.2044519491165811,2,3
65f3c31bbeb0eb83892085bd,2024-03-15 03:00:00+00:00,2024-03-15 04:00:00+00:00,5h,2024-03-15 03:40:11.466000+00:00,2024-03-15 11:00:00+00:00,0.045039788871939615,0.010668212086722584,0.7,0.1042101576295773,1.0,0.167242958777949,0.167242958777949,3,3
65f3cd63beb0eb8389208f1d,2024-03-15 04:00:00+00:00,2024-03-15 05:00:00+00:00,3h,2024-03-15 04:24:03.800000+00:00,2024-03-15 07:21:01+00:00,0.20308555928116637,0.027080520786664668,1.0,0.18098112430511382,1.0,0.2524445373330216,0.2524445373330216,1,1
65f3eaa0beb0eb83892093ed,2024-03-15 06:00:00+00:00,2024-03-15 07:00:00+00:00,3h,2024-03-15 06:28:48.689000+00:00,2024-03-15 09:28:04+00:00,0.17398948296334713,0.022841649790618375,1.0,0.15908907234415337,1.0,0.2455228043432017,0.2455228043432017,1,1
65f47516beb0eb8389209dc1,2024-03-15 16:00:00+00:00,2024-03-15 17:00:00+00:00,3h,2024-03-15 16:19:34.440000+00:00,2024-03-16 04:00:00+00:00,0.05771630407780408,0.011501585132766537,1.0,0.2011554348618908,1.0,0.2471320380520381,0.2471320380520381,1,1
65f510c5beb0eb838920a246,2024-03-16 03:00:00+00:00,2024-03-16 04:00:00+00:00,3h,2024-03-16 03:23:49.336000+00:00,2024-03-16 06:22:38+00:00,0.20232379353104918,0.02696035851652749,1.0,0.1820772687432638,1.0,0.25259166885856926,0.25259166885856926,1,1
65f52276beb0eb838920a7a7,2024-03-16 04:00:00+00:00,2024-03-16 05:00:00+00:00,3h,2024-03-16 04:39:18.329000+00:00,2024-03-16 07:38:09+00:00,0.11571233523048093,0.016210927123055958,1.0,0.10860670202574585,1.0,0.23144789667898275,0.23144789667898275,1,2
65f523fdbeb0eb838920a83a,2024-03-16 04:00:00+00:00,2024-03-16 05:00:00+00:00,3h,2024-03-16 04:45:49.350000+00:00,2024-03-16 07:44:19+00:00,0.07942836600635875,0.013080966040953459,1.0,0.07574187370271424,1.0,0.22299695436511494,0.22299695436511494,2,2
65f54fc6beb0eb838920b162,2024-03-16 07:00:00+00:00,2024-03-16 08:00:00+00:00,3h,2024-03-16 07:52:38.413000+00:00,2024-03-16 10:52:03+00:00,0.041022196206877234,0.010416770458407843,1.0,0.0400630609670517,1.0,0.21426267446845507,0.21426267446845507,1,2
65f54f9fbeb0eb838920b140,2024-03-16 07:00:00+00:00,2024-03-16 08:00:00+00:00,5h,2024-03-16 07:51:59.563000+00:00,2024-03-18 03:00:00+00:00,0.003093995671843711,0.00831424453113354,0.7,0.0435099641008857,1.0,0.15369053953885725,0.15369053953885725,2,2
65f55eaebeb0eb838920b5b7,2024-03-16 08:00:00+00:00,2024-03-16 09:00:00+00:00,3h,2024-03-16 08:56:14.378000+00:00,2024-03-16 11:52:07+00:00,0.021380657811868937,0.00926947296357652,1.0,0.020674222203493242,1.0,0.20969652821884457,0.20969652821884457,1,3
65f5526abeb0eb838920b1b5,2024-03-16 08:00:00+00:00,2024-03-16 09:00:00+00:00,luu_kho,2024-03-16 08:03:54.215000+00:00,2024-03-18 06:00:00+00:00,0.020353575559781,0.009213050205259789,0.3,0.26775986040110045,1.0,0.11907980220337597,0.11907980220337597,2,3
65f552f5beb0eb838920b27d,2024-03-16 08:00:00+00:00,2024-03-16 09:00:00+00:00,luu_kho,2024-03-16 08:06:13.770000+00:00,2024-03-18 06:00:00+00:00,0.0195261369820034,0.009167842450685675,0.3,0.25823663368460914,1.0,0.11714803220733322,0.11714803220733322,3,3
65f685adb0848ea58142026d,2024-03-17 05:00:00+00:00,2024-03-17 06:00:00+00:00,5h,2024-03-17 05:54:53.865000+00:00,2024-03-18 13:00:00+00:00,0.0027356409011891976,0.008296535196108014,0.7,0.027947859366479255,1.0,0.15056749299096064,0.15056749299096064,1,1
65f72730b0848ea5814209c5,2024-03-17 17:00:00+00:00,2024-03-17 18:00:00+00:00,5h,2024-03-17 17:24:00.265000+00:00,2024-03-18 12:00:00+00:00,0.032254234578437325,0.009888211224415104,0.7,0.18124915744873948,1.0,0.18218275822439695,0.18218275822439695,1,1
65f7b4a1b0848ea581420ff5,2024-03-18 03:00:00+00:00,2024-03-18 04:00:00+00:00,3h,2024-03-18 03:27:29.690000+00:00,2024-03-18 06:25:43+00:00,0.18238599647817186,0.023993553035859923,1.0,0.16521766040803632,1.0,0.24743966390312322,0.24743966390312322,1,6
65f7b6f7b0848ea5814211f2,2024-03-18 03:00:00+00:00,2024-03-18 04:00:00+00:00,3h,2024-03-18 03:37:27.485000+00:00,2024-03-18 06:36:14+00:00,0.12609081327905663,0.01723453772158728,1.0,0.11770858086952762,1.0,0.2338824388068579,0.2338824388068579,2,6
65f7baabb0848ea58142146d,2024-03-18 03:00:00+00:00,2024-03-18 04:00:00+00:00,3h,2024-03-18 03:53:15.859000+00:00,2024-03-18 06:52:18+00:00,0.03762201594635558,0.010208557634723153,1.0,0.03672896960236982,1.0,0.21347092850130786,0.21347092850130786,3,6
65f7b4f3b0848ea581421016,2024-03-18 03:00:00+00:00,2024-03-18 04:00:00+00:00,5h,2024-03-18 03:28:51.149000+00:00,2024-03-18 11:00:00+00:00,0.06904064749552909,0.012300287083508091,0.7,0.15889750970571515,1.0,0.17915967419124787,0.17915967419124787,4,6
65f7b536b0848ea58142104b,2024-03-18 03:00:00+00:00,2024-03-18 04:00:00+00:00,5h,2024-03-18 03:29:58.771000+00:00,2024-03-18 11:00:00+00:00,0.06670914868356548,0.012131489312000478,0.7,0.15361459611397021,1.0,0.17800181280999433,0.17800181280999433,5,6
65f7ba5fb0848ea581421433,2024-03-18 03:00:00+00:00,2024-03-18 04:00:00+00:00,5h,2024-03-18 03:51:59.304000+00:00,2024-03-18 11:00:00+00:00,0.018718184273510345,0.009123911415377816,0.7,0.04353290187392678,1.0,0.15418092722401203,0.15418092722401203,6,6
65f7e7c013ed362bc71d5cb0,2024-03-18 07:00:00+00:00,2024-03-18 08:00:00+00:00,5h,2024-03-18 07:05:36.222000+00:00,2024-03-19 09:00:00+00:00,0.03499512962041919,0.01005052313196549,0.7,0.2608110199203306,1.0,0.1981925178632454,0.1981925178632454,1,1
65f8fe87a9fb32ac00ecb621,2024-03-19 02:00:00+00:00,2024-03-19 03:00:00+00:00,5h,2024-03-19 02:55:03.523000+00:00,2024-03-19 10:00:00+00:00,0.011628155529095255,0.00874724232759501,0.7,0.027078203948485258,1.0,0.15066398618625404,0.15066398618625404,1,1
65f901258a47c192661d455a,2024-03-19 03:00:00+00:00,2024-03-19 04:00:00+00:00,3h,2024-03-19 03:06:13.278000+00:00,2024-03-19 06:04:43+00:00,0.3012890530678574,0.04777650945110761,1.0,0.2582704243571702,1.0,0.2803199905420986,0.2803199905420986,1,2
65f906008a47c192661d4763,2024-03-19 03:00:00+00:00,2024-03-19 04:00:00+00:00,3h,2024-03-19 03:26:56.491000+00:00,2024-03-19 06:21:22+00:00,0.18952819208315622,0.025017819401415863,1.0,0.16777982581892825,1.0,0.24856665680463516,0.24856665680463516,2,2
65f96eaf04647c70b759d5df,2024-03-19 10:00:00+00:00,2024-03-19 11:00:00+00:00,5h,2024-03-19 10:53:35.909000+00:00,2024-03-20 08:00:00+00:00,0.005054887081560271,0.008411814518603348,0.7,0.034939013776961514,1.0,0.15203489146655427,0.15203489146655427,1,2
65f96ec904647c70b759d5fa,2024-03-19 10:00:00+00:00,2024-03-19 11:00:00+00:00,5h,2024-03-19 10:54:01.672000+00:00,2024-03-20 08:00:00+00:00,0.004717428745930268,0.008394942764514211,0.7,0.03263414854497659,1.0,0.15156379536770384,0.15156379536770384,2,2
65fa56e3e794149410fe70f7,2024-03-20 03:00:00+00:00,2024-03-20 04:00:00+00:00,3h,2024-03-20 03:24:19.856000+00:00,2024-03-20 06:22:35+00:00,0.20010427162084024,0.026613195674262246,1.0,0.17976261070589972,1.0,0.2519204395457373,0.2519204395457373,1,4
65fa57b4e794149410fe7286,2024-03-20 03:00:00+00:00,2024-03-20 04:00:00+00:00,3h,2024-03-20 03:27:48.141000+00:00,2024-03-20 06:24:23+00:00,0.1823392836091542,0.023986990418198975,1.0,0.16379027767491594,1.0,0.2471502497859026,0.2471502497859026,2,4
65fa586be794149410fe742a,2024-03-20 03:00:00+00:00,2024-03-20 04:00:00+00:00,3h,2024-03-20 03:30:51.902000+00:00,2024-03-20 06:27:51+00:00,0.1646183131561645,0.02161977175119655,1.0,0.1494405129118639,1.0,0.24285996563309073,0.24285996563309073,3,4
65fa5915e794149410fe74e3,2024-03-20 03:00:00+00:00,2024-03-20 04:00:00+00:00,3h,2024-03-20 03:33:41.784000+00:00,2024-03-20 06:30:56+00:00,0.14840924803483396,0.019655544923085373,1.0,0.13595559006483282,1.0,0.23898444496681778,0.23898444496681778,4,4
65fa7fdee794149410fe7ed6,2024-03-20 06:00:00+00:00,2024-03-20 07:00:00+00:00,3h,2024-03-20 06:19:10.456000+00:00,2024-03-20 09:18:02+00:00,0.2282564372843274,0.03135691553133578,1.0,0.20292749316390912,1.0,0.2593996479515833,0.2593996479515833,1,4
65fa814ce794149410fe7f56,2024-03-20 06:00:00+00:00,2024-03-20 07:00:00+00:00,3h,2024-03-20 06:25:16.729000+00:00,2024-03-20 09:22:47+00:00,0.1956073230437047,0.02592309314337183,1.0,0.17543183245310168,1.0,0.25064022237664346,0.25064022237664346,2,4
65fa81f5e794149410fe7f6b,2024-03-20 06:00:00+00:00,2024-03-20 07:00:00+00:00,3h,2024-03-20 06:28:05.692000+00:00,2024-03-20 09:27:26+00:00,0.1779045729917768,0.023371875266141533,1.0,0.1624302546669636,1.0,0.24650917609307765,0.24650917609307765,3,4
65fa827be794149410fe8198,2024-03-20 06:00:00+00:00,2024-03-20 07:00:00+00:00,3h,2024-03-20 06:30:19.700000+00:00,2024-03-20 09:29:46+00:00,0.16535857258296724,0.021713921031360228,1.0,0.1519728206576454,1.0,0.24342291675034522,0.24342291675034522,4,4
65fb1192e794149410fe924b,2024-03-20 16:00:00+00:00,2024-03-20 17:00:00+00:00,5h,2024-03-20 16:40:50.129000+00:00,2024-03-21 08:00:00+00:00,0.020849930909176563,0.00924027487327857,0.7,0.10099756597804666,1.0,0.16574367811957647,0.16574367811957647,1,1
65fba32ce794149410fe954c,2024-03-21 03:00:00+00:00,2024-03-21 04:00:00+00:00,3h,2024-03-21 03:02:04.845000+00:00,2024-03-21 06:01:29+00:00,0.3228451281127037,0.05401682398049555,1.0,0.2751377274795169,1.0,0.28743763988420074,0.28743763988420074,1,1
65fbbc4ce794149410fe98a0,2024-03-21 04:00:00+00:00,2024-03-21 05:00:00+00:00,5h,2024-03-21 04:49:16.978000+00:00,2024-03-21 12:00:00+00:00,0.02488184237896017,0.009464395031347673,0.7,0.057801282670519316,1.0,0.15723889355291246,0.15723889355291246,1,1
65fbc16ce794149410fe9b08,2024-03-21 05:00:00+00:00,2024-03-21 06:00:00+00:00,3h,2024-03-21 05:11:08.280000+00:00,2024-03-21 08:08:28+00:00,0.2755448451650983,0.041220282119503064,1.0,0.2377308386554151,1.0,0.27227833700278486,0.27227833700278486,1,1
65fbd25be794149410fea134,2024-03-21 06:00:00+00:00,2024-03-21 07:00:00+00:00,3h,2024-03-21 06:23:23.471000+00:00,2024-03-21 09:20:18+00:00,0.2069360778985106,0.027695918721086,1.0,0.18403377419120126,1.0,0.25342430607089184,0.25342430607089184,1,1
65fceb0a424ff7c6f1fb6b8d,2024-03-22 02:00:00+00:00,2024-03-22 03:00:00+00:00,3h,2024-03-22 02:20:58.594000+00:00,2024-03-22 05:20:04+00:00,0.2178983278993832,0.029523230645024563,1.0,0.19490649405182459,1.0,0.2566952371973797,0.2566952371973797,1,1
65fcf4ec424ff7c6f1fb6db6,2024-03-22 03:00:00+00:00,2024-03-22 04:00:00+00:00,3h,2024-03-22 03:03:09.017000+00:00,2024-03-22 06:02:13+00:00,0.31747844351578,0.052394863112118106,1.0,0.27081788201186285,1.0,0.28560049426964346,0.28560049426964346,1,4
65fcf529424ff7c6f1fb6df0,2024-03-22 03:00:00+00:00,2024-03-22 04:00:00+00:00,3h,2024-03-22 03:04:09.539000+00:00,2024-03-22 06:03:13+00:00,0.31186048890576323,0.05074631548666841,1.0,0.2667201555646369,1.0,0.28379182040492845,0.28379182040492845,2,4
65fcf561424ff7c6f1fb6e0c,2024-03-22 03:00:00+00:00,2024-03-22 04:00:00+00:00,3h,2024-03-22 03:05:05.352000+00:00,2024-03-22 06:04:14+00:00,0.3065174336344441,0.04922408356953779,1.0,0.2629208516840402,1.0,0.28211862047853076,0.28211862047853076,3,4
65fcf825424ff7c6f1fb6fca,2024-03-22 03:00:00+00:00,2024-03-22 04:00:00+00:00,3h,2024-03-22 03:16:53.911000+00:00,2024-03-22 06:15:33+00:00,0.24126014813385727,0.03381538307727357,1.0,0.21294148801127422,1.0,0.262877527448619,0.262877527448619,4,4
65fd0c8b424ff7c6f1fb7559,2024-03-22 04:00:00+00:00,2024-03-22 05:00:00+00:00,3h,2024-03-22 04:43:55.305000+00:00,2024-03-22 07:43:10+00:00,0.08969989386030938,0.013900936100160284,1.0,0.08545043272006136,1.0,0.22543064820410846,0.22543064820410846,1,1
65fd2442424ff7c6f1fb79d4,2024-03-22 06:00:00+00:00,2024-03-22 07:00:00+00:00,3h,2024-03-22 06:25:06.294000+00:00,2024-03-22 09:22:50+00:00,0.1963394339641397,0.02603424400859225,1.0,0.17622814850683133,1.0,0.2508661761065216,0.2508661761065216,1,1
65fd5517424ff7c6f1fb7fb4,2024-03-22 09:00:00+00:00,2024-03-22 10:00:00+00:00,3h,2024-03-22 09:53:27.457000+00:00,2024-03-22 12:52:29+00:00,0.03654437728359883,0.010143431127372407,1.0,0.03569396790689372,1.0,0.21322485225780222,0.21322485225780222,1,1
65fd5c31424ff7c6f1fb8024,2024-03-22 10:00:00+00:00,2024-03-22 11:00:00+00:00,3h,2024-03-22 10:23:45.675000+00:00,2024-03-22 13:22:11+00:00,0.20310686504146297,0.027083889068733928,1.0,0.1823544824146376,1.0,0.2527212299241679,0.2527212299241679,1,1
65fd69ff424ff7c6f1fb8220,2024-03-22 11:00:00+00:00,2024-03-22 12:00:00+00:00,luu_kho,2024-03-22 11:22:39.346000+00:00,2024-03-24 06:00:00+00:00,0.014602740157768097,0.008903357834557988,0.3,0.18736072408935278,1.0,0.10281415951860534,0.10281415951860534,1,1
65fdafae5e424e204233a7a8,2024-03-22 16:00:00+00:00,2024-03-22 17:00:00+00:00,luu_kho,2024-03-22 16:19:59.287000+00:00,2024-03-24 06:00:00+00:00,0.017704280065253052,0.009069077117382307,0.3,0.19931545883530843,1.0,0.10530453803749107,0.10530453803749107,1,1
65fe4d295e424e204233ab69,2024-03-23 03:00:00+00:00,2024-03-23 04:00:00+00:00,3h,2024-03-23 03:31:53.450000+00:00,2024-03-23 06:30:53+00:00,0.1570410305832181,0.02067873603126334,1.0,0.144579430674024,1.0,0.24132312775356282,0.24132312775356282,1,2
65fe4da25e424e204233ab7d,2024-03-23 03:00:00+00:00,2024-03-23 04:00:00+00:00,3h,2024-03-23 03:33:54.638000+00:00,2024-03-23 06:31:56+00:00,0.14655078631358062,0.019441825390894514,1.0,0.1349266049888559,1.0,0.2386504162323079,0.2386504162323079,2,2
65fe59fb5e424e204233adff,2024-03-23 04:00:00+00:00,2024-03-23 05:00:00+00:00,3h,2024-03-23 04:26:35.248000+00:00,2024-03-23 07:26:16+00:00,0.18595660117216312,0.02450039792312448,1.0,0.16941514784606282,1.0,0.24858326832308728,0.24858326832308728,1,2
65fe5a0d5e424e204233ae1a,2024-03-23 04:00:00+00:00,2024-03-23 05:00:00+00:00,3h,2024-03-23 04:26:53.959000+00:00,2024-03-23 07:26:38+00:00,0.1841648228154919,0.02424476476941228,1.0,0.16797491234594975,1.0,0.24814184133083733,0.24814184133083733,2,2
65fe6fef4aa86edeaa72a3d7,2024-03-23 06:00:00+00:00,2024-03-23 07:00:00+00:00,3h,2024-03-23 06:00:15.228000+00:00,2024-03-23 08:59:47+00:00,0.33279315603783666,0.05714928599750374,1.0,0.2824576676754684,1.0,0.29078110513359595,0.29078110513359595,1,2
65fe786d4aa86edeaa72a64f,2024-03-23 06:00:00+00:00,2024-03-23 07:00:00+00:00,5h,2024-03-23 06:36:29.755000+00:00,2024-03-25 03:00:00+00:00,0.008824496827471856,0.008602582608883027,0.7,0.12241217285911887,1.0,0.1696439841371536,0.1696439841371536,2,2
65fe81214aa86edeaa72a736,2024-03-23 07:00:00+00:00,2024-03-23 08:00:00+00:00,3h,2024-03-23 07:13:37.574000+00:00,2024-03-23 10:12:35+00:00,0.2591334273223396,0.037499772506074135,1.0,0.22712042915244024,1.0,0.26792394933413255,0.26792394933413255,1,1
6600eda14aa86edeaa72b8d8,2024-03-25 03:00:00+00:00,2024-03-25 04:00:00+00:00,3h,2024-03-25 03:21:05.704000+00:00,2024-03-25 06:19:13+00:00,0.21841782991694061,0.02961266914618452,1.0,0.19437629965723613,1.0,0.256642861419158,0.256642861419158,1,4
6600ee464aa86edeaa72b8f0,2024-03-25 03:00:00+00:00,2024-03-25 04:00:00+00:00,3h,2024-03-25 03:23:50.460000+00:00,2024-03-25 06:21:23+00:00,0.2036641026459417,0.02717212895011829,1.0,0.181992139762561,1.0,0.2527017053225832,0.2527017053225832,2,4
6600eeac4aa86edeaa72b928,2024-03-25 03:00:00+00:00,2024-03-25 04:00:00+00:00,3h,2024-03-25 03:25:33.144000+00:00,2024-03-25 06:23:56+00:00,0.19311256733716686,0.02554779162790151,1.0,0.17417761227951833,1.0,0.25016419743264456,0.25016419743264456,3,4
6600efb74aa86edeaa72b972,2024-03-25 03:00:00+00:00,2024-03-25 04:00:00+00:00,5h,2024-03-25 03:30:00.146000+00:00,2024-03-25 11:00:00+00:00,0.06666161972579555,0.012128072175066663,0.7,0.1535068318531646,1.0,0.1779782096756729,0.1779782096756729,4,4
6600feda4aa86edeaa72bb7f,2024-03-25 04:00:00+00:00,2024-03-25 05:00:00+00:00,3h,2024-03-25 04:34:34.210000+00:00,2024-03-25 07:34:08+00:00,0.14162054393115142,0.018885833561312244,1.0,0.13175109789613293,1.0,0.23768171971601396,0.23768171971601396,1,3
6600fbc24aa86edeaa72bad8,2024-03-25 04:00:00+00:00,2024-03-25 05:00:00+00:00,5h,2024-03-25 04:21:22.299000+00:00,2024-03-25 12:00:00+00:00,0.0842258224987618,0.013457828855981664,0.7,0.1931374476156158,1.0,0.18670218683671216,0.18670218683671216,2,3
6600ffaf4aa86edeaa72bcb5,2024-03-25 04:00:00+00:00,2024-03-25 05:00:00+00:00,5h,2024-03-25 04:38:07.182000+00:00,2024-03-25 12:00:00+00:00,0.04951635092127891,0.010955454684144172,0.7,0.11445962068933102,1.0,0.1694651969483527,0.1694651969483527,3,3
66011a1a4aa86edeaa72c1c1,2024-03-25 06:00:00+00:00,2024-03-25 07:00:00+00:00,3h,2024-03-25 06:30:50.227000+00:00,2024-03-25 09:30:14+00:00,0.16256130633747107,0.02136024408759058,1.0,0.1495724181588428,1.0,0.24273063008432294,0.24273063008432294,1,2
66011a854aa86edeaa72c1d3,2024-03-25 06:00:00+00:00,2024-03-25 07:00:00+00:00,5h,2024-03-25 06:32:37.719000+00:00,2024-03-26 08:00:00+00:00,0.017920560052406376,0.009080746577530743,0.7,0.14106588153450017,1.0,0.17366162425341847,0.17366162425341847,2,2
660145424aa86edeaa72c849,2024-03-25 09:00:00+00:00,2024-03-25 10:00:00+00:00,3h,2024-03-25 09:34:58.970000+00:00,2024-03-25 12:34:16+00:00,0.1395394453673551,0.01865585212215914,1.0,0.129758273400158,1.0,0.2371451659533271,0.2371451659533271,1,1
66023d3f4aa86edeaa72cd84,2024-03-26 03:00:00+00:00,2024-03-26 04:00:00+00:00,3h,2024-03-26 03:13:03.550000+00:00,2024-03-26 06:11:59+00:00,0.262350437103242,0.03820270552911045,1.0,0.22955145472620775,1.0,0.26883191426270786,0.26883191426270786,1,4
66023d694aa86edeaa72cd95,2024-03-26 03:00:00+00:00,2024-03-26 04:00:00+00:00,5h,2024-03-26 03:13:45.267000+00:00,2024-03-26 11:00:00+00:00,0.09918711288504524,0.014703206312320041,0.7,0.22656969946088512,1.0,0.19413586367956903,0.19413586367956903,2,4
66023d984aa86edeaa72cda3,2024-03-26 03:00:00+00:00,2024-03-26 04:00:00+00:00,5h,2024-03-26 03:14:32.872000+00:00,2024-03-26 11:00:00+00:00,0.09765157376727031,0.014570329032704896,0.7,0.22315299429087054,1.0,0.19337279627779702,0.19337279627779702,3,4
6602423f4aa86edeaa72ce85,2024-03-26 03:00:00+00:00,2024-03-26 04:00:00+00:00,5h,2024-03-26 03:34:23.779000+00:00,2024-03-26 11:00:00+00:00,0.05745841942284962,0.011484006617135131,0.7,0.13258927679169985,1.0,0.17340825932862103,0.17340825932862103,4,4
6602559e4aa86edeaa72d0a6,2024-03-26 04:00:00+00:00,2024-03-26 05:00:00+00:00,3h,2024-03-26 04:57:02.157000+00:00,2024-03-26 07:54:59+00:00,0.01665689005635842,0.009012774716371486,1.0,0.01633210545799757,1.0,0.20867408592142242,0.20867408592142242,1,1
66027cac4aa86edeaa72d772,2024-03-26 07:00:00+00:00,2024-03-26 08:00:00+00:00,3h,2024-03-26 07:43:41.051000+00:00,2024-03-26 10:40:54+00:00,0.0920674969850791,0.014097013142256351,1.0,0.0866566726061071,1.0,0.22578954240657526,0.22578954240657526,1,1
6602aa3a4aa86edeaa72db7f,2024-03-26 10:00:00+00:00,2024-03-26 11:00:00+00:00,luu_kho,2024-03-26 10:58:03.046000+00:00,2024-03-28 06:00:00+00:00,0.0007549464211644647,0.008199324994744635,0.3,0.010770650731831477,1.0,0.06707372514321308,0.06707372514321308,1,1
6602c32a4aa86edeaa72dd96,2024-03-26 12:00:00+00:00,2024-03-26 13:00:00+00:00,3h,2024-03-26 12:44:26.349000+00:00,2024-03-27 04:00:00+00:00,0.016995975745358705,0.009030964233722114,1.0,0.08281782897325918,1.0,0.2219821443348851,0.2219821443348851,1,1
66038a224aa86edeaa72e3da,2024-03-27 02:00:00+00:00,2024-03-27 03:00:00+00:00,3h,2024-03-27 02:53:22.613000+00:00,2024-03-27 05:51:30+00:00,0.03718280249419245,0.010181964195087323,1.0,0.03612638004013291,1.0,0.213334454525079,0.213334454525079,1,2
660381b14aa86edeaa72dfff,2024-03-27 02:00:00+00:00,2024-03-27 03:00:00+00:00,5h,2024-03-27 02:17:21.218000+00:00,2024-03-27 10:00:00+00:00,0.0921791885537341,0.014106330104870812,0.7,0.21094895093465338,1.0,0.19065358824985315,0.19065358824985315,2,2
66038cf04aa86edeaa72e48e,2024-03-27 03:00:00+00:00,2024-03-27 04:00:00+00:00,3h,2024-03-27 03:05:20.877000+00:00,2024-03-27 06:04:32+00:00,0.3050028355177408,0.04880051272451176,1.0,0.2618605384908149,1.0,0.28165241533287005,0.28165241533287005,1,2
66038f074aa86edeaa72e524,2024-03-27 03:00:00+00:00,2024-03-27 04:00:00+00:00,3h,2024-03-27 03:14:15.800000+00:00,2024-03-27 06:12:43+00:00,0.25629482964734007,0.036889861362969796,1.0,0.2243800179434774,1.0,0.26700992040647736,0.26700992040647736,2,2
6603b10f4aa86edeaa72ec61,2024-03-27 05:00:00+00:00,2024-03-27 06:00:00+00:00,3h,2024-03-27 05:39:27.110000+00:00,2024-03-27 08:38:24+00:00,0.11482747797546591,0.01612647331456569,1.0,0.1078816550408449,1.0,0.2312522149969084,0.2312522149969084,1,4
6603b1974aa86edeaa72ed39,2024-03-27 05:00:00+00:00,2024-03-27 06:00:00+00:00,3h,2024-03-27 05:41:43.310000+00:00,2024-03-27 08:40:09+00:00,0.10243991746445115,0.014988641447462203,1.0,0.0965598110036281,1.0,0.22830514706920296,0.22830514706920296,2,4
6603b25b4aa86edeaa72ed4b,2024-03-27 05:00:00+00:00,2024-03-27 06:00:00+00:00,3h,2024-03-27 05:44:59.323000+00:00,2024-03-27 08:43:27+00:00,0.08411506996335433,0.013449009128300677,1.0,0.08001325671759796,1.0,0.2240720568205,0.2240720568205,3,4
6603b1314aa86edeaa72ec75,2024-03-27 05:00:00+00:00,2024-03-27 06:00:00+00:00,luu_kho,2024-03-27 05:40:01.161000+00:00,2024-03-28 06:00:00+00:00,0.013685558092841846,0.00885492906613978,0.3,0.10506448278839398,1.0,0.08632585399736266,0.08632585399736266,4,4
6603df824aa86edeaa72f308,2024-03-27 08:00:00+00:00,2024-03-27 09:00:00+00:00,luu_kho,2024-03-27 08:57:38.165000+00:00,2024-03-29 06:00:00+00:00,0.0008747588184135205,0.008205173017564573,0.3,0.013047010501449297,1.0,0.0675325059108286,0.0675325059108286,1,1
6604c6b2f034f46ed29956d5,2024-03-28 01:00:00+00:00,2024-03-28 02:00:00+00:00,3h,2024-03-28 01:24:02.223000+00:00,2024-03-28 04:00:00+00:00,0.23058649506180795,0.03178434327524277,1.0,0.18110070749708884,1.0,0.25529074746456343,0.25529074746456343,1,1
6604d84ef034f46ed2995bfb,2024-03-28 02:00:00+00:00,2024-03-28 03:00:00+00:00,3h,2024-03-28 02:39:10.078000+00:00,2024-03-28 05:38:51+00:00,0.11593832141629445,0.016232565660580255,1.0,0.10928744992560946,1.0,0.23159702938147003,0.23159702938147003,1,1
6604e4cff034f46ed2995f04,2024-03-28 03:00:00+00:00,2024-03-28 04:00:00+00:00,3h,2024-03-28 03:32:31.968000+00:00,2024-03-28 06:31:28+00:00,0.15350475855511608,0.02025339677425211,1.0,0.14152314219612705,1.0,0.24045666650377667,0.24045666650377667,1,2
6604e50ef034f46ed2995f12,2024-03-28 03:00:00+00:00,2024-03-28 04:00:00+00:00,3h,2024-03-28 03:33:34.148000+00:00,2024-03-28 06:32:35+00:00,0.14764676023838705,0.01956758317645903,1.0,0.13656628554669914,1.0,0.23905380701521525,0.23905380701521525,2,2
6604f16cf034f46ed299636a,2024-03-28 04:00:00+00:00,2024-03-28 05:00:00+00:00,3h,2024-03-28 04:26:20.388000+00:00,2024-03-28 07:26:09+00:00,0.18719850153105888,0.024679119801010712,1.0,0.1705571852182356,1.0,0.24891890892425356,0.24891890892425356,1,3
6604ee0cf034f46ed2996113,2024-03-28 04:00:00+00:00,2024-03-28 05:00:00+00:00,5h,2024-03-28 04:11:56.425000+00:00,2024-03-28 12:00:00+00:00,0.10267834490445037,0.015009776939211454,0.7,0.23432515614120553,1.0,0.19587089739176794,0.19587089739176794,2,3
6604ee54f034f46ed299612a,2024-03-28 04:00:00+00:00,2024-03-28 05:00:00+00:00,5h,2024-03-28 04:13:08.297000+00:00,2024-03-28 12:00:00+00:00,0.1003760106981,0.014806906395449954,0.7,0.2292127396219651,1.0,0.19472669176166296,0.19472669176166296,3,3
6604fced8721848d7d1e663c,2024-03-28 05:00:00+00:00,2024-03-28 06:00:00+00:00,3h,2024-03-28 05:15:25.845000+00:00,2024-03-28 08:15:04+00:00,0.24810879041913947,0.03518395649084427,1.0,0.21933327162308325,1.0,0.2649770282191232,0.2649770282191232,1,1
660526fc8721848d7d1e6e49,2024-03-28 08:00:00+00:00,2024-03-28 09:00:00+00:00,3h,2024-03-28 08:14:52.851000+00:00,2024-03-28 11:13:57+00:00,0.25196495320383216,0.035977868015650345,1.0,0.22171456919417598,1.0,0.2659296346482254,0.2659296346482254,1,1
660540128721848d7d1e714b,2024-03-28 10:00:00+00:00,2024-03-28 11:00:00+00:00,3h,2024-03-28 10:01:54.195000+00:00,2024-03-28 12:59:30+00:00,0.32712732637280806,0.05534486505370634,1.0,0.27585216990277417,1.0,0.28837735301277867,0.28837735301277867,1,1
66063000ffe33e797a000a31,2024-03-29 03:00:00+00:00,2024-03-29 04:00:00+00:00,3h,2024-03-29 03:05:36.444000+00:00,2024-03-29 06:04:45+00:00,0.30362738957679525,0.04841885489488965,1.0,0.26079582532401835,1.0,0.2812104780017375,0.2812104780017375,1,3
6606302fffe33e797a000a4b,2024-03-29 03:00:00+00:00,2024-03-29 04:00:00+00:00,5h,2024-03-29 03:06:23.649000+00:00,2024-03-29 11:00:00+00:00,0.11318662976819227,0.01597100894390003,0.7,0.25755781583225446,1.0,0.20109416853279088,0.20109416853279088,2,3
660631a7ffe33e797a000ad4,2024-03-29 03:00:00+00:00,2024-03-29 04:00:00+00:00,5h,2024-03-29 03:12:39.361000+00:00,2024-03-29 11:00:00+00:00,0.1013043604320144,0.014888381088487892,0.7,0.231275114474075,1.0,0.19518805154790772,0.19518805154790772,3,3
6607525394281ab778cf1ddf,2024-03-29 23:00:00+00:00,2024-03-30 00:00:00+00:00,3h,2024-03-29 23:44:20.017000+00:00,2024-03-31 04:00:00+00:00,0.009239071722667774,0.008623822967011502,1.0,0.08335541187632944,1.0,0.22184537615547278,0.22184537615547278,1,1
66076f7c94281ab778cf1f6d,2024-03-30 01:00:00+00:00,2024-03-30 02:00:00+00:00,3h,2024-03-30 01:48:45.045000+00:00,2024-03-30 04:44:42+00:00,0.06393462887736094,0.011933596750041279,1.0,0.06058302295727447,1.0,0.21927676264147966,0.21927676264147966,1,1
66078b6094281ab778cf22f5,2024-03-30 03:00:00+00:00,2024-03-30 04:00:00+00:00,3h,2024-03-30 03:47:44.418000+00:00,2024-03-30 06:46:41+00:00,0.06851174796597279,0.012261793120926146,1.0,0.06584177044616124,1.0,0.22052542996178795,0.22052542996178795,1,2
66078bb294281ab778cf2305,2024-03-30 03:00:00+00:00,2024-03-30 04:00:00+00:00,3h,2024-03-30 03:49:06.856000+00:00,2024-03-30 06:47:47+00:00,0.06092679352068405,0.011722664716683328,1.0,0.05868391856855304,1.0,0.21877038254372064,0.21877038254372064,2,2
6607af7c94281ab778cf2be9,2024-03-30 06:00:00+00:00,2024-03-30 07:00:00+00:00,3h,2024-03-30 06:21:48.611000+00:00,2024-03-30 09:18:26+00:00,0.21622203355939848,0.029236419054569213,1.0,0.19116929483946588,1.0,0.25577571040063474,0.25577571040063474,1,1
6607c81a9f40c9600331ecf7,2024-03-30 08:00:00+00:00,2024-03-30 09:00:00+00:00,3h,2024-03-30 08:06:50.804000+00:00,2024-03-30 11:01:10+00:00,0.3049178923504254,0.04877686029122522,1.0,0.2556887061365908,1.0,0.2804038574020533,0.2804038574020533,1,1
660a21269f40c9600331f9d7,2024-04-01 02:00:00+00:00,2024-04-01 03:00:00+00:00,5h,2024-04-01 02:51:18.253000+00:00,2024-04-01 10:00:00+00:00,0.020284275403222026,0.009209255478079551,0.7,0.04716155037736458,1.0,0.15495786336232062,0.15495786336232062,1,1
660a32279f40c9600331feaa,2024-04-01 04:00:00+00:00,2024-04-01 05:00:00+00:00,3h,2024-04-01 04:03:51.821000+00:00,2024-04-01 07:02:07+00:00,0.3149249769452199,0.05163938649998488,1.0,0.2679221556436576,1.0,0.28456806302872245,0.28456806302872245,1,3
660a326d9f40c9600331febd,2024-04-01 04:00:00+00:00,2024-04-01 05:00:00+00:00,5h,2024-04-01 04:05:01.882000+00:00,2024-04-01 12:00:00+00:00,0.11573108090857089,0.016212720972064245,0.7,0.26315763444372253,1.0,0.20235915947198305,0.20235915947198305,2,3
660a33299f40c9600331ff06,2024-04-01 04:00:00+00:00,2024-04-01 05:00:00+00:00,5h,2024-04-01 04:08:09.386000+00:00,2024-04-01 12:00:00+00:00,0.10987448029209115,0.01566167346881581,0.7,0.2502532640008769,1.0,0.19944765688146485,0.19944765688146485,3,3
660a4d099f40c9600332055a,2024-04-01 05:00:00+00:00,2024-04-01 06:00:00+00:00,3h,2024-04-01 05:58:33.630000+00:00,2024-04-01 08:57:38+00:00,0.008038628602700763,0.00856246161366551,1.0,0.007965329514904251,1.0,0.20673054287118017,0.20673054287118017,1,1
660a56209f40c96003320732,2024-04-01 06:00:00+00:00,2024-04-01 07:00:00+00:00,3h,2024-04-01 06:37:21.052000+00:00,2024-04-01 09:36:19+00:00,0.12655565104245245,0.017281840542824785,1.0,0.11823395963348216,1.0,0.23401589625239133,0.23401589625239133,1,1
660a5f109f40c96003320a71,2024-04-01 07:00:00+00:00,2024-04-01 08:00:00+00:00,3h,2024-04-01 07:15:28.140000+00:00,2024-04-01 10:10:44+00:00,0.25407907674693275,0.03642041765831567,1.0,0.2191673623160636,1.0,0.26568572305820215,0.26568572305820215,1,2
660a65949f40c96003320c21,2024-04-01 07:00:00+00:00,2024-04-01 08:00:00+00:00,3h,2024-04-01 07:43:16.672000+00:00,2024-04-01 10:41:59+00:00,0.09357370899304704,0.014223168867282383,1.0,0.08871605082310796,1.0,0.22627711148499105,0.22627711148499105,2,2
660b7a1c13a981ad30f9b33e,2024-04-02 03:00:00+00:00,2024-04-02 04:00:00+00:00,3h,2024-04-02 03:23:08.621000+00:00,2024-04-02 06:21:59+00:00,0.20608582418197902,0.027558871077182526,1.0,0.1851549567620262,1.0,0.25356631399871477,0.25356631399871477,1,1
660b8e32a899dbe83ee3cac1,2024-04-02 04:00:00+00:00,2024-04-02 05:00:00+00:00,5h,2024-04-02 04:48:50.996000+00:00,2024-04-02 12:00:00+00:00,0.025861219859875547,0.009519643052828904,0.7,0.06006524416656289,1.0,0.15772483466500992,0.15772483466500992,1,1
660b9460a899dbe83ee3cc2c,2024-04-02 05:00:00+00:00,2024-04-02 06:00:00+00:00,3h,2024-04-02 05:15:12.681000+00:00,2024-04-02 08:13:41+00:00,0.2509561958324178,0.03576853339214874,1.0,0.22028423794534835,1.0,0.2655179676243589,0.2655179676243589,1,1
660cd9912587af2758f420d6,2024-04-03 04:00:00+00:00,2024-04-03 05:00:00+00:00,3h,2024-04-03 04:22:41.757000+00:00,2024-04-03 07:22:24+00:00,0.20758602825033715,0.027801126876831804,1.0,0.187179289644417,1.0,0.25411653405498247,0.25411653405498247,1,1
660ce3872587af2758f421cc,2024-04-03 05:00:00+00:00,2024-04-03 06:00:00+00:00,5h,2024-04-03 05:05:11.335000+00:00,2024-04-04 08:00:00+00:00,0.033942721782780266,0.009987891452890177,0.7,0.26251241036146833,1.0,0.19849521694402775,0.19849521694402775,1,1
660d1e7b13dac364c002abc7,2024-04-03 09:00:00+00:00,2024-04-03 10:00:00+00:00,3h,2024-04-03 09:16:43.844000+00:00,2024-04-03 12:15:32+00:00,0.2419946167822317,0.03395965817117088,1.0,0.21367478675271412,1.0,0.2631107522532454,0.2631107522532454,1,2
660d26f713dac364c002acca,2024-04-03 09:00:00+00:00,2024-04-03 10:00:00+00:00,3h,2024-04-03 09:52:55.256000+00:00,2024-04-03 12:52:34+00:00,0.03940570441231372,0.010317264417926464,1.0,0.03856483579224468,1.0,0.21390332580920482,0.21390332580920482,2,2
660e0febad7887547b689ff1,2024-04-04 02:00:00+00:00,2024-04-04 03:00:00+00:00,3h,2024-04-04 02:26:52.095000+00:00,2024-04-04 05:24:42+00:00,0.1863095313407195,0.024551059373781093,1.0,0.16811850132137685,1.0,0.24835433588854405,0.24835433588854405,1,7
660e1183ad7887547b68a025,2024-04-04 02:00:00+00:00,2024-04-04 03:00:00+00:00,3h,2024-04-04 02:33:39.248000+00:00,2024-04-04 05:27:44+00:00,0.1513441391427963,0.01999774873029,1.0,0.13615845667396875,1.0,0.23923034057296777,0.23923034057296777,2,7
660e13e1ad7887547b68a1d1,2024-04-04 02:00:00+00:00,2024-04-04 03:00:00+00:00,3h,2024-04-04 02:43:45.529000+00:00,2024-04-04 05:41:53+00:00,0.09117882050861238,0.014023098334288627,1.0,0.08627789487973736,1.0,0.22566943797652067,0.22566943797652067,3,7
660e11e7ad7887547b68a172,2024-04-04 02:00:00+00:00,2024-04-04 03:00:00+00:00,5h,2024-04-04 02:35:19.515000+00:00,2024-04-04 10:00:00+00:00,0.055489433569142384,0.011350664690587622,0.7,0.12810122405613011,1.0,0.17243064362557858,0.17243064362557858,4,7
660e126cad7887547b68a193,2024-04-04 02:00:00+00:00,2024-04-04 03:00:00+00:00,5h,2024-04-04 02:37:32.369000+00:00,2024-04-04 10:00:00+00:00,0.050762759208156844,0.011036783988995894,0.7,0.11730949885324382,1.0,0.1700839701640463,0.1700839701640463,5,7
660e136dad7887547b68a1ba,2024-04-04 02:00:00+00:00,2024-04-04 03:00:00+00:00,5h,2024-04-04 02:41:49.665000+00:00,2024-04-04 10:00:00+00:00,0.041472845439207984,0.010444679847735316,0.7,0.09602804693736111,1.0,0.1654724172961134,0.1654724172961134,6,7
660e157fad7887547b68a214,2024-04-04 02:00:00+00:00,2024-04-04 03:00:00+00:00,5h,2024-04-04 02:50:39.453000+00:00,2024-04-04 10:00:00+00:00,0.021759902846783495,0.00929039320905501,0.7,0.05057856908016778,1.0,0.15568994974146655,0.15568994974146655,7,7
660e3131ad7887547b68ab71,2024-04-04 04:00:00+00:00,2024-04-04 05:00:00+00:00,3h,2024-04-04 04:48:50.002000+00:00,2024-04-04 07:38:31+00:00,0.06580867612389277,0.012066910403175136,1.0,0.06015174899561282,1.0,0.21927049604102766,0.21927049604102766,1,3
660e2934ad7887547b68a6ec,2024-04-04 04:00:00+00:00,2024-04-04 05:00:00+00:00,5h,2024-04-04 04:14:44.692000+00:00,2024-04-04 12:00:00+00:00,0.09726949815491916,0.014537450506106645,0.7,0.22230231297448133,1.0,0.19318293289856026,0.19318293289856026,2,3
660e3173052ab0dd7679955b,2024-04-04 04:00:00+00:00,2024-04-04 05:00:00+00:00,5h,2024-04-04 04:49:55.919000+00:00,2024-04-04 12:00:00+00:00,0.023410289248433226,0.009381979240797733,0.7,0.054397913621719085,1.0,0.15650877026882243,0.15650877026882243,3,3
660e3837052ab0dd76799d30,2024-04-04 05:00:00+00:00,2024-04-04 06:00:00+00:00,3h,2024-04-04 05:18:47.377000+00:00,2024-04-04 08:17:08+00:00,0.23107280762998567,0.03187426104276444,1.0,0.20462897419650317,1.0,0.2600503514649593,0.2600503514649593,1,1
660f69791a314e877693f6a4,2024-04-05 03:00:00+00:00,2024-04-05 04:00:00+00:00,5h,2024-04-05 03:01:13.592000+00:00,2024-04-05 10:00:00+00:00,0.14034668226353722,0.01874473160244735,0.7,0.2785695193018496,1.0,0.20696074282183832,0.20696074282183832,1,5
660f69be1a314e877693f6b4,2024-04-05 03:00:00+00:00,2024-04-05 04:00:00+00:00,5h,2024-04-05 03:02:22.459000+00:00,2024-04-05 11:00:00+00:00,0.12065030282954145,0.01669027096944745,0.7,0.2739545662446309,1.0,0.20480507583059462,0.20480507583059462,2,5
660f69f01a314e877693f6c2,2024-04-05 03:00:00+00:00,2024-04-05 04:00:00+00:00,5h,2024-04-05 03:03:12.355000+00:00,2024-04-05 11:00:00+00:00,0.11911658579376247,0.016539915269955158,0.7,0.27059247589211477,1.0,0.20404244434039603,0.20404244434039603,3,5
660f6ce41a314e877693f7d7,2024-04-05 03:00:00+00:00,2024-04-05 04:00:00+00:00,5h,2024-04-05 03:15:48.871000+00:00,2024-04-05 11:00:00+00:00,0.0951892829910055,0.014359721324400705,0.7,0.2176670856906905,1.0,0.19214924993277852,0.19214924993277852,4,5
660f739e1a314e877693fa1e,2024-04-05 03:00:00+00:00,2024-04-05 04:00:00+00:00,5h,2024-04-05 03:44:30.476000+00:00,2024-04-05 11:00:00+00:00,0.03557370582028207,0.010085121241544943,0.7,0.08246727951654054,1.0,0.16254452864823507,0.16254452864823507,5,5
660f8d021a314e877693ffd9,2024-04-05 05:00:00+00:00,2024-04-05 06:00:00+00:00,3h,2024-04-05 05:32:51.011000+00:00,2024-04-05 08:32:09+00:00,0.1514213297671154,0.020006827364861892,1.0,0.14000810553080112,1.0,0.24000571752507738,0.24000571752507738,1,2
660f8d661a314e877693ffea,2024-04-05 05:00:00+00:00,2024-04-05 06:00:00+00:00,luu_kho,2024-04-05 05:34:30.710000+00:00,2024-04-06 06:00:00+00:00,0.01739227053920258,0.009052268712605591,0.3,0.1320324292665842,1.0,0.09183784708088019,0.09183784708088019,2,2
660f9c001a314e87769403d9,2024-04-05 06:00:00+00:00,2024-04-05 07:00:00+00:00,3h,2024-04-05 06:36:48.757000+00:00,2024-04-05 09:35:43+00:00,0.12960792857027736,0.017595630023083925,1.0,0.1208667466850698,1.0,0.2347307273508643,0.2347307273508643,1,2
660fa0901a314e877694070d,2024-04-05 06:00:00+00:00,2024-04-05 07:00:00+00:00,3h,2024-04-05 06:56:16.425000+00:00,2024-04-05 09:54:52+00:00,0.020864489306453453,0.00924107459090589,1.0,0.020488586105373408,1.0,0.20964236197561822,0.20964236197561822,2,2
660fa6cb1a314e8776940945,2024-04-05 07:00:00+00:00,2024-04-05 08:00:00+00:00,3h,2024-04-05 07:22:51.924000+00:00,2024-04-05 10:18:35+00:00,0.21133073497715468,0.02841488939511974,1.0,0.18641374897982765,1.0,0.2543316834330374,0.2543316834330374,1,2
660faa7c1a314e8776940a55,2024-04-05 07:00:00+00:00,2024-04-05 08:00:00+00:00,3h,2024-04-05 07:38:36.806000+00:00,2024-04-05 10:38:19+00:00,0.11901047226566319,0.016529561980669072,1.0,0.11202728184403565,1.0,0.2323231935572086,0.2323231935572086,2,2
660fd4bc1a314e877694111f,2024-04-05 10:00:00+00:00,2024-04-05 11:00:00+00:00,3h,2024-04-05 10:38:52.511000+00:00,2024-04-05 13:35:03+00:00,0.11990826536028751,0.016617359377374602,1.0,0.1107350822072718,1.0,0.23211743206787913,0.23211743206787913,1,1
6610cbdd3245d81de46de2c8,2024-04-06 04:00:00+00:00,2024-04-06 05:00:00+00:00,5h,2024-04-06 04:13:17.295000+00:00,2024-04-07 08:00:00+00:00,0.028026291888804407,0.009642913782783197,0.7,0.22857029205352608,1.0,0.1914998066803751,0.1914998066803751,1,1
6610da0e3245d81de46de407,2024-04-06 05:00:00+00:00,2024-04-06 06:00:00+00:00,3h,2024-04-06 05:13:50.967000+00:00,2024-04-06 08:09:17+00:00,0.26306520224665836,0.03836059478437667,1.0,0.22616139239738098,1.0,0.26824863535010224,0.26824863535010224,1,2
6610db233245d81de46de448,2024-04-06 05:00:00+00:00,2024-04-06 06:00:00+00:00,5h,2024-04-06 05:18:27.639000+00:00,2024-04-07 08:00:00+00:00,0.025937139789915242,0.009523939115577045,0.7,0.20608126089318857,1.0,0.18693061564798394,0.18693061564798394,2,2
6610f9f837ac03251285b518,2024-04-06 07:00:00+00:00,2024-04-06 08:00:00+00:00,3h,2024-04-06 07:30:00.970000+00:00,2024-04-06 10:26:17+00:00,0.17010447209397098,0.022327117491024572,1.0,0.1534422450957611,1.0,0.24408471951376698,0.24408471951376698,1,1
66111e0737ac03251285bbd2,2024-04-06 10:00:00+00:00,2024-04-06 11:00:00+00:00,3h,2024-04-06 10:03:51.961000+00:00,2024-04-06 13:01:26+00:00,0.3161279022913282,0.051993995947727266,1.0,0.2679126656841665,1.0,0.28477893070546967,0.28477893070546967,1,1
6611372800fbfee76205d49a,2024-04-06 11:00:00+00:00,2024-04-06 12:00:00+00:00,luu_kho,2024-04-06 11:51:04.213000+00:00,2024-04-08 10:00:00+00:00,0.003224994504043852,0.008320727641145727,0.3,0.048399435562168414,1.0,0.07467232369712112,0.07467232369712112,1,1
66120a1c86184d1320acb217,2024-04-07 02:00:00+00:00,2024-04-07 03:00:00+00:00,5h,2024-04-07 02:51:09.026000+00:00,2024-04-08 10:00:00+00:00,0.004735301773085464,0.008395835512201544,0.7,0.04797526202379421,1.0,0.15463255371207973,0.15463255371207973,1,1
6612a78a90aebfbd96539c88,2024-04-07 14:00:00+00:00,2024-04-07 15:00:00+00:00,5h,2024-04-07 14:02:50.410000+00:00,2024-04-08 06:00:00+00:00,0.059718169675249295,0.011638948299991495,0.7,0.27207308668959107,1.0,0.2013979863179131,0.2013979863179131,1,1
661368e55cbb0f299624a294,2024-04-08 03:00:00+00:00,2024-04-08 04:00:00+00:00,3h,2024-04-08 03:47:49.225000+00:00,2024-04-08 06:46:45+00:00,0.06806914265621253,0.012229671215767726,1.0,0.065425890992311,1.0,0.22042298092792284,0.22042298092792284,1,3
661369095cbb0f299624a2a2,2024-04-08 03:00:00+00:00,2024-04-08 04:00:00+00:00,5h,2024-04-08 03:48:25.175000+00:00,2024-04-08 11:00:00+00:00,0.02683258141346775,0.009574754360038512,0.7,0.06230978727855663,1.0,0.15820681007173443,0.15820681007173443,2,3
66136a705cbb0f299624a2e8,2024-04-08 03:00:00+00:00,2024-04-08 04:00:00+00:00,5h,2024-04-08 03:54:24.899000+00:00,2024-04-08 11:00:00+00:00,0.01312315153952201,0.008825362264607091,0.7,0.03055144619074046,1.0,0.15140550659691235,0.15140550659691235,3,3
66137a8f5cbb0f299624a9c4,2024-04-08 05:00:00+00:00,2024-04-08 06:00:00+00:00,3h,2024-04-08 05:03:11.204000+00:00,2024-04-08 07:59:02+00:00,0.3230842488092841,0.05409018388866218,1.0,0.2706702076814489,1.0,0.2865881518694871,0.2865881518694871,1,2
66137c3a5cbb0f299624abdc,2024-04-08 05:00:00+00:00,2024-04-08 06:00:00+00:00,3h,2024-04-08 05:10:18.563000+00:00,2024-04-08 08:09:45+00:00,0.2769195602965029,0.04154750061397897,1.0,0.2412318238297232,1.0,0.27317486513433203,0.27317486513433203,2,2
661397365cbb0f299624b812,2024-04-08 07:00:00+00:00,2024-04-08 08:00:00+00:00,3h,2024-04-08 07:05:27.055000+00:00,2024-04-08 10:02:46+00:00,0.307638116373381,0.04953973406522362,1.0,0.2614381745879527,1.0,0.2820114753567247,0.2820114753567247,1,1
6614ae71671f03014130d25b,2024-04-09 02:00:00+00:00,2024-04-09 03:00:00+00:00,5h,2024-04-09 02:56:49.283000+00:00,2024-04-09 10:00:00+00:00,0.007511288476020587,0.008535643333010854,0.7,0.017503975425469664,1.0,0.14862218108490044,0.14862218108490044,1,1
6614b610671f03014130d2e7,2024-04-09 03:00:00+00:00,2024-04-09 04:00:00+00:00,3h,2024-04-09 03:29:20.300000+00:00,2024-04-09 06:28:49+00:00,0.17083770557263178,0.02242335240908571,1.0,0.15662416721573003,1.0,0.24477884488859744,0.24477884488859744,1,2
6614b621671f03014130d2f9,2024-04-09 03:00:00+00:00,2024-04-09 04:00:00+00:00,3h,2024-04-09 03:29:37.311000+00:00,2024-04-09 06:29:23+00:00,0.16899142929116537,0.02218180447046297,1.0,0.15529472546666712,1.0,0.24436802777561123,0.24436802777561123,2,2
6614f184671f03014130de75,2024-04-09 07:00:00+00:00,2024-04-09 08:00:00+00:00,3h,2024-04-09 07:43:00.919000+00:00,2024-04-09 10:40:15+00:00,0.09583160030471839,0.01441436984215316,1.0,0.09004429078847775,1.0,0.22665748006298744,0.22665748006298744,1,1
66160024671f03014130e879,2024-04-10 02:00:00+00:00,2024-04-10 03:00:00+00:00,5h,2024-04-10 02:57:40.957000+00:00,2024-04-10 10:00:00+00:00,0.005487302736729244,0.008433482961767875,0.7,0.012791831893980143,1.0,0.14761845615585673,0.14761845615585673,1,1
66160c78671f03014130eb14,2024-04-10 03:00:00+00:00,2024-04-10 04:00:00+00:00,3h,2024-04-10 03:50:16.654000+00:00,2024-04-10 06:49:26+00:00,0.05426804570250134,0.011268721274448694,1.0,0.05258070129010706,1.0,0.21727737302269065,0.21727737302269065,1,1
6616110a671f03014130ebd4,2024-04-10 04:00:00+00:00,2024-04-10 05:00:00+00:00,3h,2024-04-10 04:09:46.950000+00:00,2024-04-10 07:08:56+00:00,0.2803084923783963,0.042364801527073365,1.0,0.24344958921332782,1.0,0.2741087987589096,0.2741087987589096,1,5
6616115f671f03014130ec08,2024-04-10 04:00:00+00:00,2024-04-10 05:00:00+00:00,3h,2024-04-10 04:11:11.724000+00:00,2024-04-10 07:09:50+00:00,0.27320401154066193,0.040668769979980014,1.0,0.23748772072777702,1.0,0.27189880613354345,0.27189880613354345,2,5
661610d4671f03014130ebc6,2024-04-10 04:00:00+00:00,2024-04-10 05:00:00+00:00,5h,2024-04-10 04:08:52.719000+00:00,2024-04-10 11:00:00+00:00,0.12434613283888078,0.017058127605757464,0.7,0.24723900102246754,1.0,0.199682676767948,0.199682676767948,3,5
661611a7671f03014130ec31,2024-04-10 04:00:00+00:00,2024-04-10 05:00:00+00:00,5h,2024-04-10 04:12:23.487000+00:00,2024-04-10 12:00:00+00:00,0.1018128304112489,0.014933192886994084,0.7,0.23240416774646155,1.0,0.19544074928148875,0.19544074928148875,4,5
661611e7671f03014130ed5d,2024-04-10 04:00:00+00:00,2024-04-10 05:00:00+00:00,5h,2024-04-10 04:13:28.080000+00:00,2024-04-10 12:00:00+00:00,0.09974021074652972,0.0147513602655003,0.7,0.22779954900349308,1.0,0.19441072595999878,0.19441072595999878,5,5
661632ee671f03014130fd14,2024-04-10 06:00:00+00:00,2024-04-10 07:00:00+00:00,3h,2024-04-10 06:34:22.920000+00:00,2024-04-10 09:32:58+00:00,0.14345016556105974,0.019090319608177978,1.0,0.13265826532690972,1.0,0.23798584483028873,0.23798584483028873,1,1
66163ab5671f030141310273,2024-04-10 07:00:00+00:00,2024-04-10 08:00:00+00:00,3h,2024-04-10 07:07:33.357000+00:00,2024-04-10 10:06:26+00:00,0.2931843535651004,0.04561224286117677,1.0,0.2527502656587185,1.0,0.2779173988484498,0.2779173988484498,1,2
66163bb2671f0301413102ad,2024-04-10 07:00:00+00:00,2024-04-10 08:00:00+00:00,3h,2024-04-10 07:11:46.787000+00:00,2024-04-10 10:07:36+00:00,0.2742586579681347,0.040916369876046355,1.0,0.23500814524593538,1.0,0.2715514509748149,0.2715514509748149,2,2
661766a8caabc708e5d0f49a,2024-04-11 04:00:00+00:00,2024-04-11 05:00:00+00:00,3h,2024-04-11 04:27:20.833000+00:00,2024-04-11 07:26:45+00:00,0.18200823157054327,0.023940531584128455,1.0,0.16590197858067723,1.0,0.24754471466661254,0.24754471466661254,1,1
66177158caabc708e5d0f6c1,2024-04-11 05:00:00+00:00,2024-04-11 06:00:00+00:00,3h,2024-04-11 05:12:56.356000+00:00,2024-04-11 08:12:09+00:00,0.26259997076067987,0.03825775565925288,1.0,0.23006448817514413,1.0,0.26896755103058057,0.26896755103058057,1,1
661889e929cc074b1011b577,2024-04-12 01:00:00+00:00,2024-04-12 02:00:00+00:00,3h,2024-04-12 01:10:01.213000+00:00,2024-04-12 04:09:01+00:00,0.27922220431373546,0.042101164417408875,1.0,0.24244979226966368,1.0,0.27375065710437807,0.27375065710437807,1,1
6618a70029cc074b1011b6fe,2024-04-12 03:00:00+00:00,2024-04-12 04:00:00+00:00,3h,2024-04-12 03:14:09.217000+00:00,2024-04-12 06:11:30+00:00,0.25851321279646433,0.037365689006220164,1.0,0.22485264299333751,1.0,0.2673899420023996,0.2673899420023996,1,4
6618a75429cc074b1011b72c,2024-04-12 03:00:00+00:00,2024-04-12 04:00:00+00:00,3h,2024-04-12 03:15:33.102000+00:00,2024-04-12 06:14:14+00:00,0.2487569604710352,0.03531621226134069,1.0,0.2188085306733486,1.0,0.26495143349147415,0.26495143349147415,2,4
6618a82329cc074b1011b785,2024-04-12 03:00:00+00:00,2024-04-12 04:00:00+00:00,3h,2024-04-12 03:18:59.389000+00:00,2024-04-12 06:15:36+00:00,0.2322073538417141,0.032084992712862255,1.0,0.20374385273205575,1.0,0.2599997661741285,0.2599997661741285,3,4
6618a85629cc074b1011b7b5,2024-04-12 03:00:00+00:00,2024-04-12 04:00:00+00:00,3h,2024-04-12 03:19:51.231000+00:00,2024-04-12 06:19:05+00:00,0.22399300189542845,0.030589184288103078,1.0,0.1999124874957906,1.0,0.25833600807201995,0.25833600807201995,4,4
6618b22e29cc074b1011bc14,2024-04-12 04:00:00+00:00,2024-04-12 05:00:00+00:00,3h,2024-04-12 04:01:50.864000+00:00,2024-04-12 07:01:30+00:00,0.3236934759891702,0.05427751361040235,1.0,0.27607548142847693,1.0,0.2877816044519368,0.2877816044519368,1,3
6618b91e29cc074b1011c23d,2024-04-12 04:00:00+00:00,2024-04-12 05:00:00+00:00,5h,2024-04-12 04:31:26.536000+00:00,2024-04-12 12:00:00+00:00,0.06366568049359977,0.011914584405527702,0.7,0.14670851643289873,1.0,0.17649045392989637,0.17649045392989637,2,3
6618b98129cc074b1011c25f,2024-04-12 04:00:00+00:00,2024-04-12 05:00:00+00:00,5h,2024-04-12 04:33:05.519000+00:00,2024-04-12 12:00:00+00:00,0.060209295119305124,0.011672895047203102,0.7,0.13885207345819794,1.0,0.17477415171996144,0.17477415171996144,3,3
6618daa629cc074b1011c889,2024-04-12 06:00:00+00:00,2024-04-12 07:00:00+00:00,3h,2024-04-12 06:54:30.965000+00:00,2024-04-12 09:53:48+00:00,0.0305878896926523,0.009790803905624595,1.0,0.03000678630868603,1.0,0.21187583960511197,0.21187583960511197,1,1
661935e329cc074b1011d0c2,2024-04-12 13:00:00+00:00,2024-04-12 14:00:00+00:00,luu_kho,2024-04-12 13:23:48.025000+00:00,2024-04-15 05:00:00+00:00,0.009485767854341126,0.00863648687683186,0.3,0.18217654944889883,1.0,0.10161720201587887,0.10161720201587887,1,1
6619c807eb14a3260be9bb89,2024-04-12 23:00:00+00:00,2024-04-13 00:00:00+00:00,3h,2024-04-12 23:47:19.373000+00:00,2024-04-13 04:00:00+00:00,0.05017120993742541,0.01099811067887083,1.0,0.06800555622202009,1.0,0.22019997765172653,0.22019997765172653,1,2
6619c861eb14a3260be9bb98,2024-04-12 23:00:00+00:00,2024-04-13 00:00:00+00:00,3h,2024-04-12 23:48:49.922000+00:00,2024-04-13 04:00:00+00:00,0.04446413615112012,0.010631819611146846,1.0,0.06015871080872459,1.0,0.21841083392843302,0.21841083392843302,2,2
661a2b06eb14a3260be9c18e,2024-04-13 06:00:00+00:00,2024-04-13 07:00:00+00:00,3h,2024-04-13 06:49:42.375000+00:00,2024-04-13 09:47:29.947000+00:00,0.05789742970565373,0.011513947322519435,1.0,0.055583025418327936,1.0,0.21802497347717725,0.21802497347717725,1,1
661c9f4c2f0e077a3cd4b408,2024-04-15 03:00:00+00:00,2024-04-15 04:00:00+00:00,3h,2024-04-15 03:30:20.642000+00:00,2024-04-15 06:29:37.641000+00:00,0.16541397837817035,0.02172098387552824,1.0,0.1518988506166895,1.0,0.24341236044865486,0.24341236044865486,1,4
661ca2614448979e7ec72643,2024-04-15 03:00:00+00:00,2024-04-15 04:00:00+00:00,5h,2024-04-15 03:43:29.800000+00:00,2024-04-15 10:00:00+00:00,0.043833166594363926,0.010592071104077101,0.7,0.08760766103779427,1.0,0.1638767748700051,0.1638767748700051,2,4
661ca29d4448979e7ec72659,2024-04-15 03:00:00+00:00,2024-04-15 04:00:00+00:00,5h,2024-04-15 03:44:29.564000+00:00,2024-04-15 10:00:00+00:00,0.04129684840541923,0.010433771290533361,0.7,0.08254475678607276,1.0,0.16276921413153456,0.16276921413153456,3,4
661ca3214448979e7ec726ce,2024-04-15 03:00:00+00:00,2024-04-15 04:00:00+00:00,5h,2024-04-15 03:46:41.258000+00:00,2024-04-15 10:00:00+00:00,0.03566012769824305,0.010090299267893552,0.7,0.07128892276477639,1.0,0.16031196411369142,0.16031196411369142,4,4
661cccd24448979e7ec737e5,2024-04-15 06:00:00+00:00,2024-04-15 07:00:00+00:00,3h,2024-04-15 06:44:34.927000+00:00,2024-04-15 09:42:35.362000+00:00,0.08661379428834125,0.013649387487435324,1.0,0.082089059163721,1.0,0.2246074443252054,0.2246074443252054,1,1
661de6953eeac8266fef18dd,2024-04-16 02:00:00+00:00,2024-04-16 03:00:00+00:00,3h,2024-04-16 02:46:46.046000+00:00,2024-04-16 05:43:19.905000+00:00,0.07494473921165082,0.012738179059575212,1.0,0.07087710290721216,1.0,0.2218183280171876,0.2218183280171876,1,2
661de7023eeac8266fef18fc,2024-04-16 02:00:00+00:00,2024-04-16 03:00:00+00:00,3h,2024-04-16 02:48:34.739000+00:00,2024-04-16 05:47:23.703000+00:00,0.06387019287230342,0.011929038948597596,1.0,0.06147904272035143,1.0,0.21945323191322885,0.21945323191322885,2,2
661e13471e5919e9a4660638,2024-04-16 05:00:00+00:00,2024-04-16 06:00:00+00:00,3h,2024-04-16 05:57:28.017000+00:00,2024-04-16 08:55:47.929000+00:00,0.014204135510647191,0.00888227866748857,1.0,0.013973945217572226,1.0,0.2081241562440076,0.2081241562440076,1,1
661e13e51e5919e9a4660657,2024-04-16 06:00:00+00:00,2024-04-16 07:00:00+00:00,3h,2024-04-16 06:00:05.459000+00:00,2024-04-16 08:58:05.737000+00:00,0.3365587487516711,0.058378951325813985,1.0,0.28310641783719015,1.0,0.2916486543629264,0.2916486543629264,1,1
661e86691e5919e9a4661110,2024-04-16 14:00:00+00:00,2024-04-16 15:00:00+00:00,3h,2024-04-16 14:08:41.320000+00:00,2024-04-17 04:00:00+00:00,0.061723365574229305,0.011778165020353159,1.0,0.2480330932356729,1.0,0.2566735176593465,0.2566735176593465,1,2
661e8bd11e5919e9a4661136,2024-04-16 14:00:00+00:00,2024-04-16 15:00:00+00:00,3h,2024-04-16 14:31:45.618000+00:00,2024-04-17 04:00:00+00:00,0.034939758588943354,0.010047218182128887,1.0,0.14519954412228286,1.0,0.23506823973373392,0.23506823973373392,2,2
661f3ac61e5919e9a4661887,2024-04-17 02:00:00+00:00,2024-04-17 03:00:00+00:00,5h,2024-04-17 02:58:14.309000+00:00,2024-04-17 09:00:00+00:00,0.004869275988495368,0.008402530447257969,0.7,0.009738474634592209,1.0,0.1469892131952732,0.1469892131952732,1,1
661f3b471e5919e9a46618ab,2024-04-17 03:00:00+00:00,2024-04-17 04:00:00+00:00,5h,2024-04-17 03:00:23.928000+00:00,2024-04-17 09:00:00+00:00,0.16574249474139685,0.021762907610324313,0.7,0.2818794145870942,1.0,0.20943362748361344,0.20943362748361344,1,2
661f3b881e5919e9a46618c1,2024-04-17 03:00:00+00:00,2024-04-17 04:00:00+00:00,5h,2024-04-17 03:01:28.355000+00:00,2024-04-17 10:00:00+00:00,0.13984129673703177,0.01868903847133704,0.7,0.2775826895971759,1.0,0.2067299610022374,0.2067299610022374,2,2
661f58e34cc234b019c8943b,2024-04-17 05:00:00+00:00,2024-04-17 06:00:00+00:00,3h,2024-04-17 05:06:44.119000+00:00,2024-04-17 08:03:26.558000+00:00,0.30142885047487655,0.04781468351675461,1.0,0.2561492784863668,1.0,0.27991866580732616,0.27991866580732616,1,1
661f6f8320d956274e41a820,2024-04-17 06:00:00+00:00,2024-04-17 07:00:00+00:00,3h,2024-04-17 06:43:16.213000+00:00,2024-04-17 09:41:31.399000+00:00,0.09385409473009633,0.014246775666261308,1.0,0.08875477956795641,1.0,0.22629902131334806,0.22629902131334806,1,1
661f839520d956274e41ac95,2024-04-17 08:00:00+00:00,2024-04-17 09:00:00+00:00,3h,2024-04-17 08:08:53.335000+00:00,2024-04-17 11:05:57.781000+00:00,0.2886423442690565,0.04444049501390554,1.0,0.24719606454101561,1.0,0.2761035099165465,0.2761035099165465,1,1
66209519a6fafd497076ee15,2024-04-18 03:00:00+00:00,2024-04-18 04:00:00+00:00,3h,2024-04-18 03:35:53.520000+00:00,2024-04-18 06:31:57.600000+00:00,0.1369243701297226,0.018370753357612766,1.0,0.12535162744878237,1.0,0.23609277750432417,0.23609277750432417,1,1
6620a9c8a3fe6575ec763816,2024-04-18 05:00:00+00:00,2024-04-18 06:00:00+00:00,3h,2024-04-18 05:04:08.688000+00:00,2024-04-18 08:03:46.772000+00:00,0.31093763975118394,0.050480249917905916,1.0,0.2667779330241723,1.0,0.283643736555578,0.283643736555578,1,1
6621e371a3fe6575ec764558,2024-04-19 03:00:00+00:00,2024-04-19 04:00:00+00:00,3h,2024-04-19 03:22:25.274000+00:00,2024-04-19 05:58:09.521000+00:00,0.24129563355934408,0.033822340026034806,1.0,0.18841887345369512,1.0,0.25797717870635994,0.25797717870635994,1,4
6621e3a2a3fe6575ec76456e,2024-04-19 03:00:00+00:00,2024-04-19 04:00:00+00:00,5h,2024-04-19 03:23:14.899000+00:00,2024-04-19 10:00:00+00:00,0.09263144903270942,0.01414411835132034,0.7,0.18468115265939333,1.0,0.18542270154267085,0.18542270154267085,2,4
6621e421a3fe6575ec764592,2024-04-19 03:00:00+00:00,2024-04-19 04:00:00+00:00,5h,2024-04-19 03:25:21.981000+00:00,2024-04-19 10:00:00+00:00,0.08776152261724258,0.013742410432994456,0.7,0.17503075049274797,1.0,0.18325159635834626,0.18325159635834626,3,4
6621e700a3fe6575ec764699,2024-04-19 03:00:00+00:00,2024-04-19 04:00:00+00:00,5h,2024-04-19 03:37:36.753000+00:00,2024-04-19 10:00:00+00:00,0.05854650826014296,0.01155835619341687,0.7,0.11695111916137668,1.0,0.17032523754832546,0.17032523754832546,4,4
6621edcba3fe6575ec764d52,2024-04-19 04:00:00+00:00,2024-04-19 05:00:00+00:00,3h,2024-04-19 04:06:35.758000+00:00,2024-04-19 07:05:48.058000+00:00,0.2980052639900301,0.046888099439838224,1.0,0.25672492006992553,1.0,0.2794778436778881,0.2794778436778881,1,2
6621edf6a3fe6575ec764d5f,2024-04-19 04:00:00+00:00,2024-04-19 05:00:00+00:00,3h,2024-04-19 04:07:18.730000+00:00,2024-04-19 07:06:39.924000+00:00,0.29376572897022396,0.045764333562770244,1.0,0.25376161970101807,1.0,0.2782109240778658,0.2782109240778658,2,2
6621fbbaa3fe6575ec765180,2024-04-19 05:00:00+00:00,2024-04-19 06:00:00+00:00,3h,2024-04-19 05:06:02.585000+00:00,2024-04-19 08:05:45.707000+00:00,0.30022984067137515,0.0474882126778123,1.0,0.25900444188310123,1.0,0.2802938159833076,0.2802938159833076,1,3
6621fbcaa3fe6575ec765191,2024-04-19 05:00:00+00:00,2024-04-19 06:00:00+00:00,3h,2024-04-19 05:06:18.349000+00:00,2024-04-19 08:06:05.759000+00:00,0.2986491660185346,0.04706105636191887,1.0,0.2579220730744254,1.0,0.2798210484320364,0.2798210484320364,2,3
6621fbd9a3fe6575ec7651a2,2024-04-19 05:00:00+00:00,2024-04-19 06:00:00+00:00,3h,2024-04-19 05:06:33.511000+00:00,2024-04-19 08:06:20.826000+00:00,0.2972462563668531,0.046685000376377454,1.0,0.25687954649361,1.0,0.2793869095245485,0.2793869095245485,3,3
662215fda3fe6575ec765e94,2024-04-19 06:00:00+00:00,2024-04-19 07:00:00+00:00,3h,2024-04-19 06:58:05.699000+00:00,2024-04-19 09:55:30.442000+00:00,0.01073778859668101,0.008701042904537177,1.0,0.010527618525106308,1.0,0.20732614944774358,0.20732614944774358,1,1
662217e5a3fe6575ec765f31,2024-04-19 07:00:00+00:00,2024-04-19 08:00:00+00:00,3h,2024-04-19 07:06:13.200000+00:00,2024-04-19 09:58:35.379000+00:00,0.3120038823539991,0.050787776053451514,1.0,0.2582757812736498,1.0,0.28212782188680086,0.28212782188680086,1,3
66221851a3fe6575ec765f4c,2024-04-19 07:00:00+00:00,2024-04-19 08:00:00+00:00,3h,2024-04-19 07:08:01.490000+00:00,2024-04-19 10:06:41.254000+00:00,0.29091218799219837,0.04502243736143867,1.0,0.2508012118403007,1.0,0.27717370478492337,0.27717370478492337,2,3
6622193ba3fe6575ec765f9c,2024-04-19 07:00:00+00:00,2024-04-19 08:00:00+00:00,3h,2024-04-19 07:11:55.936000+00:00,2024-04-19 10:08:40.200000+00:00,0.27197210480614215,0.0403813713158623,1.0,0.2343598234118014,1.0,0.27110078747187766,0.27110078747187766,3,3
662224c0a3fe6575ec76640c,2024-04-19 08:00:00+00:00,2024-04-19 09:00:00+00:00,3h,2024-04-19 08:01:04.183000+00:00,2024-04-19 10:59:39.834000+00:00,0.3299675400029359,0.05624259494339024,1.0,0.2791977585067017,1.0,0.2895851086673745,0.2895851086673745,1,1
66234118a1b0ba838dc358ce,2024-04-20 04:00:00+00:00,2024-04-20 05:00:00+00:00,3h,2024-04-20 04:14:16.658000+00:00,2024-04-20 07:10:23.755000+00:00,0.25961169846363674,0.03760348507271637,1.0,0.22431839679720644,1.0,0.26742577040307114,0.26742577040307114,1,3
66234275a1b0ba838dc35a18,2024-04-20 04:00:00+00:00,2024-04-20 05:00:00+00:00,3h,2024-04-20 04:20:05.442000+00:00,2024-04-20 07:15:53.459000+00:00,0.22701499248626544,0.031131460256987473,1.0,0.19885901273064832,1.0,0.2584506787003221,0.2584506787003221,2,3
66234362a1b0ba838dc35b1a,2024-04-20 04:00:00+00:00,2024-04-20 05:00:00+00:00,3h,2024-04-20 04:24:02.670000+00:00,2024-04-20 07:20:30.558000+00:00,0.2037545164814739,0.027186472518746018,1.0,0.1810668134638469,1.0,0.252525246204017,0.252525246204017,3,3
66235a44049514259ec1c7ad,2024-04-20 06:00:00+00:00,2024-04-20 07:00:00+00:00,3h,2024-04-20 06:01:40.617000+00:00,2024-04-20 08:58:39.890000+00:00,0.32953131537347236,0.056103829035521594,1.0,0.27676201258988187,1.0,0.28901469993928935,0.28901469993928935,1,1
6623856d049514259ec1d0f4,2024-04-20 09:00:00+00:00,2024-04-20 10:00:00+00:00,3h,2024-04-20 09:05:49.868000+00:00,2024-04-20 12:03:07.613000+00:00,0.30552828630503925,0.04894706654783743,1.0,0.2598764506568645,1.0,0.2813435300600754,0.2813435300600754,1,1
66249882e50fbe05cb192190,2024-04-21 04:00:00+00:00,2024-04-21 05:00:00+00:00,3h,2024-04-21 04:39:30.684000+00:00,2024-04-22 04:00:00+00:00,0.014629608552329521,0.008904780481662548,1.0,0.10758638109729679,1.0,0.2268601445084569,0.2268601445084569,1,1
6624b702e50fbe05cb19242d,2024-04-21 06:00:00+00:00,2024-04-21 07:00:00+00:00,3h,2024-04-21 06:49:38.295000+00:00,2024-04-22 04:00:00+00:00,0.008156534939752397,0.00856846924659992,1.0,0.05593973778103678,1.0,0.21632902910416732,0.21632902910416732,1,1
66255f40a43812eb5bf8fdfe,2024-04-21 18:00:00+00:00,2024-04-21 19:00:00+00:00,3h,2024-04-21 18:47:28.605000+00:00,2024-04-22 04:00:00+00:00,0.022665562037434625,0.009340541373094592,1.0,0.06720853295903972,1.0,0.2190460314156647,0.2190460314156647,1,1
6625d3bea43812eb5bf90972,2024-04-22 03:00:00+00:00,2024-04-22 04:00:00+00:00,3h,2024-04-22 03:04:30.716000+00:00,2024-04-22 06:02:17.654000+00:00,0.3121124356399184,0.05081918430874425,1.0,0.2652809053993007,1.0,0.2835476916651067,0.2835476916651067,1,8
6625d726a43812eb5bf90b9d,2024-04-22 03:00:00+00:00,2024-04-22 04:00:00+00:00,3h,2024-04-22 03:19:02.550000+00:00,2024-04-22 06:04:36.436000+00:00,0.2473805316469305,0.03503592834382391,1.0,0.20351076624532105,1.0,0.26172371025535857,0.26172371025535857,2,8
6625d7dba43812eb5bf90bed,2024-04-22 03:00:00+00:00,2024-04-22 04:00:00+00:00,3h,2024-04-22 03:22:03.407000+00:00,2024-04-22 06:21:13.962000+00:00,0.2117651600312728,0.02848693821244357,1.0,0.19006043737947043,1.0,0.2551042504033602,0.2551042504033602,3,8
6625daa0a43812eb5bf90f24,2024-04-22 03:00:00+00:00,2024-04-22 04:00:00+00:00,3h,2024-04-22 03:33:52.905000+00:00,2024-04-22 06:31:00.225000+00:00,0.14745909599033435,0.01954599317230332,1.0,0.13506540609248385,1.0,0.23874067712187877,0.23874067712187877,4,8
6625db46a43812eb5bf90fbe,2024-04-22 03:00:00+00:00,2024-04-22 04:00:00+00:00,3h,2024-04-22 03:36:38.602000+00:00,2024-04-22 06:33:56.524000+00:00,0.1317360664987015,0.017817717262498305,1.0,0.12169298763798886,1.0,0.23502922788509678,0.23502922788509678,5,8
6625d863a43812eb5bf90c09,2024-04-22 03:00:00+00:00,2024-04-22 04:00:00+00:00,5h,2024-04-22 03:24:19.893000+00:00,2024-04-22 10:00:00+00:00,0.09014731904957295,0.013937783183724428,0.7,0.1797598006285488,1.0,0.1843146300359444,0.1843146300359444,6,8
6625d98ca43812eb5bf90e4e,2024-04-22 03:00:00+00:00,2024-04-22 04:00:00+00:00,5h,2024-04-22 03:29:16.321000+00:00,2024-04-22 10:00:00+00:00,0.07864290412780349,0.0130202642572109,0.7,0.1569348315059237,1.0,0.17919912485551126,0.17919912485551126,7,8
6625d9f0a43812eb5bf90eb2,2024-04-22 03:00:00+00:00,2024-04-22 04:00:00+00:00,5h,2024-04-22 03:30:56.443000+00:00,2024-04-22 10:00:00+00:00,0.0746911449698947,0.012719058157400303,0.7,0.14908280895438342,1.0,0.17744799668531686,0.17744799668531686,8,8
6625e6b1a43812eb5bf91506,2024-04-22 04:00:00+00:00,2024-04-22 05:00:00+00:00,3h,2024-04-22 04:25:21.931000+00:00,2024-04-22 07:22:54.935000+00:00,0.1950688275344682,0.02584163241033149,1.0,0.17503456978598808,1.0,0.2505118934033965,0.2505118934033965,1,2
6625ed7ca43812eb5bf91a3e,2024-04-22 04:00:00+00:00,2024-04-22 05:00:00+00:00,3h,2024-04-22 04:54:20.467000+00:00,2024-04-22 07:52:36.349000+00:00,0.03174427316980498,0.009858299641394385,1.0,0.03094919753455716,1.0,0.21210481929174807,0.21210481929174807,2,2
6625efd9a43812eb5bf91aa1,2024-04-22 05:00:00+00:00,2024-04-22 06:00:00+00:00,3h,2024-04-22 05:04:25.523000+00:00,2024-04-22 08:03:35.014000+00:00,0.3101985945194986,0.050268129612372744,1.0,0.2656340979104501,1.0,0.2832876973495137,0.2832876973495137,1,3
6625f59ca43812eb5bf91d37,2024-04-22 05:00:00+00:00,2024-04-22 06:00:00+00:00,3h,2024-04-22 05:29:01.026000+00:00,2024-04-22 08:28:10.563000+00:00,0.17293526223501532,0.02270089442191452,1.0,0.15812793847934004,1.0,0.24524612434901674,0.24524612434901674,2,3
6625f5d2a43812eb5bf91d4f,2024-04-22 05:00:00+00:00,2024-04-22 06:00:00+00:00,3h,2024-04-22 05:29:54.408000+00:00,2024-04-22 08:29:03.915000+00:00,0.16796974968247383,0.022049233208393616,1.0,0.15395645108714795,1.0,0.24402083014246578,0.24402083014246578,3,3
662725d2ef04768365889544,2024-04-23 03:00:00+00:00,2024-04-23 04:00:00+00:00,3h,2024-04-23 03:06:58.913000+00:00,2024-04-23 06:05:35.766000+00:00,0.2968303288288083,0.046574059532787745,1.0,0.25512964255125836,1.0,0.27897036422992433,0.27897036422992433,1,8
6627261aef04768365889556,2024-04-23 03:00:00+00:00,2024-04-23 04:00:00+00:00,3h,2024-04-23 03:08:10.495000+00:00,2024-04-23 06:07:03.103000+00:00,0.2897250137152126,0.04471716964960475,1.0,0.25017627216555605,1.0,0.27686555622287407,0.27686555622287407,2,8
6627267bef04768365889566,2024-04-23 03:00:00+00:00,2024-04-23 04:00:00+00:00,3h,2024-04-23 03:09:47.047000+00:00,2024-04-23 06:08:14.020000+00:00,0.28140100848297644,0.04263154118384941,1.0,0.24344279423930903,1.0,0.2742674835581715,0.2742674835581715,3,8
66272963c2c1f60803bb776a,2024-04-23 03:00:00+00:00,2024-04-23 04:00:00+00:00,3h,2024-04-23 03:22:11.677000+00:00,2024-04-23 06:21:30.285000+00:00,0.21083796342426453,0.028333378011050542,1.0,0.18943999614058404,1.0,0.25488802603474714,0.25488802603474714,4,8
66272f38c2c1f60803bb799e,2024-04-23 03:00:00+00:00,2024-04-23 04:00:00+00:00,3h,2024-04-23 03:47:04.724000+00:00,2024-04-23 06:45:52.039000+00:00,0.07227120672787178,0.012538015136001508,1.0,0.06926884618015305,1.0,0.22137657831763152,0.22137657831763152,5,8
6627316e5226afdd3cfed6f1,2024-04-23 03:00:00+00:00,2024-04-23 04:00:00+00:00,3h,2024-04-23 03:56:30.859000+00:00,2024-04-23 06:56:14.364000+00:00,0.01939452895881256,0.009160672229796144,1.0,0.019178612056762634,1.0,0.2093321257492302,0.2093321257492302,6,8
66272914c2c1f60803bb774f,2024-04-23 03:00:00+00:00,2024-04-23 04:00:00+00:00,5h,2024-04-23 03:20:52.157000+00:00,2024-04-23 10:00:00+00:00,0.09803985269153467,0.01460381642144653,0.7,0.19538620171898125,1.0,0.18783953019666416,0.18783953019666416,7,8
662729a4c2c1f60803bb77aa,2024-04-23 03:00:00+00:00,2024-04-23 04:00:00+00:00,5h,2024-04-23 03:23:16.625000+00:00,2024-04-23 10:00:00+00:00,0.09256565508042452,0.014138614797159142,0.7,0.18455084221629825,1.0,0.1853933373215551,0.1853933373215551,8,8
66274b8db0f768b2bd291fdf,2024-04-23 05:00:00+00:00,2024-04-23 06:00:00+00:00,3h,2024-04-23 05:47:57.112000+00:00,2024-04-23 08:46:26.767000+00:00,0.06749871961328353,0.012188395536034288,1.0,0.06474314302132356,1.0,0.2202616659258853,0.2202616659258853,1,4
66274e29b0f768b2bd2920a5,2024-04-23 05:00:00+00:00,2024-04-23 06:00:00+00:00,3h,2024-04-23 05:59:05.244000+00:00,2024-04-23 08:56:55.550000+00:00,0.005131624153983962,0.008415655797225564,1.0,0.005057169243137483,1.0,0.20606082732696285,0.20606082732696285,2,4
66274e43b0f768b2bd2920b2,2024-04-23 05:00:00+00:00,2024-04-23 06:00:00+00:00,3h,2024-04-23 05:59:31.042000+00:00,2024-04-23 08:59:09.594000+00:00,0.0026866317479379417,0.008294116149435002,1.0,0.0026777048320257846,1.0,0.20551201065606617,0.20551201065606617,3,4
66274e58b0f768b2bd2920bf,2024-04-23 05:00:00+00:00,2024-04-23 06:00:00+00:00,3h,2024-04-23 05:59:52.383000+00:00,2024-04-23 08:59:33.441000+00:00,0.0007065169299710659,0.008196962332751283,1.0,0.0007050291278650755,1.0,0.20505918322522382,0.20505918322522382,4,4
66274e80b0f768b2bd2920ea,2024-04-23 06:00:00+00:00,2024-04-23 07:00:00+00:00,3h,2024-04-23 06:00:32.360000+00:00,2024-04-23 09:00:09.183000+00:00,0.33104747104039844,0.05658751784083812,1.0,0.28131852966493387,1.0,0.29021621663748964,0.29021621663748964,1,1
6627cdea153384b96e07ef75,2024-04-23 15:00:00+00:00,2024-04-23 16:00:00+00:00,luu_kho,2024-04-23 15:04:10.111000+00:00,2024-04-25 05:00:00+00:00,0.024532345097695394,0.009444756394577675,0.3,0.2666813178629238,1.0,0.11900311740933137,0.11900311740933137,1,1
662865f6dcd77c2b73bb059e,2024-04-24 01:00:00+00:00,2024-04-24 02:00:00+00:00,3h,2024-04-24 01:52:54.814000+00:00,2024-04-24 04:52:17.698000+00:00,0.03950483903756651,0.010323339661242756,1.0,0.03860418261139964,1.0,0.21391484031902558,0.21391484031902558,1,1
66288744dcd77c2b73bb0a4a,2024-04-24 04:00:00+00:00,2024-04-24 05:00:00+00:00,3h,2024-04-24 04:15:00.759000+00:00,2024-04-24 07:14:43.986000+00:00,0.2503184807293772,0.035636802051687545,1.0,0.22114448261694886,1.0,0.26561097775440234,0.26561097775440234,1,2
6628875ddcd77c2b73bb0a5d,2024-04-24 04:00:00+00:00,2024-04-24 05:00:00+00:00,3h,2024-04-24 04:15:25.290000+00:00,2024-04-24 07:15:13.430000+00:00,0.24793059786024285,0.03514768092534271,1.0,0.2193733881880653,1.0,0.26496328619281867,0.26496328619281867,2,2
6628b1fca56d05656a3613c6,2024-04-24 07:00:00+00:00,2024-04-24 08:00:00+00:00,3h,2024-04-24 07:17:16.221000+00:00,2024-04-24 10:14:17.044000+00:00,0.24139174525363993,0.03384118974509515,1.0,0.21131394871936549,1.0,0.2625675035909302,0.2625675035909302,1,1
6628e55df9a546b0b87b57c5,2024-04-24 10:00:00+00:00,2024-04-24 11:00:00+00:00,3h,2024-04-24 10:56:29.490000+00:00,2024-04-24 13:55:14.942000+00:00,0.019627144851331206,0.009173349296152536,1.0,0.019302932369822057,1.0,0.20936459605165594,0.20936459605165594,1,2
6628e5a7f9a546b0b87b57de,2024-04-24 10:00:00+00:00,2024-04-24 11:00:00+00:00,3h,2024-04-24 10:57:44.030000+00:00,2024-04-24 13:56:54.685000+00:00,0.01264760147172428,0.00880043803736709,1.0,0.012510894640257009,1.0,0.20778244175047167,0.20778244175047167,2,2
6629b97bf9a546b0b87b63dc,2024-04-25 02:00:00+00:00,2024-04-25 03:00:00+00:00,3h,2024-04-25 02:01:32.711000+00:00,2024-04-25 04:59:46.082000+00:00,0.32798721750138476,0.055615224686751896,1.0,0.27729125584679126,1.0,0.2888273859814094,0.2888273859814094,1,1
6629cdf1f9a546b0b87b6732,2024-04-25 03:00:00+00:00,2024-04-25 04:00:00+00:00,5h,2024-04-25 03:28:49.114000+00:00,2024-04-25 10:00:00+00:00,0.07971092356718021,0.013102870779744938,0.7,0.15905598029079515,1.0,0.17967291852600598,0.17967291852600598,1,1
6629dc43f9a546b0b87b67fc,2024-04-25 04:00:00+00:00,2024-04-25 05:00:00+00:00,3h,2024-04-25 04:29:55.415000+00:00,2024-04-25 07:24:52.004000+00:00,0.1719210878886465,0.02256628561526317,1.0,0.15387756168215228,1.0,0.24431528370558836,0.24431528370558836,1,2
6629db0ff9a546b0b87b67d0,2024-04-25 04:00:00+00:00,2024-04-25 05:00:00+00:00,5h,2024-04-25 04:24:47.683000+00:00,2024-04-25 11:00:00+00:00,0.08908100376694526,0.01385012651377986,0.7,0.17764648330525978,1.0,0.18383937256931984,0.18383937256931984,2,2
6629e600f9a546b0b87b6bbd,2024-04-25 05:00:00+00:00,2024-04-25 06:00:00+00:00,3h,2024-04-25 05:11:28.320000+00:00,2024-04-25 08:10:33.577000+00:00,0.27097350952145677,0.040149831935814374,1.0,0.236315092786909,1.0,0.27135291771887043,0.27135291771887043,1,1
662a1245f9a546b0b87b7844,2024-04-25 08:00:00+00:00,2024-04-25 09:00:00+00:00,3h,2024-04-25 08:20:21.491000+00:00,2024-04-25 11:18:00.420000+00:00,0.223147091044513,0.030439037098910906,1.0,0.19766761738909322,1.0,0.2577969457371652,0.2577969457371652,1,2
662a130ef9a546b0b87b7856,2024-04-25 08:00:00+00:00,2024-04-25 09:00:00+00:00,3h,2024-04-25 08:23:42.417000+00:00,2024-04-25 11:20:25.826000+00:00,0.20536631190968868,0.027443411847378182,1.0,0.18260110161217658,1.0,0.2529862674308622,0.2529862674308622,2,2
662b2309f9a546b0b87b8518,2024-04-26 03:00:00+00:00,2024-04-26 04:00:00+00:00,3h,2024-04-26 03:44:09.786000+00:00,2024-04-26 06:39:21.925000+00:00,0.09039206958735992,0.013957980001757521,1.0,0.08422335170354267,1.0,0.22521945834176305,0.22521945834176305,1,6
662b2356f9a546b0b87b853c,2024-04-26 03:00:00+00:00,2024-04-26 04:00:00+00:00,3h,2024-04-26 03:45:26.061000+00:00,2024-04-26 06:44:15.064000+00:00,0.08145575129394594,0.013238939266810884,1.0,0.07773278629435054,1.0,0.22348992081895666,0.22348992081895666,2,6
662b2419f9a546b0b87b8576,2024-04-26 03:00:00+00:00,2024-04-26 04:00:00+00:00,3h,2024-04-26 03:48:41.080000+00:00,2024-04-26 06:46:13.954000+00:00,0.06373115837097106,0.01191921037230546,1.0,0.06092784746260449,1.0,0.21933709571590418,0.21933709571590418,3,6
662b2608f9a546b0b87b861f,2024-04-26 03:00:00+00:00,2024-04-26 04:00:00+00:00,3h,2024-04-26 03:56:56.490000+00:00,2024-04-26 06:55:01.958000+00:00,0.0171737915456768,0.009040517311490564,1.0,0.016848122466914695,1.0,0.20879393488027728,0.20879393488027728,4,6
662b2455f9a546b0b87b8586,2024-04-26 03:00:00+00:00,2024-04-26 04:00:00+00:00,5h,2024-04-26 03:49:41.121000+00:00,2024-04-26 10:00:00+00:00,0.02785374545673524,0.00963303196421827,0.7,0.055692676356629556,1.0,0.15691835444985686,0.15691835444985686,5,6
662b24a4f9a546b0b87b85bc,2024-04-26 03:00:00+00:00,2024-04-26 04:00:00+00:00,5h,2024-04-26 03:51:00.190000+00:00,2024-04-26 10:00:00+00:00,0.02438187138914019,0.009436313545931191,0.7,0.04875384076035538,1.0,0.15541255627962977,0.15541255627962977,6,6
662b27cbf9a546b0b87b86d8,2024-04-26 04:00:00+00:00,2024-04-26 05:00:00+00:00,3h,2024-04-26 04:04:27.882000+00:00,2024-04-26 07:04:13.232000+00:00,0.3089485274005943,0.04991125651733915,1.0,0.2654736758387859,1.0,0.2830414890781607,0.2830414890781607,1,1
662b3a15f9a546b0b87b8bb7,2024-04-26 05:00:00+00:00,2024-04-26 06:00:00+00:00,3h,2024-04-26 05:22:29.256000+00:00,2024-04-26 08:21:17.773000+00:00,0.20979078469093168,0.02816091294275227,1.0,0.1881195853155494,1.0,0.25452046482876123,0.25452046482876123,1,1
662b5ff6f9a546b0b87b9dec,2024-04-26 08:00:00+00:00,2024-04-26 09:00:00+00:00,5h,2024-04-26 08:04:07.007000+00:00,2024-04-27 10:00:00+00:00,0.035917359393072695,0.01010572705987158,0.7,0.2668920487998935,1.0,0.19944184599590165,0.19944184599590165,1,1
662b95ebf9a546b0b87ba29e,2024-04-26 11:00:00+00:00,2024-04-26 12:00:00+00:00,5h,2024-04-26 11:54:19.932000+00:00,2024-04-27 08:00:00+00:00,0.0047009632338194645,0.008394120404712142,0.7,0.030997200251083656,1.0,0.15123591229304398,0.15123591229304398,1,1
662b9f9df9a546b0b87ba304,2024-04-26 12:00:00+00:00,2024-04-26 13:00:00+00:00,5h,2024-04-26 12:35:41.517000+00:00,2024-04-27 08:00:00+00:00,0.02087767923617809,0.009241799195475691,0.7,0.12632316195539062,1.0,0.17080971190836353,0.17080971190836353,1,1
662bc1d0f9a546b0b87ba470,2024-04-26 15:00:00+00:00,2024-04-26 16:00:00+00:00,5h,2024-04-26 15:01:36.649000+00:00,2024-04-27 08:00:00+00:00,0.057334842404960736,0.011475592495312171,0.7,0.2770276867754544,1.0,0.20229089285227816,0.20229089285227816,1,2
662bc2cef9a546b0b87ba4af,2024-04-26 15:00:00+00:00,2024-04-26 16:00:00+00:00,5h,2024-04-26 15:05:50.303000+00:00,2024-04-27 08:00:00+00:00,0.05340531112258456,0.011211192770918072,0.7,0.2598466395246569,1.0,0.19869604356748222,0.19869604356748222,2,2
662c7810f9a546b0b87babaf,2024-04-27 03:00:00+00:00,2024-04-27 04:00:00+00:00,3h,2024-04-27 03:59:12.204000+00:00,2024-04-27 06:58:41.257000+00:00,0.004438273263210795,0.008381011314207825,1.0,0.004415777214749617,1.0,0.20591176223147462,0.20591176223147462,1,1
662c8204f9a546b0b87baec8,2024-04-27 04:00:00+00:00,2024-04-27 05:00:00+00:00,5h,2024-04-27 04:41:40.812000+00:00,2024-04-27 11:00:00+00:00,0.048424111029874733,0.010884672438180957,0.7,0.09676874920902023,1.0,0.1658845533047126,0.1658845533047126,1,1
662e3ac5171c0a4bf686c4c0,2024-04-28 12:00:00+00:00,2024-04-28 13:00:00+00:00,3h,2024-04-28 12:02:13.417000+00:00,2024-04-29 04:00:00+00:00,0.06032345789552165,0.011680800019172247,1.0,0.2745621732295873,1.0,0.26192091465742084,0.26192091465742084,1,1
662f18a3171c0a4bf686c9fa,2024-04-29 03:00:00+00:00,2024-04-29 04:00:00+00:00,3h,2024-04-29 03:48:51.343000+00:00,2024-04-29 06:48:04.532000+00:00,0.06218220473944985,0.011810251913000216,1.0,0.06003504392582326,1.0,0.21909315993296477,0.21909315993296477,1,1
662f1cb7171c0a4bf686ca66,2024-04-29 04:00:00+00:00,2024-04-29 05:00:00+00:00,3h,2024-04-29 04:06:15.359000+00:00,2024-04-29 07:02:26.208000+00:00,0.3050503322864606,0.048813742947112576,1.0,0.2581274902863334,1.0,0.28091374382553425,0.28091374382553425,1,4
662f1cfa171c0a4bf686ca79,2024-04-29 04:00:00+00:00,2024-04-29 05:00:00+00:00,3h,2024-04-29 04:07:22.477000+00:00,2024-04-29 07:06:30.432000+00:00,0.2937789560897864,0.04576779945435219,1.0,0.25350267152302375,1.0,0.27816121397721605,0.27816121397721605,2,4
662f1d58171c0a4bf686ca8b,2024-04-29 04:00:00+00:00,2024-04-29 05:00:00+00:00,3h,2024-04-29 04:08:56.201000+00:00,2024-04-29 07:07:25.227000+00:00,0.28609501928560077,0.04379595419023507,1.0,0.24699626617273562,1.0,0.2756768257486882,0.2756768257486882,3,4
662f1e37171c0a4bf686cadb,2024-04-29 04:00:00+00:00,2024-04-29 05:00:00+00:00,3h,2024-04-29 04:12:39.576000+00:00,2024-04-29 07:10:37.956000+00:00,0.2659976513291342,0.03901494452990835,1.0,0.231259811002269,1.0,0.2696609289183988,0.2696609289183988,4,4
66305f69c32acc762d92f9c5,2024-04-30 03:00:00+00:00,2024-04-30 04:00:00+00:00,3h,2024-04-30 03:03:05.859000+00:00,2024-04-30 06:00:13.074000+00:00,0.3212639435637653,0.05353408834004211,1.0,0.27103106909425156,1.0,0.2863266668228756,0.2863266668228756,1,1
663086eac32acc762d92ff90,2024-04-30 05:00:00+00:00,2024-04-30 06:00:00+00:00,3h,2024-04-30 05:51:38.373000+00:00,2024-04-30 08:44:26.960000+00:00,0.04837949471803632,0.010881790727674895,1.0,0.04538479313343313,1.0,0.21560603306329157,0.21560603306329157,1,1
66308ecbc32acc762d93020e,2024-04-30 06:00:00+00:00,2024-04-30 07:00:00+00:00,3h,2024-04-30 06:25:15.739000+00:00,2024-04-30 09:23:40.871000+00:00,0.19469736571207155,0.02578558493561757,1.0,0.17550741440423434,1.0,0.2505728338422174,0.2505728338422174,1,2
663092f3c32acc762d9303fa,2024-04-30 06:00:00+00:00,2024-04-30 07:00:00+00:00,3h,2024-04-30 06:42:59.566000+00:00,2024-04-30 09:41:59.751000+00:00,0.09501084012984878,0.014344575633579656,1.0,0.09015828087724242,1.0,0.2266384015555963,0.2266384015555963,2,2
663098cac32acc762d9308af,2024-04-30 07:00:00+00:00,2024-04-30 08:00:00+00:00,3h,2024-04-30 07:07:54.235000+00:00,2024-04-30 10:06:34.210000+00:00,0.29158323596836744,0.0451958667547324,1.0,0.25130432405920744,1.0,0.2773783848646809,0.2773783848646809,1,1
66324dd4c32acc762d931963,2024-05-01 14:00:00+00:00,2024-05-01 15:00:00+00:00,3h,2024-05-01 14:12:36.272000+00:00,2024-05-02 04:00:00+00:00,0.057282724617297075,0.011472045722311279,1.0,0.23149495258659714,1.0,0.2531822179507062,0.2531822179507062,1,1
66331596c32acc762d931ef4,2024-05-02 04:00:00+00:00,2024-05-02 05:00:00+00:00,3h,2024-05-02 04:24:54.133000+00:00,2024-05-02 07:23:49.995000+00:00,0.19615257722202467,0.02600583095430855,1.0,0.1771552088251509,1.0,0.25103454033761535,0.25103454033761535,1,1
66332ee405c5313b7bcb0063,2024-05-02 06:00:00+00:00,2024-05-02 07:00:00+00:00,3h,2024-05-02 06:12:52.746000+00:00,2024-05-02 09:12:38.582000+00:00,0.2621265518963945,0.03815337850332546,1.0,0.23032180324163642,1.0,0.2689563877503226,0.2689563877503226,1,2
66332efa05c5313b7bcb0070,2024-05-02 06:00:00+00:00,2024-05-02 07:00:00+00:00,3h,2024-05-02 06:13:14.106000+00:00,2024-05-02 09:13:01.430000+00:00,0.26011029241357725,0.03771189804206084,1.0,0.22879804447663088,1.0,0.2683867477205627,0.2683867477205627,2,2
66345daac797695760aed6f6,2024-05-03 03:00:00+00:00,2024-05-03 04:00:00+00:00,3h,2024-05-03 03:44:42.535000+00:00,2024-05-03 06:41:45.654000+00:00,0.0863649367007938,0.013629299738525016,1.0,0.0814422140944957,1.0,0.22446602266201415,0.22446602266201415,1,3
66345e4ac797695760aed71f,2024-05-03 03:00:00+00:00,2024-05-03 04:00:00+00:00,3h,2024-05-03 03:47:22.887000+00:00,2024-05-03 06:44:48.470000+00:00,0.07111991893727192,0.012452779210733095,1.0,0.06770226350610897,1.0,0.22101212022766165,0.22101212022766165,2,3
66346008c797695760aed8cb,2024-05-03 03:00:00+00:00,2024-05-03 04:00:00+00:00,3h,2024-05-03 03:54:49.020000+00:00,2024-05-03 06:53:59.313000+00:00,0.02892758364818522,0.009694694593698204,1.0,0.02838383495828778,1.0,0.2114935837478765,0.2114935837478765,3,3
6635adfec797695760aeee13,2024-05-04 03:00:00+00:00,2024-05-04 04:00:00+00:00,3h,2024-05-04 03:39:42.719000+00:00,2024-05-04 06:29:50.922000+00:00,0.11924537550830445,0.016552489595661385,1.0,0.10659136403186609,1.0,0.23124976656377005,0.23124976656377005,1,8
6635ae39c797695760aeee38,2024-05-04 03:00:00+00:00,2024-05-04 04:00:00+00:00,3h,2024-05-04 03:40:41.429000+00:00,2024-05-04 06:38:07.841000+00:00,0.1088226719011062,0.015564679758942867,1.0,0.10172147077132077,1.0,0.22968310200962988,0.22968310200962988,2,8
6635aeabc797695760aeee6c,2024-05-04 03:00:00+00:00,2024-05-04 04:00:00+00:00,3h,2024-05-04 03:42:35.193000+00:00,2024-05-04 06:41:47.575000+00:00,0.09716981781339243,0.014528884802340738,1.0,0.0922092594484295,1.0,0.22715918277109035,0.22715918277109035,3,8
6635aeecc797695760aeee7e,2024-05-04 03:00:00+00:00,2024-05-04 04:00:00+00:00,3h,2024-05-04 03:43:40.385000+00:00,2024-05-04 06:42:44.331000+00:00,0.09117832498413525,0.014023057226278479,1.0,0.08671299370804453,1.0,0.225756433077376,0.225756433077376,4,8
6635afc4c797695760aeeef2,2024-05-04 03:00:00+00:00,2024-05-04 04:00:00+00:00,3h,2024-05-04 03:47:16.088000+00:00,2024-05-04 06:43:43.281000+00:00,0.07215434723821508,0.012529337209211287,1.0,0.06828899475687356,1.0,0.2211754012769015,0.2211754012769015,5,8
6635b13cc797695760aef218,2024-05-04 03:00:00+00:00,2024-05-04 04:00:00+00:00,3h,2024-05-04 03:53:32.750000+00:00,2024-05-04 06:48:39.140000+00:00,0.03685852133796671,0.010162373670968347,1.0,0.03522125283595712,1.0,0.21314167476977244,0.21314167476977244,6,8
6635ae79c797695760aeee4a,2024-05-04 03:00:00+00:00,2024-05-04 04:00:00+00:00,5h,2024-05-04 03:41:45.177000+00:00,2024-05-04 10:00:00+00:00,0.04824109004947957,0.01087285614715867,0.7,0.09640361946349307,1.0,0.1658044375809938,0.1658044375809938,7,8
6635ae96c797695760aeee5e,2024-05-04 03:00:00+00:00,2024-05-04 04:00:00+00:00,5h,2024-05-04 03:42:14.439000+00:00,2024-05-04 10:00:00+00:00,0.04701233735180876,0.010793852662857978,0.7,0.09395205558192099,1.0,0.16526672271409898,0.16526672271409898,8,8
6635b50cc797695760aef2db,2024-05-04 04:00:00+00:00,2024-05-04 05:00:00+00:00,3h,2024-05-04 04:09:48.950000+00:00,2024-05-04 07:08:30.323000+00:00,0.28084555961256086,0.04249572747542401,1.0,0.24330947431220273,1.0,0.274159331347695,0.274159331347695,1,1
6635c9d1c797695760af00c2,2024-05-04 05:00:00+00:00,2024-05-04 06:00:00+00:00,3h,2024-05-04 05:38:25.941000+00:00,2024-05-04 08:34:28.213000+00:00,0.12251710616806685,0.016875094134282294,1.0,0.11292014964636399,1.0,0.2327090864098422,0.2327090864098422,1,1
6635cfa5c797695760af0502,2024-05-04 06:00:00+00:00,2024-05-04 07:00:00+00:00,3h,2024-05-04 06:03:18.011000+00:00,2024-05-04 08:54:49.319000+00:00,0.3305691560295348,0.056434502519855684,1.0,0.2702103824270816,1.0,0.2879027779973297,0.2879027779973297,1,1
6636ffbd27df1863216a4cd0,2024-05-05 03:00:00+00:00,2024-05-05 04:00:00+00:00,5h,2024-05-05 03:40:45.299000+00:00,2024-05-06 09:00:00+00:00,0.010939361194344153,0.008711480892255123,0.7,0.1013995299540622,1.0,0.1655067945261655,0.1655067945261655,1,1
66379ec227df1863216a4fdb,2024-05-05 14:00:00+00:00,2024-05-05 15:00:00+00:00,3h,2024-05-05 14:59:14.943000+00:00,2024-05-06 04:00:00+00:00,0.000961830401871429,0.008209425562014028,1.0,0.004163253973808012,1.0,0.20575830613197005,0.20575830613197005,1,1
66379f1827df1863216a4ff7,2024-05-05 15:00:00+00:00,2024-05-05 16:00:00+00:00,3h,2024-05-05 15:00:40.213000+00:00,2024-05-06 04:00:00+00:00,0.0761292389976028,0.01282786629824664,1.0,0.28079576503779546,1.0,0.2638558727865071,0.2638558727865071,1,1
6638610bfe25ee4a2ae2e04d,2024-05-06 04:00:00+00:00,2024-05-06 05:00:00+00:00,3h,2024-05-06 04:48:11.093000+00:00,2024-05-06 07:47:13.824000+00:00,0.0659894583602624,0.012079848205068909,1.0,0.0635316343786072,1.0,0.21995423579876278,0.21995423579876278,1,3
6638618efe25ee4a2ae2e072,2024-05-06 04:00:00+00:00,2024-05-06 05:00:00+00:00,3h,2024-05-06 04:50:22.877000+00:00,2024-05-06 07:48:17.876000+00:00,0.05406304956094141,0.011255025430321032,1.0,0.05203463747434178,1.0,0.21715994275306097,0.21715994275306097,2,3
663860ccfe25ee4a2ae2e03b,2024-05-06 04:00:00+00:00,2024-05-06 05:00:00+00:00,5h,2024-05-06 04:47:08.758000+00:00,2024-05-06 11:00:00+00:00,0.03447470641102537,0.01001950287871489,0.7,0.06892113592437199,1.0,0.1597959289121033,0.1597959289121033,3,3
6638779dfe25ee4a2ae2e8c1,2024-05-06 06:00:00+00:00,2024-05-06 07:00:00+00:00,3h,2024-05-06 06:24:29.827000+00:00,2024-05-06 09:22:23.533000+00:00,0.19957201369421265,0.02653059198620698,1.0,0.17900498444912638,1.0,0.2517193520815495,0.2517193520815495,1,1
66390e82fd49f746f21633a9,2024-05-06 17:00:00+00:00,2024-05-06 18:00:00+00:00,3h,2024-05-06 17:08:18.381000+00:00,2024-05-07 04:00:00+00:00,0.07932200965898625,0.013072730330511508,1.0,0.24962856204741923,1.0,0.25776935060779077,0.25776935060779077,1,1
6639874dfd49f746f21634b6,2024-05-07 01:00:00+00:00,2024-05-07 02:00:00+00:00,3h,2024-05-07 01:43:41.745000+00:00,2024-05-07 04:42:02.017000+00:00,0.09142337690107316,0.0140434008901793,1.0,0.08659797995468643,1.0,0.2257456365250449,0.2257456365250449,1,1
6639aa874b21333c3fe0eb72,2024-05-07 04:00:00+00:00,2024-05-07 05:00:00+00:00,5h,2024-05-07 04:13:59.529000+00:00,2024-05-07 11:00:00+00:00,0.11331763659249446,0.015983367014150884,0.7,0.2255476671039437,1.0,0.19469955362927927,0.19469955362927927,1,1
6639bf234b21333c3fe0f020,2024-05-07 05:00:00+00:00,2024-05-07 06:00:00+00:00,3h,2024-05-07 05:41:55.261000+00:00,2024-05-07 08:40:24.997000+00:00,0.1012853164634497,0.014886705306372013,1.0,0.09555953417487573,1.0,0.22804393001879839,0.22804393001879839,1,1
6639d11c4b21333c3fe0f15e,2024-05-07 06:00:00+00:00,2024-05-07 07:00:00+00:00,5h,2024-05-07 06:58:36.961000+00:00,2024-05-07 13:00:00+00:00,0.0038296753513195267,0.008350718226233251,0.7,0.007659313113839161,1.0,0.14654229355850776,0.14654229355850776,1,1
6639e51055c0e2fca8db4f5d,2024-05-07 08:00:00+00:00,2024-05-07 09:00:00+00:00,3h,2024-05-07 08:23:44.869000+00:00,2024-05-07 11:20:03.887000+00:00,0.20560802524393093,0.027482146753507186,1.0,0.18241550071986812,1.0,0.2529723881960779,0.2529723881960779,1,1
663a531f0177448c5e3f9ab7,2024-05-07 16:00:00+00:00,2024-05-07 17:00:00+00:00,3h,2024-05-07 16:13:19.791000+00:00,2024-05-08 04:00:00+00:00,0.06604233955544889,0.012083635272769629,1.0,0.22839198547305617,1.0,0.25292857825827303,0.25292857825827303,1,1
663c38ce568ce211f484c4b5,2024-05-09 02:00:00+00:00,2024-05-09 03:00:00+00:00,3h,2024-05-09 02:45:34.703000+00:00,2024-05-09 05:44:55.276000+00:00,0.08041365455166746,0.013157505729959445,1.0,0.07699450639223437,1.0,0.22329340471642253,0.22329340471642253,1,4
663c3ad8568ce211f484c50d,2024-05-09 02:00:00+00:00,2024-05-09 03:00:00+00:00,3h,2024-05-09 02:54:16.847000+00:00,2024-05-09 05:52:32.736000+00:00,0.03208270018508981,0.009878139928070882,1.0,0.03127395457732007,1.0,0.21218167487230655,0.21218167487230655,2,4
663c3a3b568ce211f484c4e0,2024-05-09 02:00:00+00:00,2024-05-09 03:00:00+00:00,5h,2024-05-09 02:51:39.160000+00:00,2024-05-09 09:00:00+00:00,0.022661582093712274,0.009340320410107735,0.7,0.04531522743513927,1.0,0.1546672377330925,0.1546672377330925,3,4
663c3a6a568ce211f484c4ec,2024-05-09 02:00:00+00:00,2024-05-09 03:00:00+00:00,5h,2024-05-09 02:52:26.900000+00:00,2024-05-09 09:00:00+00:00,0.020545864300257108,0.009223587636543,0.7,0.041085826280433335,1.0,0.15375131783801246,0.15375131783801246,4,4
663c6df406ec360644a03d14,2024-05-09 06:00:00+00:00,2024-05-09 07:00:00+00:00,5h,2024-05-09 06:32:20.058000+00:00,2024-05-09 13:00:00+00:00,0.07136483831301041,0.012470863845434553,0.7,0.14246932958454717,1.0,0.17597638422417017,0.17597638422417017,1,1
663c888b06ec360644a03f5f,2024-05-09 08:00:00+00:00,2024-05-09 09:00:00+00:00,3h,2024-05-09 08:25:47.678000+00:00,2024-05-09 11:22:58.747000+00:00,0.19304944780247407,0.025538365118284563,1.0,0.17306552132252773,1.0,0.24993612333547627,0.24993612333547627,1,1
663d649f06ec360644a04a52,2024-05-10 00:00:00+00:00,2024-05-10 01:00:00+00:00,3h,2024-05-10 00:04:47.217000+00:00,2024-05-10 04:00:00+00:00,0.2347363379710437,0.0325595871708638,1.0,0.2641574918675308,1.0,0.27236725067602446,0.27236725067602446,1,1
663d76ae06ec360644a04b16,2024-05-10 01:00:00+00:00,2024-05-10 02:00:00+00:00,3h,2024-05-10 01:21:50.951000+00:00,2024-05-10 04:20:34.974000+00:00,0.2134505865942287,0.028768146127762483,1.0,0.19099402920025588,1.0,0.25545969351670866,0.25545969351670866,1,2
663d770b06ec360644a04b21,2024-05-10 01:00:00+00:00,2024-05-10 02:00:00+00:00,5h,2024-05-10 01:23:23.892000+00:00,2024-05-10 08:00:00+00:00,0.09228853726836339,0.014115457513818295,0.7,0.18400196599891916,1.0,0.1852696677080748,0.1852696677080748,2,2
663da77306ec360644a055c7,2024-05-10 04:00:00+00:00,2024-05-10 05:00:00+00:00,3h,2024-05-10 04:49:56.006000+00:00,2024-05-10 07:49:28.729000+00:00,0.05606697582403261,0.011389617085429035,1.0,0.05439029624089775,1.0,0.217711829499437,0.217711829499437,1,1
663dc06706ec360644a0585f,2024-05-10 06:00:00+00:00,2024-05-10 07:00:00+00:00,5h,2024-05-10 06:36:23.549000+00:00,2024-05-10 13:00:00+00:00,0.06154080835485888,0.011765422653226214,0.7,0.12291631596554065,1.0,0.17164251678504386,0.17164251678504386,1,2
663dc53506ec360644a058e7,2024-05-10 06:00:00+00:00,2024-05-10 07:00:00+00:00,5h,2024-05-10 06:56:53.618000+00:00,2024-05-10 13:00:00+00:00,0.008554977141225193,0.008588801844445082,0.7,0.01710953328077669,1.0,0.14857518776282236,0.14857518776282236,2,2
663dfa2706ec360644a060d5,2024-05-10 10:00:00+00:00,2024-05-10 11:00:00+00:00,3h,2024-05-10 10:42:47.512000+00:00,2024-05-10 13:41:44.713000+00:00,0.09615988375368964,0.014442379364612196,1.0,0.09117319884334107,1.0,0.22690006738743554,0.22690006738743554,1,2
663dfa8806ec360644a060e1,2024-05-10 10:00:00+00:00,2024-05-10 11:00:00+00:00,3h,2024-05-10 10:44:24.343000+00:00,2024-05-10 13:43:30.960000+00:00,0.08706525969986648,0.013685904267492067,1.0,0.08298817124885993,1.0,0.22480917681026724,0.22480917681026724,2,2
663ebb7706ec360644a088e2,2024-05-11 00:00:00+00:00,2024-05-11 01:00:00+00:00,3h,2024-05-11 00:27:35.844000+00:00,2024-05-11 04:00:00+00:00,0.15255274652946807,0.020140361067401847,1.0,0.164741853515757,1.0,0.2450325873435925,0.2450325873435925,1,1
663ee51b06ec360644a08ca6,2024-05-11 03:00:00+00:00,2024-05-11 04:00:00+00:00,3h,2024-05-11 03:25:15.973000+00:00,2024-05-11 06:23:55.520000+00:00,0.1944137191618265,0.025742867041774174,1.0,0.17548955020468504,1.0,0.2505436302660015,0.2505436302660015,1,3
663ee5bc06ec360644a08cb6,2024-05-11 03:00:00+00:00,2024-05-11 04:00:00+00:00,3h,2024-05-11 03:27:56.311000+00:00,2024-05-11 06:25:19.509000+00:00,0.18074351336882016,0.023763851761311884,1.0,0.16315746117854013,1.0,0.24688980329249516,0.24688980329249516,2,3
663ee68c06ec360644a08cfa,2024-05-11 03:00:00+00:00,2024-05-11 04:00:00+00:00,3h,2024-05-11 03:31:24.066000+00:00,2024-05-11 06:27:58.569000+00:00,0.16196455841298077,0.02128552576235769,1.0,0.1469036450413611,1.0,0.24215204446568683,0.24215204446568683,3,3
663f03c706ec360644a0946b,2024-05-11 05:00:00+00:00,2024-05-11 06:00:00+00:00,3h,2024-05-11 05:36:07.763000+00:00,2024-05-11 08:34:46.041000+00:00,0.133625662629762,0.018017216126892544,1.0,0.1241973834754525,1.0,0.23564980637122604,0.23564980637122604,1,3
663f03f706ec360644a0947b,2024-05-11 05:00:00+00:00,2024-05-11 06:00:00+00:00,3h,2024-05-11 05:36:55.976000+00:00,2024-05-11 08:34:42.903000+00:00,0.12974908331143542,0.01761027603132451,1.0,0.12027891478705677,1.0,0.23462194857620605,0.23462194857620605,2,3
663f044806ec360644a09489,2024-05-11 05:00:00+00:00,2024-05-11 06:00:00+00:00,5h,2024-05-11 05:38:16.959000+00:00,2024-05-11 12:00:00+00:00,0.05689379851348124,0.011445612314650267,0.7,0.11365759769059047,1.0,0.16959888692690822,0.16959888692690822,3,3
6640512a06ec360644a0aa2a,2024-05-12 05:00:00+00:00,2024-05-12 06:00:00+00:00,5h,2024-05-12 05:18:34.814000+00:00,2024-05-13 08:00:00+00:00,0.02586440328064724,0.009519823153734378,0.7,0.20555364426650746,1.0,0.18682262274554212,0.18682262274554212,1,1
66418cc14ea8a18adf2e6d28,2024-05-13 03:00:00+00:00,2024-05-13 04:00:00+00:00,3h,2024-05-13 03:45:05.254000+00:00,2024-05-13 06:42:55.470000+00:00,0.08385453490351086,0.013428284012270444,1.0,0.07950789191236007,1.0,0.2239585487898343,0.2239585487898343,1,3
66418d054ea8a18adf2e6d36,2024-05-13 03:00:00+00:00,2024-05-13 04:00:00+00:00,3h,2024-05-13 03:46:13.795000+00:00,2024-05-13 06:45:13.323000+00:00,0.07693122081342868,0.012888943835937845,1.0,0.07364751457816854,1.0,0.22246286921719644,0.22246286921719644,2,3
66418d3b4ea8a18adf2e6d46,2024-05-13 03:00:00+00:00,2024-05-13 04:00:00+00:00,3h,2024-05-13 03:47:07.785000+00:00,2024-05-13 06:46:17.159000+00:00,0.07183813680685033,0.012505885303652209,1.0,0.06900501545462578,1.0,0.2213045342731165,0.2213045342731165,3,3
6641aee24f35b460f5c58bb8,2024-05-13 06:00:00+00:00,2024-05-13 07:00:00+00:00,3h,2024-05-13 06:10:42.345000+00:00,2024-05-13 09:04:31.670000+00:00,0.28359026111469343,0.04317088786149963,1.0,0.23955914723125693,1.0,0.27381436216315114,0.27381436216315114,1,1
6641db014f35b460f5c59952,2024-05-13 09:00:00+00:00,2024-05-13 10:00:00+00:00,3h,2024-05-13 09:18:57.756000+00:00,2024-05-13 12:18:06.746000+00:00,0.22906747517673756,0.03150505821404075,1.0,0.20386424050885132,1.0,0.25967588303019473,0.25967588303019473,1,1
6641e8054f35b460f5c59b08,2024-05-13 10:00:00+00:00,2024-05-13 11:00:00+00:00,3h,2024-05-13 10:14:29.796000+00:00,2024-05-13 13:12:25.873000+00:00,0.25573101430422435,0.036769858709528695,1.0,0.22337422032122012,1.0,0.26673675928996127,0.26673675928996127,1,1
6642cf0b3ed44ab105716122,2024-05-14 02:00:00+00:00,2024-05-14 03:00:00+00:00,3h,2024-05-14 02:40:11.723000+00:00,2024-05-14 05:39:19.067000+00:00,0.1105647125466534,0.01572564701673188,1.0,0.10418884089544034,1.0,0.2302731563891272,0.2302731563891272,1,2
6642cf3b3ed44ab105716138,2024-05-14 02:00:00+00:00,2024-05-14 03:00:00+00:00,3h,2024-05-14 02:40:59.197000+00:00,2024-05-14 05:40:20.039000+00:00,0.10601428772952898,0.015308588799551317,1.0,0.10024241992019367,1.0,0.22923363726376955,0.22923363726376955,2,2
6642d80b3ed44ab105716256,2024-05-14 03:00:00+00:00,2024-05-14 04:00:00+00:00,3h,2024-05-14 03:18:35.240000+00:00,2024-05-14 06:14:45.785000+00:00,0.23506451181088583,0.032621668084058336,1.0,0.2055223071533312,1.0,0.2606774622811013,0.2606774622811013,1,1
6642e5ab3ed44ab105716343,2024-05-14 04:00:00+00:00,2024-05-14 05:00:00+00:00,3h,2024-05-14 04:16:43.073000+00:00,2024-05-14 07:15:00.084000+00:00,0.24277127507861776,0.03411286679628349,1.0,0.21373091963233737,1.0,0.2632139040042376,0.2632139040042376,1,1
6642f7c666a8ee5966e4a595,2024-05-14 05:00:00+00:00,2024-05-14 06:00:00+00:00,3h,2024-05-14 05:33:58.207000+00:00,2024-05-14 08:33:04.693000+00:00,0.14533057596687882,0.01930274396637316,1.0,0.13464068303085341,1.0,0.2385097829859946,0.2385097829859946,1,3
6642fc7d66a8ee5966e4a601,2024-05-14 05:00:00+00:00,2024-05-14 06:00:00+00:00,ban_tai_nhanh,2024-05-14 05:54:05.488000+00:00,2024-05-14 08:54:05.476000+00:00,0.0328252216576537,0.009921808874471392,1.0,0.03229228555189034,1.0,0.2124115424350609,0.2124115424350609,2,3
6642fd4966a8ee5966e4a973,2024-05-14 05:00:00+00:00,2024-05-14 06:00:00+00:00,3h,2024-05-14 05:57:29.938000+00:00,2024-05-14 08:54:20.810000+00:00,0.01414228726913302,0.008879012419953229,1.0,0.013798544799206947,1.0,0.20808711641181335,0.20808711641181335,3,3
66432458161c864aa93da279,2024-05-14 08:00:00+00:00,2024-05-14 09:00:00+00:00,5h,2024-05-14 08:44:08.741000+00:00,2024-05-15 09:00:00+00:00,0.010890043382202425,0.008708925932976702,0.7,0.08431195728690433,1.0,0.16208774701716686,0.16208774701716686,1,1
6643ba243927e085f37f0053,2024-05-14 19:00:00+00:00,2024-05-14 20:00:00+00:00,3h,2024-05-14 19:23:16.328000+00:00,2024-05-15 04:00:00+00:00,0.07107777427138308,0.012449669897438741,1.0,0.18457326675979835,1.0,0.24438445529042294,0.24438445529042294,1,1
66443fd93927e085f37f056e,2024-05-15 04:00:00+00:00,2024-05-15 05:00:00+00:00,3h,2024-05-15 04:53:45.233000+00:00,2024-05-15 07:53:25.104000+00:00,0.034765443853641664,0.01003682082086266,1.0,0.03410548470391128,1.0,0.21284318943329986,0.21284318943329986,1,2
66443fec3927e085f37f057b,2024-05-15 04:00:00+00:00,2024-05-15 05:00:00+00:00,3h,2024-05-15 04:54:04.488000+00:00,2024-05-15 07:53:47.745000+00:00,0.032968888713308046,0.00993028021757508,1.0,0.032381883969904046,1.0,0.21243454492452588,0.21243454492452588,2,2
664465663927e085f37f0b2d,2024-05-15 07:00:00+00:00,2024-05-15 08:00:00+00:00,3h,2024-05-15 07:33:58.809000+00:00,2024-05-15 10:33:16.695000+00:00,0.145120611986407,0.019278910507061573,1.0,0.13459244591714492,1.0,0.23848583548766594,0.23848583548766594,1,2
664465fc3927e085f37f0b4a,2024-05-15 07:00:00+00:00,2024-05-15 08:00:00+00:00,5h,2024-05-15 07:36:28.768000+00:00,2024-05-16 03:00:00+00:00,0.020214970565195008,0.009205462043182563,0.7,0.12249237097087962,1.0,0.17002175142008544,0.17002175142008544,2,2
66456ffb3927e085f37f1558,2024-05-16 02:00:00+00:00,2024-05-16 03:00:00+00:00,3h,2024-05-16 02:31:23.738000+00:00,2024-05-16 05:29:20.565000+00:00,0.16074644648639527,0.021133799741141143,1.0,0.1469295535001961,1.0,0.2420661905447239,0.2420661905447239,1,2
664572f33927e085f37f15b2,2024-05-16 02:00:00+00:00,2024-05-16 03:00:00+00:00,3h,2024-05-16 02:44:03.484000+00:00,2024-05-16 05:39:04.640000+00:00,0.09108673368912908,0.014015460981796629,1.0,0.08475756845880755,1.0,0.2253607902808395,0.2253607902808395,2,2
6645799c3927e085f37f169c,2024-05-16 03:00:00+00:00,2024-05-16 04:00:00+00:00,3h,2024-05-16 03:12:28.140000+00:00,2024-05-16 06:10:46.851000+00:00,0.26656108385393346,0.03914189014710931,1.0,0.23207339062561072,1.0,0.26989981221338777,0.26989981221338777,1,2
664579fd3927e085f37f16b8,2024-05-16 03:00:00+00:00,2024-05-16 04:00:00+00:00,3h,2024-05-16 03:14:05.134000+00:00,2024-05-16 06:12:32.725000+00:00,0.25728158649317107,0.03710078998497611,1.0,0.22514563637065144,1.0,0.267289601265116,0.267289601265116,2,2
66458f038941c947243a2134,2024-05-16 04:00:00+00:00,2024-05-16 05:00:00+00:00,3h,2024-05-16 04:43:47.484000+00:00,2024-05-16 07:42:17.342000+00:00,0.09080568575232276,0.013992177213018058,1.0,0.08611247928673982,1.0,0.2256178021851588,0.2256178021851588,1,4
66458f4f8941c947243a216a,2024-05-16 04:00:00+00:00,2024-05-16 05:00:00+00:00,3h,2024-05-16 04:45:03.247000+00:00,2024-05-16 07:43:16.777000+00:00,0.08385939909459271,0.01342867066156618,1.0,0.07967893413594762,1.0,0.22399298922412925,0.22399298922412925,2,4
6645900a8941c947243a21b3,2024-05-16 04:00:00+00:00,2024-05-16 05:00:00+00:00,3h,2024-05-16 04:48:10.102000+00:00,2024-05-16 07:45:35.932000+00:00,0.0666831989614713,0.012129623515669142,1.0,0.06361756007985675,1.0,0.22000128612537284,0.22000128612537284,3,4
664590798941c947243a23e0,2024-05-16 04:00:00+00:00,2024-05-16 05:00:00+00:00,3h,2024-05-16 04:50:01.082000+00:00,2024-05-16 07:48:18.300000+00:00,0.05598820179227907,0.011384296390936185,1.0,0.05394575522117451,1.0,0.2176197288787966,0.2176197288787966,4,4
66459ca58941c947243a2dea,2024-05-16 05:00:00+00:00,2024-05-16 06:00:00+00:00,3h,2024-05-16 05:41:57.306000+00:00,2024-05-16 08:41:39.962000+00:00,0.1004106965853311,0.014809942618002577,1.0,0.09538826048279836,1.0,0.22796361766736123,0.22796361766736123,1,2
664593338941c947243a255c,2024-05-16 05:00:00+00:00,2024-05-16 06:00:00+00:00,ban_tai_4h,2024-05-16 05:01:39.962000+00:00,2024-05-17 03:00:00+00:00,0.044248246758111544,0.010618202881259451,0.8,0.2768058743044094,1.0,0.22173209658963758,0.22173209658963758,2,2
6645a8eb8941c947243a3298,2024-05-16 06:00:00+00:00,2024-05-16 07:00:00+00:00,3h,2024-05-16 06:34:19.636000+00:00,2024-05-16 09:33:16.150000+00:00,0.14346965877378823,0.019092509896665288,1.0,0.13292196136818968,1.0,0.23803989821163712,0.23803989821163712,1,3
6645a93b8941c947243a32c0,2024-05-16 06:00:00+00:00,2024-05-16 07:00:00+00:00,3h,2024-05-16 06:35:39.500000+00:00,2024-05-16 09:34:23.546000+00:00,0.13618927035561018,0.018291384576427257,1.0,0.12648631395894783,1.0,0.23627209353764594,0.23627209353764594,2,3
6645aa3f8941c947243a32ca,2024-05-16 06:00:00+00:00,2024-05-16 07:00:00+00:00,3h,2024-05-16 06:39:59.090000+00:00,2024-05-16 09:38:19.925000+00:00,0.1122258216298074,0.015880661301801876,1.0,0.10523607850719952,1.0,0.23057561248252106,0.23057561248252106,3,3
6647013ef2216d6afffc6238,2024-05-17 07:00:00+00:00,2024-05-17 08:00:00+00:00,3h,2024-05-17 07:03:26.473000+00:00,2024-05-17 10:02:31.508000+00:00,0.3158227962961498,0.05190383673309697,1.0,0.26963835467918795,1.0,0.2850699729756958,0.2850699729756958,1,2
664703aaf2216d6afffc626b,2024-05-17 07:00:00+00:00,2024-05-17 08:00:00+00:00,3h,2024-05-17 07:13:46.133000+00:00,2024-05-17 10:11:28.700000+00:00,0.26015001828358975,0.03772054883724184,1.0,0.2265076793224936,1.0,0.2679338651668438,0.2679338651668438,2,2
6647116af2216d6afffc64ca,2024-05-17 08:00:00+00:00,2024-05-17 09:00:00+00:00,3h,2024-05-17 08:12:26.795000+00:00,2024-05-17 11:10:42.562000+00:00,0.26676020522885363,0.039186848389383536,1.0,0.23216901997538253,1.0,0.26994591302870663,0.26994591302870663,1,2
6647192cf2216d6afffc6699,2024-05-17 08:00:00+00:00,2024-05-17 09:00:00+00:00,3h,2024-05-17 08:45:32.323000+00:00,2024-05-17 11:35:41.759000+00:00,0.08498775054763065,0.013518659465702425,1.0,0.0771978870443567,1.0,0.2235507730882928,0.2235507730882928,2,2
66482cdcdeaf302836f9047d,2024-05-18 04:00:00+00:00,2024-05-18 05:00:00+00:00,5h,2024-05-18 04:21:48.541000+00:00,2024-05-18 11:00:00+00:00,0.09591122082581896,0.014421158236121473,0.7,0.1911745372437138,1.0,0.18688760239041563,0.18688760239041563,1,1
664836d8deaf302836f9052e,2024-05-18 05:00:00+00:00,2024-05-18 06:00:00+00:00,3h,2024-05-18 05:04:24.620000+00:00,2024-05-18 08:03:47.609000+00:00,0.30989346918407146,0.050180799160154034,1.0,0.26569549649264834,1.0,0.2832475787946221,0.2832475787946221,1,1
6648748bfdbbe39c0c4c2439,2024-05-18 09:00:00+00:00,2024-05-18 10:00:00+00:00,3h,2024-05-18 09:27:39.399000+00:00,2024-05-18 12:14:07.471000+00:00,0.1942918513202548,0.02572453460146851,1.0,0.16446686912050712,1.0,0.24832809458498253,0.24832809458498253,1,3
664876d8fdbbe39c0c4c249b,2024-05-18 09:00:00+00:00,2024-05-18 10:00:00+00:00,3h,2024-05-18 09:37:28.233000+00:00,2024-05-18 12:36:30.799000+00:00,0.12583278520234364,0.017208335194300286,1.0,0.11764747190323133,1.0,0.23385449549722645,0.23385449549722645,2,3
66487849fdbbe39c0c4c251e,2024-05-18 09:00:00+00:00,2024-05-18 10:00:00+00:00,3h,2024-05-18 09:43:37.813000+00:00,2024-05-18 12:41:48.317000+00:00,0.0918747142323692,0.014080946073845288,1.0,0.0869304654210501,1.0,0.2258346607285172,0.2258346607285172,3,3
66489432765eaeee9356f634,2024-05-18 11:00:00+00:00,2024-05-18 12:00:00+00:00,5h,2024-05-18 11:42:42.629000+00:00,2024-05-20 13:00:00+00:00,0.0058464065047492166,0.00845151978678181,0.7,0.09158401349061007,1.0,0.1633877145701911,0.1633877145701911,1,1
664a2bc1f02edf975f7d0e2b,2024-05-19 16:00:00+00:00,2024-05-19 17:00:00+00:00,3h,2024-05-19 16:41:37.483000+00:00,2024-05-20 04:00:00+00:00,0.027087194632214023,0.009589252322023099,1.0,0.09704711897416884,1.0,0.22516297518804762,0.22516297518804762,1,1
664abe0ef02edf975f7d12ff,2024-05-20 03:00:00+00:00,2024-05-20 04:00:00+00:00,3h,2024-05-20 03:05:50.456000+00:00,2024-05-20 06:04:11.501000+00:00,0.3036660438302988,0.04842954185943968,1.0,0.25983615394444415,1.0,0.2810249559045526,0.2810249559045526,1,3
664abe3cf02edf975f7d1315,2024-05-20 03:00:00+00:00,2024-05-20 04:00:00+00:00,3h,2024-05-20 03:06:36.742000+00:00,2024-05-20 06:05:56.015000+00:00,0.29772067313469974,0.04681184893562558,1.0,0.25665719636638784,1.0,0.27941854863465293,0.27941854863465293,2,3
664ac5bbf02edf975f7d15c4,2024-05-20 03:00:00+00:00,2024-05-20 04:00:00+00:00,ban_tai_4h,2024-05-20 03:38:35.808000+00:00,2024-05-20 09:00:00+00:00,0.06659298973999014,0.012123139638298386,0.8,0.11210933330962902,1.0,0.18969575044490486,0.18969575044490486,3,3
664accf9f02edf975f7d1829,2024-05-20 04:00:00+00:00,2024-05-20 05:00:00+00:00,3h,2024-05-20 04:09:29.842000+00:00,2024-05-20 07:07:58.035000+00:00,0.2829756617199559,0.04301882006574264,1.0,0.2446470724033445,1.0,0.2747407065201145,0.2747407065201145,1,1
664ad996f02edf975f7d1b40,2024-05-20 05:00:00+00:00,2024-05-20 06:00:00+00:00,3h,2024-05-20 05:03:18.106000+00:00,2024-05-20 08:02:40.270000+00:00,0.3160975803750992,0.051985029162238745,1.0,0.27020396295313776,1.0,0.2852318100879708,0.2852318100879708,1,1
664af6edf5e0d9f993257526,2024-05-20 07:00:00+00:00,2024-05-20 08:00:00+00:00,ban_tai_nhanh,2024-05-20 07:08:29.927000+00:00,2024-05-20 10:08:29.914000+00:00,0.2861182147719252,0.04380178282546162,1.0,0.24882593043730095,1.0,0.27604625578273717,0.27604625578273717,1,2
664afc0bf5e0d9f993257838,2024-05-20 07:00:00+00:00,2024-05-20 08:00:00+00:00,ban_tai_nhanh,2024-05-20 07:30:19.284000+00:00,2024-05-20 10:30:19.276000+00:00,0.16488123324535794,0.02165316522269197,1.0,0.1520054847791662,1.0,0.24339299608944842,0.24339299608944842,2,2
664b0f4bf5e0d9f9932579d9,2024-05-20 08:00:00+00:00,2024-05-20 09:00:00+00:00,3h,2024-05-20 08:52:27.466000+00:00,2024-05-20 11:51:29.113000+00:00,0.04212892119802484,0.010485443926502266,1.0,0.04103557075779307,1.0,0.21449838050745998,0.21449838050745998,1,3
664b0feef5e0d9f9932579ea,2024-05-20 08:00:00+00:00,2024-05-20 09:00:00+00:00,3h,2024-05-20 08:55:10.868000+00:00,2024-05-20 11:50:48.100000+00:00,0.027439084571735727,0.009609325121317035,1.0,0.02641630199002154,1.0,0.21104885547079455,0.21104885547079455,2,3
664b109ff5e0d9f993257cb1,2024-05-20 08:00:00+00:00,2024-05-20 09:00:00+00:00,3h,2024-05-20 08:58:07.781000+00:00,2024-05-20 11:55:16.811000+00:00,0.010557783730029927,0.00869173223244873,1.0,0.010336851851036055,1.0,0.20728240970967646,0.20728240970967646,3,3
664b1149f5e0d9f993257d10,2024-05-20 09:00:00+00:00,2024-05-20 10:00:00+00:00,3h,2024-05-20 09:00:57.196000+00:00,2024-05-20 11:58:11.852000+00:00,0.33313762100062283,0.05726075332168699,1.0,0.27966392670365725,1.0,0.2902892373337437,0.2902892373337437,1,1
664c0f668eb333e641dd3b94,2024-05-21 03:00:00+00:00,2024-05-21 04:00:00+00:00,3h,2024-05-21 03:05:10.291000+00:00,2024-05-21 06:03:20.767000+00:00,0.30772334178571653,0.049563816923916454,1.0,0.2625836973828718,1.0,0.28225502963092425,0.28225502963092425,1,3
664c0f0d8eb333e641dd3b67,2024-05-21 03:00:00+00:00,2024-05-21 04:00:00+00:00,5h,2024-05-21 03:03:41.963000+00:00,2024-05-21 10:00:00+00:00,0.1352402913007135,0.018189420698724198,0.7,0.26859007515417244,1.0,0.20463166745006897,0.20463166745006897,2,3
664c0fde8eb333e641dd3bb8,2024-05-21 03:00:00+00:00,2024-05-21 04:00:00+00:00,5h,2024-05-21 03:07:10.769000+00:00,2024-05-21 10:00:00+00:00,0.1279503186836927,0.017424531431349213,0.7,0.25431149143363185,1.0,0.20131701714553588,0.20131701714553588,3,3
664c1f8f8eb333e641dd3f0d,2024-05-21 04:00:00+00:00,2024-05-21 05:00:00+00:00,3h,2024-05-21 04:14:07.778000+00:00,2024-05-21 07:12:04.238000+00:00,0.2577841344415659,0.03720865957130867,1.0,0.2249559173210416,1.0,0.2673163792069935,0.2673163792069935,1,2
664c1fdb8eb333e641dd3f1f,2024-05-21 04:00:00+00:00,2024-05-21 05:00:00+00:00,5h,2024-05-21 04:15:23.086000+00:00,2024-05-21 11:00:00+00:00,0.1102658270322167,0.015697913579936985,0.7,0.21953267758709738,1.0,0.19332528366538165,0.19332528366538165,2,2
664c397759add87bce2b394d,2024-05-21 06:00:00+00:00,2024-05-21 07:00:00+00:00,3h,2024-05-21 06:04:39.772000+00:00,2024-05-21 09:03:30.547000+00:00,0.30941176196500253,0.050043221357864265,1.0,0.2646645714649728,1.0,0.28295884710771313,0.28295884710771313,1,2
664c39d159add87bce2b3973,2024-05-21 06:00:00+00:00,2024-05-21 07:00:00+00:00,3h,2024-05-21 06:06:09.757000+00:00,2024-05-21 09:04:53.347000+00:00,0.3012277604794663,0.0477597815945776,1.0,0.2585122025203418,1.0,0.2803583094608149,0.2803583094608149,2,2
664c5c6c59add87bce2b45c3,2024-05-21 08:00:00+00:00,2024-05-21 09:00:00+00:00,ban_tai_4h,2024-05-21 08:33:48.425000+00:00,2024-05-22 03:00:00+00:00,0.023678434631090192,0.009396943840826583,0.8,0.13542411937094767,1.0,0.19272299017868552,0.19272299017868552,1,1
664c859659add87bce2b4712,2024-05-21 11:00:00+00:00,2024-05-21 12:00:00+00:00,3h,2024-05-21 11:29:26.909000+00:00,2024-05-22 04:00:00+00:00,0.03084293562991701,0.009805650976908708,1.0,0.1561079101160574,1.0,0.23710497260935673,0.23710497260935673,1,1
664d7bc059add87bce2b510c,2024-05-22 04:00:00+00:00,2024-05-22 05:00:00+00:00,5h,2024-05-22 04:59:44.801000+00:00,2024-05-22 11:00:00+00:00,0.0007031626218199518,0.008196798715805002,0.7,0.0014063250116967962,1.0,0.14519934423182235,0.14519934423182235,1,1
664d827559add87bce2b5248,2024-05-22 05:00:00+00:00,2024-05-22 06:00:00+00:00,3h,2024-05-22 05:28:21.158000+00:00,2024-05-22 08:25:58.415000+00:00,0.1781736144675877,0.023408749877567202,1.0,0.16122996454571314,1.0,0.24629124283568296,0.24629124283568296,1,1
664ef47e9e88bb2afc1c7eea,2024-05-23 07:00:00+00:00,2024-05-23 08:00:00+00:00,3h,2024-05-23 07:47:10.692000+00:00,2024-05-23 10:41:19.845000+00:00,0.0736239578461527,0.012638902696942487,1.0,0.06875438890930963,1.0,0.22133421940002743,0.22133421940002743,1,1
664f20289e88bb2afc1c8248,2024-05-23 10:00:00+00:00,2024-05-23 11:00:00+00:00,5h,2024-05-23 10:53:28.860000+00:00,2024-05-24 08:00:00+00:00,0.005147179000078167,0.008416434648472566,0.7,0.03556868927318213,1.0,0.15216359864371995,0.15216359864371995,1,1
664ffdc5f1a792c552f59cf6,2024-05-24 02:00:00+00:00,2024-05-24 03:00:00+00:00,3h,2024-05-24 02:39:01.852000+00:00,2024-05-24 05:38:43.697000+00:00,0.11669134549791803,0.016304874147731987,1.0,0.10996561768290936,1.0,0.23177604802522106,0.23177604802522106,1,1
665002b7f1a792c552f59ec0,2024-05-24 03:00:00+00:00,2024-05-24 04:00:00+00:00,3h,2024-05-24 03:00:07.947000+00:00,2024-05-24 05:58:50.303000+00:00,0.33500594458904365,0.05786889984288331,1.0,0.2829412477727372,1.0,0.2913095894602774,0.2913095894602774,1,4
665002eef1a792c552f59ece,2024-05-24 03:00:00+00:00,2024-05-24 04:00:00+00:00,3h,2024-05-24 03:01:02.875000+00:00,2024-05-24 06:00:16.791000+00:00,0.32891506684634697,0.055908345064169175,1.0,0.27928505038094564,1.0,0.28940201711469066,0.28940201711469066,2,4
66500a31f1a792c552f59fb1,2024-05-24 03:00:00+00:00,2024-05-24 04:00:00+00:00,3h,2024-05-24 03:32:01.291000+00:00,2024-05-24 06:30:03.379000+00:00,0.15715176658346197,0.020692195489285053,1.0,0.14395815399767542,1.0,0.24120694809310614,0.24120694809310614,3,4
6650031df1a792c552f59edb,2024-05-24 03:00:00+00:00,2024-05-24 04:00:00+00:00,5h,2024-05-24 03:01:49.608000+00:00,2024-05-24 10:00:00+00:00,0.13911269301810827,0.018609032443552824,0.7,0.2761596662734971,1.0,0.2063973527208311,0.2063973527208311,4,4
6650166ef1a792c552f5a75e,2024-05-24 04:00:00+00:00,2024-05-24 05:00:00+00:00,3h,2024-05-24 04:24:14.107000+00:00,2024-05-24 07:23:00.324000+00:00,0.20006056189241742,0.026606402731996583,1.0,0.1801991190296549,1.0,0.2520036654451289,0.2520036654451289,1,1
665024a8b48362251a600aa3,2024-05-24 05:00:00+00:00,2024-05-24 06:00:00+00:00,3h,2024-05-24 05:24:56.307000+00:00,2024-05-24 08:11:11.626000+00:00,0.21088979710824288,0.028341941340936462,1.0,0.17698955654422466,1.0,0.25240307611340684,0.25240307611340684,1,2
6650279fb48362251a600aee,2024-05-24 05:00:00+00:00,2024-05-24 06:00:00+00:00,3h,2024-05-24 05:37:35.356000+00:00,2024-05-24 08:36:37.274000+00:00,0.12517727281105664,0.01714194437346176,1.0,0.11706533578216394,1.0,0.23369823378050986,0.23369823378050986,2,2
665036bdb48362251a600ff3,2024-05-24 06:00:00+00:00,2024-05-24 07:00:00+00:00,5h,2024-05-24 06:42:05.064000+00:00,2024-05-25 04:00:00+00:00,0.014019392203992188,0.008872525780415278,0.7,0.09473821426959905,1.0,0.16427115832216896,0.16427115832216896,1,1
665045cdc25ba0d6279008b8,2024-05-24 07:00:00+00:00,2024-05-24 08:00:00+00:00,3h,2024-05-24 07:46:21.813000+00:00,2024-05-24 10:43:53.989000+00:00,0.076809376788367,0.012879645950581303,1.0,0.07295952827965879,1.0,0.22231969322628056,0.22231969322628056,1,1
6651597c57490476b49b3f08,2024-05-25 03:00:00+00:00,2024-05-25 04:00:00+00:00,5h,2024-05-25 03:22:36.999000+00:00,2024-05-25 10:00:00+00:00,0.09407377032782074,0.014265298010099105,0.7,0.18753730345575748,1.0,0.18606663949721094,0.18606663949721094,1,1
6651ad8d51b65f7673682587,2024-05-25 09:00:00+00:00,2024-05-25 10:00:00+00:00,3h,2024-05-25 09:21:17.504000+00:00,2024-05-25 12:18:26.121000+00:00,0.21851347169627056,0.029629163632834105,1.0,0.19349560013454903,1.0,0.2564766182066103,0.2564766182066103,1,1
6653fea7e847739e08b3cfc7,2024-05-27 03:00:00+00:00,2024-05-27 04:00:00+00:00,3h,2024-05-27 03:31:51.456000+00:00,2024-05-27 06:24:51.200000+00:00,0.16267684443855263,0.02137474013663735,1.0,0.14473735207798255,1.0,0.24177231449757894,0.24177231449757894,1,5
6653fb7ae847739e08b3cf7e,2024-05-27 03:00:00+00:00,2024-05-27 04:00:00+00:00,5h,2024-05-27 03:18:18.217000+00:00,2024-05-27 10:00:00+00:00,0.10380074370431432,0.015109667334638489,0.7,0.20677357944623787,1.0,0.19042051629003065,0.19042051629003065,2,5
6653fca0e847739e08b3cf9a,2024-05-27 03:00:00+00:00,2024-05-27 04:00:00+00:00,5h,2024-05-27 03:23:12.581000+00:00,2024-05-27 10:00:00+00:00,0.09271979461528357,0.014151511633034785,0.7,0.18485612546378227,1.0,0.18546213207257733,0.18546213207257733,3,5
6653ffc4e847739e08b3d003,2024-05-27 03:00:00+00:00,2024-05-27 04:00:00+00:00,5h,2024-05-27 03:36:36.346000+00:00,2024-05-27 10:00:00+00:00,0.06101874076179376,0.011729057825918727,0.7,0.12187643705296525,1.0,0.17141272210614428,0.17141272210614428,4,5
6654004de847739e08b3d00d,2024-05-27 03:00:00+00:00,2024-05-27 04:00:00+00:00,5h,2024-05-27 03:38:53.687000+00:00,2024-05-27 10:00:00+00:00,0.055378976050926974,0.011343229887591427,0.7,0.11063824586634041,1.0,0.16893358710582293,0.16893358710582293,5,5
66540619e847739e08b3d19a,2024-05-27 04:00:00+00:00,2024-05-27 05:00:00+00:00,3h,2024-05-27 04:03:37.389000+00:00,2024-05-27 06:52:51.876000+00:00,0.3331149077250284,0.05725339712281179,1.0,0.26889977521548813,1.0,0.28813199331678474,0.28813199331678474,1,4
6654077ae847739e08b3d1f4,2024-05-27 04:00:00+00:00,2024-05-27 05:00:00+00:00,3h,2024-05-27 04:09:30.286000+00:00,2024-05-27 07:05:23.879000+00:00,0.2870789123666224,0.044043841134500626,1.0,0.2446160183668814,1.0,0.2753495083540767,0.2753495083540767,2,4
66540f38e847739e08b3d2ab,2024-05-27 04:00:00+00:00,2024-05-27 05:00:00+00:00,3h,2024-05-27 04:42:32.449000+00:00,2024-05-27 07:40:40.142000+00:00,0.09801469783984251,0.014601644628410557,1.0,0.09243987624217342,1.0,0.22724896202548103,0.22724896202548103,3,4
66540faae847739e08b3d2f2,2024-05-27 04:00:00+00:00,2024-05-27 05:00:00+00:00,3h,2024-05-27 04:44:26.474000+00:00,2024-05-27 07:42:38.291000+00:00,0.087312193989104,0.0137059182880608,1.0,0.08280721337743957,1.0,0.2247849936483244,0.2247849936483244,4,4
66541fc4e847739e08b3dec7,2024-05-27 05:00:00+00:00,2024-05-27 06:00:00+00:00,5h,2024-05-27 05:53:08.173000+00:00,2024-05-27 12:00:00+00:00,0.0187093511138353,0.009123432281983179,0.7,0.03741425360985384,1.0,0.15295691009116066,0.15295691009116066,1,1
665421b1e847739e08b3df76,2024-05-27 06:00:00+00:00,2024-05-27 07:00:00+00:00,3h,2024-05-27 06:01:21.435000+00:00,2024-05-27 08:59:04.394000+00:00,0.3299801677939491,0.05624661672941369,1.0,0.2780454235376921,1.0,0.28935705474518664,0.28935705474518664,1,4
6654270be847739e08b3e09d,2024-05-27 06:00:00+00:00,2024-05-27 07:00:00+00:00,3h,2024-05-27 06:24:11.851000+00:00,2024-05-27 09:23:56.990000+00:00,0.1991767560900235,0.026469411467632972,1.0,0.1803703484402076,1.0,0.2519557165686213,0.2519557165686213,2,4
66542764e847739e08b3e0cb,2024-05-27 06:00:00+00:00,2024-05-27 07:00:00+00:00,3h,2024-05-27 06:25:40.226000+00:00,2024-05-27 09:21:24.706000+00:00,0.1953414487959577,0.02588284191108399,1.0,0.17363590930633055,1.0,0.2502568870079165,0.2502568870079165,3,4
66542ed5e847739e08b3e472,2024-05-27 06:00:00+00:00,2024-05-27 07:00:00+00:00,3h,2024-05-27 06:57:25.159000+00:00,2024-05-27 09:55:41.241000+00:00,0.014476422301175329,0.008896672483867243,1.0,0.014234842405168813,1.0,0.20818497197135413,0.20818497197135413,4,4
6654366de847739e08b3e942,2024-05-27 07:00:00+00:00,2024-05-27 08:00:00+00:00,3h,2024-05-27 07:29:49.104000+00:00,2024-05-27 10:05:43.561000+00:00,0.19358643692520044,0.025618669382467846,1.0,0.15437185046252933,1.0,0.2462455717219866,0.2462455717219866,1,2
6654305de847739e08b3e4af,2024-05-27 07:00:00+00:00,2024-05-27 08:00:00+00:00,5h,2024-05-27 07:03:57.604000+00:00,2024-05-28 03:00:00+00:00,0.04685456711896856,0.010783749938487,0.7,0.2675300501023704,1.0,0.19997625998356627,0.19997625998356627,2,2
665440ece847739e08b3ee07,2024-05-27 08:00:00+00:00,2024-05-27 09:00:00+00:00,3h,2024-05-27 08:14:36.095000+00:00,2024-05-27 11:13:59.236000+00:00,0.2530771454169373,0.03621003410594572,1.0,0.22292112840821443,1.0,0.2663102461452103,0.2663102461452103,1,4
66544154e847739e08b3ee2c,2024-05-27 08:00:00+00:00,2024-05-27 09:00:00+00:00,3h,2024-05-27 08:16:20.971000+00:00,2024-05-27 11:14:45.617000+00:00,0.24466283144720524,0.034488801899451006,1.0,0.21533835938591905,1.0,0.2637609530168544,0.2637609530168544,2,4
665442c5e847739e08b3ee9a,2024-05-27 08:00:00+00:00,2024-05-27 09:00:00+00:00,3h,2024-05-27 08:22:29.948000+00:00,2024-05-27 11:17:21.904000+00:00,0.21445495958999447,0.02893700146715316,1.0,0.1880675631631018,1.0,0.25497571351291226,0.25497571351291226,3,4
66544404e847739e08b3ef68,2024-05-27 08:00:00+00:00,2024-05-27 09:00:00+00:00,3h,2024-05-27 08:27:48.270000+00:00,2024-05-27 11:24:18.861000+00:00,0.18240058557638567,0.023995602994245607,1.0,0.1637802895546926,1.0,0.2471534197074859,0.2471534197074859,4,4
66553cfde847739e08b400a2,2024-05-28 02:00:00+00:00,2024-05-28 03:00:00+00:00,3h,2024-05-28 02:10:05.777000+00:00,2024-05-28 05:08:45.503000+00:00,0.27931898632483704,0.04212458917616463,1.0,0.24212958951046804,1.0,0.2737006714077924,0.2737006714077924,1,1
66554c70e847739e08b40873,2024-05-28 03:00:00+00:00,2024-05-28 04:00:00+00:00,3h,2024-05-28 03:16:00.656000+00:00,2024-05-28 06:15:13.659000+00:00,0.2454518054165892,0.03464678354293441,1.0,0.2168129351757191,1.0,0.26415065716090447,0.26415065716090447,1,1
6655611ee847739e08b40b5a,2024-05-28 04:00:00+00:00,2024-05-28 05:00:00+00:00,3h,2024-05-28 04:44:14.391000+00:00,2024-05-28 07:44:01.843000+00:00,0.08765823477128798,0.013734013457676176,1.0,0.08383279145664746,1.0,0.22500696636593523,0.22500696636593523,1,2
6655612de847739e08b40b67,2024-05-28 04:00:00+00:00,2024-05-28 05:00:00+00:00,3h,2024-05-28 04:44:29.359000+00:00,2024-05-28 07:44:16.322000+00:00,0.08627460759807927,0.013622015600328807,1.0,0.08256217128050491,1.0,0.22468564361629828,0.22468564361629828,2,2
66556764e847739e08b40c09,2024-05-28 05:00:00+00:00,2024-05-28 06:00:00+00:00,3h,2024-05-28 05:11:00.235000+00:00,2024-05-28 08:05:38.627000+00:00,0.2805549744655478,0.0424248408571475,1.0,0.23829844716600035,1.0,0.2731145939474886,0.2731145939474886,1,1
6656b3b0969b363c710534be,2024-05-29 04:00:00+00:00,2024-05-29 05:00:00+00:00,3h,2024-05-29 04:48:48.379000+00:00,2024-05-29 07:47:53.817000+00:00,0.0625028965780641,0.011832729344130322,1.0,0.06029297669026423,1.0,0.21915823294453105,0.21915823294453105,1,1
66573d091d1005721568dc9d,2024-05-29 14:00:00+00:00,2024-05-29 15:00:00+00:00,5h,2024-05-29 14:34:50.002000+00:00,2024-05-30 08:00:00+00:00,0.02407906311845202,0.009419346090223194,0.7,0.13048059640567122,1.0,0.17174772693526816,0.17174772693526816,1,1
66574be91d1005721568dd38,2024-05-29 15:00:00+00:00,2024-05-29 16:00:00+00:00,3h,2024-05-29 15:38:17.760000+00:00,2024-05-30 04:00:00+00:00,0.029262347243644366,0.00971399740111538,1.0,0.11359185819127626,1.0,0.2285467700789245,0.2285467700789245,1,1
6657e6f31d1005721568de35,2024-05-30 02:00:00+00:00,2024-05-30 03:00:00+00:00,5h,2024-05-30 02:39:47.016000+00:00,2024-05-30 09:00:00+00:00,0.05317077327542946,0.011195603677703019,0.7,0.10623583248393709,1.0,0.16796452870340922,0.16796452870340922,1,1
6657f8ca1d1005721568e48b,2024-05-30 03:00:00+00:00,2024-05-30 04:00:00+00:00,3h,2024-05-30 03:55:54.058000+00:00,2024-05-30 06:53:12.708000+00:00,0.023117782801389274,0.009365682022473568,1.0,0.022515073212166503,1.0,0.21012242385591745,0.21012242385591745,1,2
6657f4d41d1005721568df2c,2024-05-30 03:00:00+00:00,2024-05-30 04:00:00+00:00,5h,2024-05-30 03:39:00.962000+00:00,2024-05-30 10:00:00+00:00,0.055078345816652476,0.011323019090827464,0.7,0.11003896008683933,1.0,0.16880160347186435,0.16880160347186435,2,2
665809790e654f117a072e9a,2024-05-30 05:00:00+00:00,2024-05-30 06:00:00+00:00,3h,2024-05-30 05:07:05.304000+00:00,2024-05-30 08:06:19.582000+00:00,0.29520308104365534,0.04614242699440776,1.0,0.25468872817557475,1.0,0.2786232018317596,0.2786232018317596,1,1
66581f6f0e654f117a073c7b,2024-05-30 06:00:00+00:00,2024-05-30 07:00:00+00:00,5h,2024-05-30 06:40:47.534000+00:00,2024-05-31 07:00:00+00:00,0.013163147226487029,0.008827461679743322,0.7,0.10121355033595036,1.0,0.16553918707503606,0.16553918707503606,1,1
665834a00e654f117a074093,2024-05-30 08:00:00+00:00,2024-05-30 09:00:00+00:00,3h,2024-05-30 08:11:12.153000+00:00,2024-05-30 11:07:56.866000+00:00,0.2760892256112919,0.04134956304704409,1.0,0.23745743144399778,1.0,0.272301224117026,0.272301224117026,1,1
665842bb0e654f117a074329,2024-05-30 09:00:00+00:00,2024-05-30 10:00:00+00:00,5h,2024-05-30 09:11:23.917000+00:00,2024-05-31 07:00:00+00:00,0.03713994494605647,0.01017937293622632,0.7,0.23662637235338402,1.0,0.19343289823241258,0.19343289823241258,1,1
665936caa7b31f62c9ef8c55,2024-05-31 02:00:00+00:00,2024-05-31 03:00:00+00:00,5h,2024-05-31 02:32:42.901000+00:00,2024-05-31 09:00:00+00:00,0.07045195271578436,0.012403588675140095,0.7,0.14065365333081958,1.0,0.17557288387124798,0.17557288387124798,1,1
665940dea7b31f62c9ef8e6a,2024-05-31 03:00:00+00:00,2024-05-31 04:00:00+00:00,3h,2024-05-31 03:15:42.383000+00:00,2024-05-31 06:14:41.025000+00:00,0.24748166481385636,0.03505644904358661,1.0,0.21813692380556005,1.0,0.264661254187264,0.264661254187264,1,3
665942d6a7b31f62c9ef8f92,2024-05-31 03:00:00+00:00,2024-05-31 04:00:00+00:00,3h,2024-05-31 03:24:06.469000+00:00,2024-05-31 06:21:28.529000+00:00,0.20236035128537144,0.026966113340181043,1.0,0.18077869546165148,1.0,0.2523354070964389,0.2523354070964389,2,3
6659417da7b31f62c9ef8e96,2024-05-31 03:00:00+00:00,2024-05-31 04:00:00+00:00,ban_tai_4h,2024-05-31 03:18:21.164000+00:00,2024-05-31 09:00:00+00:00,0.12190136064311163,0.016813910897857293,0.8,0.20655710192526633,1.0,0.21139976692376766,0.21139976692376766,3,3
66595564a7b31f62c9ef93ba,2024-05-31 04:00:00+00:00,2024-05-31 05:00:00+00:00,3h,2024-05-31 04:43:16.576000+00:00,2024-05-31 07:42:59.574000+00:00,0.09305612409461636,0.01417969254544081,1.0,0.08872415108887721,1.0,0.22625264574503995,0.22625264574503995,1,3
66595576a7b31f62c9ef93c9,2024-05-31 04:00:00+00:00,2024-05-31 05:00:00+00:00,3h,2024-05-31 04:43:34.477000+00:00,2024-05-31 07:43:18.425000+00:00,0.09138795921493686,0.014040458795268653,1.0,0.087212458900496,1.0,0.22586676705726041,0.22586676705726041,2,3
665951c8a7b31f62c9ef91e0,2024-05-31 04:00:00+00:00,2024-05-31 05:00:00+00:00,5h,2024-05-31 04:27:52.394000+00:00,2024-05-31 11:00:00+00:00,0.0819295426827532,0.013276127425894069,0.7,0.16346091653699557,1.0,0.18065785976293555,0.18065785976293555,3,3
66596683a7b31f62c9ef9986,2024-05-31 05:00:00+00:00,2024-05-31 06:00:00+00:00,3h,2024-05-31 05:56:19.850000+00:00,2024-05-31 08:55:19.622000+00:00,0.020498572967843263,0.009220994962852403,1.0,0.02017790475293968,1.0,0.20956817792829938,0.20956817792829938,1,1
665a9770a7b31f62c9efb105,2024-06-01 03:00:00+00:00,2024-06-01 04:00:00+00:00,3h,2024-06-01 03:37:20.406000+00:00,2024-06-01 06:36:31.298000+00:00,0.12646336694666824,0.01727243939218985,1.0,0.11828670072853154,1.0,0.23402080378102022,0.23402080378102022,1,2
665a92f3a7b31f62c9efb0c5,2024-06-01 03:00:00+00:00,2024-06-01 04:00:00+00:00,5h,2024-06-01 03:18:11.960000+00:00,2024-06-01 10:00:00+00:00,0.10403334323321183,0.015130449786322596,0.7,0.20723300354497187,1.0,0.19052487058078793,0.19052487058078793,2,2
665ab4df4dccad40775bf0fc,2024-06-01 05:00:00+00:00,2024-06-01 06:00:00+00:00,3h,2024-06-01 05:42:55.046000+00:00,2024-06-01 08:40:35.664000+00:00,0.09614395713269155,0.014441019249977012,1.0,0.09053898681381678,1.0,0.22677240891274958,0.22677240891274958,1,1
665ac8854dccad40775bf489,2024-06-01 07:00:00+00:00,2024-06-01 08:00:00+00:00,3h,2024-06-01 07:06:45.385000+00:00,2024-06-01 10:05:09.650000+00:00,0.298443190634761,0.04700566395613305,1.0,0.2560620775409449,1.0,0.2794158138818688,0.2794158138818688,1,3
665ac90f4dccad40775bf499,2024-06-01 07:00:00+00:00,2024-06-01 08:00:00+00:00,3h,2024-06-01 07:09:03.382000+00:00,2024-06-01 10:07:26.926000+00:00,0.2855706483759024,0.043664385925147736,1.0,0.2464954219232347,1.0,0.2754977159397356,0.2754977159397356,2,3
665aca0c4dccad40775bf4d8,2024-06-01 07:00:00+00:00,2024-06-01 08:00:00+00:00,3h,2024-06-01 07:13:16.868000+00:00,2024-06-01 10:09:12.684000+00:00,0.2655533215054146,0.03891511232214484,1.0,0.22860079149552792,1.0,0.2690692256923925,0.2690692256923925,3,3
665ad5c94dccad40775bf809,2024-06-01 08:00:00+00:00,2024-06-01 09:00:00+00:00,3h,2024-06-01 08:03:21.396000+00:00,2024-06-01 10:58:58.234000+00:00,0.32254496083170303,0.053924868366264034,1.0,0.2699816115909799,1.0,0.2863512433379544,0.2863512433379544,1,1
665af77e9fa9dd4533c9e730,2024-06-01 10:00:00+00:00,2024-06-01 11:00:00+00:00,3h,2024-06-01 10:27:10.058000+00:00,2024-06-01 13:26:31.289000+00:00,0.18305916860255114,0.024088320620995095,1.0,0.16673373083719545,1.0,0.24779973854003617,0.24779973854003617,1,1
665bef5fa3c51343938f4ead,2024-06-02 04:00:00+00:00,2024-06-02 05:00:00+00:00,5h,2024-06-02 04:04:47.395000+00:00,2024-06-03 08:00:00+00:00,0.03295711020523247,0.009929585427229111,0.7,0.2641453639929173,1.0,0.19878682405492093,0.19878682405492093,1,1
665c482fa3c51343938f50b7,2024-06-02 10:00:00+00:00,2024-06-02 11:00:00+00:00,5h,2024-06-02 10:23:43.997000+00:00,2024-06-03 04:00:00+00:00,0.03433480965973825,0.010011180392439646,0.7,0.1824815104330858,1.0,0.18250301032208094,0.18250301032208094,1,1
665d1c814d5788b4c93a3e48,2024-06-03 01:00:00+00:00,2024-06-03 02:00:00+00:00,3h,2024-06-03 01:29:37.210000+00:00,2024-06-03 04:29:18.403000+00:00,0.1690712706840514,0.022192197298819234,1.0,0.15530262498831537,1.0,0.24437584337695462,0.24437584337695462,1,1
665d35224d5788b4c93a405b,2024-06-03 03:00:00+00:00,2024-06-03 04:00:00+00:00,3h,2024-06-03 03:14:42.348000+00:00,2024-06-03 06:12:31.377000+00:00,0.25472346171333865,0.03655634528112571,1.0,0.22247108386075487,1.0,0.26642802394082643,0.26642802394082643,1,2
665d357c4d5788b4c93a408b,2024-06-03 03:00:00+00:00,2024-06-03 04:00:00+00:00,3h,2024-06-03 03:16:12.464000+00:00,2024-06-03 06:14:45.547000+00:00,0.24526422506014375,0.03460915994442291,1.0,0.21595618237866077,1.0,0.26395673244238593,0.26395673244238593,2,2
665d3ffd4d5788b4c93a4518,2024-06-03 04:00:00+00:00,2024-06-03 05:00:00+00:00,3h,2024-06-03 04:01:01.840000+00:00,2024-06-03 06:59:13.185000+00:00,0.3309368465801076,0.05655209390098213,1.0,0.27935411558752354,1.0,0.289802079458094,0.289802079458094,1,3
665d40324d5788b4c93a4523,2024-06-03 04:00:00+00:00,2024-06-03 05:00:00+00:00,3h,2024-06-03 04:01:54.959000+00:00,2024-06-03 07:01:07.902000+00:00,0.32410113212726976,0.05440320409766453,1.0,0.27580094133691535,1.0,0.2878021107259818,0.2878021107259818,2,3
665d488f4d5788b4c93a4b24,2024-06-03 04:00:00+00:00,2024-06-03 05:00:00+00:00,3h,2024-06-03 04:37:35.268000+00:00,2024-06-03 07:36:41.966000+00:00,0.12512978405087777,0.01713714446212998,1.0,0.11707253003530316,1.0,0.23369679268433863,0.23369679268433863,3,3
665e96a501dc922c142faac6,2024-06-04 04:00:00+00:00,2024-06-04 05:00:00+00:00,3h,2024-06-04 04:23:01.737000+00:00,2024-06-04 06:55:24.028000+00:00,0.24263754019643435,0.034086437950132234,1.0,0.18567417953267573,1.0,0.2575866986766145,0.2575866986766145,1,2
665e9bb201dc922c142facfb,2024-06-04 04:00:00+00:00,2024-06-04 05:00:00+00:00,ban_tai_4h,2024-06-04 04:44:34.543000+00:00,2024-06-04 10:00:00+00:00,0.04890011374626251,0.010915463862678831,0.8,0.08212169541696945,1.0,0.1829736174010012,0.1829736174010012,2,2
665ea069313c7144f2e2f3af,2024-06-04 05:00:00+00:00,2024-06-04 06:00:00+00:00,3h,2024-06-04 05:04:41.248000+00:00,2024-06-04 08:04:24.539000+00:00,0.3077680088574073,0.0495764433042031,1.0,0.2645640687555444,1.0,0.28265867973363074,0.28265867973363074,1,2
665ea078313c7144f2e2f3be,2024-06-04 05:00:00+00:00,2024-06-04 06:00:00+00:00,3h,2024-06-04 05:04:56.855000+00:00,2024-06-04 08:04:43.396000+00:00,0.30622838220334025,0.04914297949272483,1.0,0.2635005274662391,1.0,0.2821858931888827,0.2821858931888827,2,2
665eb8f6313c7144f2e2f9e6,2024-06-04 06:00:00+00:00,2024-06-04 07:00:00+00:00,ban_tai_nhanh,2024-06-04 06:49:26.878000+00:00,2024-06-04 09:49:26.807000+00:00,0.05862279279798969,0.011563586558135223,1.0,0.056937204537661934,1.0,0.2183255928424135,0.2183255928424135,1,1
665f3325313c7144f2e30067,2024-06-04 15:00:00+00:00,2024-06-04 16:00:00+00:00,3h,2024-06-04 15:30:45.948000+00:00,2024-06-05 04:00:00+00:00,0.03901877410294404,0.010293586096086915,1.0,0.14990929397636998,1.0,0.23615801045292617,0.23615801045292617,1,1
665f4a9c313c7144f2e300ad,2024-06-04 17:00:00+00:00,2024-06-04 18:00:00+00:00,ban_tai_4h,2024-06-04 17:10:52.074000+00:00,2024-06-05 07:00:00+00:00,0.059257264312888136,0.011607179122936778,0.8,0.23887380812124304,1.0,0.21473906909801072,0.21473906909801072,1,1
665fd315313c7144f2e30247,2024-06-05 02:00:00+00:00,2024-06-05 03:00:00+00:00,ban_tai_nhanh,2024-06-05 02:53:09.870000+00:00,2024-06-05 05:53:09.804000+00:00,0.03797523207086266,0.010229993979133498,1.0,0.03726299098442787,1.0,0.2135905945843657,0.2135905945843657,1,2
665fd4ac313c7144f2e30274,2024-06-05 02:00:00+00:00,2024-06-05 03:00:00+00:00,3h,2024-06-05 02:59:56.345000+00:00,2024-06-05 05:54:06.046000+00:00,0.0003497707733455723,0.008179579048856786,1.0,0.00033836866633185636,1.0,0.20497542116258047,0.20497542116258047,2,2
665fef2d313c7144f2e308f7,2024-06-05 04:00:00+00:00,2024-06-05 05:00:00+00:00,3h,2024-06-05 04:53:01.993000+00:00,2024-06-05 07:52:05.235000+00:00,0.038908832175613285,0.01028686798165753,1.0,0.037964909001081404,1.0,0.2137651025892108,0.2137651025892108,1,2
665fef96313c7144f2e3091b,2024-06-05 04:00:00+00:00,2024-06-05 05:00:00+00:00,3h,2024-06-05 04:54:46.196000+00:00,2024-06-05 07:53:09.997000+00:00,0.029317062228641954,0.00971715593879591,1.0,0.028637861379504415,1.0,0.21155786583917843,0.21155786583917843,2,2
665ff1a5313c7144f2e309b1,2024-06-05 05:00:00+00:00,2024-06-05 06:00:00+00:00,3h,2024-06-05 05:03:34.043000+00:00,2024-06-05 07:54:55.105000+00:00,0.32933922585040337,0.05604282627670599,1.0,0.26912624581245637,1.0,0.28745094492851486,0.28745094492851486,1,1
666003cf313c7144f2e30f05,2024-06-05 06:00:00+00:00,2024-06-05 07:00:00+00:00,3h,2024-06-05 06:21:03.684000+00:00,2024-06-05 09:20:46.724000+00:00,0.21666580110989106,0.029312082985471895,1.0,0.19452696703648564,1.0,0.2564926431985803,0.2564926431985803,1,1
66600fc6313c7144f2e31292,2024-06-05 07:00:00+00:00,2024-06-05 08:00:00+00:00,3h,2024-06-05 07:12:06.270000+00:00,2024-06-05 10:10:41.216000+00:00,0.26819827183450107,0.03951301316248001,1.0,0.2336268685823102,1.0,0.27043318161395,0.27043318161395,1,1
666023f4313c7144f2e319e4,2024-06-05 08:00:00+00:00,2024-06-05 09:00:00+00:00,5h,2024-06-05 08:38:12.376000+00:00,2024-06-06 04:00:00+00:00,0.018758694170956106,0.009126109096208139,0.7,0.11403363893784257,1.0,0.16828239324529337,0.16828239324529337,1,1
66614483bb3e3dca3a51f08c,2024-06-06 05:00:00+00:00,2024-06-06 06:00:00+00:00,3h,2024-06-06 05:09:23.959000+00:00,2024-06-06 08:08:09.601000+00:00,0.2830638016819879,0.04304059671012963,1.0,0.24505841788394367,1.0,0.2748360416028665,0.2748360416028665,1,2
6661453cbb3e3dca3a51f1be,2024-06-06 05:00:00+00:00,2024-06-06 06:00:00+00:00,3h,2024-06-06 05:12:28.677000+00:00,2024-06-06 08:10:10.879000+00:00,0.2674234646839368,0.03933695871117927,1.0,0.23203520665880106,1.0,0.27000921655846777,0.27000921655846777,2,2
66618927b6fcee74f065fe54,2024-06-06 10:00:00+00:00,2024-06-06 11:00:00+00:00,3h,2024-06-06 10:02:15.267000+00:00,2024-06-06 13:01:36.704000+00:00,0.3219582105995696,0.05374554482425464,1.0,0.27443789777300953,1.0,0.28713490644915474,0.28713490644915474,1,1
6662c486d99ce7d1749c4cb7,2024-06-07 08:00:00+00:00,2024-06-07 09:00:00+00:00,3h,2024-06-07 08:27:50.594000+00:00,2024-06-07 11:27:03.098000+00:00,0.1794378314111764,0.02358278410708948,1.0,0.16360032809961977,1.0,0.24686973608417767,0.24686973608417767,1,1
6662d9cad99ce7d1749c4fb1,2024-06-07 09:00:00+00:00,2024-06-07 10:00:00+00:00,3h,2024-06-07 09:58:34.182000+00:00,2024-06-07 12:55:27.387000+00:00,0.008085964607298173,0.008564873003707906,1.0,0.007914624224844125,1.0,0.2067218486471936,0.2067218486471936,1,1
666347ec4716c9653e9f2675,2024-06-07 17:00:00+00:00,2024-06-07 18:00:00+00:00,5h,2024-06-07 17:48:28.116000+00:00,2024-06-08 08:00:00+00:00,0.013541955117568184,0.008847370259636413,0.7,0.062054405571392746,1.0,0.15771930327006037,0.15771930327006037,1,1
6663d27a4716c9653e9f288c,2024-06-08 03:00:00+00:00,2024-06-08 04:00:00+00:00,3h,2024-06-08 03:39:38.298000+00:00,2024-06-08 06:38:55.253000+00:00,0.11357321844332341,0.01600750351758918,1.0,0.10695700766790439,1.0,0.2309959036441344,0.2309959036441344,1,1
6663e6f74716c9653e9f2ad2,2024-06-08 05:00:00+00:00,2024-06-08 06:00:00+00:00,3h,2024-06-08 05:07:03.718000+00:00,2024-06-08 08:01:35.169000+00:00,0.30332778141252825,0.0483360963760965,1.0,0.254798170479949,1.0,0.2799612919216477,0.2799612919216477,1,4
6663ef634716c9653e9f2b88,2024-06-08 05:00:00+00:00,2024-06-08 06:00:00+00:00,3h,2024-06-08 05:42:59.320000+00:00,2024-06-08 08:38:21.853000+00:00,0.09699945821029975,0.014514257017752708,1.0,0.09017900481371,1.0,0.2267443551733936,0.2267443551733936,2,4
6663f1104716c9653e9f2c47,2024-06-08 05:00:00+00:00,2024-06-08 06:00:00+00:00,3h,2024-06-08 05:50:08.137000+00:00,2024-06-08 08:48:48.352000+00:00,0.055209993456287965,0.011331865125484796,1.0,0.05332755214980167,1.0,0.21746462950525122,0.21746462950525122,3,4
6663f1ac4716c9653e9f2c5a,2024-06-08 05:00:00+00:00,2024-06-08 06:00:00+00:00,3h,2024-06-08 05:52:44.925000+00:00,2024-06-08 08:52:11.438000+00:00,0.04041001947427175,0.010378975599695516,1.0,0.039484080011540024,1.0,0.21412420136212534,0.21412420136212534,4,4
6663f91d4716c9653e9f2f56,2024-06-08 06:00:00+00:00,2024-06-08 07:00:00+00:00,3h,2024-06-08 06:24:29.975000+00:00,2024-06-08 09:20:56.841000+00:00,0.20119504676832597,0.026783260700321294,1.0,0.1789937336996027,1.0,0.25186870316011334,0.25186870316011334,1,1
66655e67a2f5f7dbd94b87c4,2024-06-09 07:00:00+00:00,2024-06-09 08:00:00+00:00,3h,2024-06-09 07:48:55.143000+00:00,2024-06-10 04:00:00+00:00,0.009149636116396678,0.008619236423614212,1.0,0.059704257324826315,1.0,0.2171123933191338,0.2171123933191338,1,1
6665f199a2f5f7dbd94b8bda,2024-06-09 18:00:00+00:00,2024-06-09 19:00:00+00:00,5h,2024-06-09 18:16:58.142000+00:00,2024-06-10 08:00:00+00:00,0.05228353295252682,0.011136824868423571,0.7,0.21263309014670861,1.0,0.18920871295039587,0.18920871295039587,1,1
66664b69a2f5f7dbd94b8c0d,2024-06-10 00:00:00+00:00,2024-06-10 01:00:00+00:00,3h,2024-06-10 00:40:09.282000+00:00,2024-06-10 04:00:00+00:00,0.09930331111114447,0.014713309927978665,1.0,0.10439128792724262,1.0,0.22970624354223573,0.22970624354223573,1,1
66665f98bb9619f5c265a305,2024-06-10 02:00:00+00:00,2024-06-10 03:00:00+00:00,3h,2024-06-10 02:06:16.475000+00:00,2024-06-10 05:04:41.596000+00:00,0.30111990326872534,0.04773035891727394,1.0,0.258050826166085,1.0,0.28024838058358137,0.28024838058358137,1,1
66667727bb9619f5c265a85a,2024-06-10 03:00:00+00:00,2024-06-10 04:00:00+00:00,3h,2024-06-10 03:46:47.334000+00:00,2024-06-10 06:20:12.883000+00:00,0.08610741195337725,0.013608543073163979,1.0,0.07076628979113031,1.0,0.22231838380212446,0.22231838380212446,1,3
66667778bb9619f5c265a86c,2024-06-10 03:00:00+00:00,2024-06-10 04:00:00+00:00,3h,2024-06-10 03:48:08.716000+00:00,2024-06-10 06:44:28.422000+00:00,0.06723097976446604,0.012169069417583321,1.0,0.06373772144912704,1.0,0.22004898594037542,0.22004898594037542,2,3
666670d1bb9619f5c265a589,2024-06-10 03:00:00+00:00,2024-06-10 04:00:00+00:00,5h,2024-06-10 03:19:45.893000+00:00,2024-06-10 10:00:00+00:00,0.10052870173352688,0.01482027676896702,0.7,0.20030784044558692,1.0,0.1889537341504976,0.1889537341504976,3,3
66667aa0bb9619f5c265aab7,2024-06-10 04:00:00+00:00,2024-06-10 05:00:00+00:00,3h,2024-06-10 04:01:36.865000+00:00,2024-06-10 06:59:42.370000+00:00,0.32783991023353604,0.05556882152990059,1.0,0.2770132271845944,1.0,0.28874393835485923,0.28874393835485923,1,2
66668733bb9619f5c265ada3,2024-06-10 04:00:00+00:00,2024-06-10 05:00:00+00:00,3h,2024-06-10 04:55:15.694000+00:00,2024-06-10 07:54:41.060000+00:00,0.026409320407685163,0.009550701426200228,1.0,0.02598115709622284,1.0,0.21092665227496474,0.21092665227496474,2,2
66668e28bb9619f5c265adfd,2024-06-10 05:00:00+00:00,2024-06-10 06:00:00+00:00,3h,2024-06-10 05:24:56.654000+00:00,2024-06-10 08:24:01.018000+00:00,0.1957627273238323,0.02594664831544123,1.0,0.17696311309868828,1.0,0.2509606116090024,0.2509606116090024,1,3
66668f29bb9619f5c265ae63,2024-06-10 05:00:00+00:00,2024-06-10 06:00:00+00:00,3h,2024-06-10 05:29:13.654000+00:00,2024-06-10 08:25:19.941000+00:00,0.17473933842607153,0.022942285899697625,1.0,0.15714299606198967,1.0,0.24519397075221652,0.24519397075221652,2,3
666691e8bb9619f5c265af1e,2024-06-10 05:00:00+00:00,2024-06-10 06:00:00+00:00,3h,2024-06-10 05:40:56.103000+00:00,2024-06-10 08:40:24.260000+00:00,0.10622959899265956,0.015328074914856243,1.0,0.100500146885945,1.0,0.22929687432610274,0.22929687432610274,3,3
66669a79bb9619f5c265b184,2024-06-10 06:00:00+00:00,2024-06-10 07:00:00+00:00,3h,2024-06-10 06:17:29.751000+00:00,2024-06-10 09:16:16.432000+00:00,0.23774819070316341,0.03313365118102295,1.0,0.21032528119963412,1.0,0.2619452469485406,0.2619452469485406,1,1
6667b310d59cdeec42f6cd17,2024-06-11 02:00:00+00:00,2024-06-11 03:00:00+00:00,3h,2024-06-11 02:14:40.544000+00:00,2024-06-11 05:13:46.196000+00:00,0.2530750111766136,0.036209587213177734,1.0,0.22260094914065953,1.0,0.2662459421560386,0.2662459421560386,1,1
6667d207644186407443e273,2024-06-11 04:00:00+00:00,2024-06-11 05:00:00+00:00,3h,2024-06-11 04:26:47.160000+00:00,2024-06-11 07:24:03.428000+00:00,0.18736271030402768,0.024702846001277243,1.0,0.16849853811617055,1.0,0.24852141522400045,0.24852141522400045,1,1
666824e25816dbf964d0e967,2024-06-11 10:00:00+00:00,2024-06-11 11:00:00+00:00,3h,2024-06-11 10:20:18.543000+00:00,2024-06-11 13:18:44.611000+00:00,0.22243992845926255,0.030314065448099354,1.0,0.19788659452584811,1.0,0.25776575817402925,0.25776575817402925,1,1
6668892640e6637797080fac,2024-06-11 17:00:00+00:00,2024-06-11 18:00:00+00:00,3h,2024-06-11 17:28:06.810000+00:00,2024-06-12 04:00:00+00:00,0.05046238525431387,0.011017129871854632,1.0,0.16234354619988212,1.0,0.23907898716308923,0.23907898716308923,1,1
6669138d40e6637797081134,2024-06-12 03:00:00+00:00,2024-06-12 04:00:00+00:00,3h,2024-06-12 03:18:37.778000+00:00,2024-06-12 06:18:24.398000+00:00,0.2301204640563958,0.03169840573699421,1.0,0.2053355829562784,1.0,0.2600861600334522,0.2600861600334522,1,2
666912b640e6637797081105,2024-06-12 03:00:00+00:00,2024-06-12 04:00:00+00:00,5h,2024-06-12 03:15:02.868000+00:00,2024-06-12 10:00:00+00:00,0.11100618789081773,0.015766699515810518,0.7,0.22099237459112908,1.0,0.19365849462771212,0.19365849462771212,2,2
6669486f40e6637797081986,2024-06-12 07:00:00+00:00,2024-06-12 08:00:00+00:00,3h,2024-06-12 07:04:15.847000+00:00,2024-06-12 10:01:44.849000+00:00,0.3140344043507551,0.05137832976822091,1.0,0.2662917407176377,1.0,0.2840853460044601,0.2840853460044601,1,3
666948ad40e663779708199a,2024-06-12 07:00:00+00:00,2024-06-12 08:00:00+00:00,3h,2024-06-12 07:05:17.380000+00:00,2024-06-12 10:04:19.956000+00:00,0.30557102877373177,0.04895900622127838,1.0,0.2620995066240156,1.0,0.28179530505757017,0.28179530505757017,2,3
666950dd40e6637797081a4e,2024-06-12 07:00:00+00:00,2024-06-12 08:00:00+00:00,3h,2024-06-12 07:40:13.776000+00:00,2024-06-12 10:36:04.958000+00:00,0.11242569789811226,0.015899414744157726,1.0,0.10401853764355229,1.0,0.23034335637520512,0.23034335637520512,3,3
6669606c40e6637797081e90,2024-06-12 08:00:00+00:00,2024-06-12 09:00:00+00:00,3h,2024-06-12 08:46:36.594000+00:00,2024-06-12 11:44:43.900000+00:00,0.07517385578741732,0.012755478752266755,1.0,0.07168990177531998,1.0,0.22199126760642407,0.22199126760642407,1,4
6669616040e6637797082257,2024-06-12 08:00:00+00:00,2024-06-12 09:00:00+00:00,3h,2024-06-12 08:50:40.993000+00:00,2024-06-12 11:48:23.667000+00:00,0.05242653015556885,0.011146277626828918,1.0,0.05044317896428552,1.0,0.21677640236895446,0.21677640236895446,2,4
6669622e40e6637797082271,2024-06-12 08:00:00+00:00,2024-06-12 09:00:00+00:00,3h,2024-06-12 08:54:06.757000+00:00,2024-06-12 11:51:35.545000+00:00,0.033172131889563396,0.009942276704158442,1.0,0.03217857321497375,1.0,0.21240108066548982,0.21240108066548982,3,4
666962ff40e66377970823ab,2024-06-12 08:00:00+00:00,2024-06-12 09:00:00+00:00,3h,2024-06-12 08:57:35.076000+00:00,2024-06-12 11:56:32.846000+00:00,0.013496657127131611,0.008844987243660181,1.0,0.013329256967570924,1.0,0.2079728437397103,0.2079728437397103,4,4
66698b1b40e6637797082eab,2024-06-12 11:00:00+00:00,2024-06-12 12:00:00+00:00,ban_tai_4h,2024-06-12 11:48:43.199000+00:00,2024-06-13 13:00:00+00:00,0.0074638826307955,0.008533236556294134,0.8,0.060743579951838655,1.0,0.17726865792414426,0.17726865792414426,1,1
666a7c890ad530bd2452d580,2024-06-13 04:00:00+00:00,2024-06-13 05:00:00+00:00,3h,2024-06-13 04:58:49.677000+00:00,2024-06-13 07:57:28.154000+00:00,0.006560913458134023,0.008487521399750017,1.0,0.00649023573330032,1.0,0.2063905599865101,0.2063905599865101,1,4
666a701bfb1f6edb969c8958,2024-06-13 04:00:00+00:00,2024-06-13 05:00:00+00:00,5h,2024-06-13 04:05:47.691000+00:00,2024-06-13 11:00:00+00:00,0.1308654660619261,0.017726532806750683,0.7,0.26002562534064433,1.0,0.20264104475217928,0.20264104475217928,2,4
666a70b0fb1f6edb969c8989,2024-06-13 04:00:00+00:00,2024-06-13 05:00:00+00:00,5h,2024-06-13 04:08:16.206000+00:00,2024-06-13 10:00:00+00:00,0.14707279648389288,0.01950162446058178,0.7,0.24977966330199486,1.0,0.20165690733674801,0.20165690733674801,3,4
666a7068fb1f6edb969c896d,2024-06-13 04:00:00+00:00,2024-06-13 05:00:00+00:00,5h,2024-06-13 04:07:04.984000+00:00,2024-06-13 11:00:00+00:00,0.12815394347273076,0.017445461227499338,0.7,0.254710811145361,1.0,0.20140943896557179,0.20140943896557179,4,4
666a8a09f212d56dfc377d1d,2024-06-13 05:00:00+00:00,2024-06-13 06:00:00+00:00,3h,2024-06-13 05:56:25.074000+00:00,2024-06-13 08:54:47.383000+00:00,0.020082208428106495,0.009198199563980759,1.0,0.019703846533882685,1.0,0.209459689045165,0.209459689045165,1,1
666a8f6df212d56dfc377da9,2024-06-13 06:00:00+00:00,2024-06-13 07:00:00+00:00,3h,2024-06-13 06:19:25.377000+00:00,2024-06-13 09:19:10.932000+00:00,0.22572996938961415,0.03089974361553808,1.0,0.20182551739801569,1.0,0.258904949648926,0.258904949648926,1,1
666a9b27f212d56dfc378229,2024-06-13 07:00:00+00:00,2024-06-13 08:00:00+00:00,3h,2024-06-13 07:09:27.855000+00:00,2024-06-13 10:08:01.066000+00:00,0.28302858965439964,0.04303189565031441,1.0,0.24478603057074844,1.0,0.2747763435043383,0.2747763435043383,1,1
666ab2e7a9f5a1c8d3a99175,2024-06-13 08:00:00+00:00,2024-06-13 09:00:00+00:00,5h,2024-06-13 08:50:47.053000+00:00,2024-06-14 04:00:00+00:00,0.008019193146305987,0.008561471727849181,0.7,0.04991022257147748,1.0,0.15511892755100498,0.15511892755100498,1,1
666ab9e6a9f5a1c8d3a9997b,2024-06-13 09:00:00+00:00,2024-06-13 10:00:00+00:00,3h,2024-06-13 09:20:38.199000+00:00,2024-06-13 12:18:22.548000+00:00,0.22146696436885177,0.030142932773124534,1.0,0.19642541886136367,1.0,0.25737084343614747,0.25737084343614747,1,1
666bad153058481f4e26739a,2024-06-14 02:00:00+00:00,2024-06-14 03:00:00+00:00,3h,2024-06-14 02:38:13.574000+00:00,2024-06-14 05:35:25.686000+00:00,0.1228754926584671,0.016910805711124317,1.0,0.11393535684798739,1.0,0.2329335547962721,0.2329335547962721,1,2
666bac693058481f4e26738a,2024-06-14 02:00:00+00:00,2024-06-14 03:00:00+00:00,5h,2024-06-14 02:35:21.595000+00:00,2024-06-14 09:00:00+00:00,0.06406010294038951,0.01194247694064788,0.7,0.1279332866391606,1.0,0.17275214349222084,0.17275214349222084,2,2
666bb9993058481f4e26748d,2024-06-14 03:00:00+00:00,2024-06-14 04:00:00+00:00,3h,2024-06-14 03:31:37.577000+00:00,2024-06-14 06:30:11.308000+00:00,0.15890104016985307,0.020905952843158288,1.0,0.14583573785667225,1.0,0.24171071927722945,0.24171071927722945,1,6
666bbbf83058481f4e2675d7,2024-06-14 03:00:00+00:00,2024-06-14 04:00:00+00:00,3h,2024-06-14 03:41:44.204000+00:00,2024-06-14 06:39:46.469000+00:00,0.10258086651098808,0.015001132385321731,1.0,0.09648502313708385,1.0,0.2282976840586098,0.2282976840586098,2,6
666bb8c63058481f4e267456,2024-06-14 03:00:00+00:00,2024-06-14 04:00:00+00:00,5h,2024-06-14 03:28:06.188000+00:00,2024-06-14 09:00:00+00:00,0.09610475382613835,0.01443767187153901,0.7,0.1623917876175709,1.0,0.1811409606464376,0.1811409606464376,3,6
666bb9113058481f4e267460,2024-06-14 03:00:00+00:00,2024-06-14 04:00:00+00:00,5h,2024-06-14 03:29:21.856000+00:00,2024-06-14 10:00:00+00:00,0.07842532241460758,0.013003498406234493,0.7,0.15650264986998585,1.0,0.17910262901773785,0.17910262901773785,4,6
666bb9403058481f4e267475,2024-06-14 03:00:00+00:00,2024-06-14 04:00:00+00:00,5h,2024-06-14 03:30:08.678000+00:00,2024-06-14 10:00:00+00:00,0.07658062250607298,0.01286220764912417,0.7,0.1528378380325628,1.0,0.17828489219598703,0.17828489219598703,5,6
666bbab83058481f4e2674f9,2024-06-14 03:00:00+00:00,2024-06-14 04:00:00+00:00,5h,2024-06-14 03:36:24.447000+00:00,2024-06-14 10:00:00+00:00,0.06150419240415384,0.011762868525799839,0.7,0.12284338504944903,1.0,0.17162639812536967,0.17162639812536967,6,6
666bca3d3058481f4e267910,2024-06-14 04:00:00+00:00,2024-06-14 05:00:00+00:00,3h,2024-06-14 04:42:37.391000+00:00,2024-06-14 07:41:20.424000+00:00,0.09723079281766642,0.014534123898942979,1.0,0.09202448842026245,1.0,0.2271253720234183,0.2271253720234183,1,1
666bd0493058481f4e267973,2024-06-14 05:00:00+00:00,2024-06-14 06:00:00+00:00,3h,2024-06-14 05:08:25.055000+00:00,2024-06-14 08:07:12.435000+00:00,0.2885089369445289,0.04440651612372848,1.0,0.2491647169855259,1.0,0.2764768530713423,0.2764768530713423,1,1
666bf883be73767ef8e0bf6d,2024-06-14 08:00:00+00:00,2024-06-14 09:00:00+00:00,5h,2024-06-14 08:00:03.798000+00:00,2024-06-15 03:00:00+00:00,0.05257897214819034,0.011156363464540924,0.7,0.2832166649369503,1.0,0.2033371510661146,0.2033371510661146,1,1
666c118f0faf59e257a3d439,2024-06-14 09:00:00+00:00,2024-06-14 10:00:00+00:00,3h,2024-06-14 09:46:55.403000+00:00,2024-06-14 12:46:22.238000+00:00,0.07287164705319624,0.012582697193552598,1.0,0.07007177233840578,1.0,0.2215639727838127,0.2215639727838127,1,2
666c135c5eeef68a9d24bade,2024-06-14 09:00:00+00:00,2024-06-14 10:00:00+00:00,3h,2024-06-14 09:54:36.468000+00:00,2024-06-14 12:51:57.963000+00:00,0.0304028710251708,0.009780047286550008,1.0,0.029512412900551066,1.0,0.21177051095204025,0.21177051095204025,2,2
666ceac4c86b5b19e300786d,2024-06-15 01:00:00+00:00,2024-06-15 02:00:00+00:00,3h,2024-06-15 01:13:40.761000+00:00,2024-06-15 04:12:14.709000+00:00,0.2594038164082932,0.03755837225741352,1.0,0.22689232446177,1.0,0.26791348824680217,0.26791348824680217,1,2
666ceaecc86b5b19e3007879,2024-06-15 01:00:00+00:00,2024-06-15 02:00:00+00:00,3h,2024-06-15 01:14:20.245000+00:00,2024-06-15 04:13:46.683000+00:00,0.2544718132403679,0.0365032041532393,1.0,0.22406072716613334,1.0,0.2667140679251703,0.2667140679251703,2,2
666d0160c86b5b19e3007b81,2024-06-15 02:00:00+00:00,2024-06-15 03:00:00+00:00,3h,2024-06-15 02:50:08.714000+00:00,2024-06-15 05:46:26.649000+00:00,0.05589805571692395,0.01137821060038025,1.0,0.0532769739466451,1.0,0.21748232114955718,0.21748232114955718,1,2
666d023dc86b5b19e3007bae,2024-06-15 02:00:00+00:00,2024-06-15 03:00:00+00:00,3h,2024-06-15 02:53:49.157000+00:00,2024-06-15 05:53:15.223000+00:00,0.034445543989791626,0.010017767435494417,1.0,0.03375447926789421,1.0,0.2127615563148755,0.2127615563148755,2,2
666d2296c86b5b19e30084ea,2024-06-15 05:00:00+00:00,2024-06-15 06:00:00+00:00,3h,2024-06-15 05:11:50.820000+00:00,2024-06-15 08:11:36.033000+00:00,0.26788344374839884,0.039441385855985285,1.0,0.23472242410972832,1.0,0.27060931633553686,0.27060931633553686,1,1
666d3c9fc86b5b19e3008b13,2024-06-15 07:00:00+00:00,2024-06-15 08:00:00+00:00,3h,2024-06-15 07:02:55.632000+00:00,2024-06-15 10:00:15.989000+00:00,0.32182829955799414,0.053705917325468505,1.0,0.2717210354420875,1.0,0.2865677574836986,0.2865677574836986,1,2
666d46b5c86b5b19e3008ef9,2024-06-15 07:00:00+00:00,2024-06-15 08:00:00+00:00,5h,2024-06-15 07:45:57.911000+00:00,2024-06-17 03:00:00+00:00,0.005410419542749776,0.008429626287007306,0.7,0.07500893752326421,1.0,0.1600595632768572,0.1600595632768572,2,2
666faa49c86b5b19e3009907,2024-06-17 03:00:00+00:00,2024-06-17 04:00:00+00:00,3h,2024-06-17 03:15:21.558000+00:00,2024-06-17 06:14:29.264000+00:00,0.24921057572657832,0.03540905487185725,1.0,0.2196430914491776,1.0,0.2651740512129499,0.2651740512129499,1,4
666fab39c86b5b19e300991e,2024-06-17 03:00:00+00:00,2024-06-17 04:00:00+00:00,3h,2024-06-17 03:19:21.366000+00:00,2024-06-17 06:16:36.455000+00:00,0.22930076090571505,0.03154779500226612,1.0,0.20212189549307646,1.0,0.25935305609997494,0.25935305609997494,2,4
666faccfc86b5b19e30099ae,2024-06-17 03:00:00+00:00,2024-06-17 04:00:00+00:00,3h,2024-06-17 03:26:07.466000+00:00,2024-06-17 06:23:26.236000+00:00,0.19104971721355007,0.02524146520714782,1.0,0.1715490047209145,1.0,0.2494546800684716,0.2494546800684716,3,4
666faa90c86b5b19e3009912,2024-06-17 03:00:00+00:00,2024-06-17 04:00:00+00:00,5h,2024-06-17 03:16:32.701000+00:00,2024-06-17 10:00:00+00:00,0.10770714237883376,0.015462455917773047,0.7,0.2144856666838988,1.0,0.1921746068874436,0.1921746068874436,4,4
666fb6e1c86b5b19e3009acf,2024-06-17 04:00:00+00:00,2024-06-17 05:00:00+00:00,3h,2024-06-17 04:09:05.120000+00:00,2024-06-17 07:08:46.075000+00:00,0.28335894176350795,0.043113593321855354,1.0,0.24637415374398297,1.0,0.27514298674190985,0.27514298674190985,1,2
666fc018c86b5b19e300a2b7,2024-06-17 04:00:00+00:00,2024-06-17 05:00:00+00:00,3h,2024-06-17 04:48:24.364000+00:00,2024-06-17 07:46:37.321000+00:00,0.06505553141193778,0.012013158228428761,1.0,0.062380198223975225,1.0,0.2196839345818523,0.2196839345818523,2,2
666fe7e9c86b5b19e300b019,2024-06-17 07:00:00+00:00,2024-06-17 08:00:00+00:00,3h,2024-06-17 07:38:17.845000+00:00,2024-06-17 10:37:29.209000+00:00,0.12111533011067246,0.016736124118909516,1.0,0.1135848818034475,1.0,0.23275865083203523,0.23275865083203523,1,2
666fea82c86b5b19e300b07b,2024-06-17 07:00:00+00:00,2024-06-17 08:00:00+00:00,3h,2024-06-17 07:49:22.477000+00:00,2024-06-17 10:47:48.865000+00:00,0.059546039243113545,0.011627073693064318,1.0,0.057321424336711946,1.0,0.21844052908318098,0.21844052908318098,2,2
667100cbc86b5b19e300ba07,2024-06-18 03:00:00+00:00,2024-06-18 04:00:00+00:00,3h,2024-06-18 03:36:43.324000+00:00,2024-06-18 06:36:28.984000+00:00,0.1294937908296757,0.017583796006848992,1.0,0.12130888833199338,1.0,0.23481205527050808,0.23481205527050808,1,2
6670fa0fc86b5b19e300b95b,2024-06-18 03:00:00+00:00,2024-06-18 04:00:00+00:00,5h,2024-06-18 03:07:59.933000+00:00,2024-06-18 10:00:00+00:00,0.12621596049881256,0.017247260425514922,0.7,0.2509092135469503,1.0,0.20053019896469898,0.20053019896469898,2,2
66710771c86b5b19e300bc39,2024-06-18 04:00:00+00:00,2024-06-18 05:00:00+00:00,3h,2024-06-18 04:05:05.137000+00:00,2024-06-18 07:02:48.964000+00:00,0.30897566136434884,0.049918977258458994,1.0,0.2629355248728842,1.0,0.28253849132965225,0.28253849132965225,1,3
667107f9c86b5b19e300bc45,2024-06-18 04:00:00+00:00,2024-06-18 05:00:00+00:00,3h,2024-06-18 04:07:21.319000+00:00,2024-06-18 07:05:09.759000+00:00,0.2960771209286456,0.046373793444153495,1.0,0.2535827083345269,1.0,0.2785408177333975,0.2785408177333975,2,3
667108cfc86b5b19e300bc74,2024-06-18 04:00:00+00:00,2024-06-18 05:00:00+00:00,3h,2024-06-18 04:10:55.468000+00:00,2024-06-18 07:07:26.241000+00:00,0.2780280532875174,0.04181315949830184,1.0,0.23863457958005707,1.0,0.27281481161499255,0.27281481161499255,3,3
66712ac6c86b5b19e300c159,2024-06-18 06:00:00+00:00,2024-06-18 07:00:00+00:00,3h,2024-06-18 06:35:50.523000+00:00,2024-06-18 09:34:39.637000+00:00,0.13509754859534534,0.01817413192869545,1.0,0.12559430869858468,1.0,0.23602334089693422,0.23602334089693422,1,1
66714926c86b5b19e300c9fe,2024-06-18 08:00:00+00:00,2024-06-18 09:00:00+00:00,ban_tai_nhanh,2024-06-18 08:45:26.855000+00:00,2024-06-18 11:45:26.840000+00:00,0.08084687154658085,0.013191298813925157,1.0,0.07766498008264511,1.0,0.22344777530488413,0.22344777530488413,1,2
66714965c86b5b19e300ca3a,2024-06-18 08:00:00+00:00,2024-06-18 09:00:00+00:00,3h,2024-06-18 08:46:29.072000+00:00,2024-06-18 11:45:49.022000+00:00,0.07536540597307607,0.012769959751972891,1.0,0.07233622746474189,1.0,0.2221292213441321,0.2221292213441321,2,2
667153e7db29c940517793a6,2024-06-18 09:00:00+00:00,2024-06-18 10:00:00+00:00,3h,2024-06-18 09:31:19.684000+00:00,2024-06-18 12:31:07.259000+00:00,0.15947198513104197,0.02097618771648114,1.0,0.14724971077711368,1.0,0.24203565478531144,0.24203565478531144,1,1
66717fd4db29c9405177a559,2024-06-18 12:00:00+00:00,2024-06-18 13:00:00+00:00,5h,2024-06-18 12:38:44.793000+00:00,2024-06-19 12:00:00+00:00,0.015167455965942494,0.008933306251579943,0.7,0.11137035024839848,1.0,0.16763405380062762,0.16763405380062762,1,1
66718deadb29c9405177a58b,2024-06-18 13:00:00+00:00,2024-06-18 14:00:00+00:00,3h,2024-06-18 13:38:50.225000+00:00,2024-06-19 04:00:00+00:00,0.0245748118701891,0.009447140493399803,1.0,0.11092329002884083,1.0,0.22785294230180805,0.22785294230180805,1,2
66719126db29c9405177a5c9,2024-06-18 13:00:00+00:00,2024-06-18 14:00:00+00:00,ban_tai_4h,2024-06-18 13:52:38.477000+00:00,2024-06-20 04:00:00+00:00,0.0032171240186543255,0.008320337990656058,0.8,0.040057372435002625,1.0,0.17300367728139418,0.17300367728139418,2,2
667253abdb29c9405177aa98,2024-06-19 03:00:00+00:00,2024-06-19 04:00:00+00:00,3h,2024-06-19 03:42:35.694000+00:00,2024-06-19 06:26:48.064000+00:00,0.1059954102413937,0.015306881511023726,1.0,0.092167147067866,1.0,0.22761755832018746,0.22761755832018746,1,5
667254eddb29c9405177aaad,2024-06-19 03:00:00+00:00,2024-06-19 04:00:00+00:00,3h,2024-06-19 03:47:57.905000+00:00,2024-06-19 06:42:42.276000+00:00,0.06887346889956489,0.01228810673656259,1.0,0.06467446839940327,1.0,0.2203077577218182,0.2203077577218182,2,5
667255c9db29c9405177aafa,2024-06-19 03:00:00+00:00,2024-06-19 04:00:00+00:00,3h,2024-06-19 03:51:37.215000+00:00,2024-06-19 06:50:30.752000+00:00,0.04684243413890501,0.010782973397616757,1.0,0.04548714361005968,1.0,0.215567212760582,0.215567212760582,3,5
667256eddb29c9405177ab42,2024-06-19 03:00:00+00:00,2024-06-19 04:00:00+00:00,3h,2024-06-19 03:56:29.881000+00:00,2024-06-19 06:52:20.345000+00:00,0.01991561698139532,0.00918909455193375,1.0,0.019267426861050985,1.0,0.20936694210337045,0.20936694210337045,4,5
66724feedb29c9405177aa31,2024-06-19 03:00:00+00:00,2024-06-19 04:00:00+00:00,5h,2024-06-19 03:26:38.254000+00:00,2024-06-19 10:00:00+00:00,0.08481347100337408,0.01350472150424789,0.7,0.16918393622008798,1.0,0.1819396201465663,0.1819396201465663,5,5
6672586ddb29c9405177ab7a,2024-06-19 04:00:00+00:00,2024-06-19 05:00:00+00:00,3h,2024-06-19 04:02:53.216000+00:00,2024-06-19 06:56:33.248000+00:00,0.32886501692125325,0.055892496586186585,1.0,0.2718839359223888,1.0,0.2879122851361897,0.2879122851361897,1,6
66725bfcdb29c9405177ad6c,2024-06-19 04:00:00+00:00,2024-06-19 05:00:00+00:00,3h,2024-06-19 04:18:04.763000+00:00,2024-06-19 07:04:16.572000+00:00,0.25223477505435576,0.03603406034999892,1.0,0.20776111867831537,1.0,0.2631726599456624,0.2631726599456624,2,6
66725caddb29c9405177ae4c,2024-06-19 04:00:00+00:00,2024-06-19 05:00:00+00:00,3h,2024-06-19 04:21:01.924000+00:00,2024-06-19 07:18:17.706000+00:00,0.2198311323041409,0.02985731743311636,1.0,0.19465821861366084,1.0,0.256846034182602,0.256846034182602,3,6
66725f41db29c9405177ae97,2024-06-19 04:00:00+00:00,2024-06-19 05:00:00+00:00,3h,2024-06-19 04:32:01.110000+00:00,2024-06-19 07:27:28.568000+00:00,0.15947724512413158,0.02097683584749812,1.0,0.14397250050469057,1.0,0.241380601609437,0.241380601609437,4,6
66726021db29c9405177aecf,2024-06-19 04:00:00+00:00,2024-06-19 05:00:00+00:00,3h,2024-06-19 04:35:45.628000+00:00,2024-06-19 07:33:00.322000+00:00,0.13675729644877418,0.018352684775169183,1.0,0.12599053518204262,1.0,0.23620971790151002,0.23620971790151002,5,6
6672652adb29c9405177b1be,2024-06-19 04:00:00+00:00,2024-06-19 05:00:00+00:00,3h,2024-06-19 04:57:14.109000+00:00,2024-06-19 07:46:32.884000+00:00,0.016329823231639642,0.008995264321888364,1.0,0.015242910411274235,1.0,0.20844574067538787,0.20844574067538787,6,6
667266fcdb29c9405177b24d,2024-06-19 05:00:00+00:00,2024-06-19 06:00:00+00:00,3h,2024-06-19 05:05:00.669000+00:00,2024-06-19 08:00:08.745000+00:00,0.3139805041379602,0.05136256993037427,1.0,0.2632403881102394,1.0,0.28346561958027244,0.28346561958027244,1,4
6672673adb29c9405177b2b8,2024-06-19 05:00:00+00:00,2024-06-19 06:00:00+00:00,3h,2024-06-19 05:06:02.362000+00:00,2024-06-19 08:05:22.383000+00:00,0.30089513765818854,0.047669099779411736,1.0,0.25901974191120314,1.0,0.2804054082498877,0.2804054082498877,2,4
667267a4db29c9405177b309,2024-06-19 05:00:00+00:00,2024-06-19 06:00:00+00:00,3h,2024-06-19 05:07:48.309000+00:00,2024-06-19 08:05:02.503000+00:00,0.2944925586273863,0.04595515499018684,1.0,0.2517150234630968,1.0,0.2779160976867315,0.2779160976867315,3,4
66726bf7db29c9405177b879,2024-06-19 05:00:00+00:00,2024-06-19 06:00:00+00:00,3h,2024-06-19 05:26:15.436000+00:00,2024-06-19 08:22:50.282000+00:00,0.1910895165441763,0.025247341289350432,1.0,0.1709374129314798,1.0,0.24933588735990625,0.24933588735990625,4,4
6672798f0ca937e5a31f9bb9,2024-06-19 06:00:00+00:00,2024-06-19 07:00:00+00:00,ban_tai_4h,2024-06-19 06:24:15.167000+00:00,2024-06-19 12:00:00+00:00,0.1064706269841006,0.015349917414498308,0.8,0.1801186531426131,1.0,0.20523368107722165,0.20523368107722165,1,1
6672910604d9ab66fb5c24c5,2024-06-19 08:00:00+00:00,2024-06-19 09:00:00+00:00,3h,2024-06-19 08:04:22.985000+00:00,2024-06-19 11:04:08.836000+00:00,0.3093881975562243,0.05003650042938541,1.0,0.26580665362135103,1.0,0.28318323098190146,0.28318323098190146,1,1
6672a1af04d9ab66fb5c27db,2024-06-19 09:00:00+00:00,2024-06-19 10:00:00+00:00,5h,2024-06-19 09:15:27.103000+00:00,2024-06-20 08:00:00+00:00,0.032646908781058526,0.009911304586598757,0.7,0.21924233310979502,1.0,0.18979524937391826,0.18979524937391826,1,1
6673a22104d9ab66fb5c364f,2024-06-20 03:00:00+00:00,2024-06-20 04:00:00+00:00,3h,2024-06-20 03:29:37.988000+00:00,2024-06-20 06:19:22.220000+00:00,0.17890519383297632,0.023509306930947303,1.0,0.1552417733004653,1.0,0.24515393881866146,0.24515393881866146,1,3
6673a28d04d9ab66fb5c366e,2024-06-20 03:00:00+00:00,2024-06-20 04:00:00+00:00,3h,2024-06-20 03:31:25.240000+00:00,2024-06-20 06:29:41.019000+00:00,0.16032118838655884,0.02108107988566326,1.0,0.14681090526747387,1.0,0.24201082898489273,0.24201082898489273,2,3
6673a31704d9ab66fb5c36ae,2024-06-20 03:00:00+00:00,2024-06-20 04:00:00+00:00,ban_tai_4h,2024-06-20 03:33:43.355000+00:00,2024-06-20 09:00:00+00:00,0.08053703788366189,0.013167121535831402,0.8,0.1358298944630264,1.0,0.19506625181410414,0.19506625181410414,3,3
6673aac704d9ab66fb5c37a9,2024-06-20 04:00:00+00:00,2024-06-20 05:00:00+00:00,3h,2024-06-20 04:06:31.732000+00:00,2024-06-20 07:02:03.148000+00:00,0.3046378568655915,0.04869896139083167,1.0,0.25700194486494776,1.0,0.28061976580748854,0.28061976580748854,1,1
6673ba3204d9ab66fb5c38ce,2024-06-20 05:00:00+00:00,2024-06-20 06:00:00+00:00,3h,2024-06-20 05:12:18.945000+00:00,2024-06-20 08:11:01.148000+00:00,0.26683462344445447,0.03920366347719658,1.0,0.23272691656647548,1.0,0.27006758139961307,0.27006758139961307,1,1
6673d59904d9ab66fb5c427c,2024-06-20 07:00:00+00:00,2024-06-20 08:00:00+00:00,3h,2024-06-20 07:09:13.485000+00:00,2024-06-20 10:05:50.063000+00:00,0.2874998891151464,0.04415031248160434,1.0,0.2457902165026713,1.0,0.27564823078949685,0.27564823078949685,1,3
6673d7b704d9ab66fb5c42f3,2024-06-20 07:00:00+00:00,2024-06-20 08:00:00+00:00,3h,2024-06-20 07:18:15.126000+00:00,2024-06-20 10:18:02.824000+00:00,0.2321972676654463,0.03208311337581611,1.0,0.20700057130117178,1.0,0.26064998228572406,0.26064998228572406,2,3
6673e00504d9ab66fb5c481f,2024-06-20 07:00:00+00:00,2024-06-20 08:00:00+00:00,3h,2024-06-20 07:53:41.719000+00:00,2024-06-20 10:51:51.958000+00:00,0.03538564479241297,0.01007386252274704,1.0,0.034419707038001124,1.0,0.21292825892124848,0.21292825892124848,3,3
6673f4ed04d9ab66fb5c4e0e,2024-06-20 09:00:00+00:00,2024-06-20 10:00:00+00:00,ban_tai_4h,2024-06-20 09:22:53.588000+00:00,2024-06-21 08:00:00+00:00,0.027342626861662528,0.009603818764186157,0.8,0.18628838677423742,1.0,0.2030199686133592,0.2030199686133592,1,1
6674ebee4ec08f3598113e61,2024-06-21 02:00:00+00:00,2024-06-21 03:00:00+00:00,5h,2024-06-21 02:56:46.426000+00:00,2024-06-21 09:00:00+00:00,0.008882159484258984,0.008605533793448765,0.7,0.017763847638283203,1.0,0.1487160898037259,0.1487160898037259,1,1
6674ed474ec08f3598113e95,2024-06-21 03:00:00+00:00,2024-06-21 04:00:00+00:00,3h,2024-06-21 03:02:31.548000+00:00,2024-06-21 05:56:49.578000+00:00,0.3297420259838612,0.05617081720643891,1.0,0.2733432880491198,1.0,0.28837114793368734,0.28837114793368734,1,3
6674ee314ec08f3598113ec6,2024-06-21 03:00:00+00:00,2024-06-21 04:00:00+00:00,3h,2024-06-21 03:06:25.769000+00:00,2024-06-21 06:02:37.944000+00:00,0.30402741157803387,0.04852955963826204,1.0,0.2574120628763735,1.0,0.28060014835823194,0.28060014835823194,2,3
6674f9af4ec08f3598113ff6,2024-06-21 03:00:00+00:00,2024-06-21 04:00:00+00:00,3h,2024-06-21 03:55:27.382000+00:00,2024-06-21 06:47:21.431000+00:00,0.026431714644752993,0.009551972537732625,1.0,0.024926481665912048,1.0,0.21071647985582198,0.21071647985582198,3,3
6675022c4ec08f35981140cd,2024-06-21 04:00:00+00:00,2024-06-21 05:00:00+00:00,3h,2024-06-21 04:31:40.760000+00:00,2024-06-21 07:23:44.458000+00:00,0.16459605850539216,0.0216169475016679,1.0,0.14558395956668446,1.0,0.24208696041433764,0.24208696041433764,1,1
667516444ec08f359811451e,2024-06-21 05:00:00+00:00,2024-06-21 06:00:00+00:00,3h,2024-06-21 05:57:24.403000+00:00,2024-06-21 08:54:33.674000+00:00,0.01463853918109718,0.008905253396908073,1.0,0.014303843551132123,1.0,0.20820392074837127,0.20820392074837127,1,2
6675106e4ec08f3598114229,2024-06-21 05:00:00+00:00,2024-06-21 06:00:00+00:00,5h,2024-06-21 05:32:30.285000+00:00,2024-06-22 05:00:00+00:00,0.01953487942499273,0.009168318950214367,0.7,0.14165691108337164,1.0,0.17383237358680295,0.17383237358680295,2,2
667524804ec08f3598115039,2024-06-21 06:00:00+00:00,2024-06-21 07:00:00+00:00,3h,2024-06-21 06:58:08.624000+00:00,2024-06-21 09:54:46.091000+00:00,0.010509681228542633,0.008689245824430026,1.0,0.01025960012927063,1.0,0.20726546752051217,0.20726546752051217,1,1
66753d654ec08f35981157c3,2024-06-21 08:00:00+00:00,2024-06-21 09:00:00+00:00,3h,2024-06-21 08:44:21.036000+00:00,2024-06-21 11:33:37.624000+00:00,0.09244876330515721,0.014128842201256604,1.0,0.08326892068171199,1.0,0.22513108945709637,0.22513108945709637,1,1
667541394ec08f3598115c75,2024-06-21 09:00:00+00:00,2024-06-21 10:00:00+00:00,3h,2024-06-21 09:00:41.303000+00:00,2024-06-21 11:56:56.631000+00:00,0.3365093735154125,0.05836266826421079,1.0,0.2807231750214064,1.0,0.29116223596280777,0.29116223596280777,1,1
667637c18caccc69cb7438d3,2024-06-22 02:00:00+00:00,2024-06-22 03:00:00+00:00,3h,2024-06-22 02:32:33.973000+00:00,2024-06-22 05:31:58.448000+00:00,0.15291289171092878,0.020183049515929734,1.0,0.14136375276252888,1.0,0.24038258026206363,0.24038258026206363,1,2
667638098caccc69cb7438e1,2024-06-22 02:00:00+00:00,2024-06-22 03:00:00+00:00,3h,2024-06-22 02:33:45.428000+00:00,2024-06-22 05:32:43.219000+00:00,0.1466383542015299,0.019451844201960423,1.0,0.1356640058920281,1.0,0.23880390769958187,0.23880390769958187,2,2
667686e88caccc69cb744d08,2024-06-22 08:00:00+00:00,2024-06-22 09:00:00+00:00,3h,2024-06-22 08:10:16.311000+00:00,2024-06-22 11:07:30.630000+00:00,0.28057170374520457,0.042428918803721793,1.0,0.2413900245512539,1.0,0.2737353561924839,0.2737353561924839,1,5
66768ff88caccc69cb744dd8,2024-06-22 08:00:00+00:00,2024-06-22 09:00:00+00:00,3h,2024-06-22 08:48:56.627000+00:00,2024-06-22 11:47:27.110000+00:00,0.0619367959409487,0.011793079602526343,1.0,0.05957504484745668,1.0,0.21899085673100716,0.21899085673100716,2,5
667690638caccc69cb744e04,2024-06-22 08:00:00+00:00,2024-06-22 09:00:00+00:00,3h,2024-06-22 08:50:43.567000+00:00,2024-06-22 11:46:57.551000+00:00,0.052622833550722226,0.011159267085451103,1.0,0.05021684095106349,1.0,0.21673892844148337,0.21673892844148337,3,5
667690c08caccc69cb744e15,2024-06-22 08:00:00+00:00,2024-06-22 09:00:00+00:00,3h,2024-06-22 08:52:16.284000+00:00,2024-06-22 11:50:03.382000+00:00,0.043471617116482855,0.01056936125439915,1.0,0.042027940290413346,1.0,0.21474720481072218,0.21474720481072218,4,5
667691a18caccc69cb744e25,2024-06-22 08:00:00+00:00,2024-06-22 09:00:00+00:00,3h,2024-06-22 08:56:01.698000+00:00,2024-06-22 11:53:41.154000+00:00,0.02235592510537123,0.009323366061844748,1.0,0.021823348497580608,1.0,0.20995868933662298,0.20995868933662298,5,5
6676929e8caccc69cb744e64,2024-06-22 09:00:00+00:00,2024-06-22 10:00:00+00:00,3h,2024-06-22 09:00:14.920000+00:00,2024-06-22 11:56:19.848000+00:00,0.3393378544557994,0.05930234851311164,1.0,0.2824781306279728,1.0,0.2920770352334615,0.2920770352334615,1,1
6676a4978caccc69cb744ff1,2024-06-22 10:00:00+00:00,2024-06-22 11:00:00+00:00,3h,2024-06-22 10:16:55.545000+00:00,2024-06-22 13:16:25.379000+00:00,0.2399716653014336,0.03356370825688289,1.0,0.21282239996487873,1.0,0.26270270494710546,0.26270270494710546,1,1
6677e8248caccc69cb74631f,2024-06-23 09:00:00+00:00,2024-06-23 10:00:00+00:00,5h,2024-06-23 09:17:24.679000+00:00,2024-06-24 08:00:00+00:00,0.03125571484209572,0.009829727473750419,0.7,0.2106960487768178,1.0,0.1880370462396138,0.1880370462396138,1,1
667868ec686ba46d64f04439,2024-06-23 18:00:00+00:00,2024-06-23 19:00:00+00:00,3h,2024-06-23 18:26:52.058000+00:00,2024-06-24 04:00:00+00:00,0.05780927512323941,0.011507928954776621,1.0,0.16812135128088856,1.0,0.2405290276290437,0.2405290276290437,1,1
6678db98686ba46d64f0454c,2024-06-24 02:00:00+00:00,2024-06-24 03:00:00+00:00,3h,2024-06-24 02:36:08.057000+00:00,2024-06-24 05:34:15.316000+00:00,0.1339859921051787,0.018055506995547508,1.0,0.12417354185749319,1.0,0.23566801256882716,0.23566801256882716,1,1
6678f033686ba46d64f04a8f,2024-06-24 04:00:00+00:00,2024-06-24 05:00:00+00:00,3h,2024-06-24 04:04:03.538000+00:00,2024-06-24 06:58:09.214000+00:00,0.3213254939172917,0.05355280329550734,1.0,0.2671274879750418,1.0,0.28555717957231275,0.28555717957231275,1,3
6678f3b1686ba46d64f04b17,2024-06-24 04:00:00+00:00,2024-06-24 05:00:00+00:00,3h,2024-06-24 04:18:57.337000+00:00,2024-06-24 07:11:19.297000+00:00,0.2381234311484477,0.03320585383931117,1.0,0.20389512702852353,1.0,0.2607025377092914,0.2607025377092914,2,3
6678f425686ba46d64f04b34,2024-06-24 04:00:00+00:00,2024-06-24 05:00:00+00:00,3h,2024-06-24 04:20:53.573000+00:00,2024-06-24 07:19:00.616000+00:00,0.21955811350249083,0.029809904615459428,1.0,0.19528070099386585,1.0,0.2569420829680488,0.2569420829680488,3,3
667911fb686ba46d64f05c79,2024-06-24 06:00:00+00:00,2024-06-24 07:00:00+00:00,3h,2024-06-24 06:28:11.105000+00:00,2024-06-24 09:26:41.807000+00:00,0.17822314541101042,0.023415544736010173,1.0,0.16201035638999672,1.0,0.24645139811960545,0.24645139811960545,1,2
66791807686ba46d64f05ecc,2024-06-24 06:00:00+00:00,2024-06-24 07:00:00+00:00,3h,2024-06-24 06:53:59.319000+00:00,2024-06-24 09:53:38.811000+00:00,0.03345992556977639,0.009959288353352393,1.0,0.032844885943765556,1.0,0.21254455020076454,0.21254455020076454,2,2
66793cae686ba46d64f063fd,2024-06-24 09:00:00+00:00,2024-06-24 10:00:00+00:00,3h,2024-06-24 09:30:22.539000+00:00,2024-06-24 12:29:57.557000+00:00,0.1649613021528131,0.021663344787058995,1.0,0.1517498701366683,1.0,0.24334798089956908,0.24334798089956908,1,1
66798295686ba46d64f06b5d,2024-06-24 14:00:00+00:00,2024-06-24 15:00:00+00:00,5h,2024-06-24 14:28:37.036000+00:00,2024-06-25 08:00:00+00:00,0.029849009631189808,0.009747916774475045,0.7,0.15999591034398675,1.0,0.17784793213348235,0.17784793213348235,1,1
667a1761686ba46d64f06bf1,2024-06-25 01:00:00+00:00,2024-06-25 02:00:00+00:00,3h,2024-06-25 01:03:29.161000+00:00,2024-06-25 04:01:23.058000+00:00,0.3176758216797482,0.05245369282038599,1.0,0.26945655315754613,1.0,0.28536352632374085,0.28536352632374085,1,1
667a2cb1686ba46d64f07108,2024-06-25 02:00:00+00:00,2024-06-25 03:00:00+00:00,3h,2024-06-25 02:34:25.538000+00:00,2024-06-25 05:22:18.890000+00:00,0.15232883751108864,0.020113865452298818,1.0,0.13244798978052608,1.0,0.23855791722748454,0.23855791722748454,1,5
667a2d6e686ba46d64f0715b,2024-06-25 02:00:00+00:00,2024-06-25 03:00:00+00:00,3h,2024-06-25 02:37:34.434000+00:00,2024-06-25 05:34:28.219000+00:00,0.12677532096231459,0.017304238950965816,1.0,0.11714070902409446,1.0,0.23381068517539838,0.23381068517539838,2,5
667a2dcd686ba46d64f071b4,2024-06-25 02:00:00+00:00,2024-06-25 03:00:00+00:00,3h,2024-06-25 02:39:09.829000+00:00,2024-06-25 05:37:38.193000+00:00,0.11674715203928444,0.01631024551277744,1.0,0.10930798556156052,1.0,0.2316477444199786,0.2316477444199786,3,5
667a2e1b686ba46d64f071d6,2024-06-25 02:00:00+00:00,2024-06-25 03:00:00+00:00,3h,2024-06-25 02:40:27.814000+00:00,2024-06-25 05:39:12.920000+00:00,0.10929365173640242,0.01560803839264265,1.0,0.10285317044828513,1.0,0.22993545712524263,0.22993545712524263,4,5
667a2e57686ba46d64f071df,2024-06-25 02:00:00+00:00,2024-06-25 03:00:00+00:00,3h,2024-06-25 02:41:27.107000+00:00,2024-06-25 05:40:32.472000+00:00,0.10356958558410999,0.015089041518622103,1.0,0.09791420600432665,1.0,0.2286362661120386,0.2286362661120386,5,5
667a36e9686ba46d64f073ae,2024-06-25 03:00:00+00:00,2024-06-25 04:00:00+00:00,3h,2024-06-25 03:18:01.911000+00:00,2024-06-25 06:14:23.653000+00:00,0.2379654503010941,0.0331754371317502,1.0,0.20797030080634193,1.0,0.26149932244031854,0.26149932244031854,1,4
667a3751686ba46d64f075aa,2024-06-25 03:00:00+00:00,2024-06-25 04:00:00+00:00,3h,2024-06-25 03:19:45.572000+00:00,2024-06-25 06:18:16.177000+00:00,0.2254240540100209,0.03084482719215264,1.0,0.20033160872043787,1.0,0.25857321805937916,0.25857321805937916,2,4
667a3a16686ba46d64f07767,2024-06-25 03:00:00+00:00,2024-06-25 04:00:00+00:00,3h,2024-06-25 03:31:34.969000+00:00,2024-06-25 06:30:50.734000+00:00,0.1585225225727784,0.02085951637001627,1.0,0.14604197780555672,1.0,0.2417241053831211,0.2417241053831211,3,4
667a3d63686ba46d64f077e4,2024-06-25 03:00:00+00:00,2024-06-25 04:00:00+00:00,3h,2024-06-25 03:45:39.601000+00:00,2024-06-25 06:44:11.377000+00:00,0.08032272146094167,0.013150423349383948,1.0,0.07657581137239278,1.0,0.22320541628410892,0.22320541628410892,4,4
667a4515686ba46d64f079a6,2024-06-25 04:00:00+00:00,2024-06-25 05:00:00+00:00,3h,2024-06-25 04:18:29.998000+00:00,2024-06-25 07:16:36.188000+00:00,0.23301120418034865,0.0322351152855382,1.0,0.2059078295172243,1.0,0.2605226350747678,0.2605226350747678,1,2
667a45c6686ba46d64f07a0e,2024-06-25 04:00:00+00:00,2024-06-25 05:00:00+00:00,3h,2024-06-25 04:21:26.480000+00:00,2024-06-25 07:18:41.218000+00:00,0.21754367620528123,0.029462323592942142,1.0,0.19282502674476298,1.0,0.2562423995047179,0.2562423995047179,2,2
667a5c08686ba46d64f09388,2024-06-25 05:00:00+00:00,2024-06-25 06:00:00+00:00,5h,2024-06-25 05:56:24.632000+00:00,2024-06-26 09:00:00+00:00,0.002210821602603811,0.008270666927213033,0.7,0.019743965240691774,1.0,0.14891119320446616,0.14891119320446616,1,1
667a7002c892dd969db14347,2024-06-25 07:00:00+00:00,2024-06-25 08:00:00+00:00,3h,2024-06-25 07:21:38.782000+00:00,2024-06-25 10:21:07.714000+00:00,0.21369045695524863,0.028808386056182803,1.0,0.19190507080997865,1.0,0.2556660457957054,0.2556660457957054,1,1
667a7bf410954652d951e3c1,2024-06-25 08:00:00+00:00,2024-06-25 09:00:00+00:00,3h,2024-06-25 08:12:36.460000+00:00,2024-06-25 11:09:13.652000+00:00,0.26832957258866313,0.03954292255980357,1.0,0.2314815747897061,1.0,0.2700220684938234,0.2700220684938234,1,1
667a8b4610954652d951e7aa,2024-06-25 09:00:00+00:00,2024-06-25 10:00:00+00:00,3h,2024-06-25 09:17:58.728000+00:00,2024-06-25 12:17:07.172000+00:00,0.2345708830040888,0.03252833122437234,1.0,0.20820369516441295,1.0,0.261157737767506,0.261157737767506,1,1
667b859f10954652d951fa74,2024-06-26 03:00:00+00:00,2024-06-26 04:00:00+00:00,3h,2024-06-26 03:06:07.167000+00:00,2024-06-26 06:04:54.404000+00:00,0.30136679184024745,0.04779773377403868,1.0,0.25869000095897987,1.0,0.28041664045621917,0.28041664045621917,1,5
667b867b10954652d951fa83,2024-06-26 03:00:00+00:00,2024-06-26 04:00:00+00:00,3h,2024-06-26 03:09:47.430000+00:00,2024-06-26 06:06:11.993000+00:00,0.28461921384945227,0.043426627024612405,1.0,0.24341596400340482,1.0,0.2747391690154484,0.2747391690154484,2,5
667b875810954652d951fabe,2024-06-26 03:00:00+00:00,2024-06-26 04:00:00+00:00,3h,2024-06-26 03:13:28.632000+00:00,2024-06-26 06:11:43.252000+00:00,0.2610067491879094,0.03790757707409893,1.0,0.2277600799717977,1.0,0.2682965622388189,0.2682965622388189,3,5
667b86ec10954652d951fab2,2024-06-26 03:00:00+00:00,2024-06-26 04:00:00+00:00,5h,2024-06-26 03:11:40.241000+00:00,2024-06-26 10:00:00+00:00,0.11835867446696109,0.016466106976676827,0.7,0.23547167481960818,1.0,0.1969739991499277,0.1969739991499277,4,5
667b878e10954652d951fac7,2024-06-26 03:00:00+00:00,2024-06-26 04:00:00+00:00,5h,2024-06-26 03:14:22.330000+00:00,2024-06-26 10:00:00+00:00,0.11248693897156138,0.015905165063026378,0.7,0.2239109133180065,1.0,0.1943252817014171,0.1943252817014171,5,5
667b950410954652d951fbe5,2024-06-26 04:00:00+00:00,2024-06-26 05:00:00+00:00,3h,2024-06-26 04:11:48.229000+00:00,2024-06-26 07:08:00.087000+00:00,0.27353479397850405,0.040746273114763414,1.0,0.23490599784767696,1.0,0.27142896343839346,0.27142896343839346,1,3
667b995a10954652d9520077,2024-06-26 04:00:00+00:00,2024-06-26 05:00:00+00:00,3h,2024-06-26 04:30:18.345000+00:00,2024-06-26 07:20:13.225000+00:00,0.17475978138045764,0.022945035548506233,1.0,0.152079209986139,1.0,0.24418286332633155,0.24418286332633155,2,3
667b938910954652d951fb9e,2024-06-26 04:00:00+00:00,2024-06-26 05:00:00+00:00,5h,2024-06-26 04:05:29.083000+00:00,2024-06-26 11:00:00+00:00,0.13151573783950143,0.01779459716863637,0.7,0.2612994760677829,1.0,0.20293665351473839,0.20293665351473839,3,3
667ba53310954652d95204f2,2024-06-26 05:00:00+00:00,2024-06-26 06:00:00+00:00,3h,2024-06-26 05:20:51.079000+00:00,2024-06-26 08:18:35.764000+00:00,0.22025226249064084,0.029930594826999952,1.0,0.19546651008820493,1.0,0.25705165891384096,0.25705165891384096,1,2
667ba5b110954652d95206f6,2024-06-26 05:00:00+00:00,2024-06-26 06:00:00+00:00,3h,2024-06-26 05:22:57.196000+00:00,2024-06-26 08:20:53.682000+00:00,0.20819621736964763,0.0279002521021867,1.0,0.18601650140808845,1.0,0.2539434515429297,0.2539434515429297,2,2
667bafe410954652d95219a9,2024-06-26 06:00:00+00:00,2024-06-26 07:00:00+00:00,3h,2024-06-26 06:06:28.176000+00:00,2024-06-26 09:06:17.284000+00:00,0.2976913383386282,0.04680399596247698,1.0,0.2572465435838063,1.0,0.27953170629424745,0.27953170629424745,1,1
667bf22010954652d952228e,2024-06-26 10:00:00+00:00,2024-06-26 11:00:00+00:00,5h,2024-06-26 10:49:04.955000+00:00,2024-06-27 06:00:00+00:00,0.00948583843512085,0.008636490502665224,0.7,0.058849593049348115,1.0,0.15695181291146873,0.15695181291146873,1,1
667cd7819032761dca47f1e8,2024-06-27 03:00:00+00:00,2024-06-27 04:00:00+00:00,3h,2024-06-27 03:07:45.105000+00:00,2024-06-27 06:03:19.508000+00:00,0.2975863938374106,0.04677591240271957,1.0,0.2519369817473627,1.0,0.2784529437911043,0.2784529437911043,1,6
667cd87c9032761dca47f1f7,2024-06-27 03:00:00+00:00,2024-06-27 04:00:00+00:00,3h,2024-06-27 03:11:56.732000+00:00,2024-06-27 06:07:48.151000+00:00,0.27325879106876527,0.0406815951970519,1.0,0.23430339081546236,1.0,0.27126963528132364,0.27126963528132364,2,6
667cd9dd76e2a509f1fe6704,2024-06-27 03:00:00+00:00,2024-06-27 04:00:00+00:00,3h,2024-06-27 03:17:49.548000+00:00,2024-06-27 06:12:00.973000+00:00,0.24211550099627566,0.033983460871076225,1.0,0.20887643606813444,1.0,0.26216536373627264,0.26216536373627264,3,6
667cdaf02e9c1f20aef45fbf,2024-06-27 03:00:00+00:00,2024-06-27 04:00:00+00:00,3h,2024-06-27 03:22:24.224000+00:00,2024-06-27 06:18:47.365000+00:00,0.21314806256479055,0.028717473376519056,1.0,0.1884977733388583,1.0,0.25493003869368314,0.25493003869368314,4,6
667cdc35b75567ef80a853b2,2024-06-27 03:00:00+00:00,2024-06-27 04:00:00+00:00,3h,2024-06-27 03:27:49.683000+00:00,2024-06-27 06:26:24.450000+00:00,0.18015482744515116,0.023682047439578136,1.0,0.16367087698532645,1.0,0.2469434038608122,0.2469434038608122,5,6
667cddfb8aefa3bb48facb1a,2024-06-27 03:00:00+00:00,2024-06-27 04:00:00+00:00,3h,2024-06-27 03:35:23.635000+00:00,2024-06-27 06:34:13.677000+00:00,0.1375917261088074,0.01844310044140004,1.0,0.1277685473684178,1.0,0.2366195697385236,0.2366195697385236,6,6
667ceefa8aefa3bb48facffe,2024-06-27 04:00:00+00:00,2024-06-27 05:00:00+00:00,3h,2024-06-27 04:47:54.179000+00:00,2024-06-27 07:41:19.802000+00:00,0.06975276732589679,0.01235230461898884,1.0,0.06499710005064552,1.0,0.22041080278152242,0.22041080278152242,1,1
667cf3368aefa3bb48fad0f7,2024-06-27 05:00:00+00:00,2024-06-27 06:00:00+00:00,3h,2024-06-27 05:05:58.346000+00:00,2024-06-27 08:05:47.124000+00:00,0.30046535390755097,0.04755217150230326,1.0,0.2592952255696306,1.0,0.2803903480153081,0.2803903480153081,1,1
667d08748aefa3bb48fad95f,2024-06-27 06:00:00+00:00,2024-06-27 07:00:00+00:00,3h,2024-06-27 06:36:36.605000+00:00,2024-06-27 09:30:28.521000+00:00,0.13452897818579063,0.018113359028619713,1.0,0.1218553780964905,1.0,0.23523909103646995,0.23523909103646995,1,1
667d99f1dd2eeb6747e1e7e7,2024-06-27 16:00:00+00:00,2024-06-27 17:00:00+00:00,3h,2024-06-27 16:57:21.078000+00:00,2024-06-28 04:00:00+00:00,0.0039971405663362805,0.00835904299833792,1.0,0.014607263482490751,1.0,0.2079368784955009,0.2079368784955009,1,1
667d9b0ddd2eeb6747e1e7fe,2024-06-27 17:00:00+00:00,2024-06-27 18:00:00+00:00,3h,2024-06-27 17:02:05.502000+00:00,2024-06-28 04:00:00+00:00,0.08801880140439025,0.013763348400951865,1.0,0.2750936303499979,1.0,0.2632767351105707,0.2632767351105707,1,1
667e153271cb973c5467936e,2024-06-28 01:00:00+00:00,2024-06-28 02:00:00+00:00,3h,2024-06-28 01:43:14.288000+00:00,2024-06-28 04:42:38.524000+00:00,0.09343087609747686,0.014211158019197385,1.0,0.08891718611688093,1.0,0.22631013203489464,0.22631013203489464,1,2
667e0b6d71cb973c54679251,2024-06-28 01:00:00+00:00,2024-06-28 02:00:00+00:00,5h,2024-06-28 01:01:33.105000+00:00,2024-06-28 08:00:00+00:00,0.13967856240287777,0.018671139834166486,0.7,0.27726488988019304,1.0,0.2066556618765385,0.2066556618765385,2,2
667e237371cb973c546797cf,2024-06-28 02:00:00+00:00,2024-06-28 03:00:00+00:00,3h,2024-06-28 02:44:03.798000+00:00,2024-06-28 05:08:47.119000+00:00,0.11011938865325836,0.01568434320921947,1.0,0.08473095824572541,1.0,0.22635679757467678,0.22635679757467678,1,2
667e246f71cb973c54679a43,2024-06-28 02:00:00+00:00,2024-06-28 03:00:00+00:00,5h,2024-06-28 02:48:15.393000+00:00,2024-06-28 09:00:00+00:00,0.03159020017703069,0.00984928018492003,0.7,0.06315870699778914,1.0,0.15854130951050985,0.15854130951050985,2,2
667e28cf71cb973c54679d97,2024-06-28 03:00:00+00:00,2024-06-28 04:00:00+00:00,3h,2024-06-28 03:06:55.953000+00:00,2024-06-28 06:06:22.104000+00:00,0.2957460841855181,0.046286035390004594,1.0,0.2553337642312734,1.0,0.27883837408025747,0.27883837408025747,1,4
667e32e071cb973c54679f3a,2024-06-28 03:00:00+00:00,2024-06-28 04:00:00+00:00,3h,2024-06-28 03:49:52.039000+00:00,2024-06-28 06:48:33.524000+00:00,0.056704924737571334,0.011432797212120153,1.0,0.05473756891101833,1.0,0.21780719210947574,0.21780719210947574,2,4
667e339171cb973c54679f68,2024-06-28 03:00:00+00:00,2024-06-28 04:00:00+00:00,3h,2024-06-28 03:52:49.478000+00:00,2024-06-28 06:49:54.677000+00:00,0.0405189587507961,0.010385691405616387,1.0,0.03907906603624012,1.0,0.21404722805061788,0.21404722805061788,3,4
667e34a771cb973c54679f90,2024-06-28 03:00:00+00:00,2024-06-28 04:00:00+00:00,5h,2024-06-28 03:57:27.548000+00:00,2024-06-28 10:00:00+00:00,0.007008497248953818,0.008510151060070865,0.7,0.014016763382272202,1.0,0.14790944331249695,0.14790944331249695,4,4
667e369071cb973c5467a002,2024-06-28 04:00:00+00:00,2024-06-28 05:00:00+00:00,3h,2024-06-28 04:05:37.003000+00:00,2024-06-28 07:03:42.766000+00:00,0.3053592897390668,0.04889988612065194,1.0,0.26075756367330705,1.0,0.2814914444070526,0.2814914444070526,1,4
667e37d971cb973c5467a039,2024-06-28 04:00:00+00:00,2024-06-28 05:00:00+00:00,3h,2024-06-28 04:11:05.156000+00:00,2024-06-28 07:05:41.678000+00:00,0.28013533498999,0.04232267156428681,1.0,0.23795130018157584,1.0,0.2729838629748873,0.2729838629748873,2,4
667e385c71cb973c5467a055,2024-06-28 04:00:00+00:00,2024-06-28 05:00:00+00:00,3h,2024-06-28 04:13:16.318000+00:00,2024-06-28 07:11:08.578000+00:00,0.262707430291241,0.038281485983370125,1.0,0.2286400747142039,1.0,0.2686969065328629,0.2686969065328629,3,4
667e426671cb973c5467a492,2024-06-28 04:00:00+00:00,2024-06-28 05:00:00+00:00,3h,2024-06-28 04:56:06.078000+00:00,2024-06-28 07:52:59.113000+00:00,0.02204100900449306,0.009305930008813312,1.0,0.021426563068419946,1.0,0.20986887061897197,0.20986887061897197,4,4
667e49a571cb973c5467aa63,2024-06-28 05:00:00+00:00,2024-06-28 06:00:00+00:00,ban_tai_nhanh,2024-06-28 05:27:01.087000+00:00,2024-06-28 08:27:01.078000+00:00,0.18323283787921676,0.024112828553094014,1.0,0.1674255945331602,1.0,0.24795281603848845,0.24795281603848845,1,1
667e56d571cb973c5467b199,2024-06-28 06:00:00+00:00,2024-06-28 07:00:00+00:00,3h,2024-06-28 06:23:18.013000+00:00,2024-06-28 09:14:46.452000+00:00,0.21402537352848183,0.028864662028283482,1.0,0.18444603516393343,1.0,0.25420800424975676,0.25420800424975676,1,1
667e625b71cb973c5467b27f,2024-06-28 07:00:00+00:00,2024-06-28 08:00:00+00:00,3h,2024-06-28 07:12:27.323000+00:00,2024-06-28 10:12:02.245000+00:00,0.2647515220991855,0.03873558361526854,1.0,0.23213148065429434,1.0,0.26966764630002,0.26966764630002,1,1
667e769971cb973c5467bc2b,2024-06-28 08:00:00+00:00,2024-06-28 09:00:00+00:00,3h,2024-06-28 08:38:49.519000+00:00,2024-06-28 10:55:46.658000+00:00,0.15461354615030853,0.020385830305700566,1.0,0.1109814074030615,1.0,0.23442777966403266,0.23442777966403266,1,1
667e961871cb973c5467bf35,2024-06-28 10:00:00+00:00,2024-06-28 11:00:00+00:00,3h,2024-06-28 10:53:12.138000+00:00,2024-06-28 13:39:38.185000+00:00,0.040843188500915326,0.010405704728917683,1.0,0.03706079498269754,1.0,0.21365558183389013,0.21365558183389013,1,2
667e8d5771cb973c5467bec8,2024-06-28 10:00:00+00:00,2024-06-28 11:00:00+00:00,5h,2024-06-28 10:15:51.194000+00:00,2024-06-29 08:00:00+00:00,0.03385107243681137,0.009982455471987152,0.7,0.2174987935773366,1.0,0.1894892319986596,0.1894892319986596,2,2
667f51002d58011d21e76bb2,2024-06-29 00:00:00+00:00,2024-06-29 01:00:00+00:00,3h,2024-06-29 00:10:40.935000+00:00,2024-06-29 04:00:00+00:00,0.21506294214032712,0.029039682385374466,1.0,0.23965842052877595,1.0,0.2653554935369799,0.2653554935369799,1,2
667f59952d58011d21e76c15,2024-06-29 00:00:00+00:00,2024-06-29 01:00:00+00:00,3h,2024-06-29 00:47:17.638000+00:00,2024-06-29 04:00:00+00:00,0.06593479775153209,0.012075934937520173,1.0,0.06815526737776545,1.0,0.22087661443806522,0.22087661443806522,2,2
667f7c142d58011d21e76dc7,2024-06-29 03:00:00+00:00,2024-06-29 04:00:00+00:00,3h,2024-06-29 03:14:28.440000+00:00,2024-06-29 06:13:51.285000+00:00,0.25379534872052883,0.03636072192509378,1.0,0.22347172388126146,1.0,0.26651077793130856,0.26651077793130856,1,7
667f7c322d58011d21e76dd0,2024-06-29 03:00:00+00:00,2024-06-29 04:00:00+00:00,3h,2024-06-29 03:14:58.992000+00:00,2024-06-29 06:14:30.362000+00:00,0.25075807441393244,0.03572755777870145,1.0,0.22127190160967725,1.0,0.2656909149891563,0.2656909149891563,2,7
667f7e1c2d58011d21e76e7d,2024-06-29 03:00:00+00:00,2024-06-29 04:00:00+00:00,3h,2024-06-29 03:23:08.659000+00:00,2024-06-29 06:20:51.948000+00:00,0.2073788865705506,0.027767554553222714,1.0,0.18515208970960795,1.0,0.2536909506738552,0.2536909506738552,3,7
667f85552d58011d21e770b9,2024-06-29 03:00:00+00:00,2024-06-29 04:00:00+00:00,3h,2024-06-29 03:53:57.636000+00:00,2024-06-29 06:48:27.028000+00:00,0.03461175204825648,0.010027662392219215,1.0,0.032995589206438525,1.0,0.21261571527661924,0.21261571527661924,4,7
667f859f2d58011d21e770ce,2024-06-29 03:00:00+00:00,2024-06-29 04:00:00+00:00,3h,2024-06-29 03:55:11.448000+00:00,2024-06-29 06:54:01.592000+00:00,0.026891717389813222,0.009578119692220359,1.0,0.026364015535597307,1.0,0.2110196749224517,0.2110196749224517,5,7
667f86362d58011d21e770dc,2024-06-29 03:00:00+00:00,2024-06-29 04:00:00+00:00,3h,2024-06-29 03:57:42.424000+00:00,2024-06-29 06:55:18.206000+00:00,0.01291092479181725,0.008814230539032205,1.0,0.012657727010061848,1.0,0.2078200837254317,0.2078200837254317,6,7
667f82d82d58011d21e7701e,2024-06-29 03:00:00+00:00,2024-06-29 04:00:00+00:00,5h,2024-06-29 03:43:20.137000+00:00,2024-06-29 10:00:00+00:00,0.04424199385633444,0.01061780875096457,0.7,0.0884236336500005,1.0,0.16405541198057882,0.16405541198057882,7,7
667f9c6c2d58011d21e77948,2024-06-29 05:00:00+00:00,2024-06-29 06:00:00+00:00,3h,2024-06-29 05:32:28.994000+00:00,2024-06-29 08:28:36.785000+00:00,0.15623000114214977,0.020580419987746443,1.0,0.14175950874074983,1.0,0.24070015374079784,0.24070015374079784,1,2
667f9d402d58011d21e77990,2024-06-29 05:00:00+00:00,2024-06-29 06:00:00+00:00,3h,2024-06-29 05:36:00.068000+00:00,2024-06-29 08:35:25.697000+00:00,0.1337527050207656,0.018030707341054778,1.0,0.12482117058917785,1.0,0.23578265852246846,0.23578265852246846,2,2
667fac7b2d58011d21e77b6b,2024-06-29 06:00:00+00:00,2024-06-29 07:00:00+00:00,3h,2024-06-29 06:40:59.340000+00:00,2024-06-29 09:36:43.093000+00:00,0.1081834902619589,0.015506025941884171,1.0,0.1002305063844745,1.0,0.22934971684202543,0.22934971684202543,1,1
667fbc182d58011d21e780fa,2024-06-29 07:00:00+00:00,2024-06-29 08:00:00+00:00,3h,2024-06-29 07:47:36.294000+00:00,2024-06-29 10:45:27.090000+00:00,0.06969545664634579,0.01234811027511103,1.0,0.06654420080052059,1.0,0.22071770632517074,0.22071770632517074,1,1
6680c4ba2d58011d21e790d7,2024-06-30 02:00:00+00:00,2024-06-30 03:00:00+00:00,3h,2024-06-30 02:36:42.731000+00:00,2024-07-01 04:00:00+00:00,0.015287863798206049,0.008939704707392413,1.0,0.12135713365832201,1.0,0.22963524955609987,0.22963524955609987,1,2
6680c42f2d58011d21e790c9,2024-06-30 02:00:00+00:00,2024-06-30 03:00:00+00:00,5h,2024-06-30 02:34:23.828000+00:00,2024-07-01 08:00:00+00:00,0.014500920422157598,0.008897968653711676,0.7,0.13258534130819455,1.0,0.1718558494538659,0.1718558494538659,2,2
6682227f2d58011d21e798a9,2024-07-01 03:00:00+00:00,2024-07-01 04:00:00+00:00,3h,2024-07-01 03:29:03.250000+00:00,2024-07-01 06:28:16.668000+00:00,0.17266603046584816,0.022665083689079775,1.0,0.1579545573443375,1.0,0.24518996168231538,0.24518996168231538,1,6
668225af2d58011d21e7a021,2024-07-01 03:00:00+00:00,2024-07-01 04:00:00+00:00,3h,2024-07-01 03:42:39.195000+00:00,2024-07-01 06:39:08.839000+00:00,0.09828517370366747,0.014625013380492774,1.0,0.09187281021351956,1.0,0.2271495700709996,0.2271495700709996,2,6
668226ae2d58011d21e7a344,2024-07-01 03:00:00+00:00,2024-07-01 04:00:00+00:00,3h,2024-07-01 03:46:54.168000+00:00,2024-07-01 06:43:19.884000+00:00,0.0742351296785215,0.012684746044912463,1.0,0.0701781052735283,1.0,0.22164646868165314,0.22164646868165314,3,6
66821fdc2d58011d21e79557,2024-07-01 03:00:00+00:00,2024-07-01 04:00:00+00:00,5h,2024-07-01 03:17:48.784000+00:00,2024-07-01 10:00:00+00:00,0.10489384372507378,0.015207579287661466,0.7,0.20893239875562009,1.0,0.19091102732372087,0.19091102732372087,4,6
6682230e2d58011d21e7991d,2024-07-01 03:00:00+00:00,2024-07-01 04:00:00+00:00,5h,2024-07-01 03:31:26.788000+00:00,2024-07-01 10:00:00+00:00,0.07348674219579868,0.01262863280121057,0.7,0.14668860606599543,1.0,0.17691490089392542,0.17691490089392542,5,6
668223fc2d58011d21e79c86,2024-07-01 03:00:00+00:00,2024-07-01 04:00:00+00:00,5h,2024-07-01 03:35:24.314000+00:00,2024-07-01 10:00:00+00:00,0.06394982147009627,0.011934671629984198,0.7,0.12771370813007854,1.0,0.17270354460400622,0.17270354460400622,6,6
66822ba72d58011d21e7a42a,2024-07-01 04:00:00+00:00,2024-07-01 05:00:00+00:00,3h,2024-07-01 04:08:07.831000+00:00,2024-07-01 07:02:22.702000+00:00,0.29767646104863466,0.04680001376625239,1.0,0.2503612058756599,1.0,0.2781522494348834,0.2781522494348834,1,8
66822c652d58011d21e7a472,2024-07-01 04:00:00+00:00,2024-07-01 05:00:00+00:00,3h,2024-07-01 04:11:17.275000+00:00,2024-07-01 07:08:53.270000+00:00,0.2742798771958883,0.04092136630576566,1.0,0.23709570280048153,1.0,0.2719719603435557,0.2719719603435557,2,8
66822ce72d58011d21e7a763,2024-07-01 04:00:00+00:00,2024-07-01 05:00:00+00:00,3h,2024-07-01 04:13:27.299000+00:00,2024-07-01 07:11:20.327000+00:00,0.261659671463431,0.03805071077478157,1.0,0.22785538851707043,1.0,0.268401504168283,0.268401504168283,3,8
668234122d58011d21e7a901,2024-07-01 04:00:00+00:00,2024-07-01 05:00:00+00:00,3h,2024-07-01 04:44:02.926000+00:00,2024-07-01 07:39:12.003000+00:00,0.09107117589870167,0.014014171079080272,1.0,0.08480485476286381,1.0,0.22536947360002094,0.22536947360002094,4,8
668234d12d58011d21e7a9cc,2024-07-01 04:00:00+00:00,2024-07-01 05:00:00+00:00,3h,2024-07-01 04:47:13.590000+00:00,2024-07-01 07:46:42.594000+00:00,0.07116814145486434,0.012456337871206815,1.0,0.06850447114119929,1.0,0.22117469695096395,0.22117469695096395,5,8
668235b32d58011d21e7aa40,2024-07-01 04:00:00+00:00,2024-07-01 05:00:00+00:00,3h,2024-07-01 04:50:59.404000+00:00,2024-07-01 07:46:13.450000+00:00,0.05141655267629607,0.011079683047894603,1.0,0.04882306782281809,1.0,0.21641242339330038,0.21641242339330038,6,8
668236172d58011d21e7ab06,2024-07-01 04:00:00+00:00,2024-07-01 05:00:00+00:00,ban_tai_4h,2024-07-01 04:52:39.792000+00:00,2024-07-01 10:00:00+00:00,0.023872181918989203,0.009407771158642879,0.8,0.039940483415723094,1.0,0.1736327593783304,0.1736327593783304,7,8
668236912d58011d21e7ab5f,2024-07-01 04:00:00+00:00,2024-07-01 05:00:00+00:00,5h,2024-07-01 04:54:41.312000+00:00,2024-07-01 11:00:00+00:00,0.014539556382206819,0.008900013222089997,0.7,0.029077033615207304,1.0,0.15115541465629545,0.15115541465629545,8,8
66823c462d58011d21e7ac2a,2024-07-01 05:00:00+00:00,2024-07-01 06:00:00+00:00,3h,2024-07-01 05:19:02.731000+00:00,2024-07-01 08:16:15.785000+00:00,0.2310971993558953,0.0318787774742587,1.0,0.2034974175638986,1.0,0.25982674999733496,0.25982674999733496,1,2
668241842d58011d21e7ad9c,2024-07-01 05:00:00+00:00,2024-07-01 06:00:00+00:00,3h,2024-07-01 05:41:24.794000+00:00,2024-07-01 08:36:45.562000+00:00,0.10600043647003717,0.01530733606709476,1.0,0.09810738202520342,1.0,0.22880587804529756,0.22880587804529756,2,2
668253072d58011d21e7bbff,2024-07-01 06:00:00+00:00,2024-07-01 07:00:00+00:00,3h,2024-07-01 06:56:07.137000+00:00,2024-07-01 09:53:27.374000+00:00,0.021885132821759516,0.009297311521178877,1.0,0.02133060380181695,1.0,0.20984450767307072,0.20984450767307072,1,3
668253462d58011d21e7bee1,2024-07-01 06:00:00+00:00,2024-07-01 07:00:00+00:00,3h,2024-07-01 06:57:11.061000+00:00,2024-07-01 09:56:26.899000+00:00,0.015706725965935895,0.008961998384710306,1.0,0.015520791531488998,1.0,0.20848135733712397,0.20848135733712397,2,3
668253e92d58011d21e7c1c2,2024-07-01 06:00:00+00:00,2024-07-01 07:00:00+00:00,3h,2024-07-01 06:59:54.042000+00:00,2024-07-01 09:57:15.299000+00:00,0.0005598962603760064,0.008189813470364354,1.0,0.0005515145265893029,1.0,0.20502419098753646,0.20502419098753646,3,3
668257192d58011d21e7c5d6,2024-07-01 07:00:00+00:00,2024-07-01 08:00:00+00:00,3h,2024-07-01 07:13:29.594000+00:00,2024-07-01 10:08:25.695000+00:00,0.26585167196847664,0.03898211875480804,1.0,0.22769129035231783,1.0,0.2689275293233484,0.2689275293233484,1,3
6682575c2d58011d21e7c8b5,2024-07-01 07:00:00+00:00,2024-07-01 08:00:00+00:00,3h,2024-07-01 07:14:36.921000+00:00,2024-07-01 10:11:44.536000+00:00,0.2562267263162996,0.036875346250670925,1.0,0.22286169399209999,1.0,0.26669754654882255,0.26669754654882255,2,3
668257ea2d58011d21e7c909,2024-07-01 07:00:00+00:00,2024-07-01 08:00:00+00:00,3h,2024-07-01 07:16:58.950000+00:00,2024-07-01 10:13:33.705000+00:00,0.24361582688792713,0.03428022527022795,1.0,0.21257418123355443,1.0,0.2630829714088477,0.2630829714088477,3,3
668280692d58011d21e7d909,2024-07-01 10:00:00+00:00,2024-07-01 11:00:00+00:00,3h,2024-07-01 10:09:45.055000+00:00,2024-07-01 13:08:36.358000+00:00,0.28094864155825255,0.04252090092541301,1.0,0.24358232414466252,1.0,0.2742290053841803,0.2742290053841803,1,1
668376312d58011d21e7e3ba,2024-07-02 03:00:00+00:00,2024-07-02 04:00:00+00:00,3h,2024-07-02 03:38:25.991000+00:00,2024-07-02 06:35:13.631000+00:00,0.12198839704213191,0.01682254597497779,1.0,0.11291604278569833,1.0,0.23267673614212633,0.23267673614212633,1,4
6683770a2d58011d21e7e6bb,2024-07-02 03:00:00+00:00,2024-07-02 04:00:00+00:00,3h,2024-07-02 03:42:02.254000+00:00,2024-07-02 06:38:55.616000+00:00,0.10154614532134117,0.014909673212778599,1.0,0.09497371933616716,1.0,0.2279405477949006,0.2279405477949006,2,4
668377c12d58011d21e7e6db,2024-07-02 03:00:00+00:00,2024-07-02 04:00:00+00:00,3h,2024-07-02 03:45:05.468000+00:00,2024-07-02 06:42:24.641000+00:00,0.08407909148577619,0.013446145225699042,1.0,0.0794896523509937,1.0,0.22396561760561817,0.22396561760561817,3,4
668379742d58011d21e7e80e,2024-07-02 03:00:00+00:00,2024-07-02 04:00:00+00:00,5h,2024-07-02 03:52:20.016000+00:00,2024-07-02 10:00:00+00:00,0.02085151104370701,0.009240361669450083,0.7,0.04169685052145378,1.0,0.15388358710596078,0.15388358710596078,4,4
66837e3c2d58011d21e7e90e,2024-07-02 04:00:00+00:00,2024-07-02 05:00:00+00:00,3h,2024-07-02 04:12:44.733000+00:00,2024-07-02 07:11:03.371000+00:00,0.2650119575968455,0.03879380968192479,1.0,0.23089264990928782,1.0,0.26945481579101244,0.26945481579101244,1,2
66837f7f2d58011d21e7e948,2024-07-02 04:00:00+00:00,2024-07-02 05:00:00+00:00,3h,2024-07-02 04:18:07.713000+00:00,2024-07-02 07:16:59.819000+00:00,0.234090773982292,0.0324377983271056,1.0,0.20754469053786417,1.0,0.2609716171038362,0.2609716171038362,2,2
668391402d58011d21e7eb8d,2024-07-02 05:00:00+00:00,2024-07-02 06:00:00+00:00,3h,2024-07-02 05:33:52.392000+00:00,2024-07-02 08:31:37.693000+00:00,0.14698206829793178,0.019491218131588398,1.0,0.13510648950995552,1.0,0.23871602878094417,0.23871602878094417,1,2
668394272d58011d21e7ec2c,2024-07-02 05:00:00+00:00,2024-07-02 06:00:00+00:00,3h,2024-07-02 05:46:15.561000+00:00,2024-07-02 08:45:10.006000+00:00,0.07680313234638586,0.012879169617229588,1.0,0.07349602640690334,1.0,0.22242670705171844,0.22242670705171844,2,2
6683bb2c2d58011d21e7f3e2,2024-07-02 08:00:00+00:00,2024-07-02 09:00:00+00:00,3h,2024-07-02 08:32:44.923000+00:00,2024-07-02 11:32:04.775000+00:00,0.15196091916505913,0.02007040303836798,1.0,0.1404927495362247,1.0,0.24014079173026576,0.24014079173026576,1,2
6683b9042d58011d21e7f399,2024-07-02 08:00:00+00:00,2024-07-02 09:00:00+00:00,5h,2024-07-02 08:23:32.832000+00:00,2024-07-03 04:00:00+00:00,0.030985348498469296,0.009813950999592416,0.7,0.1833262213150323,1.0,0.1825536148627619,0.1825536148627619,2,2
6683cdac2d58011d21e7f67b,2024-07-02 09:00:00+00:00,2024-07-02 10:00:00+00:00,5h,2024-07-02 09:51:40.792000+00:00,2024-07-03 05:00:00+00:00,0.007245482415414703,0.008522157147360923,0.7,0.045170953057939944,1.0,0.15414748490000454,0.15414748490000454,1,1
66840c2c2d58011d21e7f8b6,2024-07-02 14:00:00+00:00,2024-07-02 15:00:00+00:00,3h,2024-07-02 14:18:20.447000+00:00,2024-07-03 04:00:00+00:00,0.05070133191674172,0.011032761850380957,1.0,0.2066097759691614,1.0,0.24794161230406087,0.24794161230406087,1,3
66840dc42d58011d21e7f8c8,2024-07-02 14:00:00+00:00,2024-07-02 15:00:00+00:00,3h,2024-07-02 14:25:08.607000+00:00,2024-07-03 04:00:00+00:00,0.04277630216017777,0.01052582205596836,1.0,0.176051705141834,1.0,0.24152583426194785,0.24152583426194785,2,3
66840d112d58011d21e7f8bf,2024-07-02 14:00:00+00:00,2024-07-02 15:00:00+00:00,5h,2024-07-02 14:22:09.042000+00:00,2024-07-03 08:00:00+00:00,0.0357794820112846,0.010097454790695088,0.7,0.18963773364802938,1.0,0.18398601960402292,0.18398601960402292,3,3
6684cf222d58011d21e80467,2024-07-03 04:00:00+00:00,2024-07-03 05:00:00+00:00,3h,2024-07-03 04:10:10.383000+00:00,2024-07-03 06:48:29.589000+00:00,0.31472283051867705,0.0515800207798459,1.0,0.24180630288205152,1.0,0.27930927304431785,0.27930927304431785,1,3
6684d0772d58011d21e804b4,2024-07-03 04:00:00+00:00,2024-07-03 05:00:00+00:00,3h,2024-07-03 04:15:51.337000+00:00,2024-07-03 07:12:20.454000+00:00,0.2501306766182676,0.03559809692753635,1.0,0.21748843261313977,1.0,0.26485654467914976,0.26485654467914976,2,3
6684cfa12d58011d21e80482,2024-07-03 04:00:00+00:00,2024-07-03 05:00:00+00:00,5h,2024-07-03 04:12:17.327000+00:00,2024-07-03 11:00:00+00:00,0.11702208503543336,0.016336733156262283,0.7,0.23284185683129022,1.0,0.1963704112600154,0.1963704112600154,3,3
6684e4052d58011d21e811a7,2024-07-03 05:00:00+00:00,2024-07-03 06:00:00+00:00,5h,2024-07-03 05:39:17.092000+00:00,2024-07-03 13:00:00+00:00,0.04700345362923019,0.010793283550251338,0.7,0.10870879372617837,1.0,0.16821772887538647,0.16821772887538647,1,1
6685017a2d58011d21e818f3,2024-07-03 07:00:00+00:00,2024-07-03 08:00:00+00:00,5h,2024-07-03 07:44:58.814000+00:00,2024-07-04 03:00:00+00:00,0.013003904435344008,0.008819105797013746,0.7,0.08005661433035094,1.0,0.16130278634427841,0.16130278634427841,1,1
668508ee2d58011d21e81ef6,2024-07-03 08:00:00+00:00,2024-07-03 09:00:00+00:00,3h,2024-07-03 08:16:46.740000+00:00,2024-07-03 11:15:18.736000+00:00,0.2420893361050546,0.03397830750993146,1.0,0.21346390683067296,1.0,0.2630797658720935,0.2630797658720935,1,1
66851a1f2d58011d21e82091,2024-07-03 09:00:00+00:00,2024-07-03 10:00:00+00:00,3h,2024-07-03 09:30:07.104000+00:00,2024-07-03 12:29:44.899000+00:00,0.16635090943926842,0.021840759715780894,1.0,0.1529612950769963,1.0,0.24369671484486782,0.24369671484486782,1,2
66851d6e2d58011d21e820c8,2024-07-03 09:00:00+00:00,2024-07-03 10:00:00+00:00,3h,2024-07-03 09:44:14.762000+00:00,2024-07-03 12:42:12.738000+00:00,0.08852220683020827,0.013804407777147674,1.0,0.08380131887586051,1.0,0.22504290844146072,0.22504290844146072,2,2
6685ff211f621b3aa7a515f7,2024-07-04 01:00:00+00:00,2024-07-04 02:00:00+00:00,5h,2024-07-04 01:47:13.012000+00:00,2024-07-04 09:00:00+00:00,0.029537041415816114,0.009729864966780912,0.7,0.06855432206792467,1.0,0.15954878339365347,0.15954878339365347,1,1
66860c011f621b3aa7a516c0,2024-07-04 02:00:00+00:00,2024-07-04 03:00:00+00:00,3h,2024-07-04 02:42:10.047000+00:00,2024-07-04 05:41:04.901000+00:00,0.09967094103003171,0.014745320987951439,1.0,0.09432044016937469,1.0,0.2277112806266458,0.2277112806266458,1,4
66860c651f621b3aa7a519a9,2024-07-04 02:00:00+00:00,2024-07-04 03:00:00+00:00,3h,2024-07-04 02:43:49.297000+00:00,2024-07-04 05:42:12.691000+00:00,0.09069113965159088,0.013982698439182125,1.0,0.08595905177255425,1.0,0.22558142941802012,0.22558142941802012,2,4
66860cb71f621b3aa7a519cf,2024-07-04 02:00:00+00:00,2024-07-04 03:00:00+00:00,3h,2024-07-04 02:45:11.909000+00:00,2024-07-04 05:43:51.590000+00:00,0.08284677501130863,0.013348414630207634,1.0,0.0789405064715748,1.0,0.22379715007243955,0.22379715007243955,3,4
668605aa1f621b3aa7a5163b,2024-07-04 02:00:00+00:00,2024-07-04 03:00:00+00:00,5h,2024-07-04 02:15:06.525000+00:00,2024-07-04 09:00:00+00:00,0.11087236387548509,0.01575424418395825,0.7,0.2207285492889568,1.0,0.1935982563681663,0.1935982563681663,4,4
668611a31f621b3aa7a52110,2024-07-04 03:00:00+00:00,2024-07-04 04:00:00+00:00,3h,2024-07-04 03:06:11.161000+00:00,2024-07-04 05:45:14.725000+00:00,0.33832633175614474,0.058964682406871555,1.0,0.258415802840826,1.0,0.2870619700122881,0.2870619700122881,1,5
6686141c1f621b3aa7a52147,2024-07-04 03:00:00+00:00,2024-07-04 04:00:00+00:00,3h,2024-07-04 03:16:44.353000+00:00,2024-07-04 06:06:16.421000+00:00,0.2551739724901564,0.036651666514051225,1.0,0.21363772666333802,1.0,0.26471854524109834,0.26471854524109834,2,5
6686177e1f621b3aa7a52450,2024-07-04 03:00:00+00:00,2024-07-04 04:00:00+00:00,3h,2024-07-04 03:31:10.081000+00:00,2024-07-04 06:26:30.480000+00:00,0.1644347329412126,0.021596485098202334,1.0,0.1480076109095797,1.0,0.24255941324083735,0.24255941324083735,3,5
668618611f621b3aa7a52476,2024-07-04 03:00:00+00:00,2024-07-04 04:00:00+00:00,3h,2024-07-04 03:34:57.519000+00:00,2024-07-04 06:32:36.686000+00:00,0.14095669952445627,0.018812171946376372,1.0,0.12987518413392274,1.0,0.23726233999461038,0.23726233999461038,4,5
668618da1f621b3aa7a52496,2024-07-04 03:00:00+00:00,2024-07-04 04:00:00+00:00,3h,2024-07-04 03:36:58.732000+00:00,2024-07-04 06:35:01.031000+00:00,0.12930437539709383,0.017564174304852347,1.0,0.12005439435308951,1.0,0.23454938345352933,0.23454938345352933,5,5
66862b391f621b3aa7a52de1,2024-07-04 04:00:00+00:00,2024-07-04 05:00:00+00:00,3h,2024-07-04 04:55:21.633000+00:00,2024-07-04 07:53:45.876000+00:00,0.026005295283375012,0.009527797449582563,1.0,0.025445389621805536,1.0,0.21080575639411067,0.21080575639411067,1,2
668620aa1f621b3aa7a528cd,2024-07-04 04:00:00+00:00,2024-07-04 05:00:00+00:00,5h,2024-07-04 04:10:18.808000+00:00,2024-07-04 11:00:00+00:00,0.12127939117028988,0.0167523305857983,0.7,0.24121461083789497,1.0,0.19829432051905796,0.19829432051905796,2,2
668638c61f621b3aa7a53871,2024-07-04 05:00:00+00:00,2024-07-04 06:00:00+00:00,3h,2024-07-04 05:53:10.800000+00:00,2024-07-04 08:52:44.164000+00:00,0.03798256514863881,0.010230439488221046,1.0,0.03718008506136439,1.0,0.2135742807052055,0.2135742807052055,1,2
66863a1f1f621b3aa7a538a9,2024-07-04 05:00:00+00:00,2024-07-04 06:00:00+00:00,3h,2024-07-04 05:58:55.326000+00:00,2024-07-04 08:57:22.231000+00:00,0.006040401030923502,0.008461279521071181,1.0,0.005970439002168759,1.0,0.20627085551307647,0.20627085551307647,2,2
668647cc1f621b3aa7a53ca7,2024-07-04 06:00:00+00:00,2024-07-04 07:00:00+00:00,3h,2024-07-04 06:57:16.920000+00:00,2024-07-04 07:30:39.267000+00:00,0.08144442496730088,0.013238051515832492,1.0,0.014986566665502132,1.0,0.21094014424259994,0.21094014424259994,1,2
668647661f621b3aa7a53c9e,2024-07-04 06:00:00+00:00,2024-07-04 07:00:00+00:00,3h,2024-07-04 06:55:34.394000+00:00,2024-07-04 09:49:52.536000+00:00,0.025397054275988984,0.009493419133340997,1.0,0.024293200596121944,1.0,0.210554691599229,0.210554691599229,2,2
66865c131f621b3aa7a54138,2024-07-04 08:00:00+00:00,2024-07-04 09:00:00+00:00,3h,2024-07-04 08:23:47.565000+00:00,2024-07-04 11:23:12.057000+00:00,0.2018149114700443,0.026880375562400024,1.0,0.1822113819281328,1.0,0.2525705017230666,0.2525705017230666,1,1
6686c7191f621b3aa7a54f66,2024-07-04 16:00:00+00:00,2024-07-04 17:00:00+00:00,5h,2024-07-04 16:00:25.706000+00:00,2024-07-05 08:00:00+00:00,0.06208142126762336,0.011803196671750196,0.7,0.2817611809289736,1.0,0.2034341541888448,0.2034341541888448,1,5
6686c7d51f621b3aa7a54fcc,2024-07-04 16:00:00+00:00,2024-07-04 17:00:00+00:00,5h,2024-07-04 16:03:33.192000+00:00,2024-07-05 08:00:00+00:00,0.05901718736473372,0.011590665115253763,0.7,0.269183833688461,1.0,0.20079116580684445,0.20079116580684445,2,5
6686c87b1f621b3aa7a55032,2024-07-04 16:00:00+00:00,2024-07-04 17:00:00+00:00,5h,2024-07-04 16:06:19.571000+00:00,2024-07-05 08:00:00+00:00,0.056281105477206404,0.011404092633354382,0.7,0.2578381035808054,1.0,0.1984100762961737,0.1984100762961737,3,5
6686c8fa1f621b3aa7a55098,2024-07-04 16:00:00+00:00,2024-07-04 17:00:00+00:00,5h,2024-07-04 16:08:26.677000+00:00,2024-07-05 08:00:00+00:00,0.054180118400184905,0.011262844812385767,0.7,0.2490519441813125,1.0,0.19656809572369394,0.19656809572369394,4,5
6686c9a31f621b3aa7a55122,2024-07-04 16:00:00+00:00,2024-07-04 17:00:00+00:00,5h,2024-07-04 16:11:15.930000+00:00,2024-07-05 08:00:00+00:00,0.05136790113567073,0.011076485077030082,0.7,0.23719070672532117,1.0,0.19408403239128227,0.19408403239128227,5,5
6687635a1f621b3aa7a55288,2024-07-05 03:00:00+00:00,2024-07-05 04:00:00+00:00,3h,2024-07-05 03:07:06.095000+00:00,2024-07-05 06:04:50.613000+00:00,0.2976135442783256,0.04678317643018785,1.0,0.25463413902689347,1.0,0.2789967336634914,0.2789967336634914,1,6
66876ad51f621b3aa7a5571e,2024-07-05 03:00:00+00:00,2024-07-05 04:00:00+00:00,3h,2024-07-05 03:39:01.430000+00:00,2024-07-05 06:37:52.433000+00:00,0.11728353817439058,0.016361961359944145,1.0,0.11000039427285657,1.0,0.23181725567053782,0.23181725567053782,2,6
66876c391f621b3aa7a55a80,2024-07-05 03:00:00+00:00,2024-07-05 04:00:00+00:00,3h,2024-07-05 03:44:57.727000+00:00,2024-07-05 06:44:08.755000+00:00,0.08392434658341509,0.013433834319635138,1.0,0.08014920026913985,1.0,0.22409014064560906,0.22409014064560906,3,6
66876f571f621b3aa7a55e41,2024-07-05 03:00:00+00:00,2024-07-05 04:00:00+00:00,3h,2024-07-05 03:58:15.827000+00:00,2024-07-05 06:56:28.829000+00:00,0.009742165951151977,0.008649668364293782,1.0,0.009599278093554764,1.0,0.20710965663728723,0.20710965663728723,4,6
66876d2d1f621b3aa7a55ace,2024-07-05 03:00:00+00:00,2024-07-05 04:00:00+00:00,5h,2024-07-05 03:49:01.991000+00:00,2024-07-05 10:00:00+00:00,0.02956279692401958,0.009731354035610151,0.7,0.05910785110955652,1.0,0.15766038264327736,0.15766038264327736,5,6
66876ec21f621b3aa7a55e00,2024-07-05 03:00:00+00:00,2024-07-05 04:00:00+00:00,5h,2024-07-05 03:55:46.838000+00:00,2024-07-05 10:00:00+00:00,0.011584685090423071,0.008744981095219895,0.7,0.023168321608642795,1.0,0.1498806529788605,0.1498806529788605,6,6
668773b31f621b3aa7a56523,2024-07-05 04:00:00+00:00,2024-07-05 05:00:00+00:00,3h,2024-07-05 04:16:51.661000+00:00,2024-07-05 07:12:30.297000+00:00,0.24560474429518203,0.034677488167089085,1.0,0.21310544145552834,1.0,0.2634275811913591,0.2634275811913591,1,5
668778291f621b3aa7a568a7,2024-07-05 04:00:00+00:00,2024-07-05 05:00:00+00:00,3h,2024-07-05 04:35:53.034000+00:00,2024-07-05 07:34:10.512000+00:00,0.13526234875173382,0.018191784336064075,1.0,0.12539098573997898,1.0,0.23599326774963425,0.23599326774963425,2,5
66877b1b1f621b3aa7a56a2d,2024-07-05 04:00:00+00:00,2024-07-05 05:00:00+00:00,3h,2024-07-05 04:48:27.221000+00:00,2024-07-05 07:47:10.114000+00:00,0.06460747113675386,0.011981292311673655,1.0,0.062132130249609396,1.0,0.2196152014369261,0.2196152014369261,3,5
6687710b1f621b3aa7a5619b,2024-07-05 04:00:00+00:00,2024-07-05 05:00:00+00:00,5h,2024-07-05 04:05:31.893000+00:00,2024-07-05 11:00:00+00:00,0.13141760247372267,0.01778430886028494,0.7,0.26110725212934105,1.0,0.20289203574203915,0.20289203574203915,4,5
668772901f621b3aa7a564b4,2024-07-05 04:00:00+00:00,2024-07-05 05:00:00+00:00,5h,2024-07-05 04:12:00.473000+00:00,2024-07-05 11:00:00+00:00,0.11763000976285204,0.016395452216770964,0.7,0.2340381160763223,1.0,0.19664489454532702,0.19664489454532702,5,5
6687853a44978b72e31ad1ab,2024-07-05 05:00:00+00:00,2024-07-05 06:00:00+00:00,3h,2024-07-05 05:31:38.491000+00:00,2024-07-05 08:28:25.173000+00:00,0.16041859273239265,0.021093143868795718,1.0,0.14576344719260126,1.0,0.2418085757597977,0.2418085757597977,1,2
6687879a44978b72e31ad5fa,2024-07-05 05:00:00+00:00,2024-07-05 06:00:00+00:00,3h,2024-07-05 05:41:46.337000+00:00,2024-07-05 08:39:58.346000+00:00,0.10228788621483577,0.014975179884212935,1.0,0.09630656130662774,1.0,0.22824642019185332,0.22824642019185332,2,2
668793618145f17f37639020,2024-07-05 06:00:00+00:00,2024-07-05 07:00:00+00:00,3h,2024-07-05 06:32:01.735000+00:00,2024-07-05 09:24:59.193000+00:00,0.16172216741325285,0.02125524925327046,1.0,0.1439229604428105,1.0,0.24153774164052438,0.24153774164052438,1,2
668793438145f17f37638fd4,2024-07-05 06:00:00+00:00,2024-07-05 07:00:00+00:00,5h,2024-07-05 06:31:31.954000+00:00,2024-07-05 13:00:00+00:00,0.07328138961112399,0.012613278589700681,0.7,0.1462803411469883,1.0,0.17682403538321806,0.17682403538321806,2,2
6687a4ef8145f17f376398c2,2024-07-05 07:00:00+00:00,2024-07-05 08:00:00+00:00,5h,2024-07-05 07:46:55.938000+00:00,2024-07-06 03:00:00+00:00,0.011332985912275575,0.008731899667077525,0.7,0.07002570530834762,1.0,0.15924428086191603,0.15924428086191603,1,1
6687c8ac8145f17f3763a9a7,2024-07-05 10:00:00+00:00,2024-07-05 11:00:00+00:00,5h,2024-07-05 10:19:24.879000+00:00,2024-07-06 06:00:00+00:00,0.03437731122108199,0.010013708095061438,0.7,0.20186232126172898,1.0,0.18638068910938266,0.18638068910938266,1,1
66889608ff27bc1a834de1f5,2024-07-06 00:00:00+00:00,2024-07-06 01:00:00+00:00,3h,2024-07-06 00:55:36.468000+00:00,2024-07-06 04:00:00+00:00,0.023819879582758923,0.009404847092851758,1.0,0.024105810761029023,1.0,0.21046407040791687,0.21046407040791687,1,1
6688b2e0ff27bc1a834de421,2024-07-06 02:00:00+00:00,2024-07-06 03:00:00+00:00,3h,2024-07-06 02:58:40.684000+00:00,2024-07-06 05:54:53.991000+00:00,0.007501531923739658,0.008535147941571732,1.0,0.007317172258664462,1.0,0.20658452321667595,0.20658452321667595,1,4
6688b319ff27bc1a834de439,2024-07-06 02:00:00+00:00,2024-07-06 03:00:00+00:00,3h,2024-07-06 02:59:37.286000+00:00,2024-07-06 05:58:46.746000+00:00,0.002113036375780737,0.008265855954446977,1.0,0.0021009380817188505,1.0,0.20537970118901197,0.20537970118901197,2,4
6688ae4fff27bc1a834de2e9,2024-07-06 02:00:00+00:00,2024-07-06 03:00:00+00:00,5h,2024-07-06 02:39:11.997000+00:00,2024-07-06 09:00:00+00:00,0.05462197287001406,0.011292406027728885,0.7,0.1091291694395704,1.0,0.1686012775045514,0.1686012775045514,3,4
6688af6eff27bc1a834de314,2024-07-06 02:00:00+00:00,2024-07-06 03:00:00+00:00,5h,2024-07-06 02:43:58.611000+00:00,2024-07-06 10:00:00+00:00,0.036748392831894364,0.010155729060052939,0.7,0.08517043608300068,1.0,0.1631275246526319,0.1631275246526319,4,4
6688b3cbff27bc1a834de76f,2024-07-06 03:00:00+00:00,2024-07-06 04:00:00+00:00,3h,2024-07-06 03:02:35.220000+00:00,2024-07-06 05:59:40.064000+00:00,0.3242193485381998,0.05443970442487785,1.0,0.273096182761538,1.0,0.2872830592072343,0.2872830592072343,1,3
6688b44dff27bc1a834de77d,2024-07-06 03:00:00+00:00,2024-07-06 04:00:00+00:00,3h,2024-07-06 03:04:45.274000+00:00,2024-07-06 06:02:38.345000+00:00,0.3105690948743806,0.050374364666391606,1.0,0.2642898634777554,1.0,0.28308259149538606,0.28308259149538606,2,3
6688b510ff27bc1a834de7b1,2024-07-06 03:00:00+00:00,2024-07-06 04:00:00+00:00,3h,2024-07-06 03:08:00.235000+00:00,2024-07-06 06:05:35.754000+00:00,0.29278395543192215,0.04550777672090448,1.0,0.2508882664561628,1.0,0.27748231932377526,0.27748231932377526,3,3
6688dce1ff27bc1a834df6e6,2024-07-06 05:00:00+00:00,2024-07-06 06:00:00+00:00,3h,2024-07-06 05:57:53.961000+00:00,2024-07-06 08:57:38.859000+00:00,0.011686619567472962,0.00875028440646129,1.0,0.0116024442213164,1.0,0.20757065948814007,0.20757065948814007,1,1
6688e15bff27bc1a834df7f7,2024-07-06 06:00:00+00:00,2024-07-06 07:00:00+00:00,5h,2024-07-06 06:16:59.307000+00:00,2024-07-06 11:00:00+00:00,0.15197807297970703,0.020072427382693287,0.7,0.2125481520054533,1.0,0.1945530868307066,0.1945530868307066,1,1
6688eed0ff27bc1a834dfa37,2024-07-06 07:00:00+00:00,2024-07-06 08:00:00+00:00,3h,2024-07-06 07:14:24.020000+00:00,2024-07-06 10:11:25.249000+00:00,0.2575954251621917,0.03716811869323936,1.0,0.2237894602456303,1.0,0.2670587632650697,0.2670587632650697,1,2
6688f3fbff27bc1a834dfabc,2024-07-06 07:00:00+00:00,2024-07-06 08:00:00+00:00,3h,2024-07-06 07:36:27.359000+00:00,2024-07-06 10:33:45.210000+00:00,0.1327938321377128,0.01792912477421427,1.0,0.12260684574866365,1.0,0.2352788440142613,0.2352788440142613,2,2
6688fceeff27bc1a834dfe03,2024-07-06 08:00:00+00:00,2024-07-06 09:00:00+00:00,3h,2024-07-06 08:14:38.269000+00:00,2024-07-06 11:13:17.215000+00:00,0.2539177825879522,0.036386470175962755,1.0,0.2227646895646812,1.0,0.26638482001851393,0.26638482001851393,1,2
66890539ff27bc1a834e0061,2024-07-06 08:00:00+00:00,2024-07-06 09:00:00+00:00,3h,2024-07-06 08:50:02.021000+00:00,2024-07-06 11:47:03.765000+00:00,0.05629762871332617,0.011405210389177285,1.0,0.0538634974845732,1.0,0.21761582573042101,0.21761582573042101,2,2
668ace07ca82dc65928fe62f,2024-07-07 17:00:00+00:00,2024-07-07 18:00:00+00:00,5h,2024-07-07 17:19:03.779000+00:00,2024-07-08 08:00:00+00:00,0.0464698564053605,0.010759154405223596,0.7,0.20342012356317696,1.0,0.18713951735576956,0.18713951735576956,1,1
668b409aca82dc65928fe683,2024-07-08 01:00:00+00:00,2024-07-08 02:00:00+00:00,5h,2024-07-08 01:27:54.168000+00:00,2024-07-08 08:00:00+00:00,0.0818603142282067,0.013270687222518396,0.7,0.16332349596081253,1.0,0.1806271115256735,0.1806271115256735,1,1
668b53aeca82dc65928fea3c,2024-07-08 02:00:00+00:00,2024-07-08 03:00:00+00:00,3h,2024-07-08 02:49:18.412000+00:00,2024-07-08 05:46:17.158000+00:00,0.060420317050619725,0.011687510984594982,1.0,0.05767617131278702,1.0,0.2185477408533144,0.2185477408533144,1,3
668b53ccca82dc65928fea43,2024-07-08 02:00:00+00:00,2024-07-08 03:00:00+00:00,3h,2024-07-08 02:49:48.612000+00:00,2024-07-08 05:43:03.822000+00:00,0.058814396245963296,0.011576733954207436,1.0,0.05503746710070512,1.0,0.2179535337926655,0.2179535337926655,2,3
668b4b32ca82dc65928fe9d1,2024-07-08 02:00:00+00:00,2024-07-08 03:00:00+00:00,5h,2024-07-08 02:13:06.532000+00:00,2024-07-09 03:00:00+00:00,0.0315363595102031,0.009846130270783912,0.7,0.2293386959511391,1.0,0.19177541735269815,0.19177541735269815,3,3
668b5c28ca82dc65928fee7e,2024-07-08 03:00:00+00:00,2024-07-08 04:00:00+00:00,3h,2024-07-08 03:25:28.679000+00:00,2024-07-08 06:24:16.913000+00:00,0.1930719445530364,0.02554172447942561,1.0,0.17451895809934426,1.0,0.25022882630752424,0.25022882630752424,1,9
668b5c68ca82dc65928ff183,2024-07-08 03:00:00+00:00,2024-07-08 04:00:00+00:00,3h,2024-07-08 03:26:32.817000+00:00,2024-07-08 06:25:31.099000+00:00,0.1869184474760488,0.024638706579419432,1.0,0.16960208530389442,1.0,0.24870364100843056,0.24870364100843056,2,9
668b5d03ca82dc65928ff48d,2024-07-08 03:00:00+00:00,2024-07-08 04:00:00+00:00,3h,2024-07-08 03:29:07.780000+00:00,2024-07-08 06:27:31.184000+00:00,0.17304962047587852,0.02271612202063528,1.0,0.1576012919790276,1.0,0.2451499316081867,0.2451499316081867,3,9
668b5f50ca82dc65928ff707,2024-07-08 03:00:00+00:00,2024-07-08 04:00:00+00:00,3h,2024-07-08 03:38:56.568000+00:00,2024-07-08 06:30:48.882000+00:00,0.12251682793987848,0.01687506643892765,1.0,0.11040096873706562,1.0,0.23220523361076972,0.23220523361076972,4,9
668b6051ca82dc65928ffa0e,2024-07-08 03:00:00+00:00,2024-07-08 04:00:00+00:00,3h,2024-07-08 03:43:13.656000+00:00,2024-07-08 06:39:13.694000+00:00,0.0952973843465336,0.01436890430463634,1.0,0.08897049977346372,1.0,0.22641544253747456,0.22641544253747456,5,9
668b60f1ca82dc65928ffa28,2024-07-08 03:00:00+00:00,2024-07-08 04:00:00+00:00,3h,2024-07-08 03:45:53.661000+00:00,2024-07-08 06:43:17.139000+00:00,0.07951714655679282,0.013087844688791823,1.0,0.07537286702461732,1.0,0.22292728021819858,0.22292728021819858,6,9
668b631dca82dc65928ffb50,2024-07-08 03:00:00+00:00,2024-07-08 04:00:00+00:00,3h,2024-07-08 03:55:09.232000+00:00,2024-07-08 06:54:01.510000+00:00,0.02709285018520765,0.009589574602238107,1.0,0.026563770721269364,1.0,0.21106649890559673,0.21106649890559673,7,9
668b5bdeca82dc65928feb64,2024-07-08 03:00:00+00:00,2024-07-08 04:00:00+00:00,5h,2024-07-08 03:24:14.569000+00:00,2024-07-08 10:00:00+00:00,0.09035131853365812,0.013954615223284525,0.7,0.18016404901964345,1.0,0.1844055789378994,0.1844055789378994,8,9
668b5ca0ca82dc65928ff18c,2024-07-08 03:00:00+00:00,2024-07-08 04:00:00+00:00,5h,2024-07-08 03:27:28.087000+00:00,2024-07-08 10:00:00+00:00,0.0828770469727873,0.013350806974644592,0.7,0.1653415545549577,1.0,0.1810787950957783,0.1810787950957783,9,9
668b6454ca82dc65928ffbdd,2024-07-08 04:00:00+00:00,2024-07-08 05:00:00+00:00,3h,2024-07-08 04:00:20.459000+00:00,2024-07-08 06:58:14.635000+00:00,0.33534588524678627,0.057980201747331435,1.0,0.2821100405378971,1.0,0.29121012915597827,0.29121012915597827,1,3
668b64f6ca82dc65928ffc00,2024-07-08 04:00:00+00:00,2024-07-08 05:00:00+00:00,3h,2024-07-08 04:03:02.682000+00:00,2024-07-08 07:00:35.423000+00:00,0.32079236695982755,0.053390905715027956,1.0,0.27124547591754333,1.0,0.2862836386125254,0.2862836386125254,2,3
668b703eca82dc6592900073,2024-07-08 04:00:00+00:00,2024-07-08 05:00:00+00:00,3h,2024-07-08 04:51:10.516000+00:00,2024-07-08 07:50:14.015000+00:00,0.04928412987240005,0.010940367673577723,1.0,0.04784390880939804,1.0,0.21613300236602626,0.21613300236602626,3,3
668b90a6ca82dc6592901168,2024-07-08 07:00:00+00:00,2024-07-08 08:00:00+00:00,3h,2024-07-08 07:09:26.705000+00:00,2024-07-08 10:08:04.616000+00:00,0.28301177346966216,0.04302774088365914,1.0,0.24486644259177726,1.0,0.274789933048551,0.274789933048551,1,1
668bacc2ca82dc659290165d,2024-07-08 09:00:00+00:00,2024-07-08 10:00:00+00:00,3h,2024-07-08 09:09:22.810000+00:00,2024-07-08 12:07:45.846000+00:00,0.28376901656688813,0.04321521285776834,1.0,0.24513873100775319,1.0,0.27495687391621165,0.27495687391621165,1,1
668bbbd6ca82dc6592901c85,2024-07-08 10:00:00+00:00,2024-07-08 11:00:00+00:00,3h,2024-07-08 10:13:42.168000+00:00,2024-07-08 13:13:12.706000+00:00,0.25791023623889536,0.03723577402152079,1.0,0.22679159915082558,1.0,0.2676997842430776,0.2676997842430776,1,1
668c06eaca82dc65929022a8,2024-07-08 15:00:00+00:00,2024-07-08 16:00:00+00:00,5h,2024-07-08 15:34:02.703000+00:00,2024-07-09 08:00:00+00:00,0.02632468146744433,0.009545898777500967,0.7,0.13428036215731476,1.0,0.17258361169796352,0.17258361169796352,1,4
668c0928ca82dc65929022b6,2024-07-08 15:00:00+00:00,2024-07-08 16:00:00+00:00,5h,2024-07-08 15:43:36.976000+00:00,2024-07-09 08:00:00+00:00,0.016780014633590783,0.009019375266117008,0.7,0.08700122556798884,1.0,0.16281187027326796,0.16281187027326796,2,4
668c0a3cca82dc65929022bf,2024-07-08 15:00:00+00:00,2024-07-08 16:00:00+00:00,5h,2024-07-08 15:48:12.821000+00:00,2024-07-09 08:00:00+00:00,0.01212850650860677,0.008773311197923139,0.7,0.06338178745267342,1.0,0.15794034420928857,0.15794034420928857,3,4
668c0b4aca82dc65929022d0,2024-07-08 15:00:00+00:00,2024-07-08 16:00:00+00:00,5h,2024-07-08 15:52:42.796000+00:00,2024-07-09 08:00:00+00:00,0.007533167862462844,0.008536754368098776,0.7,0.03967340749745907,1.0,0.15305673412035106,0.15305673412035106,4,4
668c11b5ca82dc65929023a0,2024-07-08 16:00:00+00:00,2024-07-08 17:00:00+00:00,5h,2024-07-08 16:20:05.204000+00:00,2024-07-09 08:00:00+00:00,0.0424648401955386,0.010506376536146394,0.7,0.19887666730972853,1.0,0.18607915938363354,0.18607915938363354,1,1
668c9952ca82dc6592902598,2024-07-09 01:00:00+00:00,2024-07-09 02:00:00+00:00,3h,2024-07-09 01:58:42.998000+00:00,2024-07-09 04:51:00.999000+00:00,0.007448441918316703,0.008532452782465288,1.0,0.007104457984125512,1.0,0.2065403632663043,0.2065403632663043,1,1
668c9a5dca82dc65929025bd,2024-07-09 02:00:00+00:00,2024-07-09 03:00:00+00:00,3h,2024-07-09 02:03:09.781000+00:00,2024-07-09 05:01:36.595000+00:00,0.31850922225790046,0.05270278130749271,1.0,0.2707662973041527,1.0,0.2857749282453262,0.2857749282453262,1,2
668c9a8eca82dc65929025cb,2024-07-09 02:00:00+00:00,2024-07-09 03:00:00+00:00,3h,2024-07-09 02:03:58.024000+00:00,2024-07-09 05:03:29.494000+00:00,0.31211858734230336,0.05082096476131501,1.0,0.2675015646059933,1.0,0.28399289177798764,0.28399289177798764,2,2
668cab2cca82dc65929029df,2024-07-09 03:00:00+00:00,2024-07-09 04:00:00+00:00,3h,2024-07-09 03:14:52.365000+00:00,2024-07-09 06:05:04.382000+00:00,0.2651420380518364,0.03882292346379884,1.0,0.22174959125056004,1.0,0.2676436723283913,0.2676436723283913,1,4
668cabe7ca82dc6592902cfe,2024-07-09 03:00:00+00:00,2024-07-09 04:00:00+00:00,3h,2024-07-09 03:17:59.533000+00:00,2024-07-09 06:15:00.083000+00:00,0.23731981865345958,0.03305141043191543,1.0,0.20814467481433996,1.0,0.2614597812220173,0.2614597812220173,2,4
668cb102ca82dc659290318a,2024-07-09 03:00:00+00:00,2024-07-09 04:00:00+00:00,3h,2024-07-09 03:39:46.842000+00:00,2024-07-09 06:18:02.595000+00:00,0.1277579566359824,0.017404781945442628,1.0,0.10625023190175142,1.0,0.2316929155476159,0.2316929155476159,3,4
668cb1a1ca82dc659290319c,2024-07-09 03:00:00+00:00,2024-07-09 04:00:00+00:00,3h,2024-07-09 03:42:25.903000+00:00,2024-07-09 06:39:55.852000+00:00,0.09897671810447167,0.014684929548586504,1.0,0.0929897918453706,1.0,0.22740891609822605,0.22740891609822605,4,4
668cb5d1ca82dc6592903396,2024-07-09 04:00:00+00:00,2024-07-09 05:00:00+00:00,3h,2024-07-09 04:00:17.038000+00:00,2024-07-09 06:57:37.838000+00:00,0.3367192316367191,0.05843190512256903,1.0,0.28233740281823116,1.0,0.2915266236371877,0.2915266236371877,1,6
668cb808ca82dc6592903760,2024-07-09 04:00:00+00:00,2024-07-09 05:00:00+00:00,3h,2024-07-09 04:09:44.499000+00:00,2024-07-09 07:03:29.531000+00:00,0.2892558027639628,0.044597062437583206,1.0,0.24362126464486844,1.0,0.2754824903915236,0.2754824903915236,2,6
668cb8e9ca82dc659290378c,2024-07-09 04:00:00+00:00,2024-07-09 05:00:00+00:00,3h,2024-07-09 04:13:29.079000+00:00,2024-07-09 07:09:56.100000+00:00,0.26361721583436926,0.03848296134209677,1.0,0.22772811715810393,1.0,0.2686354002368789,0.2686354002368789,3,6
668cba05ca82dc65929037ad,2024-07-09 04:00:00+00:00,2024-07-09 05:00:00+00:00,3h,2024-07-09 04:18:13.532000+00:00,2024-07-09 07:15:15.648000+00:00,0.23596692033865943,0.032792967670652526,1.0,0.20711760350602215,1.0,0.26109930130359593,0.26109930130359593,4,6
668cbc02ca82dc659290385d,2024-07-09 04:00:00+00:00,2024-07-09 05:00:00+00:00,3h,2024-07-09 04:26:42.982000+00:00,2024-07-09 07:24:52.074000+00:00,0.18682765570733229,0.024625618717893333,1.0,0.1688201437856327,1.0,0.24853939998786256,0.24853939998786256,5,6
668cb615ca82dc65929033d8,2024-07-09 04:00:00+00:00,2024-07-09 05:00:00+00:00,5h,2024-07-09 04:01:25.351000+00:00,2024-07-09 11:00:00+00:00,0.1399441815810366,0.01870036313477278,0.7,0.27778360069143493,1.0,0.20677693801915065,0.20677693801915065,6,6
668cd7b3ca82dc6592904789,2024-07-09 06:00:00+00:00,2024-07-09 07:00:00+00:00,3h,2024-07-09 06:24:51.656000+00:00,2024-07-09 09:20:12.046000+00:00,0.20040549827525406,0.026660055292362986,1.0,0.1773439081616951,1.0,0.25146481480775684,0.25146481480775684,1,1
668ce165ca82dc6592905241,2024-07-09 07:00:00+00:00,2024-07-09 08:00:00+00:00,3h,2024-07-09 07:06:13.847000+00:00,2024-07-09 10:05:08.929000+00:00,0.30052429967465544,0.04756819232893827,1.0,0.258231345167682,1.0,0.28018718443089935,0.28018718443089935,1,2
668ce965ca82dc6592905654,2024-07-09 07:00:00+00:00,2024-07-09 08:00:00+00:00,3h,2024-07-09 07:40:21.642000+00:00,2024-07-09 10:38:29.008000+00:00,0.11025710170307632,0.015697104684477985,1.0,0.10336572677536948,1.0,0.23009140816576068,0.23009140816576068,2,2
668d063fca82dc6592906836,2024-07-09 09:00:00+00:00,2024-07-09 10:00:00+00:00,5h,2024-07-09 09:43:27.817000+00:00,2024-07-10 08:00:00+00:00,0.012372565041657489,0.008786054858728192,0.7,0.0877751710301018,1.0,0.16282666712125726,0.16282666712125726,1,1
668d5efcfa7cccdc55984ec3,2024-07-09 16:00:00+00:00,2024-07-09 17:00:00+00:00,5h,2024-07-09 16:02:04.658000+00:00,2024-07-10 08:00:00+00:00,0.060466660642054124,0.01169072328551998,0.7,0.27515027822687466,1.0,0.20204448961668692,0.20204448961668692,1,4
668d6182fa7cccdc55984f44,2024-07-09 16:00:00+00:00,2024-07-09 17:00:00+00:00,5h,2024-07-09 16:12:50.635000+00:00,2024-07-10 08:00:00+00:00,0.04978702471864677,0.010973065873880658,0.7,0.2304722321203867,1.0,0.19267828594840572,0.19267828594840572,2,4
668d6419fa7cccdc55984f59,2024-07-09 16:00:00+00:00,2024-07-09 17:00:00+00:00,5h,2024-07-09 16:23:53.810000+00:00,2024-07-10 08:00:00+00:00,0.03856750831772637,0.010266038670592996,0.7,0.18173836648662978,1.0,0.18250729649968175,0.18250729649968175,3,4
668d648afa7cccdc55984f62,2024-07-09 16:00:00+00:00,2024-07-09 17:00:00+00:00,5h,2024-07-09 16:25:46.010000+00:00,2024-07-10 08:00:00+00:00,0.036643065016424343,0.01014937812208398,0.7,0.1731932268967169,1.0,0.18072827225259375,0.18072827225259375,4,4
668d78e3fa7cccdc55984f74,2024-07-09 17:00:00+00:00,2024-07-09 18:00:00+00:00,5h,2024-07-09 17:52:35.165000+00:00,2024-07-10 08:00:00+00:00,0.00874887291895037,0.008598713685099768,0.7,0.04035170970676749,1.0,0.15322957015241334,0.15322957015241334,1,1
668de4ddfa7cccdc55984ff9,2024-07-10 01:00:00+00:00,2024-07-10 02:00:00+00:00,5h,2024-07-10 01:33:17.708000+00:00,2024-07-10 09:00:00+00:00,0.059781902234331295,0.01164334800009812,0.7,0.13787962368440532,1.0,0.1745619335369399,0.1745619335369399,1,2
668de562fa7cccdc5598501b,2024-07-10 01:00:00+00:00,2024-07-10 02:00:00+00:00,5h,2024-07-10 01:35:30.370000+00:00,2024-07-10 08:00:00+00:00,0.06370409928551087,0.011917298451533876,0.7,0.127224444506434,1.0,0.17259526797220712,0.17259526797220712,2,2
668df432fa7cccdc55985237,2024-07-10 02:00:00+00:00,2024-07-10 03:00:00+00:00,ban_tai_4h,2024-07-10 02:38:42.898000+00:00,2024-07-10 08:00:00+00:00,0.0662496883608335,0.012098495800149883,0.8,0.11152625816128847,1.0,0.18956434911234765,0.18956434911234765,1,1
668df9e6fa7cccdc55985361,2024-07-10 03:00:00+00:00,2024-07-10 04:00:00+00:00,3h,2024-07-10 03:03:02.482000+00:00,2024-07-10 06:01:26.487000+00:00,0.31927470138513575,0.05293255312487485,1.0,0.2712589712467358,1.0,0.2860113261242721,0.2860113261242721,1,7
668dfc38fa7cccdc55985735,2024-07-10 03:00:00+00:00,2024-07-10 04:00:00+00:00,3h,2024-07-10 03:12:56.467000+00:00,2024-07-10 06:03:28.964000+00:00,0.2759378282739785,0.04131356990551902,1.0,0.23005657490838494,1.0,0.2707994569249884,0.2707994569249884,2,7
668dfcd4fa7cccdc5598577c,2024-07-10 03:00:00+00:00,2024-07-10 04:00:00+00:00,3h,2024-07-10 03:15:32.794000+00:00,2024-07-10 06:13:07.220000+00:00,0.2503378408184542,0.03564079433525393,1.0,0.21883080877906225,1.0,0.26515063835696484,0.26515063835696484,3,7
668dfddcfa7cccdc55985806,2024-07-10 03:00:00+00:00,2024-07-10 04:00:00+00:00,3h,2024-07-10 03:19:56.825000+00:00,2024-07-10 06:17:53.536000+00:00,0.225085702891087,0.030784198117826674,1.0,0.19949796445266,1.0,0.25837011176122804,0.25837011176122804,4,7
668dfe77fa7cccdc55985842,2024-07-10 03:00:00+00:00,2024-07-10 04:00:00+00:00,3h,2024-07-10 03:22:31.668000+00:00,2024-07-10 06:20:15.471000+00:00,0.21083772834138065,0.02833333917924257,1.0,0.18793824510736712,1.0,0.254587652529019,0.254587652529019,5,7
668dff22fa7cccdc55985888,2024-07-10 03:00:00+00:00,2024-07-10 04:00:00+00:00,3h,2024-07-10 03:25:22.216000+00:00,2024-07-10 06:22:37.574000+00:00,0.19536568491629525,0.025886508544110017,1.0,0.17501279957766847,1.0,0.2505344650419997,0.2505344650419997,6,7
668e071ffa7cccdc5598596e,2024-07-10 03:00:00+00:00,2024-07-10 04:00:00+00:00,3h,2024-07-10 03:59:27.333000+00:00,2024-07-10 06:58:08.315000+00:00,0.003047015655841974,0.008311920718604508,1.0,0.0030201523586451673,1.0,0.20559118290289174,0.20559118290289174,7,7
668e080efa7cccdc559859bd,2024-07-10 04:00:00+00:00,2024-07-10 05:00:00+00:00,3h,2024-07-10 04:03:26.254000+00:00,2024-07-10 07:02:05.981000+00:00,0.3165888459659467,0.05213048617461379,1.0,0.2696531646401722,1.0,0.28520892463280273,0.28520892463280273,1,2
668e13e6fa7cccdc55985cc2,2024-07-10 04:00:00+00:00,2024-07-10 05:00:00+00:00,5h,2024-07-10 04:53:58.273000+00:00,2024-07-10 11:00:00+00:00,0.016470790298048963,0.009002807232179427,0.7,0.032938552171642876,1.0,0.1519893947736362,0.1519893947736362,2,2
668e1d3dfa7cccdc55986436,2024-07-10 05:00:00+00:00,2024-07-10 06:00:00+00:00,3h,2024-07-10 05:33:50.006000+00:00,2024-07-10 08:31:00.844000+00:00,0.1476829954515345,0.01957175458076254,1.0,0.13529754580416642,1.0,0.23880256190929083,0.23880256190929083,1,3
668e2026fa7cccdc559865e2,2024-07-10 05:00:00+00:00,2024-07-10 06:00:00+00:00,3h,2024-07-10 05:46:14.584000+00:00,2024-07-10 08:45:34.708000+00:00,0.07671064013760437,0.012872116238840804,1.0,0.07357983691062109,1.0,0.2224392371254287,0.2224392371254287,2,3
668e1a74fa7cccdc55986376,2024-07-10 05:00:00+00:00,2024-07-10 06:00:00+00:00,5h,2024-07-10 05:21:56.899000+00:00,2024-07-10 12:00:00+00:00,0.09559483083875918,0.014394201629623772,0.7,0.19054835393813696,1.0,0.18674619176540164,0.18674619176540164,3,3
668e2488fa7cccdc559868b3,2024-07-10 06:00:00+00:00,2024-07-10 07:00:00+00:00,3h,2024-07-10 06:04:56.915000+00:00,2024-07-10 09:02:47.143000+00:00,0.30956086411649314,0.05008576739263579,1.0,0.263496435791137,1.0,0.28275074759380886,0.28275074759380886,1,2
668e2fe9fa7cccdc55986e2e,2024-07-10 06:00:00+00:00,2024-07-10 07:00:00+00:00,5h,2024-07-10 06:53:29.567000+00:00,2024-07-10 13:00:00+00:00,0.017754675408164996,0.009071794886759656,0.7,0.03550555267547595,1.0,0.15254418746715095,0.15254418746715095,2,2
668e43a3fa7cccdc5598761b,2024-07-10 08:00:00+00:00,2024-07-10 09:00:00+00:00,3h,2024-07-10 08:17:39.541000+00:00,2024-07-10 11:16:44.651000+00:00,0.23642931528853586,0.0328810781410656,1.0,0.20960913115130808,1.0,0.26165047311490097,0.26165047311490097,1,2
668e4830fa7cccdc55987931,2024-07-10 08:00:00+00:00,2024-07-10 09:00:00+00:00,3h,2024-07-10 08:37:04.613000+00:00,2024-07-10 11:35:39.586000+00:00,0.12836121938898026,0.017466791670350125,1.0,0.11957510089556056,1.0,0.2343950951813222,0.2343950951813222,2,2
668ec8a7fa7cccdc55988786,2024-07-10 17:00:00+00:00,2024-07-10 18:00:00+00:00,3h,2024-07-10 17:45:11.447000+00:00,2024-07-11 04:00:00+00:00,0.024087499447321775,0.009419818399126555,1.0,0.07897990650718012,1.0,0.22144787234091198,0.22144787234091198,1,1
668f4c0dfa7cccdc55988876,2024-07-11 03:00:00+00:00,2024-07-11 04:00:00+00:00,3h,2024-07-11 03:05:49.758000+00:00,2024-07-11 06:04:00.847000+00:00,0.3040141186739723,0.0485258770163442,1.0,0.2598839889138852,1.0,0.28109232399258355,0.28109232399258355,1,10
668f4ccafa7cccdc55988882,2024-07-11 03:00:00+00:00,2024-07-11 04:00:00+00:00,3h,2024-07-11 03:08:58.197000+00:00,2024-07-11 06:06:06.619000+00:00,0.2880769130168147,0.04429664941691747,1.0,0.24685708706632925,1.0,0.27594940706341636,0.27594940706341636,2,10
668f4e07fa7cccdc559888bc,2024-07-11 03:00:00+00:00,2024-07-11 04:00:00+00:00,3h,2024-07-11 03:14:15.274000+00:00,2024-07-11 06:10:16.331000+00:00,0.2598912211154622,0.03766422681177364,1.0,0.2244177925893801,1.0,0.2674820946049402,0.2674820946049402,3,10
668f4ea4fa7cccdc559888ee,2024-07-11 03:00:00+00:00,2024-07-11 04:00:00+00:00,3h,2024-07-11 03:16:52.290000+00:00,2024-07-11 06:14:31.233000+00:00,0.2427736033488499,0.03411332708683662,1.0,0.21305961079896119,1.0,0.2630799184118942,0.2630799184118942,4,10
668f4ea0fa7cccdc559888e5,2024-07-11 03:00:00+00:00,2024-07-11 04:00:00+00:00,3h,2024-07-11 03:16:48.081000+00:00,2024-07-11 06:15:49.313000+00:00,0.24130555973467474,0.033824286308603874,1.0,0.21336623920236464,1.0,0.26296781962563526,0.26296781962563526,5,10
668f517ffa7cccdc55988c73,2024-07-11 03:00:00+00:00,2024-07-11 04:00:00+00:00,3h,2024-07-11 03:29:03.054000+00:00,2024-07-11 06:27:06.270000+00:00,0.17381900731015829,0.022818830923442387,1.0,0.15796983877111304,1.0,0.24528526630828804,0.24528526630828804,6,10
668f5215fa7cccdc55988c9e,2024-07-11 03:00:00+00:00,2024-07-11 04:00:00+00:00,3h,2024-07-11 03:31:33.827000+00:00,2024-07-11 06:29:06.183000+00:00,0.16016860495462226,0.021062195285222542,1.0,0.14613227118545657,1.0,0.24186377140822485,0.24186377140822485,7,10
668f528ffa7cccdc55988cb6,2024-07-11 03:00:00+00:00,2024-07-11 04:00:00+00:00,3h,2024-07-11 03:33:35.939000+00:00,2024-07-11 06:31:42.981000+00:00,0.1482225858193502,0.019633975534698155,1.0,0.13642308758254929,1.0,0.2390650028373288,0.2390650028373288,8,10
668f52c7fa7cccdc55988cc6,2024-07-11 03:00:00+00:00,2024-07-11 04:00:00+00:00,3h,2024-07-11 03:34:31.651000+00:00,2024-07-11 06:33:45.849000+00:00,0.14211650185350874,0.01894105067224825,1.0,0.13195680027890067,1.0,0.2377559904591291,0.2377559904591291,9,10
668f5365fa7cccdc55989079,2024-07-11 03:00:00+00:00,2024-07-11 04:00:00+00:00,3h,2024-07-11 03:37:09.501000+00:00,2024-07-11 06:34:34.486000+00:00,0.12874597756596182,0.017506454468207554,1.0,0.11917653692114405,1.0,0.23433918006515336,0.23433918006515336,10,10
668f5c78f50a1c6b75382d5e,2024-07-11 04:00:00+00:00,2024-07-11 05:00:00+00:00,3h,2024-07-11 04:15:52.475000+00:00,2024-07-11 07:15:05.075000+00:00,0.24622184401912095,0.03480164626891399,1.0,0.21740597473523282,1.0,0.26436218270839495,0.26436218270839495,1,2
668f5e62f50a1c6b75382d97,2024-07-11 04:00:00+00:00,2024-07-11 05:00:00+00:00,3h,2024-07-11 04:24:24.257000+00:00,2024-07-11 07:21:57.249000+00:00,0.2004829253603119,0.026672113014028016,1.0,0.17942829585773834,1.0,0.2518889269799645,0.2518889269799645,2,2
668f7a76f50a1c6b75383f20,2024-07-11 06:00:00+00:00,2024-07-11 07:00:00+00:00,3h,2024-07-11 06:23:50.369000+00:00,2024-07-11 09:22:40.631000+00:00,0.20219739275704543,0.02694047004618057,1.0,0.18199903220716052,1.0,0.25256408846914047,0.25256408846914047,1,8
668f7ee7f50a1c6b75384294,2024-07-11 06:00:00+00:00,2024-07-11 07:00:00+00:00,3h,2024-07-11 06:42:47.123000+00:00,2024-07-11 09:23:53.605000+00:00,0.10685138605751296,0.015384485108496571,1.0,0.09120593284878986,1.0,0.22747187763485593,0.22747187763485593,2,8
668f7f70f50a1c6b753845e4,2024-07-11 06:00:00+00:00,2024-07-11 07:00:00+00:00,3h,2024-07-11 06:45:04.374000+00:00,2024-07-11 09:42:50.633000+00:00,0.08396814665760506,0.013437317755634875,1.0,0.07958289191742185,1.0,0.22397896903686532,0.22397896903686532,3,8
668f7febf50a1c6b75384964,2024-07-11 06:00:00+00:00,2024-07-11 07:00:00+00:00,3h,2024-07-11 06:47:07.250000+00:00,2024-07-11 09:45:19.028000+00:00,0.07227516321420066,0.012538309046514234,1.0,0.06905113304538268,1.0,0.2213332120369851,0.2213332120369851,4,8
668f757ff50a1c6b75383b32,2024-07-11 06:00:00+00:00,2024-07-11 07:00:00+00:00,5h,2024-07-11 06:02:39.849000+00:00,2024-07-11 13:00:00+00:00,0.13738539356252283,0.01842070242748433,0.7,0.2727845569303844,1.0,0.20560933284256747,0.20560933284256747,5,8
668f7637f50a1c6b75383b44,2024-07-11 06:00:00+00:00,2024-07-11 07:00:00+00:00,5h,2024-07-11 06:05:43.295000+00:00,2024-07-11 13:00:00+00:00,0.13101917571134225,0.017742598585148792,0.7,0.26032676102674257,1.0,0.2027109113564378,0.2027109113564378,6,8
668f76ecf50a1c6b75383b62,2024-07-11 06:00:00+00:00,2024-07-11 07:00:00+00:00,5h,2024-07-11 06:08:44.039000+00:00,2024-07-11 13:00:00+00:00,0.12465415227394791,0.017089142923642667,0.7,0.24784375477138276,1.0,0.19982223670846216,0.19982223670846216,7,8
668f80fcf50a1c6b75384cf0,2024-07-11 06:00:00+00:00,2024-07-11 07:00:00+00:00,5h,2024-07-11 06:51:40.135000+00:00,2024-07-11 13:00:00+00:00,0.022618463958942736,0.009337926860954596,0.7,0.04522903672489953,1.0,0.15464856346155265,0.15464856346155265,8,8
668fb3e0f50a1c6b75385cc9,2024-07-11 10:00:00+00:00,2024-07-11 11:00:00+00:00,3h,2024-07-11 10:28:48.622000+00:00,2024-07-11 13:27:44.800000+00:00,0.17430579112976702,0.02288404798923126,1.0,0.15909428909020817,1.0,0.2455492866115804,0.2455492866115804,1,1
66901c3ff50a1c6b7538634e,2024-07-11 17:00:00+00:00,2024-07-11 18:00:00+00:00,5h,2024-07-11 17:54:07.470000+00:00,2024-07-12 08:00:00+00:00,0.0069460576645144585,0.008506990552528437,0.7,0.032114676969042355,1.0,0.15152712972532553,0.15152712972532553,1,3
66901c86f50a1c6b75386357,2024-07-11 17:00:00+00:00,2024-07-11 18:00:00+00:00,5h,2024-07-11 17:55:18.880000+00:00,2024-07-12 08:00:00+00:00,0.005546838743895163,0.008436470655270338,0.7,0.025693779151403473,1.0,0.1502006382234429,0.1502006382234429,2,3
66901d49f50a1c6b75386360,2024-07-11 17:00:00+00:00,2024-07-11 18:00:00+00:00,5h,2024-07-11 17:58:33.755000+00:00,2024-07-12 08:00:00+00:00,0.0017082870789855732,0.008245972038226615,0.7,0.007953847565697614,1.0,0.1465383527360755,0.1465383527360755,3,3
66908cf0f50a1c6b75386462,2024-07-12 01:00:00+00:00,2024-07-12 02:00:00+00:00,3h,2024-07-12 01:54:56.836000+00:00,2024-07-12 04:50:50.913000+00:00,0.02872482359186881,0.009683021717896109,1.0,0.027680418239127258,1.0,0.21134589667856313,0.21134589667856313,1,1
669097e0f50a1c6b753865b5,2024-07-12 02:00:00+00:00,2024-07-12 03:00:00+00:00,ban_tai_4h,2024-07-12 02:41:36.264000+00:00,2024-07-12 08:00:00+00:00,0.0577759240391513,0.011505652866425766,0.8,0.09714902984880991,1.0,0.18633319768961748,0.18633319768961748,1,1
6690a3e3f50a1c6b75386904,2024-07-12 03:00:00+00:00,2024-07-12 04:00:00+00:00,3h,2024-07-12 03:32:51.871000+00:00,2024-07-12 06:29:36.131000+00:00,0.1535353716336642,0.020257041863478042,1.0,0.13993962196813592,1.0,0.24014214951171403,0.24014214951171403,1,6
6690a6c9f50a1c6b7538696f,2024-07-12 03:00:00+00:00,2024-07-12 04:00:00+00:00,3h,2024-07-12 03:45:13.441000+00:00,2024-07-12 06:38:50.891000+00:00,0.08510326423452956,0.013527905460362671,1.0,0.0788098432095583,1.0,0.22387871191812928,0.22387871191812928,2,6
6690a829f50a1c6b75386cd2,2024-07-12 03:00:00+00:00,2024-07-12 04:00:00+00:00,3h,2024-07-12 03:51:05.770000+00:00,2024-07-12 06:48:23.087000+00:00,0.05022225059194908,0.01100144223957708,1.0,0.04826223659127382,1.0,0.216253312662001,0.216253312662001,3,6
6690a86ef50a1c6b75387013,2024-07-12 03:00:00+00:00,2024-07-12 04:00:00+00:00,3h,2024-07-12 03:52:26.400000+00:00,2024-07-12 06:51:10.312000+00:00,0.042297997223401315,0.010495974644250504,1.0,0.04113021942751549,1.0,0.2145236286720534,0.2145236286720534,4,6
6690a937f50a1c6b75387372,2024-07-12 03:00:00+00:00,2024-07-12 04:00:00+00:00,3h,2024-07-12 03:55:35.789000+00:00,2024-07-12 06:53:44.738000+00:00,0.024718145815832784,0.009455191711054552,1.0,0.024167163661488855,1.0,0.21050654775893052,0.21050654775893052,5,6
6690aa21f50a1c6b753873ec,2024-07-12 03:00:00+00:00,2024-07-12 04:00:00+00:00,3h,2024-07-12 03:59:29.220000+00:00,2024-07-12 06:57:14.644000+00:00,0.002885961214481487,0.008303959233087762,1.0,0.0028459426054401327,1.0,0.2055515640609407,0.2055515640609407,6,6
6690aabff50a1c6b753874b1,2024-07-12 04:00:00+00:00,2024-07-12 05:00:00+00:00,3h,2024-07-12 04:02:07.863000+00:00,2024-07-12 06:59:47.046000+00:00,0.3257413818676347,0.05491171104998936,1.0,0.27493514043988065,1.0,0.28793405471796973,0.28793405471796973,1,10
6690ab3bf50a1c6b75387500,2024-07-12 04:00:00+00:00,2024-07-12 05:00:00+00:00,3h,2024-07-12 04:04:11.211000+00:00,2024-07-12 07:02:23.470000+00:00,0.3131975198131658,0.051134148870312986,1.0,0.2666066241933708,1.0,0.28400181416086195,0.28400181416086195,2,10
6690ac34f50a1c6b75387594,2024-07-12 04:00:00+00:00,2024-07-12 05:00:00+00:00,3h,2024-07-12 04:08:20.048000+00:00,2024-07-12 07:06:08.643000+00:00,0.29056797075903623,0.044933722173787626,1.0,0.2495127318873246,1.0,0.2768627796817375,0.2768627796817375,3,10
6690acd3f50a1c6b753875d3,2024-07-12 04:00:00+00:00,2024-07-12 05:00:00+00:00,3h,2024-07-12 04:10:59.591000+00:00,2024-07-12 07:08:35.495000+00:00,0.27594176899491585,0.041314506390778556,1.0,0.23834386579332278,1.0,0.2724574769931317,0.2724574769931317,4,10
6690ad4af50a1c6b753875ef,2024-07-12 04:00:00+00:00,2024-07-12 05:00:00+00:00,3h,2024-07-12 04:12:58.057000+00:00,2024-07-12 07:11:53.748000+00:00,0.2628562055297605,0.03831436339915464,1.0,0.22994321378192395,1.0,0.2689772607958776,0.2689772607958776,5,10
6690ae39f50a1c6b75387604,2024-07-12 04:00:00+00:00,2024-07-12 05:00:00+00:00,3h,2024-07-12 04:16:57.236000+00:00,2024-07-12 07:14:50.231000+00:00,0.24199055654012766,0.033958858968690414,1.0,0.2126991387115149,1.0,0.26291514312351727,0.26291514312351727,6,10
6690aed9f50a1c6b75387620,2024-07-12 04:00:00+00:00,2024-07-12 05:00:00+00:00,3h,2024-07-12 04:19:37.473000+00:00,2024-07-12 07:18:49.391000+00:00,0.22531114913636804,0.030824582947499315,1.0,0.2009310611755174,1.0,0.2586809620036031,0.2586809620036031,7,10
6690aee7f50a1c6b75387967,2024-07-12 04:00:00+00:00,2024-07-12 05:00:00+00:00,ban_tai_nhanh,2024-07-12 04:19:51.782000+00:00,2024-07-12 07:19:51.776000+00:00,0.2229832720277437,0.030410042229004577,1.0,0.1998716671749301,1.0,0.2582203587723888,0.2582203587723888,8,10
6690b3d7f50a1c6b75387bfd,2024-07-12 04:00:00+00:00,2024-07-12 05:00:00+00:00,3h,2024-07-12 04:40:55.950000+00:00,2024-07-12 07:39:48.782000+00:00,0.1065934880933569,0.01536106315210956,1.0,0.10051288971026895,1.0,0.22931921583331955,0.22931921583331955,9,10
6690af64f50a1c6b753879af,2024-07-12 04:00:00+00:00,2024-07-12 05:00:00+00:00,5h,2024-07-12 04:21:56.174000+00:00,2024-07-12 11:00:00+00:00,0.0956222843023559,0.014396538711703277,0.7,0.19060269030352972,1.0,0.1867584612877279,0.1867584612877279,10,10
6690bb8cf50a1c6b753880b4,2024-07-12 05:00:00+00:00,2024-07-12 06:00:00+00:00,3h,2024-07-12 05:13:48.981000+00:00,2024-07-12 08:07:47.476000+00:00,0.2654615440252641,0.0388945222840188,1.0,0.22630367963619025,1.0,0.26859744929764934,0.26859744929764934,1,2
6690c07bf50a1c6b753886b4,2024-07-12 05:00:00+00:00,2024-07-12 06:00:00+00:00,3h,2024-07-12 05:34:51.116000+00:00,2024-07-12 08:28:56.758000+00:00,0.14445105432485625,0.019203100115018665,1.0,0.13039090246360907,1.0,0.23760004056173303,0.23760004056173303,2,2
6690cde9f50a1c6b75389015,2024-07-12 06:00:00+00:00,2024-07-12 07:00:00+00:00,3h,2024-07-12 06:32:09.357000+00:00,2024-07-12 09:30:50.004000+00:00,0.15583415814362694,0.02053260073320183,1.0,0.14331857875547782,1.0,0.24098327619101667,0.24098327619101667,1,3
6690d151f50a1c6b7538916e,2024-07-12 06:00:00+00:00,2024-07-12 07:00:00+00:00,3h,2024-07-12 06:46:41.118000+00:00,2024-07-12 09:45:11.255000+00:00,0.07459120270823799,0.012711530337243454,1.0,0.07130096153404475,1.0,0.22188711050915502,0.22188711050915502,2,3
6690d2d7f50a1c6b753891ff,2024-07-12 06:00:00+00:00,2024-07-12 07:00:00+00:00,3h,2024-07-12 06:53:11.846000+00:00,2024-07-12 09:48:59.913000+00:00,0.038694672682682056,0.010273794001507434,1.0,0.03708682965369625,1.0,0.21358164233164373,0.21358164233164373,3,3
6690f3e090b466288b77395c,2024-07-12 09:00:00+00:00,2024-07-12 10:00:00+00:00,3h,2024-07-12 09:14:08.738000+00:00,2024-07-12 12:12:07.467000+00:00,0.25763946252405134,0.03717757554751724,1.0,0.22488702145169903,1.0,0.26728394961885016,0.26728394961885016,1,2
6690f45490b466288b773970,2024-07-12 09:00:00+00:00,2024-07-12 10:00:00+00:00,3h,2024-07-12 09:16:05.038000+00:00,2024-07-12 12:14:38.933000+00:00,0.24593875523327416,0.03474463677988724,1.0,0.21649509980087878,1.0,0.2641458020281081,0.2641458020281081,2,2
6691081090b466288b7742b6,2024-07-12 10:00:00+00:00,2024-07-12 11:00:00+00:00,ban_tai_4h,2024-07-12 10:40:16.712000+00:00,2024-07-13 04:00:00+00:00,0.018968028745134435,0.00913747395491845,0.8,0.10377493031273399,1.0,0.1862374704354979,0.1862374704354979,1,1
66917045407172f67458f141,2024-07-12 18:00:00+00:00,2024-07-12 19:00:00+00:00,5h,2024-07-12 18:04:53.831000+00:00,2024-07-13 08:00:00+00:00,0.06598327243896854,0.012079405279147892,0.7,0.2637067184504637,1.0,0.19998898685758146,0.19998898685758146,1,1
6691ee35407172f67458f318,2024-07-13 03:00:00+00:00,2024-07-13 04:00:00+00:00,3h,2024-07-13 03:02:13.837000+00:00,2024-07-13 06:00:31.768000+00:00,0.32400311798608533,0.05437295888408091,1.0,0.27453396120998286,1.0,0.2875305675724451,0.2875305675724451,1,15
6691eec3407172f67458f66a,2024-07-13 03:00:00+00:00,2024-07-13 04:00:00+00:00,3h,2024-07-13 03:04:35.404000+00:00,2024-07-13 06:02:16.937000+00:00,0.3118309533910367,0.05073777961208599,1.0,0.2649619136605943,1.0,0.28343505049937046,0.28343505049937046,2,15
6691f28f407172f67458f6e4,2024-07-13 03:00:00+00:00,2024-07-13 04:00:00+00:00,3h,2024-07-13 03:20:47.974000+00:00,2024-07-13 06:04:38.538000+00:00,0.23925646585485835,0.03342479217653479,1.0,0.19569778021988016,1.0,0.25919443134989695,0.25919443134989695,3,15
6691f3c3407172f67458fa49,2024-07-13 03:00:00+00:00,2024-07-13 04:00:00+00:00,3h,2024-07-13 03:25:55.539000+00:00,2024-07-13 06:20:50.938000+00:00,0.19479592914952543,0.02580044499104182,1.0,0.17246340111111347,1.0,0.24997294721684782,0.24997294721684782,4,15
6691f52e407172f67458fdf8,2024-07-13 03:00:00+00:00,2024-07-13 04:00:00+00:00,3h,2024-07-13 03:31:58.871000+00:00,2024-07-13 06:25:58.750000+00:00,0.16102954833097202,0.021168967781382088,1.0,0.14414994929270797,1.0,0.24153137052737086,0.24153137052737086,5,15
6691f6cc407172f67458fe89,2024-07-13 03:00:00+00:00,2024-07-13 04:00:00+00:00,3h,2024-07-13 03:38:52.721000+00:00,2024-07-13 06:36:09.570000+00:00,0.11914045221474893,0.016542244748059737,1.0,0.11071779077687083,1.0,0.23206890500421,0.23206890500421,6,15
6691f730407172f67459020f,2024-07-13 03:00:00+00:00,2024-07-13 04:00:00+00:00,3h,2024-07-13 03:40:32.688000+00:00,2024-07-13 06:38:39.978000+00:00,0.10922432160070512,0.015601648373235947,1.0,0.10244820003292354,1.0,0.22985062903052628,0.22985062903052628,7,15
6691f8a2407172f674590285,2024-07-13 03:00:00+00:00,2024-07-13 04:00:00+00:00,3h,2024-07-13 03:46:42.930000+00:00,2024-07-13 06:40:00.722000+00:00,0.07665762115649169,0.01286807477495007,1.0,0.07114513340126316,1.0,0.2219498715452227,0.2219498715452227,8,15
6691f95f407172f674590606,2024-07-13 03:00:00+00:00,2024-07-13 04:00:00+00:00,3h,2024-07-13 03:49:51.502000+00:00,2024-07-13 06:46:59.467000+00:00,0.05725442264817395,0.011470120141719956,1.0,0.0547845682912087,1.0,0.21783898574327373,0.21783898574327373,9,15
6691f9d6407172f674590660,2024-07-13 03:00:00+00:00,2024-07-13 04:00:00+00:00,3h,2024-07-13 03:51:50.891000+00:00,2024-07-13 06:50:13.420000+00:00,0.04570031998978932,0.01071012237211984,1.0,0.04427768190842418,1.0,0.21528160980495675,0.21528160980495675,10,15
6691f563407172f67458fe02,2024-07-13 03:00:00+00:00,2024-07-13 04:00:00+00:00,5h,2024-07-13 03:32:51.992000+00:00,2024-07-13 10:00:00+00:00,0.07008814531147053,0.012376877839404719,0.7,0.13992998605251428,1.0,0.17541212391414568,0.17541212391414568,11,15
6691f5c8407172f67458fe0f,2024-07-13 03:00:00+00:00,2024-07-13 04:00:00+00:00,5h,2024-07-13 03:34:32.658000+00:00,2024-07-13 10:00:00+00:00,0.06604053332198746,0.012083505900670376,0.7,0.13187585951453396,1.0,0.17362527544330902,0.17362527544330902,12,15
6691f629407172f67458fe62,2024-07-13 03:00:00+00:00,2024-07-13 04:00:00+00:00,5h,2024-07-13 03:36:09.550000+00:00,2024-07-13 10:00:00+00:00,0.06211124836900712,0.011805284252740505,0.7,0.12405245859003178,1.0,0.17189366226965067,0.17189366226965067,13,15
6691f697407172f67458fe70,2024-07-13 03:00:00+00:00,2024-07-13 04:00:00+00:00,5h,2024-07-13 03:37:59.612000+00:00,2024-07-13 10:00:00+00:00,0.05760757627663197,0.011494170542839155,0.7,0.11508010141872582,1.0,0.16991252260944864,0.16991252260944864,14,15
6691f934407172f6745905e3,2024-07-13 03:00:00+00:00,2024-07-13 04:00:00+00:00,5h,2024-07-13 03:49:08.066000+00:00,2024-07-13 10:00:00+00:00,0.02929785788507192,0.009716047211829988,0.7,0.058578450395813664,1.0,0.1575453184062607,0.1575453184062607,15,15
66920432407172f674590d29,2024-07-13 04:00:00+00:00,2024-07-13 05:00:00+00:00,3h,2024-07-13 04:36:02.434000+00:00,2024-07-13 07:33:55.826000+00:00,0.13468689241433277,0.018130218003489754,1.0,0.12462942059451598,1.0,0.23580401492099706,0.23580401492099706,1,2
6692064b407172f674590d89,2024-07-13 04:00:00+00:00,2024-07-13 05:00:00+00:00,3h,2024-07-13 04:44:59.224000+00:00,2024-07-13 07:39:58.724000+00:00,0.08579227582265822,0.013583185305008055,1.0,0.0800216898907593,1.0,0.22415424916115673,0.22415424916115673,2,2
66921341407172f674591a1a,2024-07-13 05:00:00+00:00,2024-07-13 06:00:00+00:00,5h,2024-07-13 05:40:17.765000+00:00,2024-07-13 12:00:00+00:00,0.05189284545611964,0.011111039059456707,0.7,0.10368754410843128,1.0,0.16740413225736028,0.16740413225736028,1,1
66921cf1d54b84ac2ddaf73b,2024-07-13 06:00:00+00:00,2024-07-13 07:00:00+00:00,3h,2024-07-13 06:21:37.925000+00:00,2024-07-13 09:19:35.035000+00:00,0.21560843711453753,0.029132110674399078,1.0,0.19196919209497698,1.0,0.25587310482363484,0.25587310482363484,1,1
66923660d54b84ac2ddafe28,2024-07-13 08:00:00+00:00,2024-07-13 09:00:00+00:00,3h,2024-07-13 08:10:08.414000+00:00,2024-07-13 11:09:12.587000+00:00,0.278437996111939,0.04191181634393094,1.0,0.24194452022561774,1.0,0.2735359938514821,0.2735359938514821,1,2
66923fafd54b84ac2ddb00fb,2024-07-13 08:00:00+00:00,2024-07-13 09:00:00+00:00,3h,2024-07-13 08:49:51.709000+00:00,2024-07-13 11:49:20.122000+00:00,0.05648845377680072,0.011418127079759446,1.0,0.05476645148848214,1.0,0.2178041665455521,0.2178041665455521,2,2
6693c6f1d54b84ac2ddb1ada,2024-07-14 12:00:00+00:00,2024-07-14 13:00:00+00:00,ban_tai_4h,2024-07-14 12:39:13.224000+00:00,2024-07-15 04:00:00+00:00,0.022567398322030596,0.00933509292050867,0.8,0.1090279508649854,1.0,0.18740664592530232,0.18740664592530232,1,1
66947d8ed54b84ac2ddb1bc4,2024-07-15 01:00:00+00:00,2024-07-15 02:00:00+00:00,5h,2024-07-15 01:38:23.007000+00:00,2024-07-15 09:00:00+00:00,0.04894868636603406,0.010918610743463609,0.7,0.11316110694086223,1.0,0.1691833878342506,0.1691833878342506,1,2
66948161d54b84ac2ddb1c0a,2024-07-15 01:00:00+00:00,2024-07-15 02:00:00+00:00,5h,2024-07-15 01:54:41.575000+00:00,2024-07-15 09:00:00+00:00,0.012478238762776308,0.00879157836476152,0.7,0.029053389555083187,1.0,0.15108562492987354,0.15108562492987354,2,2
669486afd54b84ac2ddb1ca7,2024-07-15 02:00:00+00:00,2024-07-15 03:00:00+00:00,5h,2024-07-15 02:17:19.317000+00:00,2024-07-15 09:00:00+00:00,0.10598553857107433,0.015305988787356221,0.7,0.21108782630866807,1.0,0.19140115853414733,0.19140115853414733,1,2
6694908ed54b84ac2ddb1f81,2024-07-15 02:00:00+00:00,2024-07-15 03:00:00+00:00,5h,2024-07-15 02:59:26.294000+00:00,2024-07-15 09:00:00+00:00,0.0015580317121809831,0.008238602597148863,0.7,0.0031160608990539185,1.0,0.14556637373810008,0.14556637373810008,2,2
669492ced54b84ac2ddb20ca,2024-07-15 03:00:00+00:00,2024-07-15 04:00:00+00:00,3h,2024-07-15 03:09:02.958000+00:00,2024-07-15 05:44:54.505000+00:00,0.32690227616885204,0.05527431123291038,1.0,0.24652500337414174,1.0,0.2824695874145746,0.2824695874145746,1,12
669492bfd54b84ac2ddb20c3,2024-07-15 03:00:00+00:00,2024-07-15 04:00:00+00:00,3h,2024-07-15 03:08:47.233000+00:00,2024-07-15 05:54:20.072000+00:00,0.3093543547821524,0.05002684945038076,1.0,0.24762127863025818,1.0,0.2795403653962801,0.2795403653962801,2,12
6694926fd54b84ac2ddb20b3,2024-07-15 03:00:00+00:00,2024-07-15 04:00:00+00:00,3h,2024-07-15 03:07:27.561000+00:00,2024-07-15 06:04:09.019000+00:00,0.2973590047708532,0.04671511716302617,1.0,0.25315118209394916,1.0,0.27865930671660555,0.27865930671660555,3,12
669493f6d54b84ac2ddb2ba1,2024-07-15 03:00:00+00:00,2024-07-15 04:00:00+00:00,3h,2024-07-15 03:13:58.669000+00:00,2024-07-15 06:10:15.600000+00:00,0.2610710989794677,0.037921660836874316,1.0,0.2256093340010894,1.0,0.2678748633023425,0.2678748633023425,4,12
669493f1d54b84ac2ddb2842,2024-07-15 03:00:00+00:00,2024-07-15 04:00:00+00:00,3h,2024-07-15 03:13:53.653000+00:00,2024-07-15 06:12:08.876000+00:00,0.2586525778845378,0.03739577799484432,1.0,0.22596891193529156,1.0,0.2676312491839649,0.2676312491839649,5,12
66949521d54b84ac2ddb2c9b,2024-07-15 03:00:00+00:00,2024-07-15 04:00:00+00:00,3h,2024-07-15 03:18:57.234000+00:00,2024-07-15 06:13:57.078000+00:00,0.23455262763903922,0.032524884396669354,1.0,0.20390271947397764,1.0,0.26029547453279717,0.26029547453279717,6,12
66949129d54b84ac2ddb2078,2024-07-15 03:00:00+00:00,2024-07-15 04:00:00+00:00,5h,2024-07-15 03:02:01.426000+00:00,2024-07-15 10:00:00+00:00,0.1387070094176806,0.01856463113707811,0.7,0.2753671637635656,1.0,0.20621221143495996,0.20621221143495996,7,12
669491a1d54b84ac2ddb2081,2024-07-15 03:00:00+00:00,2024-07-15 04:00:00+00:00,5h,2024-07-15 03:04:01.199000+00:00,2024-07-15 10:00:00+00:00,0.13457381225965143,0.01811814396423638,0.7,0.26728619197454173,1.0,0.20432812477345016,0.20432812477345016,8,12
669492d6d54b84ac2ddb242b,2024-07-15 03:00:00+00:00,2024-07-15 04:00:00+00:00,5h,2024-07-15 03:09:10.532000+00:00,2024-07-15 10:00:00+00:00,0.1237133393710566,0.016994583347835424,0.7,0.24599640882061913,1.0,0.19939603177282508,0.19939603177282508,9,12
66949386d54b84ac2ddb24df,2024-07-15 03:00:00+00:00,2024-07-15 04:00:00+00:00,5h,2024-07-15 03:12:06.419000+00:00,2024-07-15 10:00:00+00:00,0.11741563280012027,0.016374722032308147,0.7,0.23361629539858042,1.0,0.19654809229910095,0.19654809229910095,10,12
66949b27d54b84ac2ddb32ed,2024-07-15 03:00:00+00:00,2024-07-15 04:00:00+00:00,5h,2024-07-15 03:44:39.520000+00:00,2024-07-15 10:00:00+00:00,0.04087301869231917,0.010407547935567635,0.7,0.08169860901960424,1.0,0.1625842505652614,0.1625842505652614,11,12
66949b75d54b84ac2ddb330c,2024-07-15 03:00:00+00:00,2024-07-15 04:00:00+00:00,5h,2024-07-15 03:45:57.588000+00:00,2024-07-15 10:00:00+00:00,0.037536607027800754,0.010203380928122965,0.7,0.07503660119414146,1.0,0.16112934879570204,0.16112934879570204,12,12
6694a133d54b84ac2ddb34c7,2024-07-15 04:00:00+00:00,2024-07-15 05:00:00+00:00,3h,2024-07-15 04:10:27.279000+00:00,2024-07-15 07:09:18.930000+00:00,0.2770050013739731,0.041567919664146094,1.0,0.24061922264635616,1.0,0.2730645963277589,0.2730645963277589,1,12
6694a27fd54b84ac2ddb3882,2024-07-15 04:00:00+00:00,2024-07-15 05:00:00+00:00,3h,2024-07-15 04:15:59.511000+00:00,2024-07-15 07:10:33.648000+00:00,0.2520960915443439,0.03600516797076949,1.0,0.21689596310672776,1.0,0.26498229340380725,0.26498229340380725,2,12
6694a2f6d54b84ac2ddb38ba,2024-07-15 04:00:00+00:00,2024-07-15 05:00:00+00:00,3h,2024-07-15 04:17:58.802000+00:00,2024-07-15 07:07:49.075000+00:00,0.24741221358838963,0.03504235560867536,1.0,0.20819826987484868,1.0,0.262665067340175,0.262665067340175,3,12
6694a2e1d54b84ac2ddb38b3,2024-07-15 04:00:00+00:00,2024-07-15 05:00:00+00:00,3h,2024-07-15 04:17:37.124000+00:00,2024-07-15 07:17:02.962000+00:00,0.23619861268579373,0.03283708865543958,1.0,0.209785997908582,1.0,0.26165945277498015,0.26165945277498015,4,12
6694a434d54b84ac2ddb3ccf,2024-07-15 04:00:00+00:00,2024-07-15 05:00:00+00:00,3h,2024-07-15 04:23:16.622000+00:00,2024-07-15 07:18:38.337000+00:00,0.2094124389417505,0.02809885232602091,1.0,0.18455106872992177,1.0,0.2537695251415969,0.2537695251415969,5,12
6694a5ead54b84ac2ddb3dfd,2024-07-15 04:00:00+00:00,2024-07-15 05:00:00+00:00,3h,2024-07-15 04:30:34.761000+00:00,2024-07-15 07:26:45.313000+00:00,0.1669959146882774,0.021923591241651916,1.0,0.15078939037074346,1.0,0.24331203281913985,0.24331203281913985,6,12
6694a748d54b84ac2ddb3e2d,2024-07-15 04:00:00+00:00,2024-07-15 05:00:00+00:00,3h,2024-07-15 04:36:24.284000+00:00,2024-07-15 07:35:08.432000+00:00,0.13201197894695224,0.017846711615012268,1.0,0.12285662351697668,1.0,0.23527935167240271,0.23527935167240271,7,12
6694a906d54b84ac2ddb3fbc,2024-07-15 04:00:00+00:00,2024-07-15 05:00:00+00:00,3h,2024-07-15 04:43:50.580000+00:00,2024-07-15 07:41:11.777000+00:00,0.09110065343212798,0.01401661517253879,1.0,0.08585046064325741,1.0,0.22558006123217475,0.22558006123217475,8,12
6694aa74d54b84ac2ddb4115,2024-07-15 04:00:00+00:00,2024-07-15 05:00:00+00:00,3h,2024-07-15 04:49:56.537000+00:00,2024-07-15 07:47:11.134000+00:00,0.056745262655463105,0.011435532951872631,1.0,0.05434380262083738,1.0,0.21773008029529106,0.21773008029529106,9,12
6694aabbd54b84ac2ddb413a,2024-07-15 04:00:00+00:00,2024-07-15 05:00:00+00:00,3h,2024-07-15 04:51:07.895000+00:00,2024-07-15 07:47:18.169000+00:00,0.05033975467428754,0.011009115840692363,1.0,0.04807495494984215,1.0,0.21622046049438387,0.21622046049438387,10,12
6694a3b3d54b84ac2ddb3c92,2024-07-15 04:00:00+00:00,2024-07-15 05:00:00+00:00,5h,2024-07-15 04:21:07.474000+00:00,2024-07-15 11:00:00+00:00,0.09746259128685371,0.014554057488839813,0.7,0.19424425606418105,1.0,0.18758128570614008,0.18758128570614008,11,12
6694a9ccd54b84ac2ddb402b,2024-07-15 04:00:00+00:00,2024-07-15 05:00:00+00:00,5h,2024-07-15 04:47:08.132000+00:00,2024-07-15 11:00:00+00:00,0.03450172332502588,0.010021110909278357,0.7,0.06897510245004101,1.0,0.15980768703557519,0.15980768703557519,12,12
6694bcb4d54b84ac2ddb49cc,2024-07-15 06:00:00+00:00,2024-07-15 07:00:00+00:00,3h,2024-07-15 06:07:48.306000+00:00,2024-07-15 09:05:05.204000+00:00,0.2944179778728723,0.04593553978704892,1.0,0.25171523132000584,1.0,0.27790437013623054,0.27790437013623054,1,2
6694c66e0dfd3df4a629ee02,2024-07-15 06:00:00+00:00,2024-07-15 07:00:00+00:00,3h,2024-07-15 06:49:18.584000+00:00,2024-07-15 09:48:01.554000+00:00,0.059817009653109175,0.01164577230028029,1.0,0.05766116381378927,1.0,0.21851969614292605,0.21851969614292605,2,2
6694e5e30dfd3df4a629fc4e,2024-07-15 09:00:00+00:00,2024-07-15 10:00:00+00:00,3h,2024-07-15 09:03:31.208000+00:00,2024-07-15 12:02:27.875000+00:00,0.31562793183396676,0.05184633138661672,1.0,0.269318074994249,1.0,0.28497141383081986,0.28497141383081986,1,3
6694e7600dfd3df4a629fd6a,2024-07-15 09:00:00+00:00,2024-07-15 10:00:00+00:00,3h,2024-07-15 09:09:52.339000+00:00,2024-07-15 12:06:49.905000+00:00,0.2832721736789769,0.04309212082399272,1.0,0.2430719903689572,1.0,0.27446967056818705,0.27446967056818705,2,3
6694f2ca0dfd3df4a62a03bc,2024-07-15 09:00:00+00:00,2024-07-15 10:00:00+00:00,3h,2024-07-15 09:58:34.909000+00:00,2024-07-15 12:58:05.057000+00:00,0.007900634234552766,0.008555435746929258,1.0,0.007847839933732503,1.0,0.2067028294349041,0.2067028294349041,3,3
6695e16854401ab379783b63,2024-07-16 02:00:00+00:00,2024-07-16 03:00:00+00:00,3h,2024-07-16 02:56:40.555000+00:00,2024-07-16 05:51:53.392000+00:00,0.018971567808004634,0.009137666212560187,1.0,0.01829765701894115,1.0,0.20914213113132435,0.20914213113132435,1,2
6695e1fc54401ab379783b6e,2024-07-16 02:00:00+00:00,2024-07-16 03:00:00+00:00,3h,2024-07-16 02:59:08.551000+00:00,2024-07-16 05:56:45.942000+00:00,0.00482754175013378,0.008400444344068126,1.0,0.004752467415352957,1.0,0.20599076008951148,0.20599076008951148,2,2
6695e49c54401ab379783bb5,2024-07-16 03:00:00+00:00,2024-07-16 04:00:00+00:00,3h,2024-07-16 03:10:20.339000+00:00,2024-07-16 05:59:11.098000+00:00,0.29412021350029155,0.04585730529938702,1.0,0.2411070383586732,1.0,0.27573579085136685,0.27573579085136685,1,11
6695e51754401ab379783bbe,2024-07-16 03:00:00+00:00,2024-07-16 04:00:00+00:00,3h,2024-07-16 03:12:23.047000+00:00,2024-07-16 06:08:59.737000+00:00,0.2696080568554898,0.03983528927169551,1.0,0.2324354395322349,1.0,0.27038826146946426,0.27038826146946426,2,11
6695e5a054401ab379783bc9,2024-07-16 03:00:00+00:00,2024-07-16 04:00:00+00:00,3h,2024-07-16 03:14:40.275000+00:00,2024-07-16 06:12:47.039000+00:00,0.2544947188877756,0.03650803810985685,1.0,0.22262031189439846,1.0,0.2664288852447938,0.2664288852447938,3,11
6695e62254401ab379783bef,2024-07-16 03:00:00+00:00,2024-07-16 04:00:00+00:00,3h,2024-07-16 03:16:50.650000+00:00,2024-07-16 06:14:43.051000+00:00,0.24262113089641216,0.034083196485647047,1.0,0.2131791000817943,1.0,0.2630857379077471,0.2630857379077471,4,11
6695eb7354401ab379783c3e,2024-07-16 03:00:00+00:00,2024-07-16 04:00:00+00:00,3h,2024-07-16 03:39:31.349000+00:00,2024-07-16 06:38:26.669000+00:00,0.11444940625896574,0.016090520946928175,1.0,0.10753142986325348,1.0,0.23116059854080762,0.23116059854080762,5,11
6695ebdc54401ab379783fdf,2024-07-16 03:00:00+00:00,2024-07-16 04:00:00+00:00,3h,2024-07-16 03:41:16.234000+00:00,2024-07-16 06:39:52.417000+00:00,0.10486625694988598,0.015205100598177644,1.0,0.09882193222252067,1.0,0.22888744680341072,0.22888744680341072,6,11
6695ed2454401ab3797843f5,2024-07-16 03:00:00+00:00,2024-07-16 04:00:00+00:00,3h,2024-07-16 03:46:44.463000+00:00,2024-07-16 06:44:53.059000+00:00,0.07442857789741515,0.012699290561009392,1.0,0.07101327825542292,1.0,0.22182222998769022,0.22182222998769022,7,11
6695ee4854401ab37978481f,2024-07-16 03:00:00+00:00,2024-07-16 04:00:00+00:00,3h,2024-07-16 03:51:36.364000+00:00,2024-07-16 06:47:40.209000+00:00,0.04767544393163664,0.010836416760370088,1.0,0.045562352724771604,1.0,0.21561432060117638,0.21561432060117638,8,11
6695ef1754401ab379784834,2024-07-16 03:00:00+00:00,2024-07-16 04:00:00+00:00,3h,2024-07-16 03:55:03.057000+00:00,2024-07-16 06:53:42.973000+00:00,0.027700123769626554,0.00962424241408802,1.0,0.027120182816616212,1.0,0.21119858201177608,0.21119858201177608,9,11
6695ef8354401ab379784857,2024-07-16 03:00:00+00:00,2024-07-16 04:00:00+00:00,3h,2024-07-16 03:56:51.665000+00:00,2024-07-16 06:55:21.045000+00:00,0.01758598536983467,0.009062700774302613,1.0,0.017287256570543308,1.0,0.20889507177869024,0.20889507177869024,10,11
6695f00354401ab379784871,2024-07-16 03:00:00+00:00,2024-07-16 04:00:00+00:00,3h,2024-07-16 03:58:59.709000+00:00,2024-07-16 06:57:38.107000+00:00,0.00562500104959715,0.008440394665031424,1.0,0.005566946802242789,1.0,0.20617762615946741,0.20617762615946741,11,11
6695f06854401ab37978488e,2024-07-16 04:00:00+00:00,2024-07-16 05:00:00+00:00,3h,2024-07-16 04:00:40.629000+00:00,2024-07-16 06:59:37.888000+00:00,0.3314971726024305,0.05673173520530783,1.0,0.2807680618226125,1.0,0.29019265348770723,0.29019265348770723,1,6
6695f08a54401ab3797848bf,2024-07-16 04:00:00+00:00,2024-07-16 05:00:00+00:00,3h,2024-07-16 04:01:14.153000+00:00,2024-07-16 06:59:14.069000+00:00,0.3301380834830537,0.05629693365099246,1.0,0.2785320440230167,1.0,0.2894845689951988,0.2894845689951988,2,6
6695f0af54401ab37978491a,2024-07-16 04:00:00+00:00,2024-07-16 05:00:00+00:00,3h,2024-07-16 04:01:51.108000+00:00,2024-07-16 07:00:54.704000+00:00,0.3247415483605303,0.05460121438575752,1.0,0.2760591259120049,1.0,0.2879725538138555,0.2879725538138555,3,6
6695f38a54401ab379784b94,2024-07-16 04:00:00+00:00,2024-07-16 05:00:00+00:00,3h,2024-07-16 04:14:02.483000+00:00,2024-07-16 07:12:52.204000+00:00,0.25699801513944304,0.037040055468482165,1.0,0.22533581107723422,1.0,0.2672911954965361,0.2672911954965361,4,6
6695f0d054401ab379784948,2024-07-16 04:00:00+00:00,2024-07-16 05:00:00+00:00,5h,2024-07-16 04:02:24.412000+00:00,2024-07-16 11:00:00+00:00,0.13791685910544188,0.01847844884033196,0.7,0.27382326115688294,1.0,0.20585172153557574,0.20585172153557574,5,6
6695fd5054401ab379784e5d,2024-07-16 04:00:00+00:00,2024-07-16 05:00:00+00:00,5h,2024-07-16 04:55:44.821000+00:00,2024-07-16 11:00:00+00:00,0.011675905285424566,0.008749726828172467,0.7,0.023350736934914296,1.0,0.14991998348388633,0.14991998348388633,6,6
6695fe5754401ab379784ec1,2024-07-16 05:00:00+00:00,2024-07-16 06:00:00+00:00,ban_tai_nhanh,2024-07-16 05:00:07.829000+00:00,2024-07-16 08:00:07.816000+00:00,0.33260882628840205,0.05708972146687536,1.0,0.2829490822607489,1.0,0.290843649332275,0.290843649332275,1,2
6695fe9b54401ab379784ed4,2024-07-16 05:00:00+00:00,2024-07-16 06:00:00+00:00,ban_tai_nhanh,2024-07-16 05:01:15.330000+00:00,2024-07-16 08:01:15.324000+00:00,0.32635851464361926,0.05510418992106095,1.0,0.2784534130917531,1.0,0.2887531965709872,0.2887531965709872,2,2
669621c66d35576f41422988,2024-07-16 07:00:00+00:00,2024-07-16 08:00:00+00:00,3h,2024-07-16 07:31:18.803000+00:00,2024-07-16 10:29:40.473000+00:00,0.160834430514116,0.02114472334146508,1.0,0.14731927025520986,1.0,0.24215068805592105,0.24215068805592105,1,1
6696351b6d35576f41422dbb,2024-07-16 08:00:00+00:00,2024-07-16 09:00:00+00:00,3h,2024-07-16 08:53:47.627000+00:00,2024-07-16 11:52:55.446000+00:00,0.03464637802329942,0.010029725017017814,1.0,0.03389135435445034,1.0,0.21279610588110076,0.21279610588110076,1,2
669636516d35576f41422e04,2024-07-16 08:00:00+00:00,2024-07-16 09:00:00+00:00,3h,2024-07-16 08:58:57.424000+00:00,2024-07-16 11:53:55.845000+00:00,0.00596051539560092,0.008457259175839716,1.0,0.005777320799075225,1.0,0.2062298196653189,0.2062298196653189,2,2
669638af6d35576f41422e7b,2024-07-16 09:00:00+00:00,2024-07-16 10:00:00+00:00,3h,2024-07-16 09:09:03.500000+00:00,2024-07-16 12:08:13.869000+00:00,0.2843158220894557,0.04335107110499411,1.0,0.24648718914305456,1.0,0.2753080804916074,0.2753080804916074,1,1
6696681ac7250ec426d88905,2024-07-16 12:00:00+00:00,2024-07-16 13:00:00+00:00,5h,2024-07-16 12:31:22.640000+00:00,2024-07-17 08:00:00+00:00,0.024492650607495774,0.009442528471451096,0.7,0.14701627792035754,1.0,0.17506877266694215,0.17506877266694215,1,1
6696b387c7250ec426d899a0,2024-07-16 17:00:00+00:00,2024-07-16 18:00:00+00:00,3h,2024-07-16 17:53:11.520000+00:00,2024-07-17 04:00:00+00:00,0.01121936427996994,0.008726000825958242,1.0,0.03711589492738787,1.0,0.21265877948105252,0.21265877948105252,1,3
6696b104c7250ec426d89997,2024-07-16 17:00:00+00:00,2024-07-16 18:00:00+00:00,5h,2024-07-16 17:42:28.704000+00:00,2024-07-17 08:00:00+00:00,0.020432838076615212,0.009217392348988085,0.7,0.09275452656131233,1.0,0.1640813407216553,0.1640813407216553,2,3
6696b4d6c7250ec426d89a31,2024-07-16 17:00:00+00:00,2024-07-16 18:00:00+00:00,5h,2024-07-16 17:58:46.318000+00:00,2024-07-17 08:00:00+00:00,0.0014598102829113994,0.008233788748876581,0.7,0.006799187620946556,1.0,0.14630011077351524,0.14630011077351524,3,3
6696b597c7250ec426d89a42,2024-07-16 18:00:00+00:00,2024-07-16 19:00:00+00:00,5h,2024-07-16 18:01:59.871000+00:00,2024-07-17 08:00:00+00:00,0.0692147985539178,0.012312988111626342,0.7,0.27547148996215653,1.0,0.2024820908594071,0.2024820908594071,1,8
6696b6e1c7250ec426d89a4b,2024-07-16 18:00:00+00:00,2024-07-16 19:00:00+00:00,5h,2024-07-16 18:07:29.305000+00:00,2024-07-17 08:00:00+00:00,0.06307609934156072,0.01187301071560646,0.7,0.2530305701023515,1.0,0.19772992044983417,0.19772992044983417,2,8
6696b7e6c7250ec426d89adc,2024-07-16 18:00:00+00:00,2024-07-16 19:00:00+00:00,5h,2024-07-16 18:11:50.978000+00:00,2024-07-17 08:00:00+00:00,0.05814205801836873,0.011530664546861137,0.7,0.23471122830033408,1.0,0.19386064438818348,0.19386064438818348,3,8
6696b907c7250ec426d89ae5,2024-07-16 18:00:00+00:00,2024-07-16 19:00:00+00:00,5h,2024-07-16 18:16:39.330000+00:00,2024-07-17 08:00:00+00:00,0.052644427697033265,0.011160696890469066,0.7,0.2140033728954931,1.0,0.18949709271338003,0.18949709271338003,4,8
6696ba77c7250ec426d89aee,2024-07-16 18:00:00+00:00,2024-07-16 19:00:00+00:00,5h,2024-07-16 18:22:47.305000+00:00,2024-07-17 08:00:00+00:00,0.045534821204504465,0.010699606311811617,0.7,0.18676163336845708,1.0,0.1837720904607784,0.1837720904607784,5,8
6696bb32c7250ec426d89af7,2024-07-16 18:00:00+00:00,2024-07-16 19:00:00+00:00,5h,2024-07-16 18:25:54.556000+00:00,2024-07-17 08:00:00+00:00,0.041875840047640875,0.010469700571968487,0.7,0.17253871883865812,1.0,0.1807895641109127,0.1807895641109127,6,8
6696bc45c7250ec426d89b88,2024-07-16 18:00:00+00:00,2024-07-16 19:00:00+00:00,5h,2024-07-16 18:30:29.614000+00:00,2024-07-17 08:00:00+00:00,0.03644990591592169,0.010137741444976273,0.7,0.1511940057084734,1.0,0.17632144600868044,0.17632144600868044,7,8
6696bd0ec7250ec426d89b91,2024-07-16 18:00:00+00:00,2024-07-16 19:00:00+00:00,5h,2024-07-16 18:33:50.516000+00:00,2024-07-17 08:00:00+00:00,0.03244781358428384,0.009899589035446642,0.7,0.13525671166858655,1.0,0.17299109575498528,0.17299109575498528,8,8
66972fa1c7250ec426d8a8f6,2024-07-17 02:00:00+00:00,2024-07-17 03:00:00+00:00,5h,2024-07-17 02:42:41.320000+00:00,2024-07-17 09:00:00+00:00,0.04588076689983692,0.0107215999112578,0.7,0.09169411020047935,1.0,0.16477178198685055,0.16477178198685055,1,1
669773e7c7250ec426d8bea5,2024-07-17 07:00:00+00:00,2024-07-17 08:00:00+00:00,3h,2024-07-17 07:33:59.151000+00:00,2024-07-17 10:30:10.907000+00:00,0.14764330542626977,0.01956718550336314,1.0,0.13456504091068866,1.0,0.23865331948415563,0.23865331948415563,1,1
6697857bc7250ec426d8c2d7,2024-07-17 08:00:00+00:00,2024-07-17 09:00:00+00:00,3h,2024-07-17 08:48:59.138000+00:00,2024-07-17 11:41:21.587000+00:00,0.06389801873811511,0.011931006965927943,1.0,0.05935637062549037,1.0,0.21902987830465487,0.21902987830465487,1,1
66978cb1c7250ec426d8c356,2024-07-17 09:00:00+00:00,2024-07-17 10:00:00+00:00,3h,2024-07-17 09:19:45.943000+00:00,2024-07-17 12:16:54.305000+00:00,0.22713349432396074,0.03115291313034207,1.0,0.20030413815850034,1.0,0.2587525755099053,0.2587525755099053,1,1
6697f83bc7250ec426d8cea5,2024-07-17 16:00:00+00:00,2024-07-17 17:00:00+00:00,3h,2024-07-17 16:58:35.637000+00:00,2024-07-18 04:00:00+00:00,0.0021258499222981102,0.008266486214987117,1.0,0.007780959274768184,1.0,0.20651608358394594,0.20651608358394594,1,3
6697f42fc7250ec426d8ce8f,2024-07-17 16:00:00+00:00,2024-07-17 17:00:00+00:00,5h,2024-07-17 16:41:19.853000+00:00,2024-07-18 08:00:00+00:00,0.020321916050042466,0.009211316406599177,0.7,0.09851990352643825,1.0,0.16523077054924715,0.16523077054924715,2,3
6697f672c7250ec426d8ce98,2024-07-17 16:00:00+00:00,2024-07-17 17:00:00+00:00,5h,2024-07-17 16:50:58.172000+00:00,2024-07-18 08:00:00+00:00,0.00993417382343694,0.008659552592321694,0.7,0.04893156626208961,1.0,0.15498204480781091,0.15498204480781091,3,3
6697fa2fc7250ec426d8cf3b,2024-07-17 17:00:00+00:00,2024-07-17 18:00:00+00:00,5h,2024-07-17 17:06:55.402000+00:00,2024-07-18 08:00:00+00:00,0.05943121939628996,0.01161915937739489,0.7,0.25537175503028775,1.0,0.19804584663249447,0.19804584663249447,1,7
6697fb29c7250ec426d8cf44,2024-07-17 17:00:00+00:00,2024-07-17 18:00:00+00:00,5h,2024-07-17 17:11:05.474000+00:00,2024-07-18 08:00:00+00:00,0.05502113208993364,0.011319176755206476,0.7,0.2379288617506281,1.0,0.1943772784032495,0.1943772784032495,2,7
6697fbc8c7250ec426d8cf4d,2024-07-17 17:00:00+00:00,2024-07-17 18:00:00+00:00,5h,2024-07-17 17:13:44.508000+00:00,2024-07-18 08:00:00+00:00,0.0521949472512638,0.011130972931575979,0.7,0.22662405251374473,1.0,0.19200339426169452,0.19200339426169452,3,7
6697fcdec7250ec426d8cf56,2024-07-17 17:00:00+00:00,2024-07-17 18:00:00+00:00,5h,2024-07-17 17:18:22.576000+00:00,2024-07-18 08:00:00+00:00,0.04721258260137583,0.010806688732109987,0.7,0.20645335983152524,1.0,0.187774685205571,0.187774685205571,4,7
6697fdd2c7250ec426d8cfec,2024-07-17 17:00:00+00:00,2024-07-17 18:00:00+00:00,5h,2024-07-17 17:22:26.052000+00:00,2024-07-18 08:00:00+00:00,0.0428068185884181,0.010527729203819142,0.7,0.18836040744818994,1.0,0.18398871901192945,0.18398871901192945,5,7
6697ff69c7250ec426d8d082,2024-07-17 17:00:00+00:00,2024-07-17 18:00:00+00:00,5h,2024-07-17 17:29:13.582000+00:00,2024-07-18 08:00:00+00:00,0.035340566314038986,0.010071165641881782,0.7,0.15714861508995248,1.0,0.17747242240311956,0.17747242240311956,6,7
66980075c7250ec426d8d08b,2024-07-17 17:00:00+00:00,2024-07-17 18:00:00+00:00,5h,2024-07-17 17:33:41.684000+00:00,2024-07-18 08:00:00+00:00,0.030364892929582405,0.009777840763091836,0.7,0.13596359043899708,1.0,0.1730594225456545,0.1730594225456545,7,7
66980c97c7250ec426d8d13a,2024-07-17 18:00:00+00:00,2024-07-17 19:00:00+00:00,5h,2024-07-17 18:25:27.502000+00:00,2024-07-18 08:00:00+00:00,0.04240622200240307,0.01050272079974519,0.7,0.17460891534429956,1.0,0.18122341554870702,0.18122341554870702,1,1
66987deec7250ec426d8d51f,2024-07-18 02:00:00+00:00,2024-07-18 03:00:00+00:00,3h,2024-07-18 02:29:02.480000+00:00,2024-07-18 05:19:48.441000+00:00,0.18129290166144493,0.02384044391491368,1.0,0.15801458992563622,1.0,0.24590718433407546,0.24590718433407546,1,9
66987ed9c7250ec426d8d543,2024-07-18 02:00:00+00:00,2024-07-18 03:00:00+00:00,3h,2024-07-18 02:32:57.898000+00:00,2024-07-18 05:30:18.632000+00:00,0.15244267923622562,0.020127332308851345,1.0,0.13945952654856342,1.0,0.2399683046950235,0.2399683046950235,2,9
66987f26c7250ec426d8d8d1,2024-07-18 02:00:00+00:00,2024-07-18 03:00:00+00:00,3h,2024-07-18 02:34:14.273000+00:00,2024-07-18 05:33:45.505000+00:00,0.14350512550467764,0.019096495627168534,1.0,0.13335242295549565,1.0,0.23812838196740027,0.23812838196740027,3,9
6698804cc7250ec426d8d913,2024-07-18 02:00:00+00:00,2024-07-18 03:00:00+00:00,3h,2024-07-18 02:39:08.778000+00:00,2024-07-18 05:33:02.913000+00:00,0.11991621730023619,0.016618139061888013,1.0,0.10939465887263566,1.0,0.23184981521165995,0.23184981521165995,4,9
6698819ec7250ec426d8dcfc,2024-07-18 02:00:00+00:00,2024-07-18 03:00:00+00:00,3h,2024-07-18 02:44:46.263000+00:00,2024-07-18 05:39:19.622000+00:00,0.08724393005147632,0.013700382612200272,1.0,0.08112508682439579,1.0,0.22444524693219933,0.22444524693219933,5,9
66988296c7250ec426d8e0b4,2024-07-18 02:00:00+00:00,2024-07-18 03:00:00+00:00,3h,2024-07-18 02:48:54.231000+00:00,2024-07-18 05:44:49.619000+00:00,0.06307385384601684,0.011872852651153312,1.0,0.059783656723963685,1.0,0.21908044293548473,0.21908044293548473,6,9
66988324c7250ec426d8e0c8,2024-07-18 02:00:00+00:00,2024-07-18 03:00:00+00:00,3h,2024-07-18 02:51:16.650000+00:00,2024-07-18 05:48:57.212000+00:00,0.04909215855599358,0.010927911135349083,1.0,0.04730296581138971,1.0,0.2160173398434874,0.2160173398434874,7,9
669883b2c7250ec426d8e0d2,2024-07-18 02:00:00+00:00,2024-07-18 03:00:00+00:00,3h,2024-07-18 02:53:38.510000+00:00,2024-07-18 05:51:20.950000+00:00,0.035778864875206796,0.010097417779274314,1.0,0.034706566933428884,1.0,0.21299976405425036,0.21299976405425036,8,9
669884d8c7250ec426d8e12a,2024-07-18 02:00:00+00:00,2024-07-18 03:00:00+00:00,3h,2024-07-18 02:58:32.429000+00:00,2024-07-18 05:53:41.538000+00:00,0.008332866278197324,0.008577461582969705,1.0,0.008075641310810844,1.0,0.206761605211944,0.206761605211944,9,9
66988a97c7250ec426d8e2b0,2024-07-18 03:00:00+00:00,2024-07-18 04:00:00+00:00,3h,2024-07-18 03:23:03.023000+00:00,2024-07-18 06:13:40.885000+00:00,0.21654687277480397,0.029291786677939812,1.0,0.1855772086663655,1.0,0.254690513740037,0.254690513740037,1,3
66988b01c7250ec426d8e2bd,2024-07-18 03:00:00+00:00,2024-07-18 04:00:00+00:00,3h,2024-07-18 03:24:49.809000+00:00,2024-07-18 06:23:48.530000+00:00,0.19650300999532438,0.026059141845143047,1.0,0.17748458555820867,1.0,0.25113240221872757,0.25113240221872757,2,3
66988bdec7250ec426d8e2f7,2024-07-18 03:00:00+00:00,2024-07-18 04:00:00+00:00,3h,2024-07-18 03:28:30.599000+00:00,2024-07-18 06:27:15.270000+00:00,0.17617332969934463,0.023135945146642287,1.0,0.16049641916597313,1.0,0.24598085092118002,0.24598085092118002,3,3
66989c47c7250ec426d8e7ea,2024-07-18 04:00:00+00:00,2024-07-18 05:00:00+00:00,5h,2024-07-18 04:38:31.383000+00:00,2024-07-18 11:00:00+00:00,0.056299469732050654,0.011405334936219464,0.7,0.11247304733072905,1.0,0.1693378104278775,0.1693378104278775,1,3
66989ef7c7250ec426d8ec2b,2024-07-18 04:00:00+00:00,2024-07-18 05:00:00+00:00,5h,2024-07-18 04:49:59.390000+00:00,2024-07-18 11:00:00+00:00,0.027053761135392224,0.00958734734202776,0.7,0.054093958776608275,1.0,0.1565712001605383,0.1565712001605383,2,3
66989f7ac7250ec426d8ec97,2024-07-18 04:00:00+00:00,2024-07-18 05:00:00+00:00,5h,2024-07-18 04:52:10.323000+00:00,2024-07-18 11:00:00+00:00,0.02128155296518386,0.009264013750959773,0.7,0.04255654175396295,1.0,0.15406971660136842,0.15406971660136842,3,3
6698a6c8c7250ec426d8f6d5,2024-07-18 05:00:00+00:00,2024-07-18 06:00:00+00:00,3h,2024-07-18 05:23:20.667000+00:00,2024-07-18 08:04:28.979000+00:00,0.22747848848899374,0.031215450330407766,1.0,0.18424559570143828,1.0,0.25557838933853233,0.25557838933853233,1,3
6698a9cfc7250ec426d8f9a6,2024-07-18 05:00:00+00:00,2024-07-18 06:00:00+00:00,3h,2024-07-18 05:36:15.163000+00:00,2024-07-18 08:35:33.022000+00:00,0.1324461493685686,0.01789243038569281,1.0,0.12359709086514714,1.0,0.23545487640444512,0.23545487640444512,2,3
6698a53bc7250ec426d8f5fc,2024-07-18 05:00:00+00:00,2024-07-18 06:00:00+00:00,5h,2024-07-18 05:16:43.144000+00:00,2024-07-18 12:00:00+00:00,0.10732204216944549,0.015427320136387113,0.7,0.2137257506241702,1.0,0.1920015422066663,0.1920015422066663,3,3
6698b69ac7250ec426d8ff7d,2024-07-18 06:00:00+00:00,2024-07-18 07:00:00+00:00,3h,2024-07-18 06:30:50.337000+00:00,2024-07-18 09:29:23.732000+00:00,0.1633154569583218,0.02145503774518525,1.0,0.14956375635232422,1.0,0.242785773917576,0.242785773917576,1,1
6698bf2ec7250ec426d90373,2024-07-18 07:00:00+00:00,2024-07-18 08:00:00+00:00,3h,2024-07-18 07:07:26.041000+00:00,2024-07-18 10:06:29.124000+00:00,0.2935804368261885,0.045715807870764,1.0,0.2532562867533753,1.0,0.2780807420731335,0.2780807420731335,1,1
6698e1e9c7250ec426d91a79,2024-07-18 09:00:00+00:00,2024-07-18 10:00:00+00:00,3h,2024-07-18 09:35:37.647000+00:00,2024-07-18 12:34:36.773000+00:00,0.13617057849959113,0.018289370808598444,1.0,0.126636173404456,1.0,0.2363008571660503,0.2363008571660503,1,1
66994c58c7250ec426d9260f,2024-07-18 17:00:00+00:00,2024-07-18 18:00:00+00:00,3h,2024-07-18 17:09:44.623000+00:00,2024-07-19 04:00:00+00:00,0.07728688614235356,0.01291612247112007,1.0,0.24361258024657073,1.0,0.2564721895319862,0.2564721895319862,1,1
6699b878c7250ec426d92636,2024-07-19 00:00:00+00:00,2024-07-19 01:00:00+00:00,5h,2024-07-19 00:51:04.535000+00:00,2024-07-19 08:00:00+00:00,0.02080650184482775,0.009237889647900224,0.7,0.048371063344607945,1.0,0.1552169464576617,0.1552169464576617,1,1
6699d3ccc7250ec426d9288f,2024-07-19 02:00:00+00:00,2024-07-19 03:00:00+00:00,3h,2024-07-19 02:47:40.435000+00:00,2024-07-19 05:46:11.495000+00:00,0.06904685437295656,0.012300739535477292,1.0,0.06618622102142313,1.0,0.22061768792557102,0.22061768792557102,1,7
6699d4cec7250ec426d92c4d,2024-07-19 02:00:00+00:00,2024-07-19 03:00:00+00:00,3h,2024-07-19 02:51:58.677000+00:00,2024-07-19 05:49:12.232000+00:00,0.045264542290889546,0.01068245430934961,1.0,0.04358842849084921,1.0,0.2151271582837796,0.2151271582837796,2,7
6699d4d1c7250ec426d92c54,2024-07-19 02:00:00+00:00,2024-07-19 03:00:00+00:00,3h,2024-07-19 02:52:02.016000+00:00,2024-07-19 05:50:03.712000+00:00,0.044747950138255194,0.010649746814420331,1.0,0.04329269219977827,1.0,0.21504838652860786,0.21504838652860786,3,7
6699d580c7250ec426d93221,2024-07-19 02:00:00+00:00,2024-07-19 03:00:00+00:00,3h,2024-07-19 02:54:56.038000+00:00,2024-07-19 05:53:22.528000+00:00,0.02839044355339612,0.009663801886757736,1.0,0.02775225919851143,1.0,0.21134873297175694,0.21134873297175694,4,7
6699d5f2c7250ec426d934f3,2024-07-19 02:00:00+00:00,2024-07-19 03:00:00+00:00,3h,2024-07-19 02:56:50.482000+00:00,2024-07-19 05:55:57.004000+00:00,0.01763528702588614,0.009065357701449006,1.0,0.017394894117460424,1.0,0.2089181934443615,0.2089181934443615,5,7
6699d657c7250ec426d934fd,2024-07-19 02:00:00+00:00,2024-07-19 03:00:00+00:00,3h,2024-07-19 02:58:31.011000+00:00,2024-07-19 05:54:58.336000+00:00,0.008405239283766202,0.008581155083004716,1.0,0.008205868755935097,1.0,0.20678986680098987,0.20678986680098987,6,7
6699d51fc7250ec426d92e50,2024-07-19 02:00:00+00:00,2024-07-19 03:00:00+00:00,5h,2024-07-19 02:53:19.727000+00:00,2024-07-19 09:00:00+00:00,0.018194001501708638,0.009095521501531227,0.7,0.036383914079858304,1.0,0.1527340957168904,0.1527340957168904,7,7
6699d707c7250ec426d93589,2024-07-19 03:00:00+00:00,2024-07-19 04:00:00+00:00,3h,2024-07-19 03:01:27.636000+00:00,2024-07-19 06:00:58.465000+00:00,0.3260996901909779,0.055023387371799376,1.0,0.27763078225983107,1.0,0.28854018887504584,0.28854018887504584,1,4
6699d732c7250ec426d93591,2024-07-19 03:00:00+00:00,2024-07-19 04:00:00+00:00,3h,2024-07-19 03:02:11.022000+00:00,2024-07-19 06:00:04.193000+00:00,0.3250184973144345,0.0546870543976177,1.0,0.27472302794851977,1.0,0.2877568382282746,0.2877568382282746,2,4
6699dcaec7250ec426d939dd,2024-07-19 03:00:00+00:00,2024-07-19 04:00:00+00:00,3h,2024-07-19 03:25:34.751000+00:00,2024-07-19 06:21:51.987000+00:00,0.19525412877239381,0.025869635634995197,1.0,0.17405472382438014,1.0,0.25033272614587315,0.25033272614587315,3,4
6699dbc4c7250ec426d939c8,2024-07-19 03:00:00+00:00,2024-07-19 04:00:00+00:00,5h,2024-07-19 03:21:40.310000+00:00,2024-07-19 10:00:00+00:00,0.09622258698752997,0.014447735373590875,0.7,0.19179073225401577,1.0,0.18702678767495767,0.18702678767495767,4,4
6699eba3c7250ec426d9432a,2024-07-19 04:00:00+00:00,2024-07-19 05:00:00+00:00,3h,2024-07-19 04:29:23.433000+00:00,2024-07-19 07:28:54.848000+00:00,0.17050378246497788,0.022379475746451164,1.0,0.1563794746438324,1.0,0.2447035803766372,0.2447035803766372,1,1
6699f392c7250ec426d9499a,2024-07-19 05:00:00+00:00,2024-07-19 06:00:00+00:00,3h,2024-07-19 05:03:14.220000+00:00,2024-07-19 08:01:46.948000+00:00,0.3179190211867603,0.05252626565521663,1.0,0.27046650714258336,1.0,0.28560906082164667,0.28560906082164667,1,1
669a0b89c7250ec426d95e6b,2024-07-19 06:00:00+00:00,2024-07-19 07:00:00+00:00,3h,2024-07-19 06:45:29.842000+00:00,2024-07-19 09:43:57.595000+00:00,0.08126429513269497,0.01322394093455643,1.0,0.07740985084908591,1.0,0.22341633473055103,0.22341633473055103,1,1
669a3628c7250ec426d96a85,2024-07-19 09:00:00+00:00,2024-07-19 10:00:00+00:00,3h,2024-07-19 09:47:20.443000+00:00,2024-07-19 12:46:49.320000+00:00,0.07053260985337655,0.01240951824784329,1.0,0.06791321516123361,1.0,0.2210283539809527,0.2210283539809527,1,1
669aac06c7250ec426d96ea0,2024-07-19 18:00:00+00:00,2024-07-19 19:00:00+00:00,5h,2024-07-19 18:10:15.002000+00:00,2024-07-20 08:00:00+00:00,0.059957780855992,0.011655498095890757,0.7,0.24148196531805166,1.0,0.19528969192114476,0.19528969192114476,1,7
669aad30c7250ec426d96ea9,2024-07-19 18:00:00+00:00,2024-07-19 19:00:00+00:00,5h,2024-07-19 18:15:12.389000+00:00,2024-07-20 08:00:00+00:00,0.054308764268293334,0.011271443652848408,0.7,0.22030531886430127,1.0,0.1908239299645693,0.1908239299645693,2,7
669aaf05c7250ec426d96eb2,2024-07-19 18:00:00+00:00,2024-07-19 19:00:00+00:00,5h,2024-07-19 18:23:01.401000+00:00,2024-07-20 08:00:00+00:00,0.04526035107612929,0.010682188547537321,0.7,0.18569951371966753,1.0,0.18354921587245587,0.18354921587245587,3,7
669ab220c7250ec426d96ec5,2024-07-19 18:00:00+00:00,2024-07-19 19:00:00+00:00,5h,2024-07-19 18:36:16.208000+00:00,2024-07-20 08:00:00+00:00,0.02952467943624176,0.00972915033228834,0.7,0.12351228666611702,1.0,0.17053994753259638,0.17053994753259638,4,7
669ab30fc7250ec426d96f6a,2024-07-19 18:00:00+00:00,2024-07-19 19:00:00+00:00,5h,2024-07-19 18:40:15.750000+00:00,2024-07-20 08:00:00+00:00,0.024679973116178745,0.009453046846869706,0.7,0.10385475717567372,1.0,0.16644277954325656,0.16644277954325656,5,7
669ab431c7250ec426d96f73,2024-07-19 18:00:00+00:00,2024-07-19 19:00:00+00:00,5h,2024-07-19 18:45:05.336000+00:00,2024-07-20 08:00:00+00:00,0.018758157096986784,0.009126079956264441,0.7,0.0795009029642666,1.0,0.16137582856661195,0.16137582856661195,6,7
669ab596c7250ec426d96f7c,2024-07-19 18:00:00+00:00,2024-07-19 19:00:00+00:00,5h,2024-07-19 18:51:02.734000+00:00,2024-07-20 08:00:00+00:00,0.011349747152697832,0.008732770187030864,0.7,0.04852974305015145,1.0,0.1549456107222488,0.1549456107222488,7,7
669b2bd8c7250ec426d97784,2024-07-20 03:00:00+00:00,2024-07-20 04:00:00+00:00,3h,2024-07-20 03:15:36.933000+00:00,2024-07-20 06:13:33.343000+00:00,0.24943468825194987,0.03545501129598417,1.0,0.21853137554573265,1.0,0.26497928188673703,0.26497928188673703,1,10
669b2de9c7250ec426d977cf,2024-07-20 03:00:00+00:00,2024-07-20 04:00:00+00:00,3h,2024-07-20 03:24:25.258000+00:00,2024-07-20 06:15:47.753000+00:00,0.20760933995105274,0.0278049075697709,1.0,0.1793522374926948,1.0,0.2525533920404015,0.2525533920404015,2,10
669b2f46c7250ec426d9782e,2024-07-20 03:00:00+00:00,2024-07-20 04:00:00+00:00,3h,2024-07-20 03:30:15.442000+00:00,2024-07-20 06:27:32.413000+00:00,0.16776937720334106,0.022023324230870618,1.0,0.1523070973250389,1.0,0.24367541400353016,0.24367541400353016,3,10
669b3033c7250ec426d97bf1,2024-07-20 03:00:00+00:00,2024-07-20 04:00:00+00:00,3h,2024-07-20 03:34:11.113000+00:00,2024-07-20 06:30:50.632000+00:00,0.14612804599906845,0.01939352996009326,1.0,0.13360596052351126,1.0,0.23835731008075822,0.23835731008075822,4,10
669b30b2c7250ec426d97fa4,2024-07-20 03:00:00+00:00,2024-07-20 04:00:00+00:00,3h,2024-07-20 03:36:18.521000+00:00,2024-07-20 06:34:36.342000+00:00,0.13287556409852064,0.017937761472771284,1.0,0.12332455211165372,1.0,0.2354275673059935,0.2354275673059935,5,10
669b318cc7250ec426d983a7,2024-07-20 03:00:00+00:00,2024-07-20 04:00:00+00:00,3h,2024-07-20 03:39:56.112000+00:00,2024-07-20 06:36:33.297000+00:00,0.11360450912199796,0.016010460992637542,1.0,0.10548276736105333,1.0,0.2307028300677932,0.2307028300677932,6,10
669b3249c7250ec426d9840b,2024-07-20 03:00:00+00:00,2024-07-20 04:00:00+00:00,3h,2024-07-20 03:43:05.652000+00:00,2024-07-20 06:40:41.332000+00:00,0.09519317396918826,0.014360051754365827,1.0,0.089645423730918,1.0,0.2265451157988031,0.2265451157988031,7,10
669b329fc7250ec426d98434,2024-07-20 03:00:00+00:00,2024-07-20 04:00:00+00:00,3h,2024-07-20 03:44:31.913000+00:00,2024-07-20 06:43:21.973000+00:00,0.08649411093693792,0.013639723022715081,1.0,0.08234518856841677,1.0,0.22465287152731242,0.22465287152731242,8,10
669b347cc7250ec426d984fd,2024-07-20 03:00:00+00:00,2024-07-20 04:00:00+00:00,3h,2024-07-20 03:52:28.428000+00:00,2024-07-20 06:51:21.183000+00:00,0.042074192506956515,0.010482037449094601,1.0,0.04095014808477215,1.0,0.2144792520864112,0.2144792520864112,9,10
669b3571c7250ec426d98692,2024-07-20 03:00:00+00:00,2024-07-20 04:00:00+00:00,3h,2024-07-20 03:56:33.918000+00:00,2024-07-20 06:54:05.328000+00:00,0.01934786098741857,0.009158131016810067,1.0,0.018900764133238934,1.0,0.20927503143673384,0.20927503143673384,10,10
669b3861c7250ec426d98833,2024-07-20 04:00:00+00:00,2024-07-20 05:00:00+00:00,3h,2024-07-20 04:09:05.284000+00:00,2024-07-20 07:08:29.961000+00:00,0.28377219307184043,0.04321600091087591,1.0,0.2463627097090576,1.0,0.2752021424883371,0.2752021424883371,1,2
669b38f7c7250ec426d98be1,2024-07-20 04:00:00+00:00,2024-07-20 05:00:00+00:00,3h,2024-07-20 04:11:35.109000+00:00,2024-07-20 07:10:44.096000+00:00,0.2702478847541634,0.039982383451462135,1.0,0.2358348810514438,1.0,0.27115640628116605,0.27115640628116605,2,2
669b4921c7250ec426d99207,2024-07-20 05:00:00+00:00,2024-07-20 06:00:00+00:00,3h,2024-07-20 05:20:33.208000+00:00,2024-07-20 08:19:06.108000+00:00,0.22092916017138217,0.03004874156964621,1.0,0.19679668869092315,1.0,0.2573885826799724,0.2573885826799724,1,1
669b6419c7250ec426d99a4e,2024-07-20 07:00:00+00:00,2024-07-20 08:00:00+00:00,3h,2024-07-20 07:15:37.172000+00:00,2024-07-20 10:10:32.326000+00:00,0.2537197643788743,0.03634483503972139,1.0,0.21851408174315434,1.0,0.2655097173724637,0.2655097173724637,1,1
669b78cec7250ec426d9a075,2024-07-20 08:00:00+00:00,2024-07-20 09:00:00+00:00,3h,2024-07-20 08:43:58.711000+00:00,2024-07-20 11:41:44.004000+00:00,0.09013245111972076,0.013936557210612833,1.0,0.08516196539967424,1.0,0.22539432740630255,0.22539432740630255,1,1
669b80afc7250ec426d9aa4c,2024-07-20 09:00:00+00:00,2024-07-20 10:00:00+00:00,3h,2024-07-20 09:17:35.721000+00:00,2024-07-20 12:15:53.406000+00:00,0.23783454083757374,0.03315025297656675,1.0,0.20988864589337952,1.0,0.261867880964616,0.261867880964616,1,2
669b862bc7250ec426d9ab12,2024-07-20 09:00:00+00:00,2024-07-20 10:00:00+00:00,3h,2024-07-20 09:40:59.551000+00:00,2024-07-20 12:40:23.663000+00:00,0.1059491948801722,0.015302702564085608,1.0,0.10021292738283272,1.0,0.22922420701501792,0.22922420701501792,2,2
669d117dc7250ec426d9c8cc,2024-07-21 13:00:00+00:00,2024-07-21 14:00:00+00:00,5h,2024-07-21 13:47:41.621000+00:00,2024-07-22 08:00:00+00:00,0.011266360432869419,0.008728440224087038,0.7,0.06608366880343974,1.0,0.15845379789514014,0.15845379789514014,1,2
669d1209c7250ec426d9c8d5,2024-07-21 13:00:00+00:00,2024-07-21 14:00:00+00:00,5h,2024-07-21 13:50:01.973000+00:00,2024-07-22 08:00:00+00:00,0.009144419601527122,0.008618968978725708,0.7,0.05386770252635087,1.0,0.15594492189250558,0.15594492189250558,2,2
669d6692c7250ec426d9c978,2024-07-21 19:00:00+00:00,2024-07-21 20:00:00+00:00,5h,2024-07-21 19:50:42.447000+00:00,2024-07-22 08:00:00+00:00,0.012741868815196317,0.008805373167087275,0.7,0.0503153318753472,1.0,0.1553462902753218,0.1553462902753218,1,2
669d679dc7250ec426d9c981,2024-07-21 19:00:00+00:00,2024-07-21 20:00:00+00:00,5h,2024-07-21 19:55:09.573000+00:00,2024-07-22 08:00:00+00:00,0.006677952368690241,0.008493433073999702,0.7,0.026533034888434504,1.0,0.1504026668220867,0.1504026668220867,2,2
669d68dec7250ec426d9c98a,2024-07-21 20:00:00+00:00,2024-07-21 21:00:00+00:00,5h,2024-07-21 20:00:30.579000+00:00,2024-07-22 08:00:00+00:00,0.08268401376057372,0.013335559117791246,0.7,0.281437035791421,1.0,0.20428874262895894,0.20428874262895894,1,8
669d69dbc7250ec426d9c993,2024-07-21 20:00:00+00:00,2024-07-21 21:00:00+00:00,5h,2024-07-21 20:04:43.491000+00:00,2024-07-22 08:00:00+00:00,0.07727816351511722,0.012915455243976751,0.7,0.2644113137460449,1.0,0.20063153589559501,0.20063153589559501,2,8
669d6ac7c7250ec426d9c99c,2024-07-21 20:00:00+00:00,2024-07-21 21:00:00+00:00,5h,2024-07-21 20:08:39.229000+00:00,2024-07-22 08:00:00+00:00,0.07218170918233881,0.01253136856154893,0.7,0.24817866829108148,1.0,0.19715455479514565,0.19715455479514565,3,8
669d6baec7250ec426d9c9a5,2024-07-21 20:00:00+00:00,2024-07-21 21:00:00+00:00,5h,2024-07-21 20:12:30.551000+00:00,2024-07-22 08:00:00+00:00,0.06712570050084748,0.012161478395481104,0.7,0.2319019389837157,1.0,0.1936772748340318,0.1936772748340318,4,8
669d6c35c7250ec426d9c9ae,2024-07-21 20:00:00+00:00,2024-07-21 21:00:00+00:00,5h,2024-07-21 20:14:45.886000+00:00,2024-07-22 08:00:00+00:00,0.06414204962438774,0.011948280086634127,0.7,0.22221632942174574,1.0,0.19161223393632962,0.19161223393632962,5,8
669d6d63c7250ec426d9c9b7,2024-07-21 20:00:00+00:00,2024-07-21 21:00:00+00:00,5h,2024-07-21 20:19:47.416000+00:00,2024-07-22 08:00:00+00:00,0.057425270485624014,0.011481748971384853,0.7,0.20019506109017382,1.0,0.18692806160086567,0.18692806160086567,6,8
669d6e61c7250ec426d9c9c0,2024-07-21 20:00:00+00:00,2024-07-21 21:00:00+00:00,5h,2024-07-21 20:24:01.842000+00:00,2024-07-22 08:00:00+00:00,0.05168230840067226,0.011097167866482129,0.7,0.18112959593478917,1.0,0.18288421990684708,0.18288421990684708,7,8
669d6f47c7250ec426d9c9c9,2024-07-21 20:00:00+00:00,2024-07-21 21:00:00+00:00,5h,2024-07-21 20:27:51.959000+00:00,2024-07-22 08:00:00+00:00,0.04642744886521375,0.010756446581116706,0.7,0.1634946097937524,1.0,0.1791527899074205,0.1791527899074205,8,8
669db3dec7250ec426d9ca09,2024-07-22 01:00:00+00:00,2024-07-22 02:00:00+00:00,5h,2024-07-22 01:20:30.505000+00:00,2024-07-22 08:00:00+00:00,0.09885460665733675,0.014674332127168436,0.7,0.19699768747696744,1.0,0.18820413677169454,0.18820413677169454,1,1
669dc9aec7250ec426d9d1fe,2024-07-22 02:00:00+00:00,2024-07-22 03:00:00+00:00,3h,2024-07-22 02:53:34.904000+00:00,2024-07-22 05:46:03.797000+00:00,0.03721132298884528,0.010183688966856352,1.0,0.03502881388491519,1.0,0.21311597615709685,0.21311597615709685,1,1
669dcd0ec7250ec426d9d29c,2024-07-22 03:00:00+00:00,2024-07-22 04:00:00+00:00,3h,2024-07-22 03:07:58.943000+00:00,2024-07-22 06:06:16.005000+00:00,0.2917676835003854,0.04524364780710985,1.0,0.25097787705524954,1.0,0.27734176409531586,0.27734176409531586,1,7
669dd080c7250ec426d9d379,2024-07-22 03:00:00+00:00,2024-07-22 04:00:00+00:00,3h,2024-07-22 03:22:40.512000+00:00,2024-07-22 06:16:05.993000+00:00,0.21522195850436898,0.029066596591254237,1.0,0.1872729844090727,1.0,0.2548945548365671,0.2548945548365671,2,7
669dd4bfc7250ec426d9d45c,2024-07-22 03:00:00+00:00,2024-07-22 04:00:00+00:00,3h,2024-07-22 03:40:47.285000+00:00,2024-07-22 06:40:12.935000+00:00,0.10707342334183258,0.015404678404515275,1.0,0.10123427211799618,1.0,0.22948966146630842,0.22948966146630842,3,7
669dd6e2c7250ec426d9d676,2024-07-22 03:00:00+00:00,2024-07-22 04:00:00+00:00,3h,2024-07-22 03:49:54.249000+00:00,2024-07-22 06:40:26.208000+00:00,0.05920185958524657,0.011603365973416078,1.0,0.054544120417870046,1.0,0.2178708436676237,0.2178708436676237,4,7
669dce9dc7250ec426d9d312,2024-07-22 03:00:00+00:00,2024-07-22 04:00:00+00:00,5h,2024-07-22 03:14:37.775000+00:00,2024-07-22 13:00:00+00:00,0.07750719095957047,0.012932985714203156,0.7,0.22280024007045096,1.0,0.19231983944261208,0.19231983944261208,5,7
669dd72bc7250ec426d9d692,2024-07-22 03:00:00+00:00,2024-07-22 04:00:00+00:00,5h,2024-07-22 03:51:07.791000+00:00,2024-07-22 10:00:00+00:00,0.0240468088838308,0.009417540549217847,0.7,0.04808412159132536,1.0,0.15526734864779576,0.15526734864779576,6,7
669dd885c7250ec426d9d754,2024-07-22 03:00:00+00:00,2024-07-22 04:00:00+00:00,5h,2024-07-22 03:56:53.574000+00:00,2024-07-22 10:00:00+00:00,0.008556979469693651,0.008588904144422902,0.7,0.017113537641187726,1.0,0.14857605001489127,0.14857605001489127,7,7
669ddde8c7250ec426d9d96d,2024-07-22 04:00:00+00:00,2024-07-22 05:00:00+00:00,3h,2024-07-22 04:19:53.016000+00:00,2024-07-22 07:18:11.626000+00:00,0.2249810022049593,0.030765460209920333,1.0,0.1997802398812013,1.0,0.2584153241021925,0.2584153241021925,1,6
669ddeb6c7250ec426d9da1a,2024-07-22 04:00:00+00:00,2024-07-22 05:00:00+00:00,3h,2024-07-22 04:23:18.687000+00:00,2024-07-22 07:20:12.438000+00:00,0.2074019825790147,0.027771295868824396,1.0,0.18439513696719145,1.0,0.25354180491473294,0.25354180491473294,2,6
669ddf84c7250ec426d9da50,2024-07-22 04:00:00+00:00,2024-07-22 05:00:00+00:00,3h,2024-07-22 04:26:44.429000+00:00,2024-07-22 07:24:11.760000+00:00,0.1874245292083058,0.02471178385137657,1.0,0.16870877361651593,1.0,0.24856882503412914,0.24856882503412914,3,6
669de086c7250ec426d9db0d,2024-07-22 04:00:00+00:00,2024-07-22 05:00:00+00:00,3h,2024-07-22 04:31:02.147000+00:00,2024-07-22 07:29:02.158000+00:00,0.16272015075639903,0.021380176065770258,1.0,0.14863327991719033,1.0,0.24255476162290024,0.24255476162290024,4,6
669de13ec7250ec426d9db24,2024-07-22 04:00:00+00:00,2024-07-22 05:00:00+00:00,3h,2024-07-22 04:34:06.703000+00:00,2024-07-22 07:32:00.092000+00:00,0.14552987809214113,0.01932539389581256,1.0,0.13395966586987462,1.0,0.2383871695114625,0.2383871695114625,5,6
669de6b6c7250ec426d9de35,2024-07-22 04:00:00+00:00,2024-07-22 05:00:00+00:00,3h,2024-07-22 04:57:26.208000+00:00,2024-07-22 07:56:01.262000+00:00,0.014352890802043555,0.008890139412159645,1.0,0.014139090750423744,1.0,0.20816190179738056,0.20816190179738056,6,6
669de96ac7250ec426d9e048,2024-07-22 05:00:00+00:00,2024-07-22 06:00:00+00:00,3h,2024-07-22 05:08:58.375000+00:00,2024-07-22 07:41:29.822000+00:00,0.3345509185596551,0.057720231030217235,1.0,0.24684467405306465,1.0,0.28400107342874326,0.28400107342874326,1,4
669de9f6c7250ec426d9e0d7,2024-07-22 05:00:00+00:00,2024-07-22 06:00:00+00:00,3h,2024-07-22 05:11:18.903000+00:00,2024-07-22 08:09:51.257000+00:00,0.27268488326655377,0.04054742151213069,1.0,0.236980693373522,1.0,0.2717245915819828,0.2717245915819828,2,4
669deb4dc7250ec426d9e1f7,2024-07-22 05:00:00+00:00,2024-07-22 06:00:00+00:00,3h,2024-07-22 05:17:01.205000+00:00,2024-07-22 08:14:58.440000+00:00,0.24152273505266109,0.033866896188122095,1.0,0.2124097524735271,1.0,0.26280208820757867,0.26280208820757867,3,4
669df050c7250ec426d9e3ba,2024-07-22 05:00:00+00:00,2024-07-22 06:00:00+00:00,5h,2024-07-22 05:38:24.824000+00:00,2024-07-22 12:00:00+00:00,0.056569820646934534,0.011423639089425303,0.7,0.11301189195690853,1.0,0.16945656184503688,0.16945656184503688,4,4
669dfa44c7250ec426d9e91a,2024-07-22 06:00:00+00:00,2024-07-22 07:00:00+00:00,3h,2024-07-22 06:20:52.627000+00:00,2024-07-22 09:17:23.258000+00:00,0.22164618897589766,0.030174385736704626,1.0,0.19535118535657592,1.0,0.257174868513338,0.257174868513338,1,1
669e1b66c7250ec426d9f8b5,2024-07-22 08:00:00+00:00,2024-07-22 09:00:00+00:00,3h,2024-07-22 08:42:14.114000+00:00,2024-07-22 11:38:53.948000+00:00,0.10055685777720669,0.014822743548047097,1.0,0.09397932050334368,1.0,0.22768951022949702,0.22768951022949702,1,1
669e869bc7250ec426da126a,2024-07-22 16:00:00+00:00,2024-07-22 17:00:00+00:00,5h,2024-07-22 16:19:39.180000+00:00,2024-07-23 09:00:00+00:00,0.04033300444745674,0.010374230428666231,0.7,0.2008047539089446,1.0,0.18638548903898863,0.18638548903898863,1,2
669e878fc7250ec426da129b,2024-07-22 16:00:00+00:00,2024-07-22 17:00:00+00:00,5h,2024-07-22 16:23:43.899000+00:00,2024-07-23 09:00:00+00:00,0.036404197724438404,0.010134989733334883,0.7,0.18248892862276045,1.0,0.182578779564553,0.182578779564553,2,2
669f0ff4c7250ec426da1380,2024-07-23 02:00:00+00:00,2024-07-23 03:00:00+00:00,3h,2024-07-23 02:05:40.564000+00:00,2024-07-23 05:03:26.785000+00:00,0.30558489271879896,0.04896287956648675,1.0,0.26051377882600824,1.0,0.2814804835050937,0.2814804835050937,1,8
669f18fcc7250ec426da1406,2024-07-23 02:00:00+00:00,2024-07-23 03:00:00+00:00,3h,2024-07-23 02:44:12.127000+00:00,2024-07-23 05:40:30.947000+00:00,0.08960101410176183,0.013892805960624794,1.0,0.08402482712036752,1.0,0.2251406490004484,0.2251406490004484,2,8
669f1a9ec7250ec426da144a,2024-07-23 02:00:00+00:00,2024-07-23 03:00:00+00:00,3h,2024-07-23 02:51:10.395000+00:00,2024-07-23 05:50:02.612000+00:00,0.049347213162014895,0.01094446405484412,1.0,0.04785457642436486,1.0,0.21613759371777946,0.21613759371777946,3,8
669f1b7fc7250ec426da145f,2024-07-23 02:00:00+00:00,2024-07-23 03:00:00+00:00,3h,2024-07-23 02:54:55.923000+00:00,2024-07-23 05:53:30.426000+00:00,0.028379944454726455,0.009663199021128535,1.0,0.02776261178137418,1.0,0.21135044176895199,0.21135044176895199,4,8
669f1c06c7250ec426da1813,2024-07-23 02:00:00+00:00,2024-07-23 03:00:00+00:00,3h,2024-07-23 02:57:11.042000+00:00,2024-07-23 05:54:58.980000+00:00,0.015837924817335834,0.008968992685988768,1.0,0.015522523484128636,1.0,0.208485900308419,0.208485900308419,5,8
669f1c5fc7250ec426da1bc3,2024-07-23 02:00:00+00:00,2024-07-23 03:00:00+00:00,3h,2024-07-23 02:58:39.839000+00:00,2024-07-23 05:57:14.197000+00:00,0.007481642857182857,0.008534138157404392,1.0,0.007394837460096504,1.0,0.20659945038646196,0.20659945038646196,6,8
669f18f0c7250ec426da13ff,2024-07-23 02:00:00+00:00,2024-07-23 03:00:00+00:00,5h,2024-07-23 02:44:00.025000+00:00,2024-07-23 09:00:00+00:00,0.04255213048773326,0.010511822747641668,0.7,0.08505065333411788,1.0,0.16331722431540857,0.16331722431540857,7,8
669f1959c7250ec426da1416,2024-07-23 02:00:00+00:00,2024-07-23 03:00:00+00:00,5h,2024-07-23 02:45:45.083000+00:00,2024-07-23 09:00:00+00:00,0.03807259675019061,0.010235910775461463,0.7,0.07610696911406234,1.0,0.1613629402880893,0.1613629402880893,8,8
669f1d91c7250ec426da1f81,2024-07-23 03:00:00+00:00,2024-07-23 04:00:00+00:00,3h,2024-07-23 03:03:45.604000+00:00,2024-07-23 06:00:10.363000+00:00,0.31879762212819396,0.05278923872822666,1.0,0.2683434536277257,1.0,0.28534223396248115,0.28534223396248115,1,3
669f1e12c7250ec426da1f92,2024-07-23 03:00:00+00:00,2024-07-23 04:00:00+00:00,3h,2024-07-23 03:05:54.341000+00:00,2024-07-23 06:04:04.322000+00:00,0.303616910076828,0.048415957952744074,1.0,0.2595698526665604,1.0,0.28096354530495854,0.28096354530495854,2,3
669f1e6bc7250ec426da1f9d,2024-07-23 03:00:00+00:00,2024-07-23 04:00:00+00:00,3h,2024-07-23 03:07:23.875000+00:00,2024-07-23 06:06:07.900000+00:00,0.2943041441995892,0.04590561618567818,1.0,0.25340603533668604,1.0,0.2782245767787441,0.2782245767787441,3,3
669f2d22c7250ec426da2287,2024-07-23 04:00:00+00:00,2024-07-23 05:00:00+00:00,3h,2024-07-23 04:10:10.186000+00:00,2024-07-23 07:08:47.883000+00:00,0.2789604893663256,0.04203788225933486,1.0,0.2418201327705778,1.0,0.2735867559097165,0.2735867559097165,1,5
669f2ddac7250ec426da2643,2024-07-23 04:00:00+00:00,2024-07-23 05:00:00+00:00,3h,2024-07-23 04:13:14.594000+00:00,2024-07-23 07:11:44.466000+00:00,0.2619458010329162,0.03811359958765382,1.0,0.22876319678616153,1.0,0.2686207991098246,0.2686207991098246,2,5
669f32b1c7250ec426da26d9,2024-07-23 04:00:00+00:00,2024-07-23 05:00:00+00:00,3h,2024-07-23 04:33:53.738000+00:00,2024-07-23 07:32:56.358000+00:00,0.14579888332641383,0.019356006638258736,1.0,0.1349986914347966,1.0,0.23861334226991457,0.23861334226991457,3,5
669f338cc7250ec426da26ec,2024-07-23 04:00:00+00:00,2024-07-23 05:00:00+00:00,3h,2024-07-23 04:37:32.440000+00:00,2024-07-23 07:35:25.235000+00:00,0.12626120898977258,0.017251862743858443,1.0,0.11730369596143053,1.0,0.2338118568386012,0.2338118568386012,4,5
669f376bc7250ec426da2855,2024-07-23 04:00:00+00:00,2024-07-23 05:00:00+00:00,3h,2024-07-23 04:54:03.217000+00:00,2024-07-23 07:53:09.219000+00:00,0.03320146413521978,0.009944009232639973,1.0,0.03249575158668039,1.0,0.2124655558569201,0.2124655558569201,5,5
669f5509c7250ec426da311c,2024-07-23 07:00:00+00:00,2024-07-23 08:00:00+00:00,5h,2024-07-23 07:00:25.032000+00:00,2024-07-23 13:00:00+00:00,0.16569980544119461,0.02175745533054677,0.7,0.28180600295294356,1.0,0.20941567378891676,0.20941567378891676,1,1
669fc80ec7250ec426da4219,2024-07-23 15:00:00+00:00,2024-07-23 16:00:00+00:00,5h,2024-07-23 15:11:10.246000+00:00,2024-07-24 09:00:00+00:00,0.04568478463210696,0.010709134795730123,0.7,0.2375920648052523,1.0,0.19394389383848853,0.19394389383848853,1,2
669fd116c7250ec426da4264,2024-07-23 15:00:00+00:00,2024-07-23 16:00:00+00:00,5h,2024-07-23 15:49:42.256000+00:00,2024-07-24 09:00:00+00:00,0.009992988420929758,0.008662582503959838,0.7,0.05559343143692208,1.0,0.1563162357897603,0.1563162357897603,2,2
669fe180c7250ec426da4287,2024-07-23 16:00:00+00:00,2024-07-23 17:00:00+00:00,5h,2024-07-23 16:59:44.528000+00:00,2024-07-24 08:00:00+00:00,0.0002864364491714522,0.008176496760783468,0.7,0.0014315669216724558,1.0,0.14519221144080455,0.14519221144080455,1,1
669fe4acc7250ec426da4298,2024-07-23 17:00:00+00:00,2024-07-23 18:00:00+00:00,5h,2024-07-23 17:13:16.318000+00:00,2024-07-24 08:00:00+00:00,0.0526971422767319,0.011164188021757596,0.7,0.2286400747142039,1.0,0.19242652775589533,0.19242652775589533,1,5
669fe7d5c7250ec426da42a1,2024-07-23 17:00:00+00:00,2024-07-23 18:00:00+00:00,5h,2024-07-23 17:26:45.524000+00:00,2024-07-24 08:00:00+00:00,0.0380665320519667,0.010235542128303394,0.7,0.16862448564987043,1.0,0.1798662224069561,0.1798662224069561,2,5
669fe89ac7250ec426da42aa,2024-07-23 17:00:00+00:00,2024-07-23 18:00:00+00:00,5h,2024-07-23 17:30:02.839000+00:00,2024-07-24 08:00:00+00:00,0.034430244204277705,0.010016857070805307,0.7,0.1532957308959938,1.0,0.17666926042168193,0.17666926042168193,3,5
669feb05c7250ec426da42b3,2024-07-23 17:00:00+00:00,2024-07-23 18:00:00+00:00,5h,2024-07-23 17:40:21.247000+00:00,2024-07-24 08:00:00+00:00,0.022853460610030647,0.009350979232128045,0.7,0.10339851974400593,1.0,0.166290291488078,0.166290291488078,4,5
669fec44c7250ec426da42bc,2024-07-23 17:00:00+00:00,2024-07-23 18:00:00+00:00,5h,2024-07-23 17:45:40.838000+00:00,2024-07-24 08:00:00+00:00,0.0167611401840709,0.009018363120456684,0.7,0.07647003904459015,1.0,0.16070502568119205,0.16070502568119205,5,5
669ff2c4c7250ec426da42c5,2024-07-23 18:00:00+00:00,2024-07-23 19:00:00+00:00,5h,2024-07-23 18:13:24.190000+00:00,2024-07-24 08:00:00+00:00,0.05637189915841681,0.011410235937540108,0.7,0.2280776340818662,1.0,0.19246166837889728,0.19246166837889728,1,3
669ff3bbc7250ec426da42ce,2024-07-23 18:00:00+00:00,2024-07-23 19:00:00+00:00,5h,2024-07-23 18:17:31.547000+00:00,2024-07-24 08:00:00+00:00,0.0516420038536973,0.011094514362614402,0.7,0.21019395029900034,1.0,0.1886954986773687,0.1886954986773687,2,3
669ffbeac7250ec426da4384,2024-07-23 18:00:00+00:00,2024-07-23 19:00:00+00:00,5h,2024-07-23 18:52:26.337000+00:00,2024-07-24 08:00:00+00:00,0.009600589059095799,0.008642387398646253,0.7,0.041135812818254736,1.0,0.1534125950028387,0.1534125950028387,3,3
66a05074c7250ec426da43ac,2024-07-24 00:00:00+00:00,2024-07-24 01:00:00+00:00,3h,2024-07-24 00:53:08.851000+00:00,2024-07-24 04:00:00+00:00,0.03667322591109975,0.01015119632798289,1.0,0.03735382271893628,1.0,0.213561482340577,0.213561482340577,1,1
66a066f0c7250ec426da458a,2024-07-24 02:00:00+00:00,2024-07-24 03:00:00+00:00,3h,2024-07-24 02:29:04.557000+00:00,2024-07-24 05:26:38.141000+00:00,0.17416139019507423,0.022864682846998958,1.0,0.15785264808601274,1.0,0.24528933932540195,0.24528933932540195,1,11
66a067b6c7250ec426da4949,2024-07-24 02:00:00+00:00,2024-07-24 03:00:00+00:00,3h,2024-07-24 02:32:22.250000+00:00,2024-07-24 05:29:11.335000+00:00,0.1562575848906857,0.020583756264044017,1.0,0.14229526495510902,1.0,0.24080930674944823,0.24080930674944823,2,11
66a06867c7250ec426da497b,2024-07-24 02:00:00+00:00,2024-07-24 03:00:00+00:00,3h,2024-07-24 02:35:19.228000+00:00,2024-07-24 05:32:25.131000+00:00,0.13935493294075807,0.018635594806888457,1.0,0.12812439365093053,1.0,0.23680623561431918,0.23680623561431918,3,11
66a06bb9c7250ec426da49c6,2024-07-24 02:00:00+00:00,2024-07-24 03:00:00+00:00,3h,2024-07-24 02:49:29.234000+00:00,2024-07-24 05:35:29.795000+00:00,0.06332635280281904,0.011890639538244398,1.0,0.05673145469408658,1.0,0.21848067466176396,0.21848067466176396,4,11
66a06c21c7250ec426da4a41,2024-07-24 02:00:00+00:00,2024-07-24 03:00:00+00:00,3h,2024-07-24 02:51:13.631000+00:00,2024-07-24 05:49:32.342000+00:00,0.04919929139127135,0.010934860986252555,1.0,0.04756924269866081,1.0,0.21607476513148371,0.21607476513148371,5,11
66a06c8ac7250ec426da4a6b,2024-07-24 02:00:00+00:00,2024-07-24 03:00:00+00:00,3h,2024-07-24 02:52:58.439000+00:00,2024-07-24 05:51:17.281000+00:00,0.03940248860577621,0.010317067403687138,1.0,0.03828143772432391,1.0,0.21384652798707707,0.21384652798707707,6,11
66a06d2cc7250ec426da4e5f,2024-07-24 02:00:00+00:00,2024-07-24 03:00:00+00:00,3h,2024-07-24 02:55:40.836000+00:00,2024-07-24 05:53:03.040000+00:00,0.024352474355875908,0.009434664996618722,1.0,0.023711035950967685,1.0,0.21040300618816477,0.21040300618816477,7,11
66a06e0cc7250ec426da5247,2024-07-24 02:00:00+00:00,2024-07-24 03:00:00+00:00,3h,2024-07-24 02:59:24.495000+00:00,2024-07-24 05:56:42.914000+00:00,0.0033374319999992484,0.008326296151358839,1.0,0.0032821020887062735,1.0,0.20565219810855656,0.20565219810855656,8,11
66a0689ac7250ec426da498a,2024-07-24 02:00:00+00:00,2024-07-24 03:00:00+00:00,5h,2024-07-24 02:36:10.227000+00:00,2024-07-24 09:00:00+00:00,0.06208367750737273,0.01180335457186839,0.7,0.1239975479351616,1.0,0.17188152233015336,0.17188152233015336,9,11
66a06949c7250ec426da4995,2024-07-24 02:00:00+00:00,2024-07-24 03:00:00+00:00,5h,2024-07-24 02:39:05.082000+00:00,2024-07-24 09:00:00+00:00,0.05490800710814188,0.01131158334817455,0.7,0.10969939166545839,1.0,0.1687268283419964,0.1687268283419964,10,11
66a06d68c7250ec426da4e6c,2024-07-24 02:00:00+00:00,2024-07-24 03:00:00+00:00,5h,2024-07-24 02:56:40.224000+00:00,2024-07-24 09:00:00+00:00,0.009164130860794166,0.008619979596151212,0.7,0.018327743916729977,1.0,0.1488375365410367,0.1488375365410367,11,11
66a06e6bc7250ec426da526b,2024-07-24 03:00:00+00:00,2024-07-24 04:00:00+00:00,3h,2024-07-24 03:00:59.443000+00:00,2024-07-24 05:59:28.428000+00:00,0.3306155532013538,0.05644932814925273,1.0,0.27951404119002454,1.0,0.28977240512755653,0.28977240512755653,1,2
66a071ccc7250ec426da53fc,2024-07-24 03:00:00+00:00,2024-07-24 04:00:00+00:00,ban_tai_nhanh,2024-07-24 03:15:24.968000+00:00,2024-07-24 06:15:24.957000+00:00,0.2476884004233708,0.03509843333755188,1.0,0.219396662078981,1.0,0.26493839241832734,0.26493839241832734,2,2
66a086624131ebe6bf01882c,2024-07-24 04:00:00+00:00,2024-07-24 05:00:00+00:00,3h,2024-07-24 04:43:14.169000+00:00,2024-07-24 07:42:23.347000+00:00,0.09357282947589109,0.014223094877896046,1.0,0.0889272248444315,1.0,0.22631930189562394,0.22631930189562394,1,2
66a086044131ebe6bf0187d3,2024-07-24 04:00:00+00:00,2024-07-24 05:00:00+00:00,5h,2024-07-24 04:41:40.475000+00:00,2024-07-24 11:00:00+00:00,0.048438238245073414,0.010885585054252321,0.7,0.09679693292962532,1.0,0.16589073761847645,0.16589073761847645,2,2
66a091ec4131ebe6bf018d24,2024-07-24 05:00:00+00:00,2024-07-24 06:00:00+00:00,3h,2024-07-24 05:32:28.912000+00:00,2024-07-24 08:30:11.866000+00:00,0.15484339517923457,0.020413389382794987,1.0,0.14176602498640878,1.0,0.24060123862695876,0.24060123862695876,1,4
66a093544131ebe6bf018d36,2024-07-24 05:00:00+00:00,2024-07-24 06:00:00+00:00,3h,2024-07-24 05:38:28.870000+00:00,2024-07-24 08:36:06.546000+00:00,0.12114554805381587,0.016739107983942802,1.0,0.11267953767951366,1.0,0.23257937232626844,0.23257937232626844,2,4
66a096ed4131ebe6bf018ee4,2024-07-24 05:00:00+00:00,2024-07-24 06:00:00+00:00,3h,2024-07-24 05:53:49.837000+00:00,2024-07-24 08:53:04.949000+00:00,0.03441740076718867,0.010016092926481326,1.0,0.033693639671658726,1.0,0.21274838369022056,0.21274838369022056,3,4
66a08d5e4131ebe6bf018bf4,2024-07-24 05:00:00+00:00,2024-07-24 06:00:00+00:00,5h,2024-07-24 05:13:02.649000+00:00,2024-07-24 12:00:00+00:00,0.11538315519975939,0.016179458360990932,0.7,0.2296157274284334,1.0,0.19563082050228123,0.19563082050228123,4,4
66a0abf94131ebe6bf01a3b4,2024-07-24 07:00:00+00:00,2024-07-24 08:00:00+00:00,3h,2024-07-24 07:23:37.803000+00:00,2024-07-24 10:21:44.247000+00:00,0.20420235206397938,0.027257627310333696,1.0,0.18295023800126553,1.0,0.25294462398645334,0.25294462398645334,1,1
66a11b544131ebe6bf01c847,2024-07-24 15:00:00+00:00,2024-07-24 16:00:00+00:00,5h,2024-07-24 15:18:44.796000+00:00,2024-07-25 08:00:00+00:00,0.04120175771687767,0.010427882120153076,0.7,0.20481903043171223,1.0,0.18722053535843428,0.18722053535843428,1,2
66a11e0f4131ebe6bf01c864,2024-07-24 15:00:00+00:00,2024-07-24 16:00:00+00:00,5h,2024-07-24 15:30:23.592000+00:00,2024-07-25 08:00:00+00:00,0.029917741066451845,0.009751898323308358,0.7,0.15166716171703665,1.0,0.17618457133739232,0.17618457133739232,2,2
66a141e54131ebe6bf01c907,2024-07-24 18:00:00+00:00,2024-07-24 19:00:00+00:00,5h,2024-07-24 18:03:17.955000+00:00,2024-07-25 08:00:00+00:00,0.06776706008689487,0.012207795424341632,0.7,0.27021416651158436,1.0,0.20136751055692184,0.20136751055692184,1,1
66a19acf4131ebe6bf01c93c,2024-07-25 00:00:00+00:00,2024-07-25 01:00:00+00:00,5h,2024-07-25 00:22:39.249000+00:00,2024-07-25 08:00:00+00:00,0.08165778698986774,0.013254784580195017,0.7,0.18736802276118403,1.0,0.1854264753003538,0.1854264753003538,1,1
66a1bd074131ebe6bf01cb9f,2024-07-25 02:00:00+00:00,2024-07-25 03:00:00+00:00,3h,2024-07-25 02:48:39.420000+00:00,2024-07-25 05:46:08.262000+00:00,0.06391117456715012,0.011931937539196719,1.0,0.06107217523835351,1.0,0.21937359757118874,0.21937359757118874,1,6
66a1be134131ebe6bf01cfbc,2024-07-25 02:00:00+00:00,2024-07-25 03:00:00+00:00,3h,2024-07-25 02:53:07.082000+00:00,2024-07-25 05:52:19.907000+00:00,0.03840088534873393,0.010255885659268717,1.0,0.037511487684597444,1.0,0.21365582893248075,0.21365582893248075,2,6
66a1bf404131ebe6bf01d018,2024-07-25 02:00:00+00:00,2024-07-25 03:00:00+00:00,3h,2024-07-25 02:58:08.344000+00:00,2024-07-25 05:53:09.674000+00:00,0.010632557971228408,0.008695598697273975,1.0,0.010285259732937702,1.0,0.20727441116495193,0.20727441116495193,3,6
66a1bf976badf0453bda8fce,2024-07-25 02:00:00+00:00,2024-07-25 03:00:00+00:00,ban_tai_4h,2024-07-25 02:59:35.099000+00:00,2024-07-25 08:00:00+00:00,0.0013814777678945365,0.008229951658967487,0.8,0.0023029921830890476,1.0,0.16539856943199832,0.16539856943199832,4,6
66a1bed14131ebe6bf01d00a,2024-07-25 02:00:00+00:00,2024-07-25 03:00:00+00:00,5h,2024-07-25 02:56:17.724000+00:00,2024-07-25 09:00:00+00:00,0.01018573864614305,0.008672519653584352,0.7,0.020370765563747728,1.0,0.14927766490490016,0.14927766490490016,5,6
66a1bf9c4131ebe6bf01d02b,2024-07-25 02:00:00+00:00,2024-07-25 03:00:00+00:00,5h,2024-07-25 02:59:40.979000+00:00,2024-07-25 09:00:00+00:00,0.0008798270745007371,0.008205420489456194,0.7,0.0017596536945548857,1.0,0.1452751830325847,0.1452751830325847,6,6
66a1c0214131ebe6bf01d430,2024-07-25 03:00:00+00:00,2024-07-25 04:00:00+00:00,3h,2024-07-25 03:01:53.816000+00:00,2024-07-25 06:00:17.851000+00:00,0.32568877063649365,0.05489533134574925,1.0,0.2758775816816673,1.0,0.288112715143783,0.288112715143783,1,4
66a1c3494131ebe6bf01d4c2,2024-07-25 03:00:00+00:00,2024-07-25 04:00:00+00:00,3h,2024-07-25 03:15:21.610000+00:00,2024-07-25 06:14:19.168000+00:00,0.24944126029400723,0.03545635982301729,1.0,0.21963933416612813,1.0,0.26520168272703604,0.26520168272703604,2,4
66a1cc0c4131ebe6bf01d674,2024-07-25 03:00:00+00:00,2024-07-25 04:00:00+00:00,3h,2024-07-25 03:52:44.759000+00:00,2024-07-25 06:51:15.323000+00:00,0.04063660886578895,0.010392949040147011,1.0,0.03949884338351739,1.0,0.2141355381007917,0.2141355381007917,3,4
66a1c4544131ebe6bf01d4ec,2024-07-25 03:00:00+00:00,2024-07-25 04:00:00+00:00,5h,2024-07-25 03:19:48.317000+00:00,2024-07-25 10:00:00+00:00,0.10043789933425325,0.014812324234511731,0.7,0.20012833383923245,1.0,0.1889130613085535,0.1889130613085535,4,4
66a1cf094131ebe6bf01d76f,2024-07-25 04:00:00+00:00,2024-07-25 05:00:00+00:00,3h,2024-07-25 04:05:29.809000+00:00,2024-07-25 07:03:44.890000+00:00,0.3057658936851436,0.04901347476486213,1.0,0.26124981730794006,1.0,0.2816580483205053,0.2816580483205053,1,3
66a1db7b6badf0453bda90b4,2024-07-25 04:00:00+00:00,2024-07-25 05:00:00+00:00,3h,2024-07-25 04:58:35.327000+00:00,2024-07-25 07:57:44.305000+00:00,0.007877307033282608,0.00855424862703078,1.0,0.00780943922738031,1.0,0.20669443702169454,0.20669443702169454,2,3
66a1d9b86badf0453bda907b,2024-07-25 04:00:00+00:00,2024-07-25 05:00:00+00:00,5h,2024-07-25 04:51:04.489000+00:00,2024-07-25 11:00:00+00:00,0.02419239384173241,0.009425692884033506,0.7,0.048375116570335885,1.0,0.15533043904448726,0.15533043904448726,3,3
66a1dd364131ebe6bf01debd,2024-07-25 05:00:00+00:00,2024-07-25 06:00:00+00:00,3h,2024-07-25 05:05:58.067000+00:00,2024-07-25 08:03:30.820000+00:00,0.3043281863383108,0.048612956202003614,1.0,0.25931436019581333,1.0,0.28103064576036485,0.28103064576036485,1,1
66a201698e4a1d9c6936b33c,2024-07-25 07:00:00+00:00,2024-07-25 08:00:00+00:00,3h,2024-07-25 07:40:25.973000+00:00,2024-07-25 10:39:08.454000+00:00,0.1094921035532728,0.01562634353970525,1.0,0.10300608772132736,1.0,0.22997702366808864,0.22997702366808864,1,1
66a277760183a7b440089be8,2024-07-25 16:00:00+00:00,2024-07-25 17:00:00+00:00,5h,2024-07-25 16:04:06.487000+00:00,2024-07-26 08:00:00+00:00,0.05847092574782647,0.011553176268238975,0.7,0.26692734574038846,1.0,0.20031737490902107,0.20031737490902107,1,2
66a279fa0183a7b440089bf4,2024-07-25 16:00:00+00:00,2024-07-25 17:00:00+00:00,5h,2024-07-25 16:14:50.554000+00:00,2024-07-26 08:00:00+00:00,0.04777768416217643,0.010842994205214767,0.7,0.22188008137353565,1.0,0.19088181279783598,0.19088181279783598,2,2
66a285b60183a7b440089c43,2024-07-25 17:00:00+00:00,2024-07-25 18:00:00+00:00,5h,2024-07-25 17:04:54.358000+00:00,2024-07-26 08:00:00+00:00,0.061551112264890157,0.011766141496139786,0.7,0.2636707891887359,1.0,0.19979384273543105,0.19979384273543105,1,6
66a289030183a7b440089c73,2024-07-25 17:00:00+00:00,2024-07-25 18:00:00+00:00,5h,2024-07-25 17:18:59.646000+00:00,2024-07-26 08:00:00+00:00,0.04654441020202021,0.010763916480357901,0.7,0.2037249045594004,1.0,0.18720333080009482,0.18720333080009482,2,6
66a289740183a7b440089d39,2024-07-25 17:00:00+00:00,2024-07-25 18:00:00+00:00,5h,2024-07-25 17:20:52.775000+00:00,2024-07-26 08:00:00+00:00,0.044499497366923095,0.010634051584830571,0.7,0.1953401586120811,1.0,0.18544846267331455,0.18544846267331455,3,6
66a289e40183a7b440089d42,2024-07-25 17:00:00+00:00,2024-07-25 18:00:00+00:00,5h,2024-07-25 17:22:44.140000+00:00,2024-07-26 08:00:00+00:00,0.042477884848846396,0.010507190240034938,0.7,0.18699992247211117,1.0,0.18370429863844318,0.18370429863844318,4,6
66a28a540183a7b440089d4b,2024-07-25 17:00:00+00:00,2024-07-25 18:00:00+00:00,5h,2024-07-25 17:24:36.809000+00:00,2024-07-26 08:00:00+00:00,0.0404238767595061,0.010379829624512182,0.7,0.17847405477557443,1.0,0.1819227087298222,0.1819227087298222,5,6
66a28afe0183a7b440089d54,2024-07-25 17:00:00+00:00,2024-07-25 18:00:00+00:00,5h,2024-07-25 17:27:26.637000+00:00,2024-07-26 08:00:00+00:00,0.03731112746281457,0.010189726901168521,0.7,0.16545360765732597,1.0,0.17920455767216628,0.17920455767216628,6,6
66a30b450183a7b44008a065,2024-07-26 02:00:00+00:00,2024-07-26 03:00:00+00:00,3h,2024-07-26 02:34:45.388000+00:00,2024-07-26 05:33:12.080000+00:00,0.141464048839735,0.018868443084322804,1.0,0.1308519950770084,1.0,0.23749146486599537,0.23749146486599537,1,1
66a3167d0183a7b44008a322,2024-07-26 03:00:00+00:00,2024-07-26 04:00:00+00:00,3h,2024-07-26 03:22:37.514000+00:00,2024-07-26 06:21:24.941000+00:00,0.20904229877304223,0.028038266217608864,1.0,0.1874985600978819,1.0,0.2543226717501417,0.2543226717501417,1,9
66a316e20183a7b44008a339,2024-07-26 03:00:00+00:00,2024-07-26 04:00:00+00:00,3h,2024-07-26 03:24:18.392000+00:00,2024-07-26 06:22:52.787000+00:00,0.199881374543313,0.026578572795329016,1.0,0.17987379090517586,1.0,0.2519219018582326,0.2519219018582326,2,9
66a319a60183a7b44008acff,2024-07-26 03:00:00+00:00,2024-07-26 04:00:00+00:00,3h,2024-07-26 03:36:06.977000+00:00,2024-07-26 06:35:10.128000+00:00,0.133389449706143,0.01799215792939012,1.0,0.12426112012432111,1.0,0.23564751878249832,0.23564751878249832,3,9
66a31a890183a7b44008adb5,2024-07-26 03:00:00+00:00,2024-07-26 04:00:00+00:00,3h,2024-07-26 03:39:53.280000+00:00,2024-07-26 06:36:23.122000+00:00,0.11395070861302746,0.016043218335868754,1.0,0.10571729890657655,1.0,0.2307693907828366,0.2307693907828366,4,9
66a31b120183a7b44008adef,2024-07-26 03:00:00+00:00,2024-07-26 04:00:00+00:00,3h,2024-07-26 03:42:11.055000+00:00,2024-07-26 06:40:18.573000+00:00,0.1000180771625367,0.014775610537366155,1.0,0.09423590613226351,1.0,0.2277125475488724,0.2277125475488724,5,9
66a31bd80183a7b44008b247,2024-07-26 03:00:00+00:00,2024-07-26 04:00:00+00:00,3h,2024-07-26 03:45:28.261000+00:00,2024-07-26 06:42:26.299000+00:00,0.08209981919446889,0.013289517686160695,1.0,0.07754489791098418,1.0,0.22348269019389325,0.22348269019389325,6,9
66a31d090183a7b44008b6e9,2024-07-26 03:00:00+00:00,2024-07-26 04:00:00+00:00,3h,2024-07-26 03:50:33.752000+00:00,2024-07-26 06:48:46.847000+00:00,0.052954546836065715,0.011181250681547865,1.0,0.051079608269039456,1.0,0.2169246720627366,0.2169246720627366,7,9
66a318be0183a7b44008a7c7,2024-07-26 03:00:00+00:00,2024-07-26 04:00:00+00:00,5h,2024-07-26 03:32:14.259000+00:00,2024-07-26 10:00:00+00:00,0.07159630118808595,0.012487978696593726,0.7,0.14292965231904042,1.0,0.1760787176817643,0.1760787176817643,8,9
66a31c240183a7b44008b2e3,2024-07-26 03:00:00+00:00,2024-07-26 04:00:00+00:00,5h,2024-07-26 03:46:44.125000+00:00,2024-07-26 10:00:00+00:00,0.03553667807129661,0.010082903503392563,0.7,0.07104235164417494,1.0,0.16025821243087052,0.16025821243087052,9,9
66a352b10183a7b44008ce47,2024-07-26 07:00:00+00:00,2024-07-26 08:00:00+00:00,3h,2024-07-26 07:39:29.558000+00:00,2024-07-26 10:37:59.659000+00:00,0.11488612479004633,0.016132057351771725,1.0,0.10767941863006014,1.0,0.23121511813707507,0.23121511813707507,1,1
66a359260183a7b44008cfd7,2024-07-26 08:00:00+00:00,2024-07-26 09:00:00+00:00,3h,2024-07-26 08:07:02.029000+00:00,2024-07-26 10:59:55.808000+00:00,0.30634651075562724,0.049176109506608424,1.0,0.25491470265365956,1.0,0.280488606234697,0.280488606234697,1,4
66a35a110183a7b44008cffe,2024-07-26 08:00:00+00:00,2024-07-26 09:00:00+00:00,3h,2024-07-26 08:10:57.251000+00:00,2024-07-26 11:08:29.188000+00:00,0.27626421372939025,0.04139120203402552,1.0,0.23850887341259663,1.0,0.27253649590293466,0.27253649590293466,2,4
66a35a1d0183a7b44008d009,2024-07-26 08:00:00+00:00,2024-07-26 09:00:00+00:00,3h,2024-07-26 08:11:09.748000+00:00,2024-07-26 11:08:53.821000+00:00,0.27477793897322345,0.041038811350821276,1.0,0.23762721947174736,1.0,0.27214873070484225,0.27214873070484225,3,4
66a361896badf0453bda95d8,2024-07-26 08:00:00+00:00,2024-07-26 09:00:00+00:00,3h,2024-07-26 08:42:49.424000+00:00,2024-07-26 11:42:29.635000+00:00,0.0955988709311905,0.014394545534628121,1.0,0.09101228859616806,1.0,0.2268391850400105,0.2268391850400105,4,4
66a36cad0183a7b44008de53,2024-07-26 09:00:00+00:00,2024-07-26 10:00:00+00:00,3h,2024-07-26 09:30:21.890000+00:00,2024-07-26 12:19:15.550000+00:00,0.17546572511807185,0.023040185125661982,1.0,0.1518008421546031,1.0,0.24418427950631783,0.24418427950631783,1,1
66a3c12b0183a7b44008ee8d,2024-07-26 15:00:00+00:00,2024-07-26 16:00:00+00:00,5h,2024-07-26 15:30:51.631000+00:00,2024-07-27 08:00:00+00:00,0.029459427941482267,0.009725379065418737,0.7,0.14946185538677903,1.0,0.17572759851660705,0.17572759851660705,1,5
66a3c1d10183a7b44008eea7,2024-07-26 15:00:00+00:00,2024-07-26 16:00:00+00:00,5h,2024-07-26 15:33:37.812000+00:00,2024-07-27 08:00:00+00:00,0.02673419238910194,0.009569157795475553,0.7,0.13627330796944637,1.0,0.1729961562711746,0.1729961562711746,2,5
66a3c22e0183a7b44008ef8e,2024-07-26 15:00:00+00:00,2024-07-26 16:00:00+00:00,5h,2024-07-26 15:35:10.618000+00:00,2024-07-27 08:00:00+00:00,0.025205577543525502,0.009482622146682775,0.7,0.12881919526688212,1.0,0.17145341234138609,0.17145341234138609,3,5
66a3c2d80183a7b44008efa0,2024-07-26 15:00:00+00:00,2024-07-26 16:00:00+00:00,5h,2024-07-26 15:38:00.183000+00:00,2024-07-27 08:00:00+00:00,0.022400222322482774,0.00932582127379267,0.7,0.11503331413912032,1.0,0.16860215559209965,0.16860215559209965,4,5
66a3c3930183a7b44008efaf,2024-07-26 15:00:00+00:00,2024-07-26 16:00:00+00:00,5h,2024-07-26 15:41:07.630000+00:00,2024-07-27 10:00:00+00:00,0.01717472009575873,0.009040567223717934,0.7,0.09953958484693148,1.0,0.16533225730361703,0.16533225730361703,5,5
66a3c8ab0183a7b44008f181,2024-07-26 16:00:00+00:00,2024-07-26 17:00:00+00:00,5h,2024-07-26 16:02:51.300000+00:00,2024-07-27 08:00:00+00:00,0.05970359767851266,0.011637942570618773,0.7,0.2720130976481463,1.0,0.20138538507200052,0.20138538507200052,1,1
66a4763f0183a7b44008f4d9,2024-07-27 04:00:00+00:00,2024-07-27 05:00:00+00:00,5h,2024-07-27 04:23:27.234000+00:00,2024-07-27 12:00:00+00:00,0.0800490903328273,0.013129134099826087,0.7,0.18374942086829127,1.0,0.1846273646335539,0.1846273646335539,1,1
66a49c3d0183a7b44008fe1c,2024-07-27 07:00:00+00:00,2024-07-27 08:00:00+00:00,3h,2024-07-27 07:05:33.260000+00:00,2024-07-27 10:04:23.605000+00:00,0.3044394192358214,0.0486438324557966,1.0,0.2610137215447905,1.0,0.28138904378243607,0.28138904378243607,1,2
66a49c770183a7b44008fe25,2024-07-27 07:00:00+00:00,2024-07-27 08:00:00+00:00,3h,2024-07-27 07:06:31.797000+00:00,2024-07-27 10:05:40.173000+00:00,0.29848258006604905,0.047016252054501446,1.0,0.25699747310393706,1.0,0.2796092458534883,0.2796092458534883,2,2
66a6fe210183a7b440091546,2024-07-29 02:00:00+00:00,2024-07-29 03:00:00+00:00,3h,2024-07-29 02:27:45.603000+00:00,2024-07-29 05:26:06.488000+00:00,0.1807698148330722,0.023767513063172204,1.0,0.16398676387163003,1.0,0.24705786061222934,0.24705786061222934,1,1
66a71fa10183a7b440091d2c,2024-07-29 04:00:00+00:00,2024-07-29 05:00:00+00:00,ban_tai_nhanh,2024-07-29 04:50:41.352000+00:00,2024-07-29 07:50:41.346000+00:00,0.051726695403719665,0.011100090870406297,1.0,0.050411614467568255,1.0,0.21674237741575744,0.21674237741575744,1,12
66a71fd90183a7b440091d3a,2024-07-29 04:00:00+00:00,2024-07-29 05:00:00+00:00,ban_tai_nhanh,2024-07-29 04:51:37.630000+00:00,2024-07-29 07:51:37.623000+00:00,0.0465157708898515,0.010762086916415704,1.0,0.045450464865041895,1.0,0.21554734512285784,0.21554734512285784,2,12
66a7144d0183a7b440091626,2024-07-29 04:00:00+00:00,2024-07-29 05:00:00+00:00,5h,2024-07-29 04:02:21.296000+00:00,2024-07-29 11:00:00+00:00,0.1380240574293068,0.018490117987257214,0.7,0.2740327463721214,1.0,0.2059006200667786,0.2059006200667786,3,12
66a7180d0183a7b440091ab6,2024-07-29 04:00:00+00:00,2024-07-29 05:00:00+00:00,5h,2024-07-29 04:18:21.370000+00:00,2024-07-29 11:00:00+00:00,0.10368348740156598,0.015099201302197862,0.7,0.2065419675923187,1.0,0.19036791429978245,0.19036791429978245,4,12
66a719bd0183a7b440091bb2,2024-07-29 04:00:00+00:00,2024-07-29 05:00:00+00:00,5h,2024-07-29 04:25:33.973000+00:00,2024-07-29 11:00:00+00:00,0.08729927503251814,0.013704870491703658,0.7,0.17411422033182888,1.0,0.18304576636138797,0.18304576636138797,5,12
66a71af30183a7b440091cba,2024-07-29 04:00:00+00:00,2024-07-29 05:00:00+00:00,5h,2024-07-29 04:30:43.621000+00:00,2024-07-29 11:00:00+00:00,0.07519911369823207,0.012757387296547917,0.7,0.15009243730766608,1.0,0.17767291983946196,0.17767291983946196,6,12
66a71c0c0183a7b440091cca,2024-07-29 04:00:00+00:00,2024-07-29 05:00:00+00:00,5h,2024-07-29 04:35:24.533000+00:00,2024-07-29 11:00:00+00:00,0.06394093779337164,0.01193404309590102,0.7,0.12769601992315527,1.0,0.17269962984217166,0.17269962984217166,7,12
66a71d2b0183a7b440091cda,2024-07-29 04:00:00+00:00,2024-07-29 05:00:00+00:00,5h,2024-07-29 04:40:11.242000+00:00,2024-07-29 11:00:00+00:00,0.05216422939767055,0.011128944432159154,0.7,0.10422873678178268,1.0,0.167523114015652,0.167523114015652,8,12
66a71ea50183a7b440091d16,2024-07-29 04:00:00+00:00,2024-07-29 05:00:00+00:00,5h,2024-07-29 04:46:29.482000+00:00,2024-07-29 11:00:00+00:00,0.03616685700883844,0.010120713295550554,0.7,0.07230100993082622,1.0,0.16053262996349554,0.16053262996349554,9,12
66a71fdc0183a7b440091d41,2024-07-29 04:00:00+00:00,2024-07-29 05:00:00+00:00,5h,2024-07-29 04:51:40.268000+00:00,2024-07-29 11:00:00+00:00,0.022612581908233096,0.009337600387030884,0.7,0.04521727882489812,1.0,0.15464601599719813,0.15464601599719813,10,12
66a720806badf0453bda9a2b,2024-07-29 04:00:00+00:00,2024-07-29 05:00:00+00:00,5h,2024-07-29 04:54:24.812000+00:00,2024-07-29 11:00:00+00:00,0.015280835523269734,0.008939331101041417,0.7,0.030559255605969282,1.0,0.1514754497818187,0.1514754497818187,11,12
66a721b20183a7b440091d88,2024-07-29 04:00:00+00:00,2024-07-29 05:00:00+00:00,5h,2024-07-29 04:59:30.677000+00:00,2024-07-29 11:00:00+00:00,0.0013557058628233534,0.008228689619254232,0.7,0.002711410062256947,1.0,0.1454794957840039,0.1454794957840039,12,12
66a724150183a7b440091f8c,2024-07-29 05:00:00+00:00,2024-07-29 06:00:00+00:00,3h,2024-07-29 05:09:41.405000+00:00,2024-07-29 08:07:48.702000+00:00,0.2824470022682068,0.042888425433277505,1.0,0.24383792210987654,1.0,0.2745006396819418,0.2745006396819418,1,4
66a7226b0183a7b440091da7,2024-07-29 05:00:00+00:00,2024-07-29 06:00:00+00:00,5h,2024-07-29 05:02:35.591000+00:00,2024-07-29 12:00:00+00:00,0.1375320535613358,0.018436620063029447,0.7,0.2730712118404015,1.0,0.20567621440589795,0.20567621440589795,2,4
66a723330183a7b440091dec,2024-07-29 05:00:00+00:00,2024-07-29 06:00:00+00:00,5h,2024-07-29 05:05:55.045000+00:00,2024-07-29 12:00:00+00:00,0.13060820597179587,0.017699675861294485,0.7,0.2595215860171717,1.0,0.202524122720211,0.202524122720211,3,4
66a72c690183a7b440092245,2024-07-29 05:00:00+00:00,2024-07-29 06:00:00+00:00,5h,2024-07-29 05:45:13.983000+00:00,2024-07-29 12:00:00+00:00,0.03940302099744922,0.010317100020050186,0.7,0.07876361195089665,1.0,0.16194298240220942,0.16194298240220942,4,4
66a74aae0183a7b440092a26,2024-07-29 07:00:00+00:00,2024-07-29 08:00:00+00:00,3h,2024-07-29 07:54:22.197000+00:00,2024-07-29 10:53:06.143000+00:00,0.031499878869214744,0.009843996560824981,1.0,0.030793957519066995,1.0,0.21206518944030842,0.21206518944030842,1,1
66a750090183a7b440092fd9,2024-07-29 08:00:00+00:00,2024-07-29 09:00:00+00:00,ban_tai_4h,2024-07-29 08:17:13.499000+00:00,2024-07-30 03:00:00+00:00,0.03809758502968708,0.010237429845087912,0.8,0.211512701767266,1.0,0.208444998260506,0.208444998260506,1,1
66a75cf90183a7b440093838,2024-07-29 09:00:00+00:00,2024-07-29 10:00:00+00:00,3h,2024-07-29 09:12:25.208000+00:00,2024-07-29 12:10:58.933000+00:00,0.26646119813603575,0.039119356278826636,1.0,0.23228184018281517,1.0,0.269927981803859,0.269927981803859,1,3
66a760020183a7b440093956,2024-07-29 09:00:00+00:00,2024-07-29 10:00:00+00:00,3h,2024-07-29 09:25:22.463000+00:00,2024-07-29 12:24:21.101000+00:00,0.19346373348277496,0.025600297999507127,1.0,0.17499393159908594,1.0,0.2503589651195215,0.2503589651195215,2,3
66a760240183a7b440093964,2024-07-29 09:00:00+00:00,2024-07-29 10:00:00+00:00,3h,2024-07-29 09:25:56.390000+00:00,2024-07-29 12:25:24.818000+00:00,0.18977793230358228,0.02505439529986595,1.0,0.172398191722976,1.0,0.24951227552451477,0.24951227552451477,3,3
66a76f350183a7b440093d4c,2024-07-29 10:00:00+00:00,2024-07-29 11:00:00+00:00,3h,2024-07-29 10:30:13.884000+00:00,2024-07-29 13:29:29.820000+00:00,0.16605863032282825,0.021803326062892366,1.0,0.15242937605512663,1.0,0.24356787084876078,0.24356787084876078,1,1
66a852360183a7b440094f97,2024-07-30 02:00:00+00:00,2024-07-30 03:00:00+00:00,3h,2024-07-30 02:38:46.586000+00:00,2024-07-30 05:37:42.093000+00:00,0.11861703410933457,0.01649123056973888,1.0,0.11122280902348614,1.0,0.23213930014654055,0.23213930014654055,1,2
66a84e800183a7b440094f52,2024-07-30 02:00:00+00:00,2024-07-30 03:00:00+00:00,5h,2024-07-30 02:22:56.203000+00:00,2024-07-30 09:00:00+00:00,0.09334351698849684,0.01420381690071839,0.7,0.1860913392281398,1.0,0.18574055798605899,0.18574055798605899,2,2
66a8716f0183a7b440095165,2024-07-30 04:00:00+00:00,2024-07-30 05:00:00+00:00,3h,2024-07-30 04:51:59.029000+00:00,2024-07-30 07:48:41.066000+00:00,0.04536590468416588,0.010688883615546605,1.0,0.04355725605015559,1.0,0.2151247813793591,0.2151247813793591,1,1
66a882e80183a7b440095a54,2024-07-30 06:00:00+00:00,2024-07-30 07:00:00+00:00,3h,2024-07-30 06:06:32.793000+00:00,2024-07-30 09:05:46.883000+00:00,0.29823137057621796,0.0469487644067881,1.0,0.2569289486000974,1.0,0.27955504836409234,0.27955504836409234,1,1
66a89d1e0183a7b440095f63,2024-07-30 07:00:00+00:00,2024-07-30 08:00:00+00:00,3h,2024-07-30 07:58:22.520000+00:00,2024-07-30 10:57:24.644000+00:00,0.009074555460354024,0.00861538791503888,1.0,0.008985314533503153,1.0,0.20696629565572397,0.20696629565572397,1,1
66a8a8c36badf0453bda9cc9,2024-07-30 08:00:00+00:00,2024-07-30 09:00:00+00:00,3h,2024-07-30 08:48:03.383000+00:00,2024-07-30 11:47:17.534000+00:00,0.06663631559571741,0.01212625329982807,1.0,0.06419993016676906,1.0,0.22011573801325068,0.22011573801325068,1,1
66a90d297e3bd50e54fe8f09,2024-07-30 15:00:00+00:00,2024-07-30 16:00:00+00:00,5h,2024-07-30 15:56:25.053000+00:00,2024-07-31 08:00:00+00:00,0.0037178447988545247,0.008345163656916217,0.7,0.019705752663439102,1.0,0.14894824872683754,0.14894824872683754,1,1
66a912287e3bd50e54fe8f26,2024-07-30 16:00:00+00:00,2024-07-30 17:00:00+00:00,3h,2024-07-30 16:17:44.400000+00:00,2024-07-31 04:00:00+00:00,0.060177142368923194,0.011670669648895845,1.0,0.2092534484385219,1.0,0.2488530914770419,0.2488530914770419,1,7
66a90ecb7e3bd50e54fe8f14,2024-07-30 16:00:00+00:00,2024-07-30 17:00:00+00:00,5h,2024-07-30 16:03:23.686000+00:00,2024-07-31 08:00:00+00:00,0.05917303330663359,0.011601382536496034,0.7,0.2698268042430535,1.0,0.2009261903705083,0.2009261903705083,2,7
66a910217e3bd50e54fe8f1d,2024-07-30 16:00:00+00:00,2024-07-30 17:00:00+00:00,5h,2024-07-30 16:09:05.473000+00:00,2024-07-31 08:00:00+00:00,0.053536978757180824,0.011219953764387669,0.7,0.2463495209410761,1.0,0.1960018764468478,0.1960018764468478,3,7
66a913e67e3bd50e54fe8f2f,2024-07-30 16:00:00+00:00,2024-07-30 17:00:00+00:00,5h,2024-07-30 16:25:10.297000+00:00,2024-07-31 08:00:00+00:00,0.03725644616089338,0.010186418373214932,0.7,0.1759227624036782,1.0,0.1812964035046646,0.1812964035046646,4,7
66a9152c7e3bd50e54fe8f46,2024-07-30 16:00:00+00:00,2024-07-30 17:00:00+00:00,5h,2024-07-30 16:30:36.633000+00:00,2024-07-31 08:00:00+00:00,0.03162231936245887,0.009851159772629252,0.7,0.15064218110730687,1.0,0.17603913208503894,0.17603913208503894,5,7
66a915c97e3bd50e54fe8f4f,2024-07-30 16:00:00+00:00,2024-07-30 17:00:00+00:00,5h,2024-07-30 16:33:13.828000+00:00,2024-07-31 08:00:00+00:00,0.02888477919321618,0.009692229185855893,0.7,0.13818929278311665,1.0,0.17345319606813686,0.17345319606813686,6,7
66a916a77e3bd50e54fe8f58,2024-07-30 16:00:00+00:00,2024-07-30 17:00:00+00:00,5h,2024-07-30 16:36:55.365000+00:00,2024-07-31 08:00:00+00:00,0.0250003453123777,0.009471063018928836,0.7,0.12032868278509368,1.0,0.16974837436837603,0.16974837436837603,7,7
66a996877e3bd50e54fe90d7,2024-07-31 01:00:00+00:00,2024-07-31 02:00:00+00:00,5h,2024-07-31 01:42:31.536000+00:00,2024-07-31 08:00:00+00:00,0.04629294066034677,0.010747862365601546,0.7,0.09251659544311619,1.0,0.16495203650798415,0.16495203650798415,1,1
66a9ae686badf0453bdaa0d4,2024-07-31 03:00:00+00:00,2024-07-31 04:00:00+00:00,5h,2024-07-31 03:24:24.520000+00:00,2024-07-31 10:00:00+00:00,0.08996995215601286,0.013923164872523356,0.7,0.17940831317385852,1.0,0.18423556155828572,0.18423556155828572,1,1
66a9c1c57e3bd50e54fe9802,2024-07-31 04:00:00+00:00,2024-07-31 05:00:00+00:00,3h,2024-07-31 04:47:01.058000+00:00,2024-07-31 07:44:48.400000+00:00,0.07302118934594953,0.012593849885568572,1.0,0.06958472408505556,1.0,0.22147325474835228,0.22147325474835228,1,1
66a9ca5f7e3bd50e54fe9930,2024-07-31 05:00:00+00:00,2024-07-31 06:00:00+00:00,3h,2024-07-31 05:23:43.716000+00:00,2024-07-31 08:23:07.280000+00:00,0.20218990661457487,0.026939292590173667,1.0,0.1825027807763332,1.0,0.25266413170937085,0.25266413170937085,1,3
66a9cc7c58b703a0100ab3ad,2024-07-31 05:00:00+00:00,2024-07-31 06:00:00+00:00,3h,2024-07-31 05:32:44.654000+00:00,2024-07-31 08:32:13.598000+00:00,0.15185760089382952,0.02005821454158988,1.0,0.14051415736687378,1.0,0.2401377601983287,0.2401377601983287,2,3
66a9d2ad7e3bd50e54fe9a6f,2024-07-31 05:00:00+00:00,2024-07-31 06:00:00+00:00,5h,2024-07-31 05:59:09.595000+00:00,2024-07-31 12:00:00+00:00,0.0023281319679701144,0.008276442188661734,0.7,0.0046562555037023,1.0,0.1458971164139375,0.1458971164139375,3,3
66a9de677e3bd50e54fe9b8d,2024-07-31 06:00:00+00:00,2024-07-31 07:00:00+00:00,3h,2024-07-31 06:49:11.724000+00:00,2024-07-31 09:48:45.080000+00:00,0.06017400705963861,0.011670452666195666,1.0,0.05825953342408541,1.0,0.21865417828453448,0.21865417828453448,1,2
66a9e0b87e3bd50e54fe9bb4,2024-07-31 06:00:00+00:00,2024-07-31 07:00:00+00:00,3h,2024-07-31 06:59:04.400000+00:00,2024-07-31 09:57:19.105000+00:00,0.005198834376450776,0.00841902161271562,1.0,0.005134919144829442,1.0,0.20607839679659526,0.20607839679659526,2,2
66aa1f147e3bd50e54fea232,2024-07-31 11:00:00+00:00,2024-07-31 12:00:00+00:00,ban_tai_4h,2024-07-31 11:25:08.946000+00:00,2024-08-01 12:00:00+00:00,0.023630117457974904,0.009394245621210747,0.8,0.1760258419144496,1.0,0.2008417157556164,0.2008417157556164,1,2
66aa24527e3bd50e54fea26c,2024-07-31 11:00:00+00:00,2024-07-31 12:00:00+00:00,ban_tai_4h,2024-07-31 11:47:30.318000+00:00,2024-08-01 07:00:00+00:00,0.010841438142839182,0.008706408615988316,0.8,0.06706057013405364,1.0,0.17863595919640374,0.17863595919640374,2,2
66aa66af7e3bd50e54fea6ad,2024-07-31 16:00:00+00:00,2024-07-31 17:00:00+00:00,3h,2024-07-31 16:30:39.468000+00:00,2024-08-01 04:00:00+00:00,0.042565506652574005,0.01051265755940949,1.0,0.15041919541425575,1.0,0.23639143361849685,0.23639143361849685,1,1
66aaf3567e3bd50e54fea8df,2024-08-01 02:00:00+00:00,2024-08-01 03:00:00+00:00,3h,2024-08-01 02:30:46.030000+00:00,2024-08-01 05:28:58.794000+00:00,0.16403335938210178,0.021545657356884785,1.0,0.14990283955946948,1.0,0.2429079623260248,0.2429079623260248,1,5
66aaf5197e3bd50e54fea915,2024-08-01 02:00:00+00:00,2024-08-01 03:00:00+00:00,5h,2024-08-01 02:38:17.255000+00:00,2024-08-01 09:00:00+00:00,0.05688160960618476,0.011444784867800723,0.7,0.11363330501036972,1.0,0.1695935319227544,0.1695935319227544,2,5
66aaf6597e3bd50e54feaa3e,2024-08-01 02:00:00+00:00,2024-08-01 03:00:00+00:00,5h,2024-08-01 02:43:37.384000+00:00,2024-08-01 09:00:00+00:00,0.04351205369652479,0.010571898785279822,0.7,0.08696673385167086,1.0,0.16373648604150204,0.16373648604150204,3,5
66aaf8dc7e3bd50e54feaa6a,2024-08-01 02:00:00+00:00,2024-08-01 03:00:00+00:00,5h,2024-08-01 02:54:20.084000+00:00,2024-08-01 09:00:00+00:00,0.015493040173900392,0.008950618216652577,0.7,0.030983562337931758,1.0,0.15156708339757788,0.15156708339757788,4,5
66aaf9577e3bd50e54feab5d,2024-08-01 02:00:00+00:00,2024-08-01 03:00:00+00:00,5h,2024-08-01 02:56:23.169000+00:00,2024-08-01 09:00:00+00:00,0.009938702829938958,0.008659785872733548,0.7,0.019876744634074517,1.0,0.149171220450455,0.149171220450455,5,5
66aafc1e7e3bd50e54feac85,2024-08-01 03:00:00+00:00,2024-08-01 04:00:00+00:00,3h,2024-08-01 03:08:14.777000+00:00,2024-08-01 06:07:29.598000+00:00,0.2887284688420198,0.044462444138097135,1.0,0.24987892200007245,1.0,0.2766532508828728,0.2766532508828728,1,1
66ab092d7e3bd50e54feb472,2024-08-01 04:00:00+00:00,2024-08-01 05:00:00+00:00,3h,2024-08-01 04:03:57.943000+00:00,2024-08-01 07:03:16.559000+00:00,0.3124990240380361,0.05093118720057931,1.0,0.2675070583236573,1.0,0.28406012398507907,0.28406012398507907,1,1
66ab4f657e3bd50e54fec0b7,2024-08-01 09:00:00+00:00,2024-08-01 10:00:00+00:00,3h,2024-08-01 09:03:33.974000+00:00,2024-08-01 12:01:13.455000+00:00,0.3176539270532965,0.05244716392411114,1.0,0.26913091526874733,1.0,0.28529448140821617,0.28529448140821617,1,3
66ab510e7e3bd50e54fec11a,2024-08-01 09:00:00+00:00,2024-08-01 10:00:00+00:00,3h,2024-08-01 09:10:38.733000+00:00,2024-08-01 12:09:27.346000+00:00,0.276015827954648,0.04133210977228408,1.0,0.23981342992570653,1.0,0.27276195184851176,0.27276195184851176,2,3
66ab516d7e3bd50e54fec125,2024-08-01 09:00:00+00:00,2024-08-01 10:00:00+00:00,3h,2024-08-01 09:12:13.678000+00:00,2024-08-01 12:11:00.597000+00:00,0.26720831955568974,0.039288206267423034,1.0,0.2331010130541854,1.0,0.27019312637129095,0.27019312637129095,3,3
66ac55bb41dd95a0cd9713c9,2024-08-02 03:00:00+00:00,2024-08-02 04:00:00+00:00,5h,2024-08-02 03:42:51.532000+00:00,2024-08-02 10:00:00+00:00,0.045450182486945205,0.010694232179007869,0.7,0.09083485034529104,1.0,0.1645835093764629,0.1645835093764629,1,3
66ac582b41dd95a0cd9713f3,2024-08-02 03:00:00+00:00,2024-08-02 04:00:00+00:00,5h,2024-08-02 03:53:15.370000+00:00,2024-08-02 10:00:00+00:00,0.018388402804318908,0.009106040115427148,0.7,0.036772583386648905,1.0,0.15281814074658606,0.15281814074658606,2,3
66ac588941dd95a0cd9714e9,2024-08-02 03:00:00+00:00,2024-08-02 04:00:00+00:00,5h,2024-08-02 03:54:49.995000+00:00,2024-08-02 10:00:00+00:00,0.014149015484022025,0.00887936768383002,0.7,0.028296115650562337,1.0,0.15098684374041046,0.15098684374041046,3,3
66ac5bd941dd95a0cd971588,2024-08-02 04:00:00+00:00,2024-08-02 05:00:00+00:00,5h,2024-08-02 04:08:57.128000+00:00,2024-08-02 11:00:00+00:00,0.12418959154473169,0.017042386241052594,0.7,0.24693163057834422,1.0,0.1996117578603004,0.1996117578603004,1,3
66ac5c9c41dd95a0cd9715b7,2024-08-02 04:00:00+00:00,2024-08-02 05:00:00+00:00,5h,2024-08-02 04:12:12.969000+00:00,2024-08-02 11:00:00+00:00,0.11717935862344721,0.01635190425173348,0.7,0.2331513568999869,1.0,0.19644141393103748,0.19644141393103748,2,3
66ac5f0741dd95a0cd971634,2024-08-02 04:00:00+00:00,2024-08-02 05:00:00+00:00,5h,2024-08-02 04:22:31.909000+00:00,2024-08-02 11:00:00+00:00,0.09426712603537113,0.014281620781333496,0.7,0.18792012389750345,1.0,0.18615299724830076,0.18615299724830076,3,3
66ac8a4f41dd95a0cd9719db,2024-08-02 07:00:00+00:00,2024-08-02 08:00:00+00:00,3h,2024-08-02 07:27:11.936000+00:00,2024-08-02 10:23:27.533000+00:00,0.18609483701014706,0.024520228868729465,1.0,0.16658882249289175,1.0,0.24802990181981605,0.24802990181981605,1,2
66ac8c2c41dd95a0cd971a52,2024-08-02 07:00:00+00:00,2024-08-02 08:00:00+00:00,3h,2024-08-02 07:35:08.489000+00:00,2024-08-02 10:31:46.158000+00:00,0.1407395343258975,0.01878813605128377,1.0,0.12899091389028916,1.0,0.2370710644088281,0.2370710644088281,2,2
66ac9d9441dd95a0cd971c16,2024-08-02 08:00:00+00:00,2024-08-02 09:00:00+00:00,3h,2024-08-02 08:49:24.536000+00:00,2024-08-02 11:48:43.330000+00:00,0.05906461263223369,0.011593925483047994,1.0,0.05714168727923863,1.0,0.21838469274567654,0.21838469274567654,1,5
66ac9dcf41dd95a0cd971c27,2024-08-02 08:00:00+00:00,2024-08-02 09:00:00+00:00,3h,2024-08-02 08:50:23.488000+00:00,2024-08-02 11:49:31.171000+00:00,0.05364058467299416,0.011226852325703243,1.0,0.05198100569463282,1.0,0.2171323125343485,0.2171323125343485,2,5
66ac9dff41dd95a0cd971c33,2024-08-02 08:00:00+00:00,2024-08-02 09:00:00+00:00,3h,2024-08-02 08:51:11.955000+00:00,2024-08-02 11:50:30.178000+00:00,0.04908292010678715,0.010927312029370617,1.0,0.04771703437427277,1.0,0.21609979409247693,0.21609979409247693,3,5
66ac9e2541dd95a0cd971c3e,2024-08-02 08:00:00+00:00,2024-08-02 09:00:00+00:00,3h,2024-08-02 08:51:49.997000+00:00,2024-08-02 11:51:17.270000+00:00,0.04550855170106674,0.01069793804465135,1.0,0.04435679120379743,1.0,0.2152901210675503,0.2152901210675503,4,5
66ac9e3941dd95a0cd971c45,2024-08-02 08:00:00+00:00,2024-08-02 09:00:00+00:00,3h,2024-08-02 08:52:09.223000+00:00,2024-08-02 11:49:17.583000+00:00,0.04429441607171755,0.010621113454152672,1.0,0.042654054177234,1.0,0.2149034789079384,0.2149034789079384,5,5
66acab0a41dd95a0cd9720c0,2024-08-02 09:00:00+00:00,2024-08-02 10:00:00+00:00,3h,2024-08-02 09:46:50.777000+00:00,2024-08-02 12:46:09.727000+00:00,0.0733550207036932,0.012618781865539861,1.0,0.07047000630139177,1.0,0.22166527037960226,0.22166527037960226,1,1
66adab323860c2916226ff7a,2024-08-03 03:00:00+00:00,2024-08-03 04:00:00+00:00,5h,2024-08-03 03:59:46.055000+00:00,2024-08-03 10:00:00+00:00,0.0006451853190151081,0.008193971201982439,0.7,0.0012903704588697051,1.0,0.1451744568129634,0.1451744568129634,1,1
66adaba141dd95a0cd97346a,2024-08-03 04:00:00+00:00,2024-08-03 05:00:00+00:00,3h,2024-08-03 04:01:37.902000+00:00,2024-08-03 07:00:17.027000+00:00,0.32671491376394995,0.055215637239160606,1.0,0.2769438037328451,1.0,0.2885181430900654,0.2885181430900654,1,1
66adb98041dd95a0cd9735a4,2024-08-03 05:00:00+00:00,2024-08-03 06:00:00+00:00,3h,2024-08-03 05:00:48.898000+00:00,2024-08-03 07:59:08.177000+00:00,0.3319010561365864,0.056861553300930824,1.0,0.28021717235421906,1.0,0.2901603664514023,0.2901603664514023,1,2
66adbd243860c2916227007c,2024-08-03 05:00:00+00:00,2024-08-03 06:00:00+00:00,3h,2024-08-03 05:16:20.758000+00:00,2024-08-03 08:14:39.221000+00:00,0.24482413969184175,0.03452104515740605,1.0,0.21535383450456214,1.0,0.26378339399535605,0.26378339399535605,2,2
66ade03f3860c291622700aa,2024-08-03 07:00:00+00:00,2024-08-03 08:00:00+00:00,3h,2024-08-03 07:46:07.127000+00:00,2024-08-03 10:44:20.886000+00:00,0.077884025626536,0.012961880926300861,1.0,0.07421927494183389,1.0,0.2226209835441473,0.2226209835441473,1,1
66adeea441dd95a0cd973fa0,2024-08-03 08:00:00+00:00,2024-08-03 09:00:00+00:00,3h,2024-08-03 08:47:32.850000+00:00,2024-08-03 11:46:02.500000+00:00,0.0697641846372197,0.012353140375270842,1.0,0.06684182202658107,1.0,0.22078024863047874,0.22078024863047874,1,1
66adf3943860c291622700ed,2024-08-03 09:00:00+00:00,2024-08-03 10:00:00+00:00,3h,2024-08-03 09:08:36.096000+00:00,2024-08-03 12:07:35.413000+00:00,0.2871601611163913,0.04406437107238341,1.0,0.248396734459144,1.0,0.27611796953525886,0.27611796953525886,1,1
66b04fac5555d7d11c91bba5,2024-08-05 04:00:00+00:00,2024-08-05 05:00:00+00:00,3h,2024-08-05 04:06:04.716000+00:00,2024-08-05 07:05:32.496000+00:00,0.30045970478594475,0.04755063640091657,1.0,0.2588582180561836,1.0,0.2803020254517867,0.2803020254517867,1,1
66b08f1b41dd95a0cd976183,2024-08-05 08:00:00+00:00,2024-08-05 09:00:00+00:00,3h,2024-08-05 08:36:43.469000+00:00,2024-08-05 11:34:19.463000+00:00,0.13105591087982968,0.017746440272232194,1.0,0.1212970910110216,1.0,0.23490728236554365,0.23490728236554365,1,1
66b0a3fa41dd95a0cd976283,2024-08-05 10:00:00+00:00,2024-08-05 11:00:00+00:00,3h,2024-08-05 10:05:46.537000+00:00,2024-08-05 13:04:58.738000+00:00,0.3025857682534023,0.04813171331884062,1.0,0.26010468874878856,1.0,0.28089996574106213,0.28089996574106213,1,2
66b0a77741dd95a0cd9766d2,2024-08-05 10:00:00+00:00,2024-08-05 11:00:00+00:00,5h,2024-08-05 10:20:39.882000+00:00,2024-08-06 06:00:00+00:00,0.03335378835857792,0.009953011170792331,0.7,0.1963001853982823,1.0,0.18523184378213187,0.18523184378213187,2,2
66b189f641dd95a0cd976b84,2024-08-06 02:00:00+00:00,2024-08-06 03:00:00+00:00,3h,2024-08-06 02:27:02.068000+00:00,2024-08-06 05:24:50.595000+00:00,0.1853987902922306,0.024420534584831725,1.0,0.167349965589901,1.0,0.24812231386887926,0.24812231386887926,1,1
66b19ab241dd95a0cd976ca4,2024-08-06 03:00:00+00:00,2024-08-06 04:00:00+00:00,3h,2024-08-06 03:38:26.994000+00:00,2024-08-06 06:36:56.726000+00:00,0.12073187265563695,0.01669830506962089,1.0,0.11283365514441601,1.0,0.23258571407065576,0.23258571407065576,1,4
66b19d2941dd95a0cd976d23,2024-08-06 03:00:00+00:00,2024-08-06 04:00:00+00:00,3h,2024-08-06 03:48:57.493000+00:00,2024-08-06 06:38:36.760000+00:00,0.06508395938528776,0.012015182839730498,1.0,0.05949963367488598,1.0,0.21910903643881552,0.21910903643881552,2,4
66b19dbe41dd95a0cd976d7a,2024-08-06 03:00:00+00:00,2024-08-06 04:00:00+00:00,3h,2024-08-06 03:51:26.755000+00:00,2024-08-06 06:49:01.310000+00:00,0.04817141588738338,0.010868361144358544,1.0,0.04641115945218066,1.0,0.21580324857705127,0.21580324857705127,3,4
66b19f6d41dd95a0cd976e2b,2024-08-06 03:00:00+00:00,2024-08-06 04:00:00+00:00,3h,2024-08-06 03:58:37.163000+00:00,2024-08-06 06:56:43.761000+00:00,0.007751484616526232,0.008547848346943896,1.0,0.007640752494082914,1.0,0.20665685950698293,0.20665685950698293,4,4
66b1a12a41dd95a0cd976eec,2024-08-06 04:00:00+00:00,2024-08-06 05:00:00+00:00,3h,2024-08-06 04:06:02.092000+00:00,2024-08-06 06:59:58.795000+00:00,0.3102424204272173,0.05028068491740652,1.0,0.25903826618610104,1.0,0.28197606418766413,0.28197606418766413,1,6
66b1a22241dd95a0cd976f21,2024-08-06 04:00:00+00:00,2024-08-06 05:00:00+00:00,3h,2024-08-06 04:10:10.776000+00:00,2024-08-06 07:09:08.954000+00:00,0.27837348198176637,0.041896275626798096,1.0,0.24177871255386318,1.0,0.2734935078868515,0.2734935078868515,2,6
66b1a2f041dd95a0cd9772cb,2024-08-06 04:00:00+00:00,2024-08-06 05:00:00+00:00,3h,2024-08-06 04:13:36.868000+00:00,2024-08-06 07:10:44.092000+00:00,0.2618870177197733,0.03810067138016477,1.0,0.2271709509249068,1.0,0.26829459301308023,0.26829459301308023,3,6
66b1a3a841dd95a0cd977312,2024-08-06 04:00:00+00:00,2024-08-06 05:00:00+00:00,3h,2024-08-06 04:16:40.843000+00:00,2024-08-06 07:15:19.034000+00:00,0.24249959718015848,0.03405919818315585,1.0,0.21389325287691363,1.0,0.26321416948527626,0.26321416948527626,4,6
66b1ac0c41dd95a0cd9774ae,2024-08-06 04:00:00+00:00,2024-08-06 05:00:00+00:00,3h,2024-08-06 04:52:28.872000+00:00,2024-08-06 07:51:31.579000+00:00,0.041993884781554594,0.010477040838200263,1.0,0.0409107196692815,1.0,0.21446836843677647,0.21446836843677647,5,6
66b1ad7b41dd95a0cd9774fb,2024-08-06 04:00:00+00:00,2024-08-06 05:00:00+00:00,3h,2024-08-06 04:58:35.704000+00:00,2024-08-06 07:57:47.552000+00:00,0.007840140597225705,0.008552357566637086,1.0,0.0077748038227370975,1.0,0.20668637530452968,0.20668637530452968,6,6
66b1add041dd95a0cd97754b,2024-08-06 05:00:00+00:00,2024-08-06 06:00:00+00:00,3h,2024-08-06 05:00:00.637000+00:00,2024-08-06 07:58:56.292000+00:00,0.33527185812137217,0.05795594700724529,1.0,0.2834264261016207,1.0,0.29145885342467137,0.29145885342467137,1,7
66b1aef78bafc7aafe84102c,2024-08-06 05:00:00+00:00,2024-08-06 06:00:00+00:00,3h,2024-08-06 05:04:55.981000+00:00,2024-08-06 08:03:46.802000+00:00,0.3078999267623605,0.049613751340547935,1.0,0.2635601269563934,1.0,0.28248027619560745,0.28248027619560745,2,7
66b1afe941dd95a0cd9776fe,2024-08-06 05:00:00+00:00,2024-08-06 06:00:00+00:00,3h,2024-08-06 05:08:57.125000+00:00,2024-08-06 08:02:32.233000+00:00,0.29408000377912547,0.04584675033945693,1.0,0.24693183976397337,1.0,0.27689441815646887,0.27689441815646887,3,7
66b1b07141dd95a0cd977755,2024-08-06 05:00:00+00:00,2024-08-06 06:00:00+00:00,3h,2024-08-06 05:11:13.193000+00:00,2024-08-06 08:09:35.617000+00:00,0.2734714117100948,0.04073141154902124,1.0,0.23738399788324427,1.0,0.2719156465060616,0.2719156465060616,4,7
66b1adfc41dd95a0cd977570,2024-08-06 05:00:00+00:00,2024-08-06 06:00:00+00:00,5h,2024-08-06 05:00:44.326000+00:00,2024-08-06 11:00:00+00:00,0.16495304206215033,0.021662294423596216,0.7,0.28052181593048253,1.0,0.20910173984025424,0.20910173984025424,5,7
66b1aedf41dd95a0cd97757d,2024-08-06 05:00:00+00:00,2024-08-06 06:00:00+00:00,5h,2024-08-06 05:04:31.608000+00:00,2024-08-06 12:00:00+00:00,0.13351811861751853,0.018005803280157055,0.7,0.26522022053842487,1.0,0.2038475260757792,0.2038475260757792,6,7
66b1af828bafc7aafe84104f,2024-08-06 05:00:00+00:00,2024-08-06 06:00:00+00:00,5h,2024-08-06 05:07:14.539000+00:00,2024-08-06 12:00:00+00:00,0.1278175681849815,0.017410899809965463,0.7,0.25405114547058705,1.0,0.20125676898009667,0.20125676898009667,7,7
66b1c5aa41dd95a0cd978603,2024-08-06 06:00:00+00:00,2024-08-06 07:00:00+00:00,3h,2024-08-06 06:41:46.791000+00:00,2024-08-06 09:37:36.787000+00:00,0.10362174544900303,0.015093693224426786,1.0,0.09626857191360016,1.0,0.22830993031737612,0.22830993031737612,1,2
66b1c6db41dd95a0cd978787,2024-08-06 06:00:00+00:00,2024-08-06 07:00:00+00:00,3h,2024-08-06 06:46:51.398000+00:00,2024-08-06 09:45:28.678000+00:00,0.07358228953615095,0.012635783163804959,1.0,0.0704165567900954,1.0,0.22166478125630207,0.22166478125630207,2,2
66b1ce5341dd95a0cd97896b,2024-08-06 07:00:00+00:00,2024-08-06 08:00:00+00:00,3h,2024-08-06 07:18:43.402000+00:00,2024-08-06 10:16:56.427000+00:00,0.23160873560101095,0.031973637480115655,1.0,0.20492166105546172,1.0,0.26016851469916175,0.26016851469916175,1,1
66b2e1a441dd95a0cd979ea1,2024-08-07 02:00:00+00:00,2024-08-07 03:00:00+00:00,3h,2024-08-07 02:53:24.777000+00:00,2024-08-07 05:51:52.878000+00:00,0.03690878522718454,0.010165407776041809,1.0,0.03593322897568241,1.0,0.21328589046076157,0.21328589046076157,1,1
66b2e38841dd95a0cd979ecb,2024-08-07 03:00:00+00:00,2024-08-07 04:00:00+00:00,3h,2024-08-07 03:01:28.310000+00:00,2024-08-07 05:56:07.660000+00:00,0.33510570789218797,0.05790154310673371,1.0,0.2775856996630316,1.0,0.2902580657966466,0.2902580657966466,1,7
66b2e4c241dd95a0cd97ad47,2024-08-07 03:00:00+00:00,2024-08-07 04:00:00+00:00,3h,2024-08-07 03:06:42.162000+00:00,2024-08-07 06:01:37.327000+00:00,0.30469630539396,0.04871521056287001,1.0,0.2562840547807571,1.0,0.28048593729387344,0.28048593729387344,2,7
66b2e6c77cb3f11298e313c5,2024-08-07 03:00:00+00:00,2024-08-07 04:00:00+00:00,3h,2024-08-07 03:15:19.399000+00:00,2024-08-07 06:14:28.142000+00:00,0.2493873934840567,0.03544530826950341,1.0,0.219799074983967,1.0,0.26522699995849547,0.26522699995849547,3,7
66b2e7807cb3f11298e313d1,2024-08-07 03:00:00+00:00,2024-08-07 04:00:00+00:00,3h,2024-08-07 03:18:24.416000+00:00,2024-08-07 06:15:22.266000+00:00,0.23503665996411702,0.03261639488886204,1.0,0.20631815147911214,1.0,0.26083346722913964,0.26083346722913964,4,7
66b2ecaa7cb3f11298e31553,2024-08-07 03:00:00+00:00,2024-08-07 04:00:00+00:00,3h,2024-08-07 03:40:27.040000+00:00,2024-08-07 06:38:33.130000+00:00,0.10976512456848109,0.015651561462763235,1.0,0.10291746366720189,1.0,0.22997442961109832,0.22997442961109832,5,7
66b2ec357cb3f11298e31524,2024-08-07 03:00:00+00:00,2024-08-07 04:00:00+00:00,5h,2024-08-07 03:38:29.457000+00:00,2024-08-07 10:00:00+00:00,0.05637887227052673,0.011410707889191445,0.7,0.11263130885854944,1.0,0.16937268650522475,0.16937268650522475,6,7
66b2ed167cb3f11298e31657,2024-08-07 03:00:00+00:00,2024-08-07 04:00:00+00:00,5h,2024-08-07 03:42:14.386000+00:00,2024-08-07 10:00:00+00:00,0.04701456576468654,0.010793995424995803,0.7,0.09395650191740501,1.0,0.16526769763847848,0.16526769763847848,7,7
66b304517cb3f11298e31cd3,2024-08-07 05:00:00+00:00,2024-08-07 06:00:00+00:00,3h,2024-08-07 05:21:21.884000+00:00,2024-08-07 08:19:39.402000+00:00,0.2166966206553707,0.029317344873301173,1.0,0.19316845146060657,1.0,0.256224097216102,0.256224097216102,1,4
66b30af87cb3f11298e3221f,2024-08-07 05:00:00+00:00,2024-08-07 06:00:00+00:00,3h,2024-08-07 05:49:44.469000+00:00,2024-08-07 08:45:56.427000+00:00,0.05822298953514571,0.01153620046277974,1.0,0.05539989570764414,1.0,0.2180016994191967,0.2180016994191967,2,4
66b303997cb3f11298e31c45,2024-08-07 05:00:00+00:00,2024-08-07 06:00:00+00:00,5h,2024-08-07 05:18:17.740000+00:00,2024-08-07 12:00:00+00:00,0.10381848009273821,0.015111251066409606,0.7,0.20680861283948593,1.0,0.19042847320774295,0.19042847320774295,3,4
66b30ae38bafc7aafe8412e7,2024-08-07 05:00:00+00:00,2024-08-07 06:00:00+00:00,5h,2024-08-07 05:49:23.745000+00:00,2024-08-07 12:00:00+00:00,0.02861340634922562,0.009676613364666289,0.7,0.05721074039169438,1.0,0.15724811609713862,0.15724811609713862,4,4
66b31f1e7cb3f11298e326bc,2024-08-07 07:00:00+00:00,2024-08-07 08:00:00+00:00,3h,2024-08-07 07:15:42.668000+00:00,2024-08-07 10:13:31.776000+00:00,0.24906786959134727,0.03537982151714354,1.0,0.21811629103547925,1.0,0.264851151117382,0.264851151117382,1,1
66b345497cb3f11298e33298,2024-08-07 09:00:00+00:00,2024-08-07 10:00:00+00:00,ban_tai_4h,2024-08-07 09:58:33.075000+00:00,2024-08-08 04:00:00+00:00,0.0013396381474387944,0.008227902886895502,0.8,0.008016307764490693,1.0,0.16654000328503546,0.16654000328503546,1,1
66b34bae7cb3f11298e3364a,2024-08-07 10:00:00+00:00,2024-08-07 11:00:00+00:00,3h,2024-08-07 10:25:50.221000+00:00,2024-08-07 13:25:15.287000+00:00,0.1904102585158326,0.025147236232832902,1.0,0.1728707859544184,1.0,0.24966249893058345,0.24966249893058345,1,2
66b345f67cb3f11298e335cd,2024-08-07 10:00:00+00:00,2024-08-07 11:00:00+00:00,ban_tai_4h,2024-08-07 10:01:26.505000+00:00,2024-08-08 04:00:00+00:00,0.05429308060088548,0.011270394990867492,0.8,0.2777064264086969,1.0,0.2223035222762599,0.2223035222762599,2,2
66b363cf7cb3f11298e33ae3,2024-08-07 12:00:00+00:00,2024-08-07 13:00:00+00:00,ban_tai_4h,2024-08-07 12:08:47.507000+00:00,2024-08-08 08:00:00+00:00,0.0429884683048624,0.010539088620019522,0.8,0.2476021902612997,1.0,0.2158438912242717,0.2158438912242717,1,1
66b372297cb3f11298e33aee,2024-08-07 13:00:00+00:00,2024-08-07 14:00:00+00:00,5h,2024-08-07 13:10:01.535000+00:00,2024-08-08 08:00:00+00:00,0.04422614877785213,0.010616810075393373,0.7,0.24242720571380194,1.0,0.19485552718799642,0.19485552718799642,1,1
66b433587cb3f11298e33d66,2024-08-08 02:00:00+00:00,2024-08-08 03:00:00+00:00,3h,2024-08-08 02:54:16.574000+00:00,2024-08-08 05:52:40.648000+00:00,0.032083672067289515,0.009878196961560176,1.0,0.03129844150953498,1.0,0.2121866064788431,0.2121866064788431,1,2
66b42f430f42ac1ad11ca1e4,2024-08-08 02:00:00+00:00,2024-08-08 03:00:00+00:00,5h,2024-08-08 02:36:51.736000+00:00,2024-08-08 09:00:00+00:00,0.06039011906249206,0.011685418283740395,0.7,0.12062421898228914,1.0,0.17113609476670205,0.17113609476670205,2,2
66b434b37cb3f11298e33d8d,2024-08-08 03:00:00+00:00,2024-08-08 04:00:00+00:00,3h,2024-08-08 03:00:03.342000+00:00,2024-08-08 05:58:21.766000+00:00,0.3361857783912845,0.05825605784396682,1.0,0.2832469284833069,1.0,0.2916030204030415,0.2916030204030415,1,6
66b4354d7cb3f11298e33dbd,2024-08-08 03:00:00+00:00,2024-08-08 04:00:00+00:00,3h,2024-08-08 03:02:37.268000+00:00,2024-08-08 06:00:06.480000+00:00,0.3232851407221492,0.05415188817427728,1.0,0.27295832718956137,1.0,0.28708279834247863,0.28708279834247863,2,6
66b43b797cb3f11298e33e32,2024-08-08 03:00:00+00:00,2024-08-08 04:00:00+00:00,3h,2024-08-08 03:28:57.683000+00:00,2024-08-08 06:24:08.877000+00:00,0.17717463877081902,0.023272116412692084,1.0,0.15838848873576983,1.0,0.24564096759476922,0.24564096759476922,3,6
66b441337cb3f11298e33e7d,2024-08-08 03:00:00+00:00,2024-08-08 04:00:00+00:00,3h,2024-08-08 03:53:23.166000+00:00,2024-08-08 06:51:55.965000+00:00,0.03704298008391644,0.010173512642233493,1.0,0.0360770248773159,1.0,0.2133195125608033,0.2133195125608033,4,6
66b441737cb3f11298e34269,2024-08-08 03:00:00+00:00,2024-08-08 04:00:00+00:00,5h,2024-08-08 03:54:27.859000+00:00,2024-08-08 10:00:00+00:00,0.01514402994217482,0.00893206192333799,0.7,0.03028570906182737,1.0,0.15141637896636825,0.15141637896636825,5,6
66b442417cb3f11298e3468b,2024-08-08 03:00:00+00:00,2024-08-08 04:00:00+00:00,5h,2024-08-08 03:57:53.713000+00:00,2024-08-08 10:00:00+00:00,0.005812636093778933,0.008449821961065144,0.7,0.011625140497194653,1.0,0.147394921276078,0.147394921276078,6,6
66b4432e7cb3f11298e3469e,2024-08-08 04:00:00+00:00,2024-08-08 05:00:00+00:00,3h,2024-08-08 04:01:50.638000+00:00,2024-08-08 07:00:33.097000+00:00,0.32542553904845894,0.05481344730150152,1.0,0.27609063006082835,1.0,0.2881061943930666,0.2881061943930666,1,3
66b4438b7cb3f11298e346a9,2024-08-08 04:00:00+00:00,2024-08-08 05:00:00+00:00,3h,2024-08-08 04:03:24.072000+00:00,2024-08-08 07:02:23.934000+00:00,0.3161984762932708,0.05201487172567523,1.0,0.2698007068458007,1.0,0.2851690644045653,0.2851690644045653,2,3
66b4447b7cb3f11298e34b81,2024-08-08 04:00:00+00:00,2024-08-08 05:00:00+00:00,3h,2024-08-08 04:07:23.153000+00:00,2024-08-08 07:06:20.082000+00:00,0.2940176842000166,0.045830396162045,1.0,0.25345594485751466,1.0,0.2781894266687299,0.2781894266687299,3,3
66b4564c7cb3f11298e34ff7,2024-08-08 05:00:00+00:00,2024-08-08 06:00:00+00:00,3h,2024-08-08 05:23:24.116000+00:00,2024-08-08 08:22:11.418000+00:00,0.20470049225797876,0.027336987457894563,1.0,0.18398504141973737,1.0,0.25319920075868424,0.25319920075868424,1,1
66b45f0e0f42ac1ad11ca340,2024-08-08 06:00:00+00:00,2024-08-08 07:00:00+00:00,3h,2024-08-08 06:00:46.172000+00:00,2024-08-08 08:58:18.308000+00:00,0.33362585682345774,0.05741909412959455,1.0,0.28039882794506876,1.0,0.2905312220667705,0.2905312220667705,1,5
66b460207cb3f11298e35196,2024-08-08 06:00:00+00:00,2024-08-08 07:00:00+00:00,3h,2024-08-08 06:05:20.920000+00:00,2024-08-08 09:04:44.158000+00:00,0.3046555320991694,0.04870387470876918,1.0,0.26185759959636756,1.0,0.281593844744535,0.281593844744535,2,5
66b461ed0f42ac1ad11ca378,2024-08-08 06:00:00+00:00,2024-08-08 07:00:00+00:00,3h,2024-08-08 06:13:01.481000+00:00,2024-08-08 09:12:32.466000+00:00,0.26167699611502565,0.03805451574766453,1.0,0.2296990385558212,1.0,0.26877251715976297,0.26877251715976297,3,5
66b4689a7cb3f11298e3543e,2024-08-08 06:00:00+00:00,2024-08-08 07:00:00+00:00,3h,2024-08-08 06:41:30.381000+00:00,2024-08-08 09:37:01.844000+00:00,0.10536228442335124,0.015249729768640818,1.0,0.0976406989119164,1.0,0.2286779776435678,0.2286779776435678,4,5
66b46a517cb3f11298e35463,2024-08-08 06:00:00+00:00,2024-08-08 07:00:00+00:00,3h,2024-08-08 06:48:49.265000+00:00,2024-08-08 09:48:03.031000+00:00,0.06237210294514499,0.01182355686181696,1.0,0.06021588274815304,1.0,0.2191373106667208,0.2191373106667208,5,5
66b46d6a7cb3f11298e35520,2024-08-08 07:00:00+00:00,2024-08-08 08:00:00+00:00,3h,2024-08-08 07:02:02.387000+00:00,2024-08-08 10:01:03.221000+00:00,0.3237749508092202,0.05430261241000855,1.0,0.2753026819914679,1.0,0.2876421038442987,0.2876421038442987,1,2
66b471827cb3f11298e3566f,2024-08-08 07:00:00+00:00,2024-08-08 08:00:00+00:00,3h,2024-08-08 07:19:30.265000+00:00,2024-08-08 10:17:29.172000+00:00,0.22752656240943014,0.0312241743438231,1.0,0.20146418777820685,1.0,0.25902734216193524,0.25902734216193524,2,2
66b49dff7cb3f11298e36c26,2024-08-08 10:00:00+00:00,2024-08-08 11:00:00+00:00,5h,2024-08-08 10:29:19.176000+00:00,2024-08-09 09:00:00+00:00,0.02271477397613825,0.009343274004685391,0.7,0.15671193620730606,1.0,0.17694835164427244,0.17694835164427244,1,1
66b4bee97cb3f11298e36f40,2024-08-08 12:00:00+00:00,2024-08-08 13:00:00+00:00,5h,2024-08-08 12:49:45.594000+00:00,2024-08-09 09:00:00+00:00,0.008461213605465558,0.008584012770198808,0.7,0.05530149473848556,1.0,0.15621070660981637,0.15621070660981637,1,1
66b588377cb3f11298e37782,2024-08-09 03:00:00+00:00,2024-08-09 04:00:00+00:00,3h,2024-08-09 03:08:39.411000+00:00,2024-08-09 06:04:05.230000+00:00,0.2926697675496795,0.045478026235700554,1.0,0.2481659986026269,1.0,0.2769200154619457,0.2769200154619457,1,7
66b589047cb3f11298e37790,2024-08-09 03:00:00+00:00,2024-08-09 04:00:00+00:00,3h,2024-08-09 03:12:05.074000+00:00,2024-08-09 06:08:42.056000+00:00,0.27129667673305474,0.04022462356507747,1.0,0.23371173261152767,1.0,0.27087712066135206,0.27087712066135206,2,7
66b58b477cb3f11298e37b88,2024-08-09 03:00:00+00:00,2024-08-09 04:00:00+00:00,3h,2024-08-09 03:21:43.752000+00:00,2024-08-09 06:20:18.441000+00:00,0.21430841343131846,0.028912304322325742,1.0,0.19153311191692024,1.0,0.2556540049767795,0.2556540049767795,3,7
66b58c807cb3f11298e37ba1,2024-08-09 03:00:00+00:00,2024-08-09 04:00:00+00:00,3h,2024-08-09 03:26:56.183000+00:00,2024-08-09 06:24:32.819000+00:00,0.1861579019870811,0.024529281199560504,1.0,0.16780355916695555,1.0,0.24827828055312745,0.24827828055312745,4,7
66b58e557cb3f11298e37bcd,2024-08-09 03:00:00+00:00,2024-08-09 04:00:00+00:00,3h,2024-08-09 03:34:45.659000+00:00,2024-08-09 06:31:58.812000+00:00,0.142416929390558,0.018974575518697127,1.0,0.13083018562659143,1.0,0.23755078243653657,0.23755078243653657,5,7
66b58edf7cb3f11298e37bea,2024-08-09 03:00:00+00:00,2024-08-09 04:00:00+00:00,3h,2024-08-09 03:37:03.066000+00:00,2024-08-09 06:33:01.680000+00:00,0.13040859340061112,0.017678864624314512,1.0,0.11970120457846678,1.0,0.23454755969028207,0.23454755969028207,6,7
66b58bed7cb3f11298e37b91,2024-08-09 03:00:00+00:00,2024-08-09 04:00:00+00:00,5h,2024-08-09 03:24:30.005000+00:00,2024-08-09 10:00:00+00:00,0.08975960593333458,0.01390584804667975,0.7,0.1789914531234733,1.0,0.1841417994527025,0.1841417994527025,7,7
66b5a06d7cb3f11298e37fc0,2024-08-09 04:00:00+00:00,2024-08-09 05:00:00+00:00,3h,2024-08-09 04:51:57.806000+00:00,2024-08-09 07:50:34.994000+00:00,0.04499258574170762,0.010665223296267758,1.0,0.04366555820273288,1.0,0.21513224561830724,0.21513224561830724,1,1
66b5af1a7cb3f11298e38448,2024-08-09 05:00:00+00:00,2024-08-09 06:00:00+00:00,3h,2024-08-09 05:54:34.270000+00:00,2024-08-09 08:44:18.082000+00:00,0.031985075922454184,0.00987241265137539,1.0,0.029709904999186798,1.0,0.2118654285906626,0.2118654285906626,1,2
66b5af8b7cb3f11298e38476,2024-08-09 05:00:00+00:00,2024-08-09 06:00:00+00:00,3h,2024-08-09 05:56:27.280000+00:00,2024-08-09 08:54:44.514000+00:00,0.01988551433015301,0.009187450252160804,1.0,0.01950359151644654,1.0,0.2094131884545858,0.2094131884545858,2,2
66b5b4447cb3f11298e3863c,2024-08-09 06:00:00+00:00,2024-08-09 07:00:00+00:00,3h,2024-08-09 06:16:36.887000+00:00,2024-08-09 09:15:24.590000+00:00,0.2426533434044548,0.034089559969384724,1.0,0.21418114813617573,1.0,0.263289965608866,0.263289965608866,1,1
66b62fa57cb3f11298e39c47,2024-08-09 15:00:00+00:00,2024-08-09 16:00:00+00:00,5h,2024-08-09 15:03:01.175000+00:00,2024-08-10 08:00:00+00:00,0.05602902055226399,0.011387053136781263,0.7,0.2713471570702527,1.0,0.20110166329611928,0.20110166329611928,1,2
66b635d17cb3f11298e39dc5,2024-08-09 15:00:00+00:00,2024-08-09 16:00:00+00:00,5h,2024-08-09 15:29:21.767000+00:00,2024-08-10 08:00:00+00:00,0.03092677738249722,0.009810536550625165,0.7,0.15650960088432297,1.0,0.17718824210723969,0.17718824210723969,2,2
66b642c07cb3f11298e39dd6,2024-08-09 16:00:00+00:00,2024-08-09 17:00:00+00:00,5h,2024-08-09 16:24:32.358000+00:00,2024-08-10 08:00:00+00:00,0.03790720443948099,0.010225861987332888,0.7,0.17881256020026204,1.0,0.18189802923245213,0.18189802923245213,1,4
66b643c27cb3f11298e39ddf,2024-08-09 16:00:00+00:00,2024-08-09 17:00:00+00:00,5h,2024-08-09 16:28:50.344000+00:00,2024-08-10 08:00:00+00:00,0.033464605545450284,0.009959565227357164,0.7,0.1589602006567582,1.0,0.17776777926776594,0.17776777926776594,2,4
66b6446f7cb3f11298e39dea,2024-08-09 16:00:00+00:00,2024-08-09 17:00:00+00:00,5h,2024-08-09 16:31:43.298000+00:00,2024-08-10 08:00:00+00:00,0.030463239995790058,0.009783555732302933,0.7,0.14538314820277154,1.0,0.17494676307993606,0.17494676307993606,3,4
66b64a7c7cb3f11298e39df4,2024-08-09 16:00:00+00:00,2024-08-09 17:00:00+00:00,5h,2024-08-09 16:57:32.201000+00:00,2024-08-10 08:00:00+00:00,0.0027295476959275852,0.008296234403026908,0.7,0.01359187741688328,1.0,0.1476961161251928,0.1476961161251928,4,4
66b64d3e7cb3f11298e39dff,2024-08-09 17:00:00+00:00,2024-08-09 18:00:00+00:00,3h,2024-08-09 17:09:18.671000+00:00,2024-08-10 04:00:00+00:00,0.07790024258651647,0.012963125851418561,1.0,0.24542796917217402,1.0,0.2568634693452859,0.2568634693452859,1,7
66b64f327cb3f11298e39e19,2024-08-09 17:00:00+00:00,2024-08-09 18:00:00+00:00,3h,2024-08-09 17:17:38.813000+00:00,2024-08-10 04:00:00+00:00,0.06593432111989701,0.012075900819970108,1.0,0.20966240755498333,1.0,0.24917802200297873,0.24917802200297873,2,7
66b650677cb3f11298e39e23,2024-08-09 17:00:00+00:00,2024-08-09 18:00:00+00:00,5h,2024-08-09 17:22:47.022000+00:00,2024-08-10 08:00:00+00:00,0.04242545424657522,0.010503920084106944,0.7,0.18678294294646058,1.0,0.18365894063975627,0.18365894063975627,3,7
66b651fe7cb3f11298e39e2e,2024-08-09 17:00:00+00:00,2024-08-09 18:00:00+00:00,5h,2024-08-09 17:29:34.920000+00:00,2024-08-10 08:00:00+00:00,0.03494642803802311,0.01004761620684399,0.7,0.15548171312957548,1.0,0.17712491235002148,0.17712491235002148,4,7
66b652f37cb3f11298e39e3a,2024-08-09 17:00:00+00:00,2024-08-09 18:00:00+00:00,5h,2024-08-09 17:33:39.127000+00:00,2024-08-10 08:00:00+00:00,0.030412590415709255,0.00978061206137105,0.7,0.13616813484445134,1.0,0.17310199420571287,0.17310199420571287,5,7
66b653c97cb3f11298e39e46,2024-08-09 17:00:00+00:00,2024-08-09 18:00:00+00:00,5h,2024-08-09 17:37:13.128000+00:00,2024-08-10 08:00:00+00:00,0.026404376915027818,0.009550420852898294,0.7,0.11888067736449015,1.0,0.169506387984637,0.169506387984637,6,7
66b6562f7cb3f11298e39e50,2024-08-09 17:00:00+00:00,2024-08-09 18:00:00+00:00,5h,2024-08-09 17:47:27.230000+00:00,2024-08-10 08:00:00+00:00,0.01471611410291173,0.008909362370283717,0.7,0.06732728357241036,1.0,0.1588110741366523,0.1588110741366523,7,7
66b6d24b7cb3f11298e3aaec,2024-08-10 02:00:00+00:00,2024-08-10 03:00:00+00:00,3h,2024-08-10 02:36:59.733000+00:00,2024-08-10 05:33:05.044000+00:00,0.13064139806201636,0.017703138739110936,1.0,0.11997283265195491,1.0,0.23461644977385754,0.23461644977385754,1,1
66b6e2677cb3f11298e3ad85,2024-08-10 03:00:00+00:00,2024-08-10 04:00:00+00:00,3h,2024-08-10 03:45:43.317000+00:00,2024-08-10 06:27:43.923000+00:00,0.08813061654798066,0.013772457990237106,1.0,0.07625803038274837,1.0,0.22351508087069197,0.22351508087069197,1,1
66b6e7367cb3f11298e3aee8,2024-08-10 04:00:00+00:00,2024-08-10 05:00:00+00:00,3h,2024-08-10 04:06:14.354000+00:00,2024-08-10 07:05:10.162000+00:00,0.30045675183460807,0.0475498339799116,1.0,0.258196522432914,1.0,0.2801692048745298,0.2801692048745298,1,9
66b6e87c7cb3f11298e3b2e3,2024-08-10 04:00:00+00:00,2024-08-10 05:00:00+00:00,3h,2024-08-10 04:11:40.699000+00:00,2024-08-10 07:07:00.771000+00:00,0.27559706815694796,0.041232667382399016,1.0,0.2354392524679787,1.0,0.2718274509230352,0.2718274509230352,2,9
66b6e98a7cb3f11298e3b31f,2024-08-10 04:00:00+00:00,2024-08-10 05:00:00+00:00,3h,2024-08-10 04:16:10.384000+00:00,2024-08-10 07:15:01.520000+00:00,0.24504544532843492,0.03456532834968359,1.0,0.21610716887029602,1.0,0.26396063078386933,0.26396063078386933,3,9
66b6ea627cb3f11298e3b33c,2024-08-10 04:00:00+00:00,2024-08-10 05:00:00+00:00,3h,2024-08-10 04:19:46.661000+00:00,2024-08-10 07:16:43.594000+00:00,0.2273103729674097,0.03118496081493751,1.0,0.20025097142558856,1.0,0.25876117077408023,0.25876117077408023,4,9
66b6eb687cb3f11298e3b379,2024-08-10 04:00:00+00:00,2024-08-10 05:00:00+00:00,3h,2024-08-10 04:24:08.720000+00:00,2024-08-10 07:22:24.880000+00:00,0.20112638554397094,0.026772524486579016,1.0,0.18060793070743197,1.0,0.2521851008334338,0.2521851008334338,5,9
66b6ecff7cb3f11298e3b484,2024-08-10 04:00:00+00:00,2024-08-10 05:00:00+00:00,3h,2024-08-10 04:30:55.740000+00:00,2024-08-10 07:26:58.418000+00:00,0.16513425856586747,0.02168534958326918,1.0,0.14913819555778185,1.0,0.24283884886151788,0.24283884886151788,6,9
66b6ed487cb3f11298e3b495,2024-08-10 04:00:00+00:00,2024-08-10 05:00:00+00:00,3h,2024-08-10 04:32:08.143000+00:00,2024-08-10 07:31:16.232000+00:00,0.15554923298457987,0.020498248097993825,1.0,0.1434148706809497,1.0,0.24098192299498625,0.24098192299498625,7,9
66b6edad7cb3f11298e3b88f,2024-08-10 04:00:00+00:00,2024-08-10 05:00:00+00:00,3h,2024-08-10 04:33:49.829000+00:00,2024-08-10 07:32:28.573000+00:00,0.14648833855906998,0.019434683712591196,1.0,0.13531171720048318,1.0,0.23872315366765137,0.23872315366765137,8,9
66b6e72e0f42ac1ad11caa1e,2024-08-10 04:00:00+00:00,2024-08-10 05:00:00+00:00,5h,2024-08-10 04:06:06.278000+00:00,2024-08-10 11:00:00+00:00,0.13021495529345137,0.017658699236000247,0.7,0.25875101924288246,1.0,0.20234542339017664,0.20234542339017664,9,9
66b6f6ea7cb3f11298e3bee6,2024-08-10 05:00:00+00:00,2024-08-10 06:00:00+00:00,3h,2024-08-10 05:13:14.093000+00:00,2024-08-10 08:12:25.379000+00:00,0.26098338375520846,0.03790246449823769,1.0,0.22879897277472228,1.0,0.26850127325388706,0.26850127325388706,1,2
66b6f52b7cb3f11298e3be60,2024-08-10 05:00:00+00:00,2024-08-10 06:00:00+00:00,5h,2024-08-10 05:05:47.351000+00:00,2024-08-10 12:00:00+00:00,0.13087735637356002,0.01772777507573432,0.7,0.26004892046353256,1.0,0.20264644913814708,0.20264644913814708,2,2
66b717c37cb3f11298e3cc38,2024-08-10 07:00:00+00:00,2024-08-10 08:00:00+00:00,3h,2024-08-10 07:33:23.792000+00:00,2024-08-10 10:31:58.584000+00:00,0.14897237389209236,0.019720756621173972,1.0,0.1373938257188344,1.0,0.23931121911647127,0.23931121911647127,1,1
66b734f77cb3f11298e3e840,2024-08-10 09:00:00+00:00,2024-08-10 10:00:00+00:00,3h,2024-08-10 09:37:59.180000+00:00,2024-08-10 12:36:19.471000+00:00,0.12343776444958367,0.016966983252875007,1.0,0.11511549750674266,1.0,0.23320328945307356,0.23320328945307356,1,1
66b743d67cb3f11298e3e917,2024-08-10 10:00:00+00:00,2024-08-10 11:00:00+00:00,3h,2024-08-10 10:41:27.061000+00:00,2024-08-10 13:40:55.959000+00:00,0.10334752915293656,0.015069253939115481,1.0,0.09791804821341488,1.0,0.2286251620061523,0.2286251620061523,1,1
66b8a7147cb3f11298e3f5a0,2024-08-11 11:00:00+00:00,2024-08-11 12:00:00+00:00,5h,2024-08-11 11:57:08.520000+00:00,2024-08-12 08:00:00+00:00,0.0023760078080704455,0.008278800294639796,0.7,0.015752390365828095,1.0,0.1481177582499495,0.1481177582499495,1,1
66b97eec7cb3f11298e3fb87,2024-08-12 03:00:00+00:00,2024-08-12 04:00:00+00:00,3h,2024-08-12 03:18:04.170000+00:00,2024-08-12 06:14:47.640000+00:00,0.23726478218922675,0.03304085859203751,1.0,0.20780461726712784,1.0,0.2613854386086481,0.2613854386086481,1,3
66b980d87cb3f11298e3fbbd,2024-08-12 03:00:00+00:00,2024-08-12 04:00:00+00:00,3h,2024-08-12 03:26:16.877000+00:00,2024-08-12 06:09:03.855000+00:00,0.2071390966581475,0.027728739975945157,1.0,0.17082678710813726,1.0,0.25080260140719457,0.25080260140719457,2,3
66b981fc7cb3f11298e4002a,2024-08-12 03:00:00+00:00,2024-08-12 04:00:00+00:00,3h,2024-08-12 03:31:08.052000+00:00,2024-08-12 06:26:19.868000+00:00,0.16476201638232632,0.021638017247603447,1.0,0.14816766000055914,1.0,0.2426163423486739,0.2426163423486739,3,3
66b98d867cb3f11298e40187,2024-08-12 04:00:00+00:00,2024-08-12 05:00:00+00:00,3h,2024-08-12 04:20:23.268000+00:00,2024-08-12 07:19:43.765000+00:00,0.22087567144900463,0.030039389145937272,1.0,0.19753559313499758,1.0,0.2575307521145619,0.2575307521145619,1,1
66b9adb10f42ac1ad11caf84,2024-08-12 06:00:00+00:00,2024-08-12 07:00:00+00:00,3h,2024-08-12 06:37:37.159000+00:00,2024-08-12 09:37:19.360000+00:00,0.12454238239483757,0.017077882109092037,1.0,0.11691792244058852,1.0,0.23363031375357293,0.23363031375357293,1,1
66b9c05c7cb3f11298e40e11,2024-08-12 07:00:00+00:00,2024-08-12 08:00:00+00:00,3h,2024-08-12 07:57:16.594000+00:00,2024-08-12 10:56:36.943000+00:00,0.015185938671691783,0.008934288125115432,1.0,0.01501629902965651,1.0,0.20836383268100056,0.20836383268100056,1,1
66b9ceea0f42ac1ad11cafd7,2024-08-12 08:00:00+00:00,2024-08-12 09:00:00+00:00,3h,2024-08-12 08:59:22.673000+00:00,2024-08-12 11:58:54.333000+00:00,0.0034652968994565367,0.008332633200449248,1.0,0.003450237906665321,1.0,0.20568962750160263,0.20568962750160263,1,1
66ba1c0d7cb3f11298e41fe7,2024-08-12 14:00:00+00:00,2024-08-12 15:00:00+00:00,5h,2024-08-12 14:28:29.497000+00:00,2024-08-13 09:00:00+00:00,0.02834740952546122,0.009661331079116806,0.7,0.1605820752538223,1.0,0.17791321369823454,0.17791321369823454,1,1
66bab4a67cb3f11298e42097,2024-08-13 01:00:00+00:00,2024-08-13 02:00:00+00:00,3h,2024-08-13 01:19:34.281000+00:00,2024-08-13 04:16:10.076000+00:00,0.2289322320788577,0.03148030800290309,1.0,0.20116719554252793,1.0,0.25912162391024746,0.25912162391024746,1,1
66bac1527cb3f11298e42891,2024-08-13 02:00:00+00:00,2024-08-13 03:00:00+00:00,3h,2024-08-13 02:13:38.856000+00:00,2024-08-13 05:12:04.825000+00:00,0.25977508434780633,0.03763897824317133,1.0,0.22702868003949173,1.0,0.2679891229538012,0.2679891229538012,1,7
66bac56a7cb3f11298e428ce,2024-08-13 02:00:00+00:00,2024-08-13 03:00:00+00:00,3h,2024-08-13 02:31:06.670000+00:00,2024-08-13 05:18:35.033000+00:00,0.1724987443228315,0.02264286062701884,1.0,0.1482766560168578,1.0,0.24324104757958287,0.24324104757958287,2,7
66bac5c77cb3f11298e428d8,2024-08-13 02:00:00+00:00,2024-08-13 03:00:00+00:00,3h,2024-08-13 02:32:39.185000+00:00,2024-08-13 05:31:09.285000+00:00,0.15320258447633542,0.020217451451324395,1.0,0.14094928126748796,1.0,0.24032032712429224,0.24032032712429224,3,7
66baca4e7cb3f11298e42933,2024-08-13 02:00:00+00:00,2024-08-13 03:00:00+00:00,3h,2024-08-13 02:51:59.007000+00:00,2024-08-13 05:49:57.266000+00:00,0.04504414062254905,0.010668487670978336,1.0,0.04355920435746441,1.0,0.2151129334740799,0.2151129334740799,4,7
66bacada7cb3f11298e42940,2024-08-13 02:00:00+00:00,2024-08-13 03:00:00+00:00,3h,2024-08-13 02:54:18.196000+00:00,2024-08-13 05:52:39.873000+00:00,0.03193929325282383,0.00986972787353774,1.0,0.031152945961219425,1.0,0.21215242591636654,0.21215242591636654,5,7
66bacbac7cb3f11298e42d69,2024-08-13 02:00:00+00:00,2024-08-13 03:00:00+00:00,3h,2024-08-13 02:57:48.650000+00:00,2024-08-13 05:54:22.459000+00:00,0.012398751006366077,0.008787423263754599,1.0,0.012088378380096132,1.0,0.207690129634272,0.207690129634272,6,7
66bac9d07cb3f11298e42924,2024-08-13 02:00:00+00:00,2024-08-13 03:00:00+00:00,5h,2024-08-13 02:49:52.349000+00:00,2024-08-13 09:00:00+00:00,0.027362236555320503,0.009604937944419396,0.7,0.05471043598886827,1.0,0.15670504996442527,0.15670504996442527,7,7
66bacd9f7cb3f11298e42d90,2024-08-13 03:00:00+00:00,2024-08-13 04:00:00+00:00,3h,2024-08-13 03:06:07.437000+00:00,2024-08-13 05:57:58.192000+00:00,0.31351370486448377,0.05122627403603253,1.0,0.25867146797734253,1.0,0.282470058017088,0.282470058017088,1,6
66bacf3c7cb3f11298e42da7,2024-08-13 03:00:00+00:00,2024-08-13 04:00:00+00:00,3h,2024-08-13 03:13:00.069000+00:00,2024-08-13 06:06:10.318000+00:00,0.27140167670668913,0.04024895276535425,1.0,0.22979974169096895,1.0,0.27010931999740634,0.27010931999740634,2,6
66bacfa37cb3f11298e42db0,2024-08-13 03:00:00+00:00,2024-08-13 04:00:00+00:00,3h,2024-08-13 03:14:43.205000+00:00,2024-08-13 06:13:03.073000+00:00,0.25390920710423714,0.036384666151869374,1.0,0.22240938305338653,1.0,0.26631267630179895,0.26631267630179895,3,6
66bacfe87cb3f11298e42dc0,2024-08-13 03:00:00+00:00,2024-08-13 04:00:00+00:00,3h,2024-08-13 03:15:53.027000+00:00,2024-08-13 06:15:15.993000+00:00,0.2459334164950442,0.03474356250999502,1.0,0.21736597446283212,1.0,0.2643193323985634,0.2643193323985634,4,6
66bad1d17cb3f11298e431e9,2024-08-13 03:00:00+00:00,2024-08-13 04:00:00+00:00,3h,2024-08-13 03:24:01.651000+00:00,2024-08-13 06:23:28.082000+00:00,0.2004702393950233,0.026670137065115677,1.0,0.18114407768147123,1.0,0.25223089777536367,0.25223089777536367,5,6
66bad1820f42ac1ad11cb212,2024-08-13 03:00:00+00:00,2024-08-13 04:00:00+00:00,5h,2024-08-13 03:22:42.544000+00:00,2024-08-13 10:00:00+00:00,0.09386303639113168,0.014247529135563408,0.7,0.18712005694008038,1.0,0.1859725288693541,0.1859725288693541,6,6
66bb348f0f42ac1ad11cb2c2,2024-08-13 10:00:00+00:00,2024-08-13 11:00:00+00:00,3h,2024-08-13 10:25:19.735000+00:00,2024-08-13 13:24:31.917000+00:00,0.19347375258342908,0.025601797596423278,1.0,0.1752022957040853,1.0,0.250401537698671,0.250401537698671,1,1
66bc21097cb3f11298e44c2c,2024-08-14 03:00:00+00:00,2024-08-14 04:00:00+00:00,3h,2024-08-14 03:14:17.667000+00:00,2024-08-14 06:12:47.076000+00:00,0.2560676317432643,0.03684145924170035,1.0,0.22424592463986703,1.0,0.26695406047299364,0.26695406047299364,1,5
66bc28757cb3f11298e44cb3,2024-08-14 03:00:00+00:00,2024-08-14 04:00:00+00:00,3h,2024-08-14 03:45:57.820000+00:00,2024-08-14 06:45:03.807000+00:00,0.07837158187516885,0.012999360688137219,1.0,0.07501673139660336,1.0,0.222802962692203,0.222802962692203,2,5
66bc295e7cb3f11298e4516d,2024-08-14 03:00:00+00:00,2024-08-14 04:00:00+00:00,3h,2024-08-14 03:49:50.378000+00:00,2024-08-14 06:48:51.597000+00:00,0.05675538316461102,0.01143621943189367,1.0,0.05488293559323265,1.0,0.21783831877778273,0.21783831877778273,3,5
66bc2b8f0f42ac1ad11cb354,2024-08-14 03:00:00+00:00,2024-08-14 04:00:00+00:00,3h,2024-08-14 03:59:11.860000+00:00,2024-08-14 06:58:17.150000+00:00,0.0044801024448851545,0.008383097367822723,1.0,0.004447487910894998,1.0,0.20591935600287264,0.20591935600287264,4,5
66bc281c7cb3f11298e44c8f,2024-08-14 03:00:00+00:00,2024-08-14 04:00:00+00:00,5h,2024-08-14 03:44:28.223000+00:00,2024-08-14 10:00:00+00:00,0.04135390652943175,0.010437306602211734,0.7,0.08265866707336189,1.0,0.1627941173759994,0.1627941173759994,5,5
66bc2be07cb3f11298e45800,2024-08-14 04:00:00+00:00,2024-08-14 05:00:00+00:00,3h,2024-08-14 04:00:32.448000+00:00,2024-08-14 06:53:23.073000+00:00,0.3440054962936178,0.06088408980241267,1.0,0.28131267371798474,1.0,0.29279298862504455,0.29279298862504455,1,5
66bc2d797cb3f11298e45c95,2024-08-14 04:00:00+00:00,2024-08-14 05:00:00+00:00,3h,2024-08-14 04:07:21.937000+00:00,2024-08-14 07:01:38.787000+00:00,0.30200901801211644,0.047973417949814245,1.0,0.2535399954563414,1.0,0.27949204986115683,0.27949204986115683,2,5
66bc2e787cb3f11298e460d6,2024-08-14 04:00:00+00:00,2024-08-14 05:00:00+00:00,3h,2024-08-14 04:11:36.029000+00:00,2024-08-14 07:08:58.558000+00:00,0.2728647485950003,0.040589426495041755,1.0,0.2357697827316072,1.0,0.2715076124433465,0.2715076124433465,3,5
66bc33f97cb3f11298e46180,2024-08-14 04:00:00+00:00,2024-08-14 05:00:00+00:00,3h,2024-08-14 04:35:05.632000+00:00,2024-08-14 07:33:14.829000+00:00,0.13980170821063545,0.01868468270530005,1.0,0.12922129757930823,1.0,0.23705506913904167,0.23705506913904167,4,5
66bc34ba7cb3f11298e465ae,2024-08-14 04:00:00+00:00,2024-08-14 05:00:00+00:00,3h,2024-08-14 04:38:19.072000+00:00,2024-08-14 07:37:27.695000+00:00,0.1210320615022036,0.016727904481215087,1.0,0.11348416947605222,1.0,0.2327335765839395,0.2327335765839395,5,5
66bc494d7cb3f11298e46f2f,2024-08-14 06:00:00+00:00,2024-08-14 07:00:00+00:00,ban_tai_nhanh,2024-08-14 06:06:05.461000+00:00,2024-08-14 09:06:05.440000+00:00,0.29949493420311285,0.04728915767065265,1.0,0.2588070912346956,1.0,0.28013491284933073,0.28013491284933073,1,1
66bc564e7cb3f11298e47113,2024-08-14 07:00:00+00:00,2024-08-14 08:00:00+00:00,5h,2024-08-14 07:01:34.979000+00:00,2024-08-15 04:00:00+00:00,0.046421032052954475,0.010756036910838778,0.7,0.27713947107367565,1.0,0.20188151636123838,0.20188151636123838,1,1
66bd5ba59973faa9d132d9a8,2024-08-15 01:00:00+00:00,2024-08-15 02:00:00+00:00,3h,2024-08-15 01:36:37.983000+00:00,2024-08-15 04:35:42.005000+00:00,0.1304927521555708,0.017687635928786277,1.0,0.1217433261991665,1.0,0.2349612467971051,0.2349612467971051,1,1
66bd6a930f42ac1ad11cb585,2024-08-15 02:00:00+00:00,2024-08-15 03:00:00+00:00,5h,2024-08-15 02:40:19.787000+00:00,2024-08-15 09:00:00+00:00,0.051808690287487656,0.01110549245694135,0.7,0.10351971878880939,1.0,0.16736723923192667,0.16736723923192667,1,1
66bd760a9973faa9d132dafd,2024-08-15 03:00:00+00:00,2024-08-15 04:00:00+00:00,3h,2024-08-15 03:29:14.186000+00:00,2024-08-15 06:27:40.606000+00:00,0.1724025397845405,0.022630090014422732,1.0,0.1571014765277119,1.0,0.24499834931419603,0.24499834931419603,1,3
66bd79b49973faa9d132db37,2024-08-15 03:00:00+00:00,2024-08-15 04:00:00+00:00,5h,2024-08-15 03:44:52.324000+00:00,2024-08-15 10:00:00+00:00,0.04032739763980964,0.010373885057052527,0.7,0.08060926609316699,1.0,0.1623461842528649,0.1623461842528649,2,3
66bd7a7d9973faa9d132db48,2024-08-15 03:00:00+00:00,2024-08-15 04:00:00+00:00,5h,2024-08-15 03:48:13.909000+00:00,2024-08-15 10:00:00+00:00,0.03165462742889375,0.009853050771756704,0.7,0.06328742708726343,1.0,0.15856931588050668,0.15856931588050668,3,3
66bd84639973faa9d132e294,2024-08-15 04:00:00+00:00,2024-08-15 05:00:00+00:00,3h,2024-08-15 04:30:27.859000+00:00,2024-08-15 07:29:46.341000+00:00,0.1647203573887097,0.02163272640150731,1.0,0.15133192547626106,1.0,0.2432460209361566,0.2432460209361566,1,9
66bd87e29973faa9d132e88c,2024-08-15 04:00:00+00:00,2024-08-15 05:00:00+00:00,3h,2024-08-15 04:45:22.672000+00:00,2024-08-15 07:44:18.759000+00:00,0.08171766864407862,0.013259484589255143,1.0,0.07802214492799875,1.0,0.22356011973915285,0.22356011973915285,2,9
66bd881e9973faa9d132e8a2,2024-08-15 04:00:00+00:00,2024-08-15 05:00:00+00:00,3h,2024-08-15 04:46:23.022000+00:00,2024-08-15 07:45:24.821000+00:00,0.076055975353849,0.012822300927833473,1.0,0.07285574544022677,1.0,0.22226452964474544,0.22226452964474544,3,9
66bd88859973faa9d132e8ae,2024-08-15 04:00:00+00:00,2024-08-15 05:00:00+00:00,3h,2024-08-15 04:48:05.178000+00:00,2024-08-15 07:46:25.393000+00:00,0.06680445206007543,0.012138344098954213,1.0,0.06404438380340383,1.0,0.2200918832200533,0.2200918832200533,4,9
66bd7e119973faa9d132deee,2024-08-15 04:00:00+00:00,2024-08-15 05:00:00+00:00,5h,2024-08-15 04:03:29.736000+00:00,2024-08-15 11:00:00+00:00,0.13566339275167322,0.018234812104160836,0.7,0.26941765744788393,1.0,0.20482441875207327,0.20482441875207327,5,9
66bd7f869973faa9d132e02c,2024-08-15 04:00:00+00:00,2024-08-15 05:00:00+00:00,5h,2024-08-15 04:09:42.404000+00:00,2024-08-15 11:00:00+00:00,0.12257882532477987,0.016881238878892913,0.7,0.24376797388261606,1.0,0.19888233810385894,0.19888233810385894,6,9
66bd82039973faa9d132e085,2024-08-15 04:00:00+00:00,2024-08-15 05:00:00+00:00,5h,2024-08-15 04:20:19.733000+00:00,2024-08-15 11:00:00+00:00,0.09925940357544809,0.014709491296126302,0.7,0.19779820864240838,1.0,0.18838533650615744,0.18838533650615744,7,9
66bd83809973faa9d132e145,2024-08-15 04:00:00+00:00,2024-08-15 05:00:00+00:00,5h,2024-08-15 04:26:40.810000+00:00,2024-08-15 11:00:00+00:00,0.08471434824669831,0.013496800511537043,0.7,0.16898728648235906,1.0,0.18189553760339403,0.18189553760339403,8,9
66bd845e9973faa9d132e28d,2024-08-15 04:00:00+00:00,2024-08-15 05:00:00+00:00,5h,2024-08-15 04:30:22.207000+00:00,2024-08-15 11:00:00+00:00,0.07604622900031666,0.012821560739323279,0.7,0.1517759455732025,1.0,0.17804812555823446,0.17804812555823446,9,9
66bdf85d9973faa9d132f89d,2024-08-15 12:00:00+00:00,2024-08-15 13:00:00+00:00,5h,2024-08-15 12:45:17.320000+00:00,2024-08-16 08:00:00+00:00,0.012740269285195088,0.008805289404844296,0.7,0.07847892298737857,1.0,0.16097895824038227,0.16097895824038227,1,1
66be094c9973faa9d132fba1,2024-08-15 13:00:00+00:00,2024-08-15 14:00:00+00:00,5h,2024-08-15 13:57:32.269000+00:00,2024-08-16 08:00:00+00:00,0.0022746137197618187,0.008273806956493837,0.7,0.013585666679522101,1.0,0.1476814175098007,0.1476814175098007,1,1
66be3bc69973faa9d132fccf,2024-08-15 17:00:00+00:00,2024-08-15 18:00:00+00:00,ban_tai_4h,2024-08-15 17:32:54.247000+00:00,2024-08-17 03:00:00+00:00,0.013500044297003482,0.008845165412337453,0.8,0.13975038786998129,1.0,0.19325717682139876,0.19325717682139876,1,1
66bebbf19973faa9d132fda9,2024-08-16 02:00:00+00:00,2024-08-16 03:00:00+00:00,5h,2024-08-16 02:39:45.774000+00:00,2024-08-16 09:00:00+00:00,0.05322231839028859,0.011199027902925615,0.7,0.10633860945341245,1.0,0.16798713863243783,0.16798713863243783,1,3
66bebc4c9973faa9d132fdb9,2024-08-16 02:00:00+00:00,2024-08-16 03:00:00+00:00,5h,2024-08-16 02:41:16.212000+00:00,2024-08-16 09:00:00+00:00,0.04945425472196801,0.010951418384502119,0.7,0.09882376795375192,1.0,0.16633560462145164,0.16633560462145164,2,3
66bebf9a0f42ac1ad11cb88f,2024-08-16 02:00:00+00:00,2024-08-16 03:00:00+00:00,5h,2024-08-16 02:55:22.362000+00:00,2024-08-16 09:00:00+00:00,0.01269049245626973,0.008802683147014982,0.7,0.025379604965397817,1.0,0.15035753088128856,0.15035753088128856,3,3
66bece979973faa9d133011a,2024-08-16 03:00:00+00:00,2024-08-16 04:00:00+00:00,3h,2024-08-16 03:59:19.232000+00:00,2024-08-16 06:57:50.380000+00:00,0.003806127970596616,0.008349548334638492,1.0,0.0037676991576168772,1.0,0.20576326883230647,0.20576326883230647,1,2
66beceaa9973faa9d1330129,2024-08-16 03:00:00+00:00,2024-08-16 04:00:00+00:00,3h,2024-08-16 03:59:38.795000+00:00,2024-08-16 06:49:10.859000+00:00,0.0020846310050742895,0.00826445894798935,1.0,0.0019614996661383444,1.0,0.2053509753020213,0.2053509753020213,2,2
66becef59973faa9d1330567,2024-08-16 04:00:00+00:00,2024-08-16 05:00:00+00:00,3h,2024-08-16 04:00:53.340000+00:00,2024-08-16 06:59:42.903000+00:00,0.33055027497392014,0.056428470365421514,1.0,0.2799210674538205,1.0,0.28984129571001704,0.28984129571001704,1,6
66becf759973faa9d13305c9,2024-08-16 04:00:00+00:00,2024-08-16 05:00:00+00:00,3h,2024-08-16 04:03:01.215000+00:00,2024-08-16 07:02:08.441000+00:00,0.31810859844205375,0.052582902916624284,1.0,0.27134445835102194,1.0,0.285818633420179,0.285818633420179,2,6
66becfcd9973faa9d13305d6,2024-08-16 04:00:00+00:00,2024-08-16 05:00:00+00:00,3h,2024-08-16 04:04:29.038000+00:00,2024-08-16 07:03:03.529000+00:00,0.31088383013248133,0.05046477694962925,1.0,0.26539505010956443,1.0,0.28335787619169045,0.28335787619169045,3,6
66bed32d9973faa9d1330946,2024-08-16 04:00:00+00:00,2024-08-16 05:00:00+00:00,3h,2024-08-16 04:18:53.418000+00:00,2024-08-16 07:14:59.721000+00:00,0.23343850730004617,0.032315192196169094,1.0,0.20418395749145446,1.0,0.26022590681599234,0.26022590681599234,4,6
66bed8099a1d4579e8b418ae,2024-08-16 04:00:00+00:00,2024-08-16 05:00:00+00:00,3h,2024-08-16 04:39:37.076000+00:00,2024-08-16 07:38:50.297000+00:00,0.11372629652082851,0.016021976989160948,1.0,0.10705804811232611,1.0,0.2310247958159618,0.2310247958159618,5,6
66bed9c29973faa9d1330b38,2024-08-16 04:00:00+00:00,2024-08-16 05:00:00+00:00,3h,2024-08-16 04:46:58.789000+00:00,2024-08-16 07:44:02.738000+00:00,0.07353301488928457,0.012632095156742882,1.0,0.06978017691024596,1.0,0.22153529247609494,0.22153529247609494,6,6
66bedd8b9973faa9d133108c,2024-08-16 05:00:00+00:00,2024-08-16 06:00:00+00:00,3h,2024-08-16 05:03:07.574000+00:00,2024-08-16 08:01:48.263000+00:00,0.3183028628104033,0.05264100031334679,1.0,0.27091530233648575,1.0,0.28576766065530523,0.28576766065530523,1,1
66bf21bb9a1d4579e8b41994,2024-08-16 09:00:00+00:00,2024-08-16 10:00:00+00:00,3h,2024-08-16 09:54:03.514000+00:00,2024-08-16 12:53:06.227000+00:00,0.03318398248189261,0.009942976631249587,1.0,0.03246914485400809,1.0,0.21245961494955137,0.21245961494955137,1,1
66bf24069a1d4579e8b419db,2024-08-16 10:00:00+00:00,2024-08-16 11:00:00+00:00,3h,2024-08-16 10:03:50.925000+00:00,2024-08-16 13:03:11.607000+00:00,0.3130912148505085,0.051103210580545594,1.0,0.2679828884714225,1.0,0.2842585040426119,0.2842585040426119,1,1
66c010009a1d4579e8b41a25,2024-08-17 02:00:00+00:00,2024-08-17 03:00:00+00:00,3h,2024-08-17 02:50:40.010000+00:00,2024-08-17 05:50:15.934000+00:00,0.051966773336560274,0.01111591384922028,1.0,0.05052960228626435,1.0,0.21677546876678505,0.21677546876678505,1,2
66c011989a1d4579e8b41a47,2024-08-17 02:00:00+00:00,2024-08-17 03:00:00+00:00,3h,2024-08-17 02:57:28.007000+00:00,2024-08-17 05:56:51.601000+00:00,0.014121026861473965,0.008877889918358839,1.0,0.013974858204237273,1.0,0.20812170559186277,0.20812170559186277,2,2
66c018f69973faa9d133306f,2024-08-17 03:00:00+00:00,2024-08-17 04:00:00+00:00,3h,2024-08-17 03:28:54.142000+00:00,2024-08-17 06:09:33.384000+00:00,0.19356895490330048,0.02561605115832224,1.0,0.15866438298243013,1.0,0.24710250729147937,0.24710250729147937,1,4
66c01f179973faa9d13334f0,2024-08-17 03:00:00+00:00,2024-08-17 04:00:00+00:00,3h,2024-08-17 03:55:03.338000+00:00,2024-08-17 06:54:07.787000+00:00,0.02761072252285808,0.009619130928417761,1.0,0.027094869595771676,1.0,0.211190452476205,0.211190452476205,2,4
66c01f789973faa9d1333500,2024-08-17 03:00:00+00:00,2024-08-17 04:00:00+00:00,3h,2024-08-17 03:56:40.709000+00:00,2024-08-17 06:55:07.229000+00:00,0.018613984749479756,0.009118260951307676,1.0,0.01828365857091363,1.0,0.20912768828496736,0.20912768828496736,3,4
66c01a199973faa9d1333382,2024-08-17 03:00:00+00:00,2024-08-17 04:00:00+00:00,ban_tai_4h,2024-08-17 03:33:45.377000+00:00,2024-08-17 09:00:00+00:00,0.08044206011017428,0.01315971888596741,0.8,0.1356680874690298,1.0,0.19502944882538645,0.19502944882538645,4,4
66c024a59973faa9d133364b,2024-08-17 04:00:00+00:00,2024-08-17 05:00:00+00:00,3h,2024-08-17 04:18:45.016000+00:00,2024-08-17 07:16:42.451000+00:00,0.23179574495185407,0.032008384846151774,1.0,0.20480283213586858,1.0,0.2601655973348648,0.2601655973348648,1,6
66c02bf29973faa9d1333cfd,2024-08-17 04:00:00+00:00,2024-08-17 05:00:00+00:00,3h,2024-08-17 04:49:54.621000+00:00,2024-08-17 07:48:53.393000+00:00,0.05637320542795768,0.011410324346533916,1.0,0.05451155415449094,1.0,0.21774850543881855,0.21774850543881855,2,6
66c025749973faa9d133368b,2024-08-17 04:00:00+00:00,2024-08-17 05:00:00+00:00,5h,2024-08-17 04:22:12.033000+00:00,2024-08-17 11:00:00+00:00,0.0950213732070268,0.0143454692119904,0.7,0.1894132772408329,1.0,0.1864899369753608,0.1864899369753608,3,6
66c0262d9973faa9d133369d,2024-08-17 04:00:00+00:00,2024-08-17 05:00:00+00:00,5h,2024-08-17 04:25:17.428000+00:00,2024-08-17 11:00:00+00:00,0.08793690144803529,0.013756679774398815,0.7,0.175378462841843,1.0,0.18332970043300786,0.18332970043300786,4,6
66c0283b9973faa9d1333b5a,2024-08-17 04:00:00+00:00,2024-08-17 05:00:00+00:00,5h,2024-08-17 04:34:03.321000+00:00,2024-08-17 11:00:00+00:00,0.06722375864000188,0.012168548598497713,0.7,0.1342308223384403,1.0,0.1741472936267867,0.1741472936267867,5,6
66c029be9973faa9d1333cb1,2024-08-17 04:00:00+00:00,2024-08-17 05:00:00+00:00,5h,2024-08-17 04:40:30.498000+00:00,2024-08-17 11:00:00+00:00,0.0513626516732777,0.01107614007308454,0.7,0.10263018514046984,1.0,0.16717172107194467,0.16717172107194467,6,6
66c02e6e9973faa9d13345c7,2024-08-17 05:00:00+00:00,2024-08-17 06:00:00+00:00,3h,2024-08-17 05:00:30.185000+00:00,2024-08-17 07:57:56.061000+00:00,0.33532374414280236,0.05797294629033294,1.0,0.2814632495547317,1.0,0.29107641768514614,0.29107641768514614,1,2
66c0355b9973faa9d1334b1b,2024-08-17 05:00:00+00:00,2024-08-17 06:00:00+00:00,5h,2024-08-17 05:30:03.333000+00:00,2024-08-17 12:00:00+00:00,0.0767915789030976,0.012878288352879914,0.7,0.15325700112977925,1.0,0.1783783732376838,0.1783783732376838,2,2
66c1e45f9973faa9d1336344,2024-08-18 12:00:00+00:00,2024-08-18 13:00:00+00:00,ban_tai_4h,2024-08-18 12:09:03.076000+00:00,2024-08-19 04:00:00+00:00,0.05357674030937946,0.011222600776839738,0.8,0.24651677091716806,1.0,0.2160369146495375,0.2160369146495375,1,2
66c1e45f9973faa9d133634b,2024-08-18 12:00:00+00:00,2024-08-18 13:00:00+00:00,5h,2024-08-18 12:09:03.224000+00:00,2024-08-19 08:00:00+00:00,0.04277797251865939,0.010525926437473833,0.7,0.2465064453355018,1.0,0.19561684492958464,0.19561684492958464,2,2
66c215b89973faa9d133650c,2024-08-18 15:00:00+00:00,2024-08-18 16:00:00+00:00,5h,2024-08-18 15:39:36.178000+00:00,2024-08-19 08:00:00+00:00,0.020804870516574047,0.009237800063439886,0.7,0.10713229149538672,1.0,0.16696913833714128,0.16696913833714128,1,1
66c2a32c9973faa9d1336658,2024-08-19 01:00:00+00:00,2024-08-19 02:00:00+00:00,5h,2024-08-19 01:43:08.772000+00:00,2024-08-19 08:00:00+00:00,0.04472238305677162,0.010648130636545034,0.7,0.08938239441759088,1.0,0.1642653572654452,0.1642653572654452,1,1
66c2b5d59973faa9d1336975,2024-08-19 03:00:00+00:00,2024-08-19 04:00:00+00:00,3h,2024-08-19 03:02:45.200000+00:00,2024-08-19 05:53:06.528000+00:00,0.3360424398864805,0.058208892494285736,1.0,0.27242415933779174,1.0,0.28941016736412983,0.28941016736412983,1,3
66c2b6a59973faa9d1336d9b,2024-08-19 03:00:00+00:00,2024-08-19 04:00:00+00:00,3h,2024-08-19 03:06:13.364000+00:00,2024-08-19 06:02:48.228000+00:00,0.3045471843715974,0.048673763867582404,1.0,0.2582645179685147,1.0,0.28085716191425236,0.28085716191425236,2,3
66c2b7b79973faa9d1336dbf,2024-08-19 03:00:00+00:00,2024-08-19 04:00:00+00:00,3h,2024-08-19 03:10:47.201000+00:00,2024-08-19 06:06:21.076000+00:00,0.2803146040749487,0.04236628926213561,1.0,0.23921715361280083,1.0,0.2732632042798415,0.2732632042798415,3,3
66c2c3709973faa9d1336fc7,2024-08-19 04:00:00+00:00,2024-08-19 05:00:00+00:00,3h,2024-08-19 04:00:48.023000+00:00,2024-08-19 06:47:11.926000+00:00,0.3557703835864591,0.06504751551627376,1.0,0.2802754857303065,1.0,0.29508360645582554,0.29508360645582554,1,5
66c2ca139973faa9d133719d,2024-08-19 04:00:00+00:00,2024-08-19 05:00:00+00:00,3h,2024-08-19 04:29:07.803000+00:00,2024-08-19 06:26:59.860000+00:00,0.26190357345818904,0.03810431205576355,1.0,0.15759949797986883,1.0,0.25438248682943193,0.25438248682943193,2,5
66c2ce269973faa9d13372ce,2024-08-19 04:00:00+00:00,2024-08-19 05:00:00+00:00,3h,2024-08-19 04:46:30.164000+00:00,2024-08-19 07:45:47.521000+00:00,0.07528206045406878,0.012763656922112288,1.0,0.07224242560783822,1.0,0.22210667927483504,0.22210667927483504,3,5
66c2d0629973faa9d1337371,2024-08-19 04:00:00+00:00,2024-08-19 05:00:00+00:00,3h,2024-08-19 04:56:03.052000+00:00,2024-08-19 07:51:42.129000+00:00,0.02248280375975999,0.009330400132161859,1.0,0.021700706440814677,1.0,0.20993838136746004,0.20993838136746004,4,5
66c2d11f9973faa9d13377cb,2024-08-19 04:00:00+00:00,2024-08-19 05:00:00+00:00,3h,2024-08-19 04:59:12.051000+00:00,2024-08-19 07:56:05.233000+00:00,0.004517872208353724,0.008384981417423798,1.0,0.004429881224668808,1.0,0.20591696509538804,0.20591696509538804,5,5
66c2d3759973faa9d1337c4f,2024-08-19 05:00:00+00:00,2024-08-19 06:00:00+00:00,3h,2024-08-19 05:09:09.122000+00:00,2024-08-19 08:06:09.411000+00:00,0.2872688304433147,0.04409184391268821,1.0,0.24609484175273355,1.0,0.27567407469815963,0.27567407469815963,1,7
66c2d4a29973faa9d1337c89,2024-08-19 05:00:00+00:00,2024-08-19 06:00:00+00:00,3h,2024-08-19 05:14:10.824000+00:00,2024-08-19 08:12:37.093000+00:00,0.256781891058407,0.03699383082676655,1.0,0.22473729535609333,1.0,0.2671437575672786,0.2671437575672786,2,7
66c2d8699973faa9d133800e,2024-08-19 05:00:00+00:00,2024-08-19 06:00:00+00:00,3h,2024-08-19 05:30:17.588000+00:00,2024-08-19 08:24:59.772000+00:00,0.17004204467313302,0.022318942728066338,1.0,0.15213864086976758,1.0,0.2438190938107933,0.2438190938107933,3,7
66c2d5c29973faa9d1337d26,2024-08-19 05:00:00+00:00,2024-08-19 06:00:00+00:00,5h,2024-08-19 05:18:58.855000+00:00,2024-08-19 12:00:00+00:00,0.10228711060924157,0.014975111238973424,0.7,0.20378322220158418,1.0,0.1897417111837009,0.1897417111837009,4,7
66c2d67a9973faa9d1337da8,2024-08-19 05:00:00+00:00,2024-08-19 06:00:00+00:00,5h,2024-08-19 05:22:02.805000+00:00,2024-08-19 12:00:00+00:00,0.09537112713616487,0.01437517191777286,0.7,0.19010558275241618,1.0,0.18664621970114695,0.18664621970114695,5,7
66c2d7239973faa9d1337de8,2024-08-19 05:00:00+00:00,2024-08-19 06:00:00+00:00,5h,2024-08-19 05:24:51.069000+00:00,2024-08-19 12:00:00+00:00,0.0889509105239709,0.01383946944270713,0.7,0.17738861982863174,1.0,0.18378140563135062,0.18378140563135062,6,7
66c2d8139973faa9d1337ec3,2024-08-19 05:00:00+00:00,2024-08-19 06:00:00+00:00,5h,2024-08-19 05:28:51.767000+00:00,2024-08-19 12:00:00+00:00,0.07960688817091598,0.013094801426421455,0.7,0.15884937857503179,1.0,0.17962675657085922,0.17962675657085922,7,7
66c2f3b39973faa9d13386ba,2024-08-19 07:00:00+00:00,2024-08-19 08:00:00+00:00,3h,2024-08-19 07:26:43.646000+00:00,2024-08-19 10:23:50.078000+00:00,0.18786682114937545,0.024775822950673872,1.0,0.16876904004574433,1.0,0.24861930177955321,0.24861930177955321,1,1
66c3e5939a1d4579e8b42194,2024-08-20 00:00:00+00:00,2024-08-20 01:00:00+00:00,3h,2024-08-20 00:38:43.678000+00:00,2024-08-20 04:00:00+00:00,0.10568797354028817,0.015279103167540246,1.0,0.11146208829604953,1.0,0.23145987955973407,0.23145987955973407,1,1
66c413b6dc29bcc583b5c0ed,2024-08-20 03:00:00+00:00,2024-08-20 04:00:00+00:00,3h,2024-08-20 03:55:34.319000+00:00,2024-08-20 06:53:42.382000+00:00,0.024857731471081335,0.009463038915019147,1.0,0.02429997631425762,1.0,0.21053781861186302,0.21053781861186302,1,2
66c414a8dc29bcc583b5c0f8,2024-08-20 03:00:00+00:00,2024-08-20 04:00:00+00:00,3h,2024-08-20 03:59:36.474000+00:00,2024-08-20 06:57:17.060000+00:00,0.0022068205256258896,0.00827047002222361,1.0,0.002175962487088068,1.0,0.2053974745107518,0.2053974745107518,2,2
66c41747dc29bcc583b5c176,2024-08-20 04:00:00+00:00,2024-08-20 05:00:00+00:00,3h,2024-08-20 04:10:47.316000+00:00,2024-08-20 07:09:43.707000+00:00,0.27501643708765827,0.04109516437853706,1.0,0.23920905264121384,1.0,0.272498909155365,0.272498909155365,1,7
66c417efdc29bcc583b5c18e,2024-08-20 04:00:00+00:00,2024-08-20 05:00:00+00:00,3h,2024-08-20 04:13:35.455000+00:00,2024-08-20 07:12:21.133000+00:00,0.2596148234172236,0.03760416362095215,1.0,0.22727205611138568,1.0,0.26801690939484846,0.26801690939484846,2,7
66c4192eb8e7077ed0127de5,2024-08-20 04:00:00+00:00,2024-08-20 05:00:00+00:00,3h,2024-08-20 04:18:54.415000+00:00,2024-08-20 07:16:56.048000+00:00,0.23082472502097762,0.031828360600495084,1.0,0.2041104884897772,1.0,0.2599191140582525,0.2599191140582525,3,7
66c419bbb8e7077ed0127e21,2024-08-20 04:00:00+00:00,2024-08-20 05:00:00+00:00,3h,2024-08-20 04:21:15.353000+00:00,2024-08-20 07:19:10.427000+00:00,0.21776401737355636,0.029500150120596987,1.0,0.19365621293263358,1.0,0.2564313326588849,0.2564313326588849,4,7
66c421a1b8e7077ed0127f50,2024-08-20 04:00:00+00:00,2024-08-20 05:00:00+00:00,3h,2024-08-20 04:54:57.039000+00:00,2024-08-20 07:50:56.399000+00:00,0.02869122749863628,0.009681088938730723,1.0,0.027662142060412065,1.0,0.21134108177532085,0.21134108177532085,5,7
66c421dfb8e7077ed0127f92,2024-08-20 04:00:00+00:00,2024-08-20 05:00:00+00:00,3h,2024-08-20 04:55:59.776000+00:00,2024-08-20 07:55:13.340000+00:00,0.022339012442758512,0.009322428831659187,1.0,0.021997412223875523,1.0,0.20999293974377065,0.20999293974377065,6,7
66c42231b8e7077ed012804c,2024-08-20 04:00:00+00:00,2024-08-20 05:00:00+00:00,5h,2024-08-20 04:57:21.568000+00:00,2024-08-20 11:00:00+00:00,0.007281407042566302,0.008523978617600757,0.7,0.014562554834858465,1.0,0.14802689813753214,0.14802689813753214,7,7
66c42b85b8e7077ed01284d1,2024-08-20 05:00:00+00:00,2024-08-20 06:00:00+00:00,3h,2024-08-20 05:37:09.887000+00:00,2024-08-20 08:34:22.679000+00:00,0.12885731235972642,0.01751794790859776,1.0,0.11914505507552287,1.0,0.23433977976026324,0.23433977976026324,1,3
66c4231bb8e7077ed0128247,2024-08-20 05:00:00+00:00,2024-08-20 06:00:00+00:00,5h,2024-08-20 05:01:15.613000+00:00,2024-08-20 11:00:00+00:00,0.16373925073917323,0.021508487343575224,0.7,0.27843450565105987,1.0,0.2085919935363571,0.2085919935363571,2,3
66c42dd0b8e7077ed0128560,2024-08-20 05:00:00+00:00,2024-08-20 06:00:00+00:00,5h,2024-08-20 05:46:56.466000+00:00,2024-08-20 12:00:00+00:00,0.035004928176220966,0.010051108093795492,0.7,0.06998023878699011,1.0,0.1600267126136753,0.1600267126136753,3,3
66c4385ab8e7077ed01289b6,2024-08-20 06:00:00+00:00,2024-08-20 07:00:00+00:00,5h,2024-08-20 06:31:54.781000+00:00,2024-08-20 13:00:00+00:00,0.07237290746546124,0.01254557221070492,0.7,0.14447400151296497,1.0,0.17642214362901595,0.17642214362901595,1,1
66c44fc09a1d4579e8b423aa,2024-08-20 08:00:00+00:00,2024-08-20 09:00:00+00:00,3h,2024-08-20 08:11:44.709000+00:00,2024-08-20 11:11:18.920000+00:00,0.26872417850365105,0.03963294174699607,1.0,0.23515532118607174,1.0,0.270810829285412,0.270810829285412,1,1
66c48f48b8e7077ed0129779,2024-08-20 12:00:00+00:00,2024-08-20 13:00:00+00:00,5h,2024-08-20 12:42:48.266000+00:00,2024-08-21 13:00:00+00:00,0.01180045222481805,0.008756210508048505,0.7,0.09110974705360786,1.0,0.16347567571555066,0.16347567571555066,1,2
66c48f67b8e7077ed012997b,2024-08-20 12:00:00+00:00,2024-08-20 13:00:00+00:00,luu_kho,2024-08-20 12:43:19.365000+00:00,2024-08-22 05:00:00+00:00,0.006900900813296438,0.008504705571090027,0.3,0.08848879215030991,1.0,0.082800581772716,0.082800581772716,2,2
66c4a6d59a1d4579e8b424a6,2024-08-20 14:00:00+00:00,2024-08-20 15:00:00+00:00,5h,2024-08-20 14:23:17.477000+00:00,2024-08-21 08:00:00+00:00,0.034738727984058304,0.010035228239352057,0.7,0.1844865098007723,1.0,0.1829184389037657,0.1829184389037657,1,1
66c54daab8e7077ed0129cc0,2024-08-21 02:00:00+00:00,2024-08-21 03:00:00+00:00,3h,2024-08-21 02:15:06.922000+00:00,2024-08-21 05:06:37.157000+00:00,0.26171200171813375,0.03806220506195318,1.0,0.22069990332116773,1.0,0.2669773037014055,0.2669773037014055,1,1
66c56085b8e7077ed012a017,2024-08-21 03:00:00+00:00,2024-08-21 04:00:00+00:00,3h,2024-08-21 03:35:33.313000+00:00,2024-08-21 06:13:10.700000+00:00,0.1550837456477143,0.020442246608474487,1.0,0.1269865807600985,1.0,0.2376626641171044,0.2376626641171044,1,6
66c560d4b8e7077ed012a439,2024-08-21 03:00:00+00:00,2024-08-21 04:00:00+00:00,3h,2024-08-21 03:36:52.857000+00:00,2024-08-21 06:35:42.492000+00:00,0.12928147136412377,0.017561803114892978,1.0,0.12053293829595024,1.0,0.23464366952812585,0.23464366952812585,2,6
66c5610cb8e7077ed012a442,2024-08-21 03:00:00+00:00,2024-08-21 04:00:00+00:00,3h,2024-08-21 03:37:48.268000+00:00,2024-08-21 06:36:55.805000+00:00,0.12391043640975602,0.017014350580251414,1.0,0.11600910707492662,1.0,0.2334104317631362,0.2334104317631362,3,6
66c561bdb8e7077ed012a892,2024-08-21 03:00:00+00:00,2024-08-21 04:00:00+00:00,3h,2024-08-21 03:40:45.564000+00:00,2024-08-21 06:37:50.878000+00:00,0.10864958908508492,0.015548775475438497,1.0,0.10137748069053654,1.0,0.2296047614233704,0.2296047614233704,4,6
66c56230b8e7077ed012a89d,2024-08-21 03:00:00+00:00,2024-08-21 04:00:00+00:00,3h,2024-08-21 03:42:40.655000+00:00,2024-08-21 06:40:50.724000+00:00,0.09722528451406628,0.014533650537805264,1.0,0.09175003657279479,1.0,0.22707019763724212,0.22707019763724212,5,6
66c565189a1d4579e8b42598,2024-08-21 03:00:00+00:00,2024-08-21 04:00:00+00:00,5h,2024-08-21 03:55:04.258000+00:00,2024-08-21 10:00:00+00:00,0.0135068270351377,0.008845522202148962,0.7,0.027011988962019617,1.0,0.15070971111369327,0.15070971111369327,6,6
66c567deb8e7077ed012ab18,2024-08-21 04:00:00+00:00,2024-08-21 05:00:00+00:00,3h,2024-08-21 04:06:54.279000+00:00,2024-08-21 07:06:12.325000+00:00,0.2961245006760521,0.046386366788152285,1.0,0.25544917855297666,1.0,0.2789216557834867,0.2789216557834867,1,4
66c56999b8e7077ed012ab2e,2024-08-21 04:00:00+00:00,2024-08-21 05:00:00+00:00,3h,2024-08-21 04:14:17.043000+00:00,2024-08-21 07:13:14.114000+00:00,0.2554660391088035,0.03671359107222686,1.0,0.22429074469162946,1.0,0.26688630358166204,0.26688630358166204,2,4
66c56bf1b8e7077ed012acd2,2024-08-21 04:00:00+00:00,2024-08-21 05:00:00+00:00,3h,2024-08-21 04:24:17.836000+00:00,2024-08-21 07:23:07.549000+00:00,0.1996478377380644,0.026542344235415637,1.0,0.1799160111306326,1.0,0.2519086087673759,0.2519086087673759,3,4
66c56658b8e7077ed012a9c0,2024-08-21 04:00:00+00:00,2024-08-21 05:00:00+00:00,5h,2024-08-21 04:00:24.152000+00:00,2024-08-21 10:00:00+00:00,0.16573383349752926,0.021761801287764723,0.7,0.2818645200797506,1.0,0.20942998478860894,0.20942998478860894,4,4
66c585fbb8e7077ed012b2ba,2024-08-21 06:00:00+00:00,2024-08-21 07:00:00+00:00,3h,2024-08-21 06:15:23.645000+00:00,2024-08-21 08:29:31.934000+00:00,0.33253713926028255,0.05706657219227279,1.0,0.21949228013115096,1.0,0.2781383993415939,0.2781383993415939,1,1
66c59874b8e7077ed012bb9d,2024-08-21 07:00:00+00:00,2024-08-21 08:00:00+00:00,3h,2024-08-21 07:34:12.466000+00:00,2024-08-21 10:33:30.367000+00:00,0.143850924078963,0.019135399048877694,1.0,0.13349741380446178,1.0,0.23818072219021896,0.23818072219021896,1,2
66c59935b8e7077ed012bc53,2024-08-21 07:00:00+00:00,2024-08-21 08:00:00+00:00,3h,2024-08-21 07:37:25.917000+00:00,2024-08-21 10:34:15.889000+00:00,0.12762361672585,0.017391002535857507,1.0,0.11783666721425645,1.0,0.23400193496436583,0.23400193496436583,2,2
66c6034bb8e7077ed012ce2c,2024-08-21 15:00:00+00:00,2024-08-21 16:00:00+00:00,5h,2024-08-21 15:10:03.881000+00:00,2024-08-22 08:00:00+00:00,0.0494440741328665,0.010950756778888494,0.7,0.24226262619341465,1.0,0.195022979306016,0.195022979306016,1,1
66c6bb92b8e7077ed012d2db,2024-08-22 04:00:00+00:00,2024-08-22 05:00:00+00:00,3h,2024-08-22 04:16:19.014000+00:00,2024-08-22 07:05:56.710000+00:00,0.2575225276919256,0.0371524693241079,1.0,0.21548053010003354,1.0,0.26538758761447145,0.26538758761447145,1,4
66c6bd81b8e7077ed012d31e,2024-08-22 04:00:00+00:00,2024-08-22 05:00:00+00:00,3h,2024-08-22 04:24:34.103000+00:00,2024-08-22 07:16:21.798000+00:00,0.20624368493635095,0.027584265860707367,1.0,0.1786798668804236,1.0,0.25228653289250913,0.25228653289250913,2,4
66c6be20b8e7077ed012d785,2024-08-22 04:00:00+00:00,2024-08-22 05:00:00+00:00,3h,2024-08-22 04:27:12.939000+00:00,2024-08-22 07:24:37.331000+00:00,0.18479787290810035,0.024334783560358796,1.0,0.16651141969400818,1.0,0.24790315407501692,0.24790315407501692,3,4
66c6beaab8e7077ed012d794,2024-08-22 04:00:00+00:00,2024-08-22 05:00:00+00:00,3h,2024-08-22 04:29:30.020000+00:00,2024-08-22 07:27:16.953000+00:00,0.17155634145259935,0.022518064639669606,1.0,0.15586478729651865,1.0,0.24468379624310552,0.24468379624310552,4,4
66c6c95db8e7077ed012d9cd,2024-08-22 05:00:00+00:00,2024-08-22 06:00:00+00:00,3h,2024-08-22 05:15:09.533000+00:00,2024-08-22 08:14:07.731000+00:00,0.25055107011437117,0.035684793289648485,1.0,0.2205114775311321,1.0,0.2655131714800155,0.2655131714800155,1,5
66c6cde3b8e7077ed012db6a,2024-08-22 05:00:00+00:00,2024-08-22 06:00:00+00:00,3h,2024-08-22 05:34:27.246000+00:00,2024-08-22 08:33:05.725000+00:00,0.1430010731933141,0.01903992704237719,1.0,0.1323107771870149,1.0,0.2378861116628293,0.2378861116628293,2,5
66c6cfb99a1d4579e8b42a95,2024-08-22 05:00:00+00:00,2024-08-22 06:00:00+00:00,3h,2024-08-22 05:42:17.931000+00:00,2024-08-22 08:41:54.590000+00:00,0.09855271471427277,0.014648164811320221,1.0,0.09365905271364816,1.0,0.22752070942952177,0.22752070942952177,3,5
66c6ca63b8e7077ed012d9d7,2024-08-22 05:00:00+00:00,2024-08-22 06:00:00+00:00,5h,2024-08-22 05:19:31.563000+00:00,2024-08-22 12:00:00+00:00,0.1010651254594712,0.014867342991526502,0.7,0.2013682098362901,1.0,0.1891940477621739,0.1891940477621739,4,5
66c6ccb7b8e7077ed012db51,2024-08-22 05:00:00+00:00,2024-08-22 06:00:00+00:00,5h,2024-08-22 05:29:27.149000+00:00,2024-08-22 12:00:00+00:00,0.0782171576134718,0.012987478121477278,0.7,0.15608915675013457,1.0,0.17901031822291327,0.17901031822291327,5,5
66c6d490b8e7077ed012dc89,2024-08-22 06:00:00+00:00,2024-08-22 07:00:00+00:00,3h,2024-08-22 06:02:56.287000+00:00,2024-08-22 09:02:05.875000+00:00,0.31849713682049957,0.052699161217768985,1.0,0.27167686533214763,1.0,0.28595486979709095,0.28595486979709095,1,3
66c6d553b8e7077ed012dd9f,2024-08-22 06:00:00+00:00,2024-08-22 07:00:00+00:00,3h,2024-08-22 06:06:11.494000+00:00,2024-08-22 09:04:13.669000+00:00,0.30223301902468364,0.04803483865924851,1.0,0.25839293697556664,1.0,0.2804994905906625,0.2804994905906625,2,3
66c6d54ca67b5bb62058ace3,2024-08-22 06:00:00+00:00,2024-08-22 07:00:00+00:00,5h,2024-08-22 06:06:04.544000+00:00,2024-08-22 13:00:00+00:00,0.13027568328119285,0.0176650209898749,0.7,0.2588700213313141,1.0,0.20237301686018774,0.20237301686018774,3,3
66c6fe01b8e7077ed012e57d,2024-08-22 08:00:00+00:00,2024-08-22 09:00:00+00:00,3h,2024-08-22 08:59:45.864000+00:00,2024-08-22 11:59:11.529000+00:00,0.0013130633360781707,0.008226601853543881,1.0,0.001308032667434178,1.0,0.20519756764561317,0.20519756764561317,1,1
66c72db4b8e7077ed012e9e2,2024-08-22 12:00:00+00:00,2024-08-22 13:00:00+00:00,ban_tai_4h,2024-08-22 12:23:16.644000+00:00,2024-08-23 07:00:00+00:00,0.032884263289737314,0.009925289404263855,0.8,0.1845494076285551,1.0,0.20286505516826936,0.20286505516826936,1,1
66c7425eb8e7077ed012ecd2,2024-08-22 13:00:00+00:00,2024-08-22 14:00:00+00:00,5h,2024-08-22 13:51:26.231000+00:00,2024-08-23 08:00:00+00:00,0.007866166780238942,0.008553681757825683,0.7,0.046457425047621737,1.0,0.15442369406421974,0.15442369406421974,1,1
66c7d687b8e7077ed012f0cd,2024-08-23 00:00:00+00:00,2024-08-23 01:00:00+00:00,ban_tai_4h,2024-08-23 00:23:35.158000+00:00,2024-08-23 07:00:00+00:00,0.09185858791914615,0.014079602878996567,0.8,0.18315031503902512,1.0,0.205077824735203,0.205077824735203,1,1
66c7f0d6b8e7077ed012f155,2024-08-23 02:00:00+00:00,2024-08-23 03:00:00+00:00,ban_tai_4h,2024-08-23 02:15:50.308000+00:00,2024-08-23 08:00:00+00:00,0.12831629643677012,0.01746216654578166,0.8,0.21756298502471527,1.0,0.21398989693241208,0.21398989693241208,1,2
66c7fa33b8e7077ed012f1fa,2024-08-23 02:00:00+00:00,2024-08-23 03:00:00+00:00,3h,2024-08-23 02:55:47.611000+00:00,2024-08-23 05:55:07.069000+00:00,0.02345740835644323,0.00938460714326521,1.0,0.023098403283595803,1.0,0.2102504449426783,0.2102504449426783,2,2
66c81019b8e7077ed012f79b,2024-08-23 04:00:00+00:00,2024-08-23 05:00:00+00:00,3h,2024-08-23 04:29:13.954000+00:00,2024-08-23 07:28:47.237000+00:00,0.17135408027432308,0.022491368285843097,1.0,0.1571195830422566,1.0,0.2449187375799572,0.2449187375799572,1,3
66c810b3b8e7077ed012fbf5,2024-08-23 04:00:00+00:00,2024-08-23 05:00:00+00:00,3h,2024-08-23 04:31:47.688000+00:00,2024-08-23 07:29:59.561000+00:00,0.15828021900372366,0.02082984361917069,1.0,0.14503569166621422,1.0,0.24150504450474528,0.24150504450474528,2,3
66c816dab8e7077ed012fc33,2024-08-23 04:00:00+00:00,2024-08-23 05:00:00+00:00,3h,2024-08-23 04:58:02.354000+00:00,2024-08-23 07:56:12.959000+00:00,0.0110046157350309,0.008714862611838093,1.0,0.01083403265584193,1.0,0.20739572409827126,0.20739572409827126,3,3
66c81df7b8e7077ed012fd2f,2024-08-23 05:00:00+00:00,2024-08-23 06:00:00+00:00,3h,2024-08-23 05:28:23.509000+00:00,2024-08-23 08:27:24.440000+00:00,0.176566724057719,0.023189351098153125,1.0,0.1610473568604447,1.0,0.24612308203098082,0.24612308203098082,1,1
